timestep,episode_reward,episode_length
52,13.684557,52
104,13.248175,52
156,12.714085,52
208,11.821882,52
260,12.48831,52
312,13.723061,52
364,12.518909,52
416,12.473856,52
468,12.748308,52
520,13.371243,52
572,13.045456,52
624,13.013805,52
676,13.558223,52
728,12.939817,52
780,12.017122,52
832,13.760795,52
884,12.722514,52
936,13.48732,52
988,11.591725,52
1040,15.570444,52
1092,13.07015,52
1144,13.93978,52
1196,13.573861,52
1248,14.390532,52
1300,13.733367,52
1352,14.265219,52
1404,11.660346,52
1456,14.673913,52
1508,14.426085,52
1560,14.093667,52
1612,13.152953,52
1664,13.364984,52
1716,14.143112,52
1768,13.575866,52
1820,15.313381,52
1872,13.247687,52
1924,11.649279,52
1976,13.126026,52
2028,13.205106,52
2080,13.549826,52
2132,13.979467,52
2184,12.980333,52
2236,13.572841,52
2288,14.895308,52
2340,13.911524,52
2392,12.438361,52
2444,14.654031,52
2496,15.908384,52
2548,13.274378,52
2600,13.646811,52
2652,14.1941,52
2704,13.583943,52
2756,14.04963,52
2808,13.904383,52
2860,12.744454,52
2912,12.82455,52
2964,16.23192,52
3016,13.380388,52
3068,13.44336,52
3120,13.758902,52
3172,15.221943,52
3224,13.62848,52
3276,13.919333,52
3328,15.953002,52
3380,15.582425,52
3432,14.570044,52
3484,13.039655,52
3536,16.234134,52
3588,14.304384,52
3640,13.613903,52
3692,14.605745,52
3744,14.057913,52
3796,12.48806,52
3848,12.46729,52
3900,12.662231,52
3952,14.725373,52
4004,13.268719,52
4056,13.103768,52
4108,15.909695,52
4160,13.24918,52
4212,13.808579,52
4264,13.734096,52
4316,12.297127,52
4368,13.943444,52
4420,17.122666,52
4472,13.534301,52
4524,11.763815,52
4576,13.277716,52
4628,13.830547,52
4680,15.137008,52
4732,13.974051,52
4784,12.685042,52
4836,15.550156,52
4888,12.855937,52
4940,13.447097,52
4992,15.170617,52
5044,13.771042,52
5096,13.54463,52
5148,15.117458,52
5200,15.332996,52
5252,14.09839,52
5304,13.895162,52
5356,13.933839,52
5408,14.321588,52
5460,13.581705,52
5512,14.631544,52
5564,14.055536,52
5616,12.688323,52
5668,11.57949,52
5720,15.23628,52
5772,11.763843,52
5824,13.310757,52
5876,12.133316,52
5928,12.604679,52
5980,15.250006,52
6032,13.059173,52
6084,14.102433,52
6136,13.089032,52
6188,15.821094,52
6240,14.748079,52
6292,11.767128,52
6344,14.577581,52
6396,14.444056,52
6448,14.111986,52
6500,12.942951,52
6552,13.316,52
6604,16.539906,52
6656,14.554821,52
6708,15.919253,52
6760,14.450378,52
6812,15.096413,52
6864,17.313722,52
6916,18.211601,52
6968,14.249133,52
7020,15.754257,52
7072,15.001626,52
7124,13.989582,52
7176,19.126572,52
7228,14.622108,52
7280,15.593891,52
7332,13.16556,52
7384,17.294034,52
7436,13.718296,52
7488,15.77886,52
7540,14.770117,52
7592,14.157029,52
7644,14.803299,52
7696,15.903887,52
7748,12.466333,52
7800,13.626225,52
7852,14.636314,52
7904,13.275247,52
7956,16.057727,52
8008,16.016889,52
8060,14.385065,52
8112,14.336363,52
8164,17.190724,52
8216,17.154825,52
8268,15.544596,52
8320,13.229632,52
8372,14.796771,52
8424,16.136562,52
8476,16.856249,52
8528,18.609129,52
8580,18.737774,52
8632,14.786934,52
8684,15.399489,52
8736,11.462092,52
8788,19.614017,52
8840,15.782289,52
8892,19.578394,52
8944,15.704373,52
8996,15.977008,52
9048,16.239257,52
9100,14.55674,52
9152,17.916763,52
9204,15.370809,52
9256,15.625653,52
9308,15.10395,52
9360,16.669604,52
9412,14.954835,52
9464,15.100444,52
9516,17.752001,52
9568,13.422302,52
9620,15.048109,52
9672,17.678328,52
9724,14.07809,52
9776,16.037086,52
9828,13.657837,52
9880,16.101514,52
9932,13.797753,52
9984,19.025148,52
10036,11.601779,52
10088,13.674659,52
10140,16.089474,52
10192,16.072281,52
10244,14.035339,52
10296,18.435916,52
10348,19.073992,52
10400,12.409474,52
10452,16.353324,52
10504,17.057363,52
10556,17.953246,52
10608,19.36881,52
10660,20.779107,52
10712,15.328093,52
10764,16.626603,52
10816,17.700155,52
10868,17.44613,52
10920,19.420329,52
10972,16.000368,52
11024,15.736578,52
11076,17.339179,52
11128,13.794138,52
11180,19.325742,52
11232,18.348499,52
11284,18.422554,52
11336,12.951113,52
11388,15.524609,52
11440,15.38243,52
11492,15.512415,52
11544,18.730419,52
11596,20.303087,52
11648,15.287906,52
11700,12.621892,52
11752,14.046904,52
11804,17.475245,52
11856,12.03717,52
11908,13.209846,52
11960,13.771496,52
12012,12.220621,52
12064,17.456543,52
12116,12.914057,52
12168,16.492498,52
12220,20.729921,52
12272,13.864725,52
12324,17.175592,52
12376,17.228597,52
12428,18.616943,52
12480,16.774241,52
12532,18.044088,52
12584,21.798362,52
12636,18.319634,52
12688,17.007634,52
12740,18.464409,52
12792,13.872264,52
12844,15.246433,52
12896,18.209855,52
12948,16.637023,52
13000,13.334817,52
13052,19.509251,52
13104,12.983713,52
13156,19.374197,52
13208,18.086399,52
13260,13.40953,52
13312,15.544018,52
13364,17.397181,52
13416,16.502815,52
13468,16.175887,52
13520,16.910078,52
13572,16.591158,52
13624,18.858296,52
13676,17.215103,52
13728,19.432505,52
13780,14.130611,52
13832,13.242897,52
13884,16.424949,52
13936,19.166546,52
13988,20.109097,52
14040,16.445206,52
14092,20.388779,52
14144,14.327351,52
14196,16.621517,52
14248,17.227233,52
14300,17.316016,52
14352,18.60257,52
14404,12.997688,52
14456,20.291205,52
14508,18.118976,52
14560,21.453708,52
14612,17.623506,52
14664,18.837318,52
14716,19.493738,52
14768,22.391219,52
14820,18.261496,52
14872,12.468922,52
14924,16.968577,52
14976,15.409386,52
15028,21.037197,52
15080,15.955298,52
15132,20.437274,52
15184,12.521746,52
15236,14.464258,52
15288,17.996454,52
15340,12.247518,52
15392,18.167635,52
15444,15.693275,52
15496,19.65147,52
15548,18.030825,52
15600,17.883867,52
15652,15.003988,52
15704,17.482332,52
15756,13.130647,52
15808,19.359872,52
15860,16.787302,52
15912,16.462955,52
15964,15.216398,52
16016,21.051323,52
16068,17.248422,52
16120,16.346382,52
16172,17.784158,52
16224,17.484237,52
16276,14.526409,52
16328,16.161797,52
16380,14.428687,52
16432,16.103166,52
16484,15.64642,52
16536,16.48651,52
16588,24.020018,52
16640,14.702119,52
16692,17.651392,52
16744,17.89623,52
16796,18.921319,52
16848,15.595141,52
16900,19.217916,52
16952,22.452879,52
17004,17.729365,52
17056,18.041943,52
17108,13.352759,52
17160,19.350624,52
17212,17.21785,52
17264,15.943297,52
17316,18.439591,52
17368,15.909861,52
17420,19.342187,52
17472,15.936816,52
17524,19.111965,52
17576,17.790222,52
17628,12.496809,52
17680,22.400351,52
17732,15.944116,52
17784,20.169531,52
17836,11.069631,52
17888,18.294685,52
17940,18.741126,52
17992,20.519674,52
18044,23.948271,52
18096,14.41634,52
18148,24.838242,52
18200,18.102099,52
18252,18.35442,52
18304,11.296044,52
18356,18.213469,52
18408,18.048926,52
18460,22.818918,52
18512,19.600886,52
18564,12.254574,52
18616,21.803257,52
18668,19.835988,52
18720,19.9557,52
18772,18.416773,52
18824,19.399718,52
18876,17.714685,52
18928,12.901344,52
18980,17.611036,52
19032,16.017718,52
19084,19.810689,52
19136,19.359486,52
19188,21.953731,52
19240,20.802807,52
19292,15.071958,52
19344,19.552581,52
19396,18.579525,52
19448,14.450305,52
19500,18.636148,52
19552,16.689465,52
19604,17.527965,52
19656,18.677995,52
19708,13.72008,52
19760,18.62699,52
19812,24.241814,52
19864,19.399427,52
19916,17.551576,52
19968,19.444451,52
20020,14.871728,52
20072,21.570564,52
20124,16.392279,52
20176,20.336697,52
20228,18.15559,52
20280,12.460062,52
20332,17.433734,52
20384,19.595933,52
20436,17.907696,52
20488,18.641072,52
20540,14.615832,52
20592,17.994395,52
20644,19.048354,52
20696,15.138077,52
20748,17.103573,52
20800,18.624158,52
20852,20.007789,52
20904,21.114961,52
20956,25.94259,52
21008,19.380817,52
21060,16.663916,52
21112,13.036584,52
21164,18.506005,52
21216,20.735278,52
21268,15.199956,52
21320,18.565145,52
21372,13.604272,52
21424,15.211855,52
21476,17.977387,52
21528,12.129546,52
21580,20.851787,52
21632,17.140748,52
21684,14.033421,52
21736,20.120078,52
21788,19.660346,52
21840,20.37548,52
21892,11.560467,52
21944,12.789495,52
21996,24.391235,52
22048,18.089145,52
22100,17.063684,52
22152,16.808686,52
22204,14.570305,52
22256,18.78357,52
22308,17.771755,52
22360,13.993826,52
22412,17.281438,52
22464,12.577779,52
22516,19.031534,52
22568,17.694169,52
22620,16.184886,52
22672,15.557147,52
22724,14.79628,52
22776,22.01584,52
22828,23.927563,52
22880,23.294626,52
22932,23.139934,52
22984,15.398615,52
23036,18.287637,52
23088,23.811447,52
23140,17.8418,52
23192,17.583117,52
23244,15.711097,52
23296,16.606816,52
23348,20.508357,52
23400,22.289539,52
23452,20.089567,52
23504,17.375747,52
23556,22.233082,52
23608,15.674903,52
23660,18.903114,52
23712,27.263484,52
23764,14.713938,52
23816,18.72236,52
23868,14.493569,52
23920,23.128626,52
23972,16.952425,52
24024,18.821908,52
24076,23.157692,52
24128,23.429772,52
24180,20.570087,52
24232,17.905358,52
24284,18.74736,52
24336,25.815635,52
24388,20.128334,52
24440,25.423366,52
24492,16.349121,52
24544,19.873363,52
24596,19.680484,52
24648,18.891262,52
24700,21.781578,52
24752,20.164805,52
24804,14.694721,52
24856,29.257647,52
24908,19.869524,52
24960,16.54581,52
25012,17.457967,52
25064,15.778533,52
25116,18.581051,52
25168,18.591979,52
25220,17.093849,52
25272,19.098618,52
25324,16.354993,52
25376,18.295709,52
25428,22.720221,52
25480,19.6516,52
25532,18.69924,52
25584,17.990417,52
25636,17.966177,52
25688,13.965309,52
25740,20.876145,52
25792,16.46199,52
25844,22.18312,52
25896,18.974611,52
25948,18.63397,52
26000,15.770691,52
26052,19.404388,52
26104,18.469205,52
26156,18.268233,52
26208,15.165817,52
26260,19.822289,52
26312,20.496506,52
26364,17.944031,52
26416,17.894129,52
26468,15.325978,52
26520,14.527261,52
26572,22.930632,52
26624,16.316116,52
26676,21.516578,52
26728,22.684874,52
26780,19.108987,52
26832,19.458736,52
26884,18.842032,52
26936,20.976732,52
26988,26.23989,52
27040,26.721771,52
27092,20.703654,52
27144,25.50343,52
27196,18.367864,52
27248,19.171939,52
27300,13.789799,52
27352,12.974416,52
27404,14.586359,52
27456,15.106304,52
27508,12.343953,52
27560,16.479065,52
27612,19.129606,52
27664,15.343724,52
27716,27.102356,52
27768,21.234093,52
27820,12.764082,52
27872,17.306891,52
27924,14.375875,52
27976,12.507277,52
28028,18.450929,52
28080,23.452476,52
28132,22.683581,52
28184,17.498515,52
28236,17.578411,52
28288,14.566101,52
28340,15.716484,52
28392,15.524385,52
28444,19.893329,52
28496,20.787393,52
28548,18.877464,52
28600,25.302579,52
28652,19.650981,52
28704,18.72362,52
28756,22.981175,52
28808,20.777531,52
28860,21.967056,52
28912,23.074019,52
28964,28.326246,52
29016,16.619934,52
29068,15.649312,52
29120,24.510624,52
29172,17.698807,52
29224,19.708778,52
29276,18.569428,52
29328,19.727267,52
29380,18.536678,52
29432,20.976504,52
29484,20.563852,52
29536,16.181227,52
29588,22.33819,52
29640,18.871072,52
29692,16.337174,52
29744,19.291728,52
29796,22.125123,52
29848,20.020992,52
29900,23.330261,52
29952,19.438119,52
30004,16.533345,52
30056,20.866823,52
30108,26.133391,52
30160,19.651352,52
30212,23.102275,52
30264,12.34614,52
30316,13.505698,52
30368,18.705552,52
30420,17.369793,52
30472,19.657913,52
30524,22.173474,52
30576,17.669427,52
30628,14.04358,52
30680,15.95421,52
30732,15.150088,52
30784,20.800818,52
30836,20.335432,52
30888,30.905092,52
30940,18.525156,52
30992,21.953629,52
31044,16.29622,52
31096,14.093121,52
31148,16.685427,52
31200,16.270864,52
31252,21.566188,52
31304,13.338951,52
31356,24.896645,52
31408,23.807077,52
31460,20.610678,52
31512,18.030102,52
31564,28.18254,52
31616,14.444358,52
31668,21.202015,52
31720,18.742609,52
31772,20.187434,52
31824,18.576112,52
31876,21.826185,52
31928,18.808591,52
31980,18.887888,52
32032,19.998391,52
32084,13.920026,52
32136,15.185936,52
32188,18.906844,52
32240,20.630447,52
32292,15.057188,52
32344,15.8727,52
32396,25.606328,52
32448,20.68034,52
32500,18.587092,52
32552,21.915211,52
32604,24.65677,52
32656,14.372004,52
32708,15.531714,52
32760,14.247208,52
32812,18.823567,52
32864,19.348803,52
32916,21.191213,52
32968,19.802122,52
33020,21.127523,52
33072,19.245189,52
33124,19.232111,52
33176,16.863503,52
33228,24.511208,52
33280,21.212369,52
33332,18.156747,52
33384,23.520105,52
33436,18.204001,52
33488,17.069178,52
33540,20.29084,52
33592,28.519094,52
33644,12.838569,52
33696,21.456844,52
33748,14.701991,52
33800,19.477328,52
33852,24.570385,52
33904,20.416934,52
33956,15.127898,52
34008,29.157297,52
34060,19.862852,52
34112,18.12773,52
34164,16.327087,52
34216,19.970279,52
34268,14.900305,52
34320,16.649786,52
34372,14.744318,52
34424,21.211398,52
34476,28.978198,52
34528,22.15084,52
34580,14.97313,52
34632,17.885307,52
34684,17.832795,52
34736,20.416979,52
34788,22.233373,52
34840,22.708521,52
34892,18.892127,52
34944,25.054619,52
34996,13.695658,52
35048,13.722536,52
35100,18.475768,52
35152,18.569974,52
35204,13.629184,52
35256,15.07377,52
35308,19.010017,52
35360,17.414818,52
35412,14.58246,52
35464,19.28996,52
35516,21.649858,52
35568,17.842993,52
35620,22.811171,52
35672,19.150033,52
35724,33.789236,52
35776,15.06562,52
35828,18.685606,52
35880,29.253081,52
35932,12.91753,52
35984,23.917194,52
36036,16.496237,52
36088,21.864123,52
36140,20.714117,52
36192,22.610359,52
36244,20.950476,52
36296,18.334406,52
36348,19.969713,52
36400,17.676184,52
36452,18.02373,52
36504,29.899933,52
36556,24.852061,52
36608,25.691761,52
36660,15.721728,52
36712,19.995907,52
36764,15.77697,52
36816,22.826701,52
36868,23.103328,52
36920,18.711457,52
36972,20.238057,52
37024,18.975777,52
37076,18.696638,52
37128,17.814433,52
37180,22.764007,52
37232,21.120813,52
37284,23.986456,52
37336,21.210286,52
37388,22.707488,52
37440,23.23032,52
37492,17.104084,52
37544,21.74346,52
37596,27.49737,52
37648,14.529035,52
37700,18.033466,52
37752,21.258588,52
37804,18.206775,52
37856,18.648312,52
37908,19.047067,52
37960,25.695995,52
38012,26.097285,52
38064,16.450482,52
38116,18.828243,52
38168,15.696468,52
38220,15.093841,52
38272,13.756827,52
38324,29.201516,52
38376,23.840598,52
38428,23.149311,52
38480,16.818916,52
38532,18.092188,52
38584,19.123109,52
38636,19.550896,52
38688,21.141204,52
38740,22.544911,52
38792,21.494932,52
38844,20.707347,52
38896,19.395423,52
38948,18.51323,52
39000,20.56638,52
39052,19.526492,52
39104,23.822517,52
39156,22.857105,52
39208,15.802875,52
39260,21.319794,52
39312,18.552493,52
39364,13.635873,52
39416,22.04526,52
39468,18.248685,52
39520,22.325278,52
39572,28.406664,52
39624,16.523257,52
39676,20.403602,52
39728,15.855022,52
39780,18.006907,52
39832,13.60894,52
39884,33.343486,52
39936,19.80488,52
39988,20.648825,52
40040,20.356024,52
40092,26.690723,52
40144,19.238972,52
40196,18.508756,52
40248,17.469746,52
40300,21.897153,52
40352,18.996433,52
40404,27.786418,52
40456,16.60236,52
40508,17.751509,52
40560,16.224177,52
40612,16.868825,52
40664,20.555397,52
40716,31.349585,52
40768,15.304825,52
40820,16.614944,52
40872,16.175246,52
40924,15.75528,52
40976,19.019137,52
41028,20.322475,52
41080,19.973564,52
41132,18.11791,52
41184,21.909489,52
41236,22.372156,52
41288,19.536921,52
41340,15.912079,52
41392,18.878294,52
41444,18.737338,52
41496,20.359387,52
41548,19.837137,52
41600,15.973689,52
41652,18.699444,52
41704,18.112041,52
41756,18.159668,52
41808,13.714882,52
41860,23.431061,52
41912,26.287939,52
41964,16.577624,52
42016,14.373196,52
42068,23.534019,52
42120,20.008676,52
42172,17.37124,52
42224,13.999455,52
42276,18.019223,52
42328,18.583908,52
42380,19.175369,52
42432,19.46219,52
42484,19.227813,52
42536,21.185936,52
42588,18.712103,52
42640,12.773867,52
42692,22.002185,52
42744,18.836795,52
42796,19.937904,52
42848,18.58058,52
42900,17.652337,52
42952,20.149695,52
43004,26.89749,52
43056,22.265272,52
43108,19.003744,52
43160,20.198274,52
43212,15.068981,52
43264,19.801745,52
43316,35.742296,52
43368,19.085078,52
43420,19.845788,52
43472,26.418838,52
43524,21.836013,52
43576,26.450528,52
43628,14.302504,52
43680,20.278564,52
43732,20.557256,52
43784,12.909702,52
43836,27.513135,52
43888,17.854402,52
43940,18.004629,52
43992,24.26177,52
44044,18.562775,52
44096,15.90786,52
44148,18.011437,52
44200,17.847302,52
44252,22.117077,52
44304,19.381018,52
44356,20.955887,52
44408,25.081251,52
44460,19.737639,52
44512,17.404476,52
44564,18.862035,52
44616,12.223206,52
44668,17.446026,52
44720,15.556734,52
44772,23.743957,52
44824,14.067033,52
44876,19.144367,52
44928,15.552205,52
44980,26.846077,52
45032,21.742738,52
45084,19.338995,52
45136,15.017557,52
45188,14.100857,52
45240,19.171634,52
45292,20.106348,52
45344,18.219012,52
45396,18.593757,52
45448,20.791622,52
45500,30.349324,52
45552,16.307328,52
45604,29.152142,52
45656,20.280952,52
45708,19.334588,52
45760,14.425848,52
45812,19.736608,52
45864,23.335052,52
45916,21.552939,52
45968,19.569436,52
46020,19.964945,52
46072,21.765703,52
46124,19.067776,52
46176,14.816464,52
46228,17.916529,52
46280,15.132201,52
46332,20.064872,52
46384,19.344548,52
46436,26.20789,52
46488,22.071234,52
46540,31.222525,52
46592,32.081622,52
46644,20.738362,52
46696,20.476469,52
46748,18.50157,52
46800,22.704081,52
46852,14.425086,52
46904,23.151793,52
46956,19.893824,52
47008,15.563408,52
47060,18.724703,52
47112,18.390396,52
47164,25.772132,52
47216,14.798421,52
47268,19.936307,52
47320,18.53286,52
47372,34.520221,52
47424,27.086997,52
47476,21.966302,52
47528,18.310917,52
47580,19.317695,52
47632,19.264702,52
47684,20.026121,52
47736,22.014493,52
47788,14.484902,52
47840,31.540217,52
47892,25.772719,52
47944,24.149382,52
47996,19.521202,52
48048,16.538083,52
48100,14.699891,52
48152,16.820815,52
48204,18.788295,52
48256,20.339274,52
48308,20.241511,52
48360,18.231548,52
48412,20.11485,52
48464,18.125817,52
48516,19.28255,52
48568,18.600067,52
48620,18.397744,52
48672,19.252147,52
48724,15.60105,52
48776,19.151615,52
48828,14.842125,52
48880,24.028915,52
48932,18.529018,52
48984,22.255844,52
49036,23.695602,52
49088,17.354025,52
49140,16.880118,52
49192,33.621225,52
49244,23.280708,52
49296,16.59798,52
49348,18.983253,52
49400,21.545471,52
49452,12.150846,52
49504,19.748601,52
49556,14.663434,52
49608,13.898101,52
49660,18.00763,52
49712,22.22492,52
49764,20.679787,52
49816,18.303005,52
49868,13.928519,52
49920,15.601807,52
49972,14.945073,52
50024,26.130198,52
50076,14.956415,52
50128,15.545861,52
50180,19.708709,52
50232,19.319189,52
50284,21.211571,52
50336,19.555471,52
50388,19.173381,52
50440,22.751789,52
50492,15.430586,52
50544,15.139974,52
50596,15.21566,52
50648,14.72719,52
50700,18.104513,52
50752,14.820013,52
50804,31.050642,52
50856,18.158921,52
50908,15.238675,52
50960,12.134974,52
51012,19.33354,52
51064,17.724612,52
51116,20.134307,52
51168,22.101248,52
51220,20.211707,52
51272,19.314116,52
51324,19.838392,52
51376,19.625821,52
51428,19.509247,52
51480,17.440506,52
51532,19.933887,52
51584,23.765895,52
51636,17.848075,52
51688,23.786859,52
51740,19.740548,52
51792,23.165777,52
51844,17.611574,52
51896,17.089411,52
51948,21.32335,52
52000,17.972009,52
52052,18.770589,52
52104,23.444915,52
52156,19.590021,52
52208,18.751007,52
52260,14.354187,52
52312,23.153116,52
52364,19.346678,52
52416,19.585999,52
52468,21.115966,52
52520,16.601526,52
52572,19.619642,52
52624,17.645748,52
52676,28.431809,52
52728,16.270728,52
52780,29.707994,52
52832,16.946523,52
52884,13.495165,52
52936,23.155099,52
52988,18.937598,52
53040,12.98694,52
53092,17.707108,52
53144,28.225481,52
53196,21.423946,52
53248,21.268003,52
53300,20.015391,52
53352,18.175753,52
53404,20.585109,52
53456,16.815293,52
53508,18.029875,52
53560,19.825017,52
53612,18.328443,52
53664,25.14144,52
53716,22.074002,52
53768,30.982391,52
53820,19.483811,52
53872,14.125887,52
53924,15.143701,52
53976,16.194821,52
54028,18.012023,52
54080,13.074296,52
54132,20.30539,52
54184,27.549013,52
54236,21.100639,52
54288,19.111239,52
54340,14.49045,52
54392,19.58104,52
54444,30.185405,52
54496,14.045295,52
54548,22.081837,52
54600,22.487342,52
54652,18.957682,52
54704,18.09564,52
54756,20.581351,52
54808,21.039297,52
54860,17.745453,52
54912,22.495076,52
54964,17.630606,52
55016,20.05016,52
55068,18.319709,52
55120,26.88546,52
55172,20.091075,52
55224,17.420714,52
55276,18.728687,52
55328,20.496242,52
55380,18.550588,52
55432,27.704053,52
55484,32.798343,52
55536,24.348276,52
55588,21.630683,52
55640,20.03306,52
55692,18.703231,52
55744,18.940726,52
55796,17.140931,52
55848,18.694797,52
55900,18.067219,52
55952,23.312605,52
56004,23.323508,52
56056,21.794054,52
56108,24.15793,52
56160,28.735023,52
56212,26.28769,52
56264,19.96001,52
56316,18.226253,52
56368,26.266968,52
56420,21.277334,52
56472,23.017122,52
56524,16.296078,52
56576,28.227794,52
56628,19.646873,52
56680,21.781437,52
56732,21.246654,52
56784,19.194003,52
56836,19.821683,52
56888,18.919075,52
56940,20.416353,52
56992,22.659729,52
57044,20.249694,52
57096,19.447124,52
57148,17.831438,52
57200,21.035485,52
57252,19.199027,52
57304,15.454774,52
57356,17.563793,52
57408,24.583969,52
57460,18.901822,52
57512,19.523998,52
57564,16.527104,52
57616,19.138203,52
57668,18.783105,52
57720,21.240937,52
57772,27.035947,52
57824,23.158775,52
57876,14.897314,52
57928,18.27323,52
57980,25.863951,52
58032,16.736965,52
58084,34.01455,52
58136,18.141135,52
58188,17.701861,52
58240,18.295909,52
58292,18.147249,52
58344,20.469276,52
58396,23.637478,52
58448,25.223878,52
58500,19.557994,52
58552,19.680547,52
58604,27.177531,52
58656,28.602954,52
58708,19.738129,52
58760,13.916091,52
58812,20.983593,52
58864,15.838744,52
58916,24.656545,52
58968,20.370751,52
59020,21.047593,52
59072,19.696109,52
59124,18.900699,52
59176,21.732136,52
59228,19.171879,52
59280,18.028408,52
59332,16.555309,52
59384,19.690317,52
59436,21.821939,52
59488,19.653837,52
59540,21.512481,52
59592,18.208869,52
59644,13.720087,52
59696,21.513704,52
59748,22.097075,52
59800,18.882032,52
59852,19.225123,52
59904,15.672879,52
59956,23.26129,52
60008,16.190286,52
60060,18.182498,52
60112,19.359224,52
60164,22.574861,52
60216,25.766953,52
60268,16.257648,52
60320,20.800931,52
60372,15.906845,52
60424,18.536645,52
60476,13.384266,52
60528,18.900339,52
60580,16.339386,52
60632,28.179758,52
60684,17.573872,52
60736,26.339815,52
60788,19.218287,52
60840,18.34929,52
60892,20.229477,52
60944,14.92418,52
60996,20.517387,52
61048,21.072975,52
61100,15.442995,52
61152,16.162382,52
61204,20.424946,52
61256,19.504291,52
61308,17.073969,52
61360,16.431135,52
61412,25.406388,52
61464,17.58913,52
61516,21.363656,52
61568,23.116445,52
61620,19.933431,52
61672,21.793438,52
61724,17.021266,52
61776,17.128642,52
61828,19.742216,52
61880,18.840556,52
61932,22.257283,52
61984,21.546795,52
62036,15.086366,52
62088,17.704668,52
62140,16.799754,52
62192,24.378867,52
62244,21.006752,52
62296,19.162562,52
62348,21.061397,52
62400,17.054319,52
62452,17.908203,52
62504,19.400313,52
62556,18.638343,52
62608,20.147566,52
62660,16.393752,52
62712,14.52626,52
62764,18.187126,52
62816,13.650811,52
62868,18.613829,52
62920,13.991183,52
62972,15.904916,52
63024,18.054281,52
63076,24.488039,52
63128,18.240117,52
63180,20.992424,52
63232,20.877854,52
63284,18.937378,52
63336,16.727101,52
63388,20.930379,52
63440,21.820164,52
63492,13.975656,52
63544,26.353881,52
63596,18.976113,52
63648,18.13493,52
63700,24.824175,52
63752,17.780925,52
63804,19.659316,52
63856,21.359801,52
63908,22.714475,52
63960,18.79646,52
64012,21.16813,52
64064,36.203596,52
64116,22.652369,52
64168,18.151848,52
64220,20.898538,52
64272,18.270831,52
64324,23.661463,52
64376,21.226651,52
64428,22.171522,52
64480,21.650502,52
64532,17.091965,52
64584,21.267613,52
64636,20.843751,52
64688,19.930933,52
64740,20.183851,52
64792,20.005289,52
64844,15.694002,52
64896,18.178045,52
64948,31.766447,52
65000,18.732774,52
65052,21.035053,52
65104,16.536313,52
65156,21.668294,52
65208,23.748448,52
65260,18.869092,52
65312,35.849731,52
65364,17.389898,52
65416,20.695499,52
65468,19.785654,52
65520,19.97547,52
65572,19.93579,52
65624,16.808718,52
65676,22.596505,52
65728,16.503263,52
65780,20.580779,52
65832,20.145123,52
65884,19.819655,52
65936,20.21542,52
65988,16.230246,52
66040,16.068211,52
66092,17.992297,52
66144,15.640086,52
66196,19.281272,52
66248,19.884175,52
66300,20.43663,52
66352,21.043587,52
66404,19.68395,52
66456,33.936141,52
66508,19.485573,52
66560,16.549292,52
66612,19.750798,52
66664,22.203651,52
66716,19.35495,52
66768,17.533197,52
66820,28.913485,52
66872,21.237162,52
66924,19.677199,52
66976,18.021831,52
67028,21.051507,52
67080,19.883525,52
67132,18.748025,52
67184,15.436436,52
67236,19.490143,52
67288,20.455881,52
67340,24.497666,52
67392,13.507126,52
67444,20.430675,52
67496,16.42558,52
67548,18.240299,52
67600,17.006495,52
67652,19.927686,52
67704,19.768343,52
67756,17.218654,52
67808,20.619174,52
67860,19.025856,52
67912,20.49168,52
67964,20.209188,52
68016,18.888889,52
68068,21.893502,52
68120,18.79371,52
68172,20.782753,52
68224,21.534488,52
68276,18.241325,52
68328,18.132845,52
68380,19.273262,52
68432,15.393545,52
68484,19.217787,52
68536,30.729428,52
68588,12.876504,52
68640,25.012013,52
68692,30.509169,52
68744,19.655932,52
68796,22.561731,52
68848,14.858757,52
68900,22.266794,52
68952,20.735591,52
69004,15.757046,52
69056,22.743003,52
69108,21.612016,52
69160,17.135304,52
69212,26.655778,52
69264,18.384599,52
69316,17.498812,52
69368,18.535102,52
69420,16.983884,52
69472,23.136908,52
69524,25.175067,52
69576,19.280166,52
69628,26.481816,52
69680,26.061576,52
69732,23.082279,52
69784,15.883691,52
69836,21.822804,52
69888,26.339526,52
69940,20.049121,52
69992,20.297481,52
70044,22.844261,52
70096,18.705639,52
70148,16.198489,52
70200,16.370536,52
70252,14.940251,52
70304,22.626625,52
70356,18.926742,52
70408,19.506179,52
70460,17.202724,52
70512,18.01188,52
70564,16.130914,52
70616,25.03988,52
70668,15.58047,52
70720,28.560391,52
70772,13.793388,52
70824,21.224586,52
70876,16.144534,52
70928,14.597443,52
70980,25.591492,52
71032,19.222946,52
71084,38.005188,52
71136,26.159862,52
71188,21.589793,52
71240,21.452105,52
71292,23.828737,52
71344,21.19468,52
71396,13.541244,52
71448,13.063032,52
71500,20.608087,52
71552,29.1846,52
71604,19.551728,52
71656,14.837057,52
71708,19.389943,52
71760,18.37475,52
71812,19.192586,52
71864,15.055972,52
71916,19.549172,52
71968,19.994314,52
72020,21.998121,52
72072,14.451353,52
72124,20.384896,52
72176,21.980758,52
72228,22.03567,52
72280,19.960665,52
72332,13.51061,52
72384,19.710763,52
72436,14.538005,52
72488,20.15984,52
72540,26.277169,52
72592,13.653405,52
72644,18.976318,52
72696,20.364022,52
72748,20.466669,52
72800,24.397923,52
72852,19.660147,52
72904,16.857266,52
72956,19.8075,52
73008,24.072676,52
73060,23.748074,52
73112,23.248843,52
73164,13.052687,52
73216,22.778932,52
73268,21.000529,52
73320,17.933443,52
73372,18.793944,52
73424,20.094883,52
73476,21.274915,52
73528,15.020629,52
73580,29.801413,52
73632,22.564669,52
73684,27.210082,52
73736,16.072955,52
73788,21.27186,52
73840,17.935127,52
73892,18.062825,52
73944,19.082847,52
73996,30.475742,52
74048,13.924487,52
74100,20.739608,52
74152,17.261143,52
74204,24.075186,52
74256,25.974442,52
74308,20.174843,52
74360,22.685087,52
74412,25.244495,52
74464,21.440956,52
74516,22.469378,52
74568,24.571182,52
74620,26.226321,52
74672,19.997218,52
74724,22.379714,52
74776,19.072954,52
74828,19.696392,52
74880,19.509821,52
74932,20.421722,52
74984,21.138892,52
75036,19.340316,52
75088,19.738909,52
75140,15.483251,52
75192,19.520133,52
75244,22.671475,52
75296,22.674027,52
75348,23.967574,52
75400,19.892702,52
75452,14.873496,52
75504,23.369802,52
75556,22.633563,52
75608,17.489909,52
75660,18.490664,52
75712,22.204104,52
75764,20.112981,52
75816,31.933604,52
75868,19.240138,52
75920,27.849291,52
75972,20.589945,52
76024,18.917242,52
76076,23.638175,52
76128,19.237895,52
76180,20.080991,52
76232,27.487576,52
76284,12.92181,52
76336,17.87132,52
76388,27.607135,52
76440,20.755348,52
76492,21.534648,52
76544,22.333339,52
76596,24.328524,52
76648,20.351201,52
76700,21.234185,52
76752,18.630799,52
76804,24.704201,52
76856,22.745643,52
76908,19.613103,52
76960,25.173234,52
77012,20.958833,52
77064,22.512838,52
77116,22.353846,52
77168,20.294339,52
77220,21.968883,52
77272,14.406053,52
77324,20.812766,52
77376,12.556628,52
77428,19.800683,52
77480,16.66612,52
77532,20.392002,52
77584,18.663155,52
77636,29.050434,52
77688,23.291884,52
77740,35.151203,52
77792,28.813247,52
77844,20.138447,52
77896,22.211801,52
77948,20.49709,52
78000,32.646202,52
78052,24.341916,52
78104,17.978527,52
78156,23.055825,52
78208,18.378009,52
78260,26.916018,52
78312,24.775297,52
78364,33.407588,52
78416,22.838338,52
78468,21.164084,52
78520,20.750287,52
78572,23.490606,52
78624,17.223644,52
78676,22.458719,52
78728,20.624243,52
78780,20.153166,52
78832,19.516904,52
78884,18.452929,52
78936,16.201101,52
78988,14.620577,52
79040,13.20709,52
79092,23.140515,52
79144,20.472762,52
79196,18.064399,52
79248,20.326436,52
79300,14.534127,52
79352,19.515825,52
79404,19.801096,52
79456,18.576971,52
79508,19.390251,52
79560,20.831343,52
79612,22.963758,52
79664,16.871944,52
79716,27.322505,52
79768,17.717951,52
79820,14.547738,52
79872,20.973823,52
79924,18.737636,52
79976,23.715058,52
80028,29.41708,52
80080,20.107944,52
80132,20.792683,52
80184,21.695669,52
80236,23.650299,52
80288,26.059026,52
80340,26.414662,52
80392,18.428426,52
80444,20.631646,52
80496,25.424851,52
80548,25.628649,52
80600,18.866198,52
80652,21.677478,52
80704,17.814367,52
80756,15.669575,52
80808,30.018561,52
80860,17.138194,52
80912,18.194787,52
80964,24.354851,52
81016,17.239366,52
81068,23.816985,52
81120,19.695758,52
81172,18.51721,52
81224,19.192487,52
81276,22.724696,52
81328,17.922188,52
81380,20.377157,52
81432,14.864956,52
81484,21.174949,52
81536,30.033614,52
81588,22.006448,52
81640,24.621016,52
81692,19.981424,52
81744,21.096781,52
81796,19.264097,52
81848,19.168984,52
81900,14.868968,52
81952,18.406125,52
82004,15.936405,52
82056,21.544044,52
82108,17.796485,52
82160,18.420745,52
82212,20.13173,52
82264,18.551438,52
82316,19.363233,52
82368,13.598268,52
82420,20.081147,52
82472,15.736137,52
82524,17.310343,52
82576,29.438709,52
82628,14.552247,52
82680,15.250362,52
82732,24.658641,52
82784,17.659739,52
82836,24.883713,52
82888,23.600555,52
82940,23.410033,52
82992,18.762695,52
83044,27.240076,52
83096,13.473199,52
83148,20.778074,52
83200,20.007085,52
83252,20.425758,52
83304,21.886419,52
83356,16.100874,52
83408,16.261599,52
83460,20.049576,52
83512,22.304695,52
83564,18.248514,52
83616,15.676895,52
83668,18.631114,52
83720,22.905994,52
83772,15.418178,52
83824,25.38423,52
83876,23.92138,52
83928,16.755543,52
83980,21.077379,52
84032,12.659122,52
84084,16.265411,52
84136,23.897022,52
84188,18.289947,52
84240,18.95203,52
84292,19.721084,52
84344,35.629122,52
84396,20.622619,52
84448,19.05844,52
84500,18.411131,52
84552,22.520743,52
84604,13.863503,52
84656,18.558746,52
84708,21.212504,52
84760,21.916188,52
84812,20.256816,52
84864,19.537111,52
84916,14.44243,52
84968,24.053746,52
85020,17.20686,52
85072,32.275146,52
85124,23.647748,52
85176,21.213851,52
85228,17.053262,52
85280,15.522495,52
85332,19.775029,52
85384,22.764639,52
85436,15.304077,52
85488,19.259753,52
85540,19.550938,52
85592,21.73822,52
85644,18.110458,52
85696,20.585198,52
85748,19.687684,52
85800,19.494391,52
85852,25.863324,52
85904,17.72587,52
85956,20.416898,52
86008,19.615221,52
86060,14.619407,52
86112,20.014901,52
86164,15.338916,52
86216,20.698943,52
86268,15.243719,52
86320,20.537917,52
86372,17.918815,52
86424,16.745221,52
86476,21.340182,52
86528,20.439719,52
86580,16.404584,52
86632,22.56339,52
86684,15.778821,52
86736,22.643392,52
86788,18.158713,52
86840,22.91154,52
86892,21.857701,52
86944,18.842558,52
86996,17.666407,52
87048,19.679632,52
87100,20.740557,52
87152,18.855448,52
87204,27.660358,52
87256,17.018219,52
87308,22.927911,52
87360,19.871876,52
87412,15.797161,52
87464,27.315829,52
87516,20.709976,52
87568,19.838291,52
87620,20.062612,52
87672,23.019063,52
87724,17.352619,52
87776,17.531028,52
87828,21.29423,52
87880,18.715563,52
87932,25.721053,52
87984,15.722767,52
88036,22.288149,52
88088,21.810188,52
88140,20.714634,52
88192,33.111849,52
88244,18.997594,52
88296,25.312298,52
88348,20.17843,52
88400,21.91897,52
88452,20.941898,52
88504,21.991838,52
88556,17.134827,52
88608,21.659197,52
88660,23.822157,52
88712,20.655944,52
88764,21.296917,52
88816,13.532178,52
88868,16.473373,52
88920,21.452273,52
88972,27.439862,52
89024,19.649632,52
89076,20.585319,52
89128,31.277134,52
89180,21.213245,52
89232,21.492729,52
89284,15.767738,52
89336,17.359262,52
89388,16.39247,52
89440,27.398947,52
89492,18.969918,52
89544,20.563683,52
89596,19.009078,52
89648,17.682061,52
89700,21.371013,52
89752,17.718957,52
89804,17.030315,52
89856,25.026663,52
89908,18.260667,52
89960,20.346667,52
90012,20.538907,52
90064,21.379176,52
90116,15.778977,52
90168,19.460408,52
90220,15.94201,52
90272,26.594341,52
90324,22.667068,52
90376,20.825371,52
90428,18.700528,52
90480,17.007207,52
90532,21.664856,52
90584,17.593106,52
90636,22.053245,52
90688,20.622569,52
90740,22.838862,52
90792,22.536714,52
90844,28.946024,52
90896,19.683417,52
90948,17.197397,52
91000,19.390244,52
91052,28.28336,52
91104,19.771045,52
91156,20.294288,52
91208,19.138993,52
91260,14.868378,52
91312,22.85711,52
91364,20.422116,52
91416,22.091603,52
91468,19.833634,52
91520,22.686687,52
91572,21.248944,52
91624,14.575374,52
91676,14.838773,52
91728,17.234725,52
91780,20.4119,52
91832,20.504155,52
91884,20.628393,52
91936,18.644099,52
91988,21.848785,52
92040,17.430572,52
92092,13.354918,52
92144,13.920623,52
92196,22.121331,52
92248,19.629182,52
92300,38.556071,52
92352,15.72338,52
92404,16.531925,52
92456,17.392831,52
92508,15.86014,52
92560,19.029668,52
92612,17.016136,52
92664,27.871327,52
92716,20.453063,52
92768,17.658833,52
92820,17.932043,52
92872,20.113875,52
92924,25.240888,52
92976,30.527151,52
93028,24.553414,52
93080,20.228,52
93132,18.456275,52
93184,19.56354,52
93236,20.237489,52
93288,21.860916,52
93340,20.678614,52
93392,19.925638,52
93444,19.241011,52
93496,26.364343,52
93548,16.430524,52
93600,19.302088,52
93652,22.610517,52
93704,18.055977,52
93756,21.039178,52
93808,20.801428,52
93860,23.797659,52
93912,21.847567,52
93964,25.235654,52
94016,21.386876,52
94068,20.206258,52
94120,22.136092,52
94172,19.641328,52
94224,22.563969,52
94276,20.778528,52
94328,22.016308,52
94380,21.857494,52
94432,19.965632,52
94484,18.675074,52
94536,19.427068,52
94588,20.226374,52
94640,19.475592,52
94692,20.996324,52
94744,20.308835,52
94796,21.870305,52
94848,14.981207,52
94900,18.779978,52
94952,20.911347,52
95004,19.866004,52
95056,20.81895,52
95108,17.45731,52
95160,18.485198,52
95212,19.451778,52
95264,18.37522,52
95316,18.607242,52
95368,21.227083,52
95420,19.894013,52
95472,18.725616,52
95524,18.098416,52
95576,36.517509,52
95628,18.520455,52
95680,21.936052,52
95732,20.384822,52
95784,15.98957,52
95836,19.968308,52
95888,17.579159,52
95940,23.005835,52
95992,20.684971,52
96044,14.892405,52
96096,16.978482,52
96148,20.991107,52
96200,17.697908,52
96252,16.430545,52
96304,14.487605,52
96356,14.277623,52
96408,21.792074,52
96460,18.288375,52
96512,20.239348,52
96564,37.233477,52
96616,19.451875,52
96668,19.932673,52
96720,20.851879,52
96772,20.448544,52
96824,18.000731,52
96876,15.779526,52
96928,20.431978,52
96980,22.738011,52
97032,40.858585,52
97084,18.308309,52
97136,22.785829,52
97188,19.976007,52
97240,19.930222,52
97292,18.156761,52
97344,21.187028,52
97396,21.734527,52
97448,14.051723,52
97500,18.923333,52
97552,19.224764,52
97604,15.87008,52
97656,18.61565,52
97708,22.575532,52
97760,20.848332,52
97812,18.611662,52
97864,18.674126,52
97916,36.16904,52
97968,23.343958,52
98020,23.868453,52
98072,20.703202,52
98124,21.223391,52
98176,17.036144,52
98228,21.846877,52
98280,23.313005,52
98332,23.468931,52
98384,20.258786,52
98436,16.246973,52
98488,21.302784,52
98540,20.289272,52
98592,20.293299,52
98644,21.241785,52
98696,22.838509,52
98748,27.317748,52
98800,23.224964,52
98852,31.033762,52
98904,16.64605,52
98956,21.499869,52
99008,15.15438,52
99060,19.714856,52
99112,27.604381,52
99164,13.700721,52
99216,19.408516,52
99268,22.054146,52
99320,22.506943,52
99372,20.946738,52
99424,21.357142,52
99476,19.589356,52
99528,20.092022,52
99580,20.516404,52
99632,19.886946,52
99684,19.898989,52
99736,14.971495,52
99788,19.939723,52
99840,15.551519,52
99892,20.670425,52
99944,19.276552,52
99996,25.012702,52
100048,21.014126,52
100100,20.118676,52
100152,18.524399,52
100204,17.531846,52
100256,14.943504,52
100308,21.424112,52
100360,20.650798,52
100412,20.588165,52
100464,22.011725,52
100516,19.50041,52
100568,22.441321,52
100620,14.45663,52
100672,19.4689,52
100724,21.371829,52
100776,22.250243,52
100828,30.96307,52
100880,17.123263,52
100932,18.369267,52
100984,16.751889,52
101036,22.77902,52
101088,16.455522,52
101140,21.012508,52
101192,20.921267,52
101244,17.826828,52
101296,20.69712,52
101348,15.996875,52
101400,23.42503,52
101452,17.164492,52
101504,19.946233,52
101556,24.037381,52
101608,21.441354,52
101660,20.221963,52
101712,18.608483,52
101764,26.12127,52
101816,16.428711,52
101868,15.544305,52
101920,21.478115,52
101972,15.472058,52
102024,15.795876,52
102076,21.966863,52
102128,20.386452,52
102180,23.138153,52
102232,17.018852,52
102284,28.539385,52
102336,19.890417,52
102388,22.713372,52
102440,24.117968,52
102492,17.908673,52
102544,21.09597,52
102596,19.055648,52
102648,24.163156,52
102700,17.826925,52
102752,20.377414,52
102804,15.787534,52
102856,23.362689,52
102908,21.022644,52
102960,21.619355,52
103012,21.335552,52
103064,22.498127,52
103116,30.273803,52
103168,21.052422,52
103220,21.556831,52
103272,20.172408,52
103324,21.913027,52
103376,20.77256,52
103428,32.147173,52
103480,20.464175,52
103532,29.948896,52
103584,31.915697,52
103636,20.791933,52
103688,17.178754,52
103740,14.126199,52
103792,24.34166,52
103844,19.438009,52
103896,19.177238,52
103948,20.061863,52
104000,27.740845,52
104052,21.666502,52
104104,31.762276,52
104156,22.38538,52
104208,20.121446,52
104260,19.939387,52
104312,24.491381,52
104364,19.609653,52
104416,32.766629,52
104468,20.957847,52
104520,18.360709,52
104572,21.082658,52
104624,22.007521,52
104676,23.568768,52
104728,20.816026,52
104780,21.214952,52
104832,16.532166,52
104884,16.673114,52
104936,21.228858,52
104988,16.184074,52
105040,21.886886,52
105092,18.127925,52
105144,20.456586,52
105196,35.521445,52
105248,18.78983,52
105300,17.842104,52
105352,26.959014,52
105404,22.635,52
105456,22.647122,52
105508,17.616716,52
105560,18.154322,52
105612,20.255138,52
105664,21.693273,52
105716,20.884603,52
105768,20.005109,52
105820,17.29729,52
105872,29.692151,52
105924,19.504623,52
105976,19.359075,52
106028,15.554298,52
106080,23.808847,52
106132,19.906451,52
106184,19.884046,52
106236,21.423948,52
106288,21.73899,52
106340,15.581667,52
106392,20.456975,52
106444,20.222971,52
106496,22.523674,52
106548,22.784014,52
106600,23.214471,52
106652,18.606745,52
106704,22.500739,52
106756,25.132692,52
106808,22.561979,52
106860,26.266451,52
106912,19.311105,52
106964,17.105167,52
107016,20.295112,52
107068,20.589277,52
107120,20.1379,52
107172,19.669429,52
107224,23.742973,52
107276,21.759231,52
107328,22.331554,52
107380,22.784463,52
107432,18.803017,52
107484,14.897368,52
107536,20.606398,52
107588,21.972905,52
107640,18.752338,52
107692,31.489981,52
107744,22.364551,52
107796,19.257056,52
107848,15.099706,52
107900,21.696181,52
107952,19.712086,52
108004,20.091053,52
108056,18.971028,52
108108,18.379768,52
108160,15.93069,52
108212,23.387286,52
108264,18.363475,52
108316,30.638129,52
108368,22.680896,52
108420,19.100664,52
108472,19.647595,52
108524,16.225818,52
108576,20.016155,52
108628,23.78386,52
108680,15.232362,52
108732,21.252991,52
108784,15.591192,52
108836,19.461719,52
108888,17.09599,52
108940,20.118558,52
108992,21.1459,52
109044,22.109611,52
109096,22.434186,52
109148,22.580988,52
109200,23.350652,52
109252,24.665517,52
109304,22.027571,52
109356,21.532009,52
109408,23.450323,52
109460,34.58756,52
109512,15.493487,52
109564,20.99079,52
109616,22.299041,52
109668,16.165878,52
109720,19.41627,52
109772,33.971076,52
109824,21.40333,52
109876,15.932095,52
109928,20.373626,52
109980,22.557644,52
110032,24.805993,52
110084,20.499331,52
110136,20.206593,52
110188,20.787842,52
110240,20.681235,52
110292,23.218532,52
110344,24.613901,52
110396,22.355187,52
110448,20.425769,52
110500,16.655104,52
110552,17.440534,52
110604,15.105285,52
110656,16.664059,52
110708,20.56132,52
110760,21.582747,52
110812,23.271275,52
110864,22.815003,52
110916,28.853177,52
110968,22.322068,52
111020,16.153184,52
111072,16.223397,52
111124,19.289804,52
111176,20.109185,52
111228,20.108287,52
111280,22.359604,52
111332,18.061993,52
111384,19.154359,52
111436,20.82636,52
111488,21.415671,52
111540,24.647352,52
111592,22.4027,52
111644,15.904401,52
111696,17.259191,52
111748,21.607469,52
111800,17.374087,52
111852,23.32975,52
111904,25.166052,52
111956,19.931201,52
112008,19.716542,52
112060,18.512567,52
112112,21.36779,52
112164,21.305108,52
112216,19.154856,52
112268,19.856293,52
112320,19.68577,52
112372,22.158155,52
112424,15.216396,52
112476,19.919675,52
112528,20.095181,52
112580,17.779535,52
112632,20.280381,52
112684,16.359928,52
112736,24.43879,52
112788,21.557777,52
112840,18.999115,52
112892,17.400187,52
112944,24.535735,52
112996,24.61732,52
113048,21.220604,52
113100,22.703036,52
113152,18.634455,52
113204,18.903372,52
113256,19.12974,52
113308,23.449882,52
113360,19.338132,52
113412,22.399521,52
113464,16.289735,52
113516,19.311098,52
113568,16.639029,52
113620,18.443851,52
113672,16.609778,52
113724,20.492899,52
113776,17.312131,52
113828,17.270634,52
113880,18.948207,52
113932,27.357747,52
113984,28.233804,52
114036,28.38046,52
114088,24.797681,52
114140,17.692797,52
114192,23.789394,52
114244,19.217125,52
114296,19.945211,52
114348,27.936781,52
114400,23.752851,52
114452,15.693633,52
114504,20.355481,52
114556,14.989167,52
114608,18.952512,52
114660,21.481008,52
114712,21.384474,52
114764,20.06164,52
114816,21.086027,52
114868,26.658507,52
114920,18.278582,52
114972,20.884111,52
115024,19.101212,52
115076,17.263597,52
115128,18.326779,52
115180,20.740936,52
115232,15.312344,52
115284,17.5099,52
115336,24.897381,52
115388,22.167804,52
115440,23.265254,52
115492,18.829705,52
115544,20.273833,52
115596,18.955626,52
115648,22.182347,52
115700,16.428743,52
115752,23.279084,52
115804,26.983244,52
115856,16.636773,52
115908,15.481422,52
115960,15.355691,52
116012,21.013487,52
116064,19.065752,52
116116,24.350471,52
116168,17.989967,52
116220,19.452696,52
116272,21.902268,52
116324,15.841205,52
116376,24.664854,52
116428,20.600997,52
116480,19.673229,52
116532,27.052263,52
116584,19.55615,52
116636,21.049235,52
116688,17.932029,52
116740,25.318846,52
116792,24.873858,52
116844,21.520016,52
116896,23.695751,52
116948,23.083591,52
117000,20.558914,52
117052,23.337323,52
117104,21.444525,52
117156,19.102849,52
117208,26.500726,52
117260,19.362725,52
117312,16.98485,52
117364,22.800052,52
117416,16.872699,52
117468,21.287501,52
117520,34.716076,52
117572,25.812797,52
117624,20.278988,52
117676,19.363406,52
117728,18.703865,52
117780,15.607447,52
117832,15.865659,52
117884,22.063463,52
117936,33.121967,52
117988,19.08773,52
118040,19.711247,52
118092,17.762621,52
118144,22.777914,52
118196,24.226704,52
118248,17.399443,52
118300,22.61319,52
118352,21.939512,52
118404,23.290021,52
118456,28.605201,52
118508,18.221349,52
118560,36.849011,52
118612,21.520714,52
118664,22.14975,52
118716,22.60735,52
118768,19.011477,52
118820,22.893309,52
118872,18.204423,52
118924,33.019259,52
118976,20.643528,52
119028,25.74138,52
119080,31.112193,52
119132,22.086457,52
119184,23.160924,52
119236,18.424443,52
119288,20.203118,52
119340,18.004194,52
119392,17.554279,52
119444,20.060705,52
119496,15.025136,52
119548,25.682781,52
119600,15.762722,52
119652,25.765666,52
119704,20.910026,52
119756,17.233858,52
119808,18.970163,52
119860,31.856894,52
119912,20.200248,52
119964,18.112316,52
120016,14.601894,52
120068,21.168368,52
120120,21.211116,52
120172,20.210264,52
120224,17.599847,52
120276,16.908251,52
120328,20.498893,52
120380,18.853772,52
120432,22.972073,52
120484,19.742946,52
120536,17.598542,52
120588,22.277219,52
120640,19.63039,52
120692,17.285689,52
120744,22.750014,52
120796,20.329086,52
120848,20.285037,52
120900,20.665425,52
120952,22.129165,52
121004,19.315403,52
121056,19.795258,52
121108,19.41804,52
121160,21.076692,52
121212,18.897812,52
121264,20.45309,52
121316,21.888746,52
121368,15.908193,52
121420,23.017675,52
121472,16.669159,52
121524,20.221245,52
121576,28.443252,52
121628,20.924511,52
121680,18.55637,52
121732,22.830129,52
121784,20.815255,52
121836,21.219671,52
121888,21.235102,52
121940,15.377775,52
121992,20.228516,52
122044,19.628977,52
122096,18.747591,52
122148,21.017986,52
122200,21.024787,52
122252,19.282084,52
122304,16.218864,52
122356,18.571803,52
122408,17.095726,52
122460,20.800984,52
122512,16.348308,52
122564,19.698884,52
122616,18.721089,52
122668,23.575949,52
122720,23.699573,52
122772,16.445942,52
122824,21.87135,52
122876,15.872338,52
122928,21.797995,52
122980,22.340096,52
123032,26.655837,52
123084,20.569398,52
123136,20.848577,52
123188,21.94565,52
123240,21.997884,52
123292,19.326698,52
123344,19.384149,52
123396,16.630573,52
123448,20.808301,52
123500,18.556509,52
123552,21.9123,52
123604,20.411727,52
123656,17.950613,52
123708,19.166436,52
123760,27.727856,52
123812,23.241665,52
123864,21.703143,52
123916,18.167941,52
123968,22.572864,52
124020,25.178733,52
124072,21.726951,52
124124,18.580967,52
124176,21.06136,52
124228,20.003105,52
124280,20.253396,52
124332,18.624146,52
124384,29.51102,52
124436,22.566146,52
124488,21.085586,52
124540,15.746221,52
124592,24.92841,52
124644,21.196157,52
124696,20.994737,52
124748,22.956923,52
124800,20.071315,52
124852,18.80563,52
124904,24.190805,52
124956,23.433031,52
125008,16.395516,52
125060,22.131431,52
125112,25.436564,52
125164,22.693464,52
125216,21.525512,52
125268,27.771796,52
125320,16.308792,52
125372,23.236604,52
125424,20.475482,52
125476,27.464229,52
125528,21.889071,52
125580,19.77757,52
125632,22.726175,52
125684,17.412834,52
125736,25.820768,52
125788,21.168846,52
125840,21.512732,52
125892,17.265538,52
125944,20.399415,52
125996,24.835736,52
126048,19.778449,52
126100,30.824813,52
126152,24.601438,52
126204,21.416757,52
126256,20.829803,52
126308,17.316485,52
126360,21.088178,52
126412,22.981062,52
126464,19.012982,52
126516,18.737066,52
126568,23.840683,52
126620,22.114341,52
126672,20.200627,52
126724,17.794934,52
126776,19.439081,52
126828,28.914537,52
126880,32.747556,52
126932,26.418276,52
126984,20.061981,52
127036,19.862745,52
127088,23.647074,52
127140,20.191946,52
127192,19.591615,52
127244,22.922132,52
127296,22.300549,52
127348,19.969199,52
127400,24.53842,52
127452,17.626102,52
127504,19.032683,52
127556,20.534206,52
127608,31.019531,52
127660,22.162188,52
127712,19.46246,52
127764,21.771966,52
127816,26.791936,52
127868,20.236219,52
127920,22.931488,52
127972,21.025596,52
128024,17.287589,52
128076,33.601073,52
128128,20.183731,52
128180,18.644244,52
128232,19.11995,52
128284,21.319548,52
128336,20.993208,52
128388,20.555593,52
128440,15.347359,52
128492,19.774042,52
128544,20.743308,52
128596,32.695892,52
128648,19.187565,52
128700,19.496204,52
128752,24.646146,52
128804,21.15302,52
128856,20.167677,52
128908,20.790798,52
128960,19.578881,52
129012,32.004122,52
129064,24.897234,52
129116,30.827693,52
129168,21.442927,52
129220,18.879879,52
129272,17.945027,52
129324,18.891027,52
129376,20.590201,52
129428,20.179466,52
129480,15.973361,52
129532,23.266982,52
129584,20.455361,52
129636,15.651847,52
129688,20.567058,52
129740,19.710522,52
129792,20.272454,52
129844,21.88615,52
129896,18.567081,52
129948,23.446189,52
130000,18.546702,52
130052,24.627522,52
130104,22.717796,52
130156,20.66092,52
130208,21.27611,52
130260,20.244527,52
130312,20.839505,52
130364,18.723027,52
130416,18.533064,52
130468,21.846255,52
130520,22.368581,52
130572,24.054813,52
130624,14.927734,52
130676,24.925452,52
130728,20.407553,52
130780,21.650683,52
130832,21.892419,52
130884,27.741217,52
130936,21.289351,52
130988,22.106381,52
131040,17.769742,52
131092,19.989254,52
131144,19.555693,52
131196,21.106587,52
131248,21.360583,52
131300,22.946929,52
131352,21.775887,52
131404,21.877579,52
131456,16.987615,52
131508,20.07294,52
131560,21.234928,52
131612,19.748732,52
131664,17.259158,52
131716,27.225054,52
131768,21.726773,52
131820,19.792349,52
131872,19.761175,52
131924,19.840013,52
131976,20.602981,52
132028,22.167409,52
132080,28.413411,52
132132,19.596506,52
132184,20.655371,52
132236,17.427502,52
132288,20.374971,52
132340,18.52124,52
132392,23.968673,52
132444,22.916299,52
132496,22.106701,52
132548,19.907854,52
132600,21.462913,52
132652,21.302609,52
132704,21.526549,52
132756,18.91681,52
132808,17.858125,52
132860,19.305972,52
132912,19.59125,52
132964,19.422625,52
133016,23.704003,52
133068,22.065622,52
133120,18.713456,52
133172,31.7215,52
133224,21.078114,52
133276,26.179076,52
133328,22.421606,52
133380,25.541819,52
133432,23.362274,52
133484,21.608702,52
133536,19.825411,52
133588,22.56512,52
133640,17.168079,52
133692,18.856578,52
133744,20.883722,52
133796,25.866533,52
133848,28.578472,52
133900,15.735083,52
133952,22.780474,52
134004,25.088646,52
134056,20.102759,52
134108,22.204152,52
134160,20.436974,52
134212,21.463021,52
134264,20.658899,52
134316,21.815621,52
134368,22.001009,52
134420,25.288003,52
134472,27.907229,52
134524,15.710277,52
134576,16.796313,52
134628,22.667573,52
134680,24.029636,52
134732,18.318453,52
134784,17.843047,52
134836,23.639658,52
134888,18.090926,52
134940,18.57464,52
134992,18.825121,52
135044,19.932315,52
135096,16.669752,52
135148,33.005352,52
135200,20.093369,52
135252,19.02462,52
135304,20.828029,52
135356,19.997201,52
135408,20.684888,52
135460,21.910419,52
135512,20.77714,52
135564,20.509149,52
135616,26.528529,52
135668,21.69158,52
135720,23.872105,52
135772,23.528881,52
135824,21.281029,52
135876,18.532503,52
135928,18.089635,52
135980,22.323593,52
136032,18.024858,52
136084,20.576479,52
136136,20.763394,52
136188,24.741671,52
136240,23.917751,52
136292,19.08185,52
136344,21.857403,52
136396,19.814409,52
136448,27.531367,52
136500,21.504105,52
136552,21.88613,52
136604,18.740961,52
136656,19.403999,52
136708,22.389229,52
136760,21.871809,52
136812,22.059329,52
136864,20.788802,52
136916,22.713094,52
136968,22.262203,52
137020,22.510414,52
137072,17.132587,52
137124,17.712829,52
137176,24.397544,52
137228,17.915939,52
137280,17.715662,52
137332,25.31847,52
137384,21.245948,52
137436,21.803634,52
137488,14.21072,52
137540,20.331554,52
137592,21.508704,52
137644,22.286752,52
137696,22.203917,52
137748,21.075103,52
137800,19.864854,52
137852,22.177651,52
137904,19.300574,52
137956,17.2672,52
138008,30.47601,52
138060,23.250577,52
138112,21.134233,52
138164,20.676363,52
138216,23.091518,52
138268,19.290096,52
138320,27.803709,52
138372,18.630055,52
138424,18.161103,52
138476,22.135657,52
138528,24.214356,52
138580,21.288753,52
138632,22.166581,52
138684,17.059798,52
138736,16.709025,52
138788,20.941716,52
138840,18.808548,52
138892,35.927272,52
138944,23.428902,52
138996,21.416921,52
139048,23.836058,52
139100,22.941072,52
139152,31.670688,52
139204,18.373226,52
139256,26.828704,52
139308,21.995991,52
139360,24.884477,52
139412,22.964207,52
139464,20.65688,52
139516,23.456883,52
139568,18.143601,52
139620,17.985889,52
139672,21.570318,52
139724,21.150282,52
139776,22.743607,52
139828,21.267353,52
139880,38.754382,52
139932,30.024963,52
139984,20.508134,52
140036,21.981095,52
140088,18.091009,52
140140,18.415453,52
140192,20.44105,52
140244,20.996683,52
140296,23.614836,52
140348,19.49305,52
140400,18.679512,52
140452,17.589565,52
140504,20.242859,52
140556,21.335446,52
140608,22.081282,52
140660,22.075053,52
140712,28.367415,52
140764,16.490854,52
140816,19.218443,52
140868,22.247492,52
140920,17.823644,52
140972,16.892166,52
141024,21.240581,52
141076,28.270417,52
141128,18.444824,52
141180,20.147707,52
141232,20.579801,52
141284,20.143601,52
141336,23.905914,52
141388,17.306969,52
141440,20.857346,52
141492,17.375339,52
141544,20.273085,52
141596,22.703484,52
141648,21.361835,52
141700,22.973564,52
141752,18.479092,52
141804,21.798768,52
141856,30.399787,52
141908,20.993257,52
141960,21.423896,52
142012,25.742987,52
142064,20.674739,52
142116,20.158532,52
142168,22.553544,52
142220,21.162385,52
142272,19.123794,52
142324,21.655333,52
142376,22.788429,52
142428,20.333068,52
142480,21.137738,52
142532,22.17924,52
142584,18.904171,52
142636,19.708469,52
142688,18.901245,52
142740,19.730611,52
142792,21.251123,52
142844,20.572454,52
142896,20.500394,52
142948,22.878586,52
143000,21.007761,52
143052,17.478422,52
143104,19.796088,52
143156,19.593141,52
143208,19.000554,52
143260,18.063291,52
143312,22.08215,52
143364,21.551491,52
143416,20.358451,52
143468,24.517051,52
143520,17.024122,52
143572,22.370752,52
143624,15.110827,52
143676,20.086762,52
143728,20.681655,52
143780,22.953951,52
143832,24.167042,52
143884,20.807562,52
143936,22.350188,52
143988,23.713325,52
144040,20.562325,52
144092,16.534729,52
144144,20.011274,52
144196,24.314977,52
144248,23.483911,52
144300,27.787145,52
144352,23.484201,52
144404,18.673461,52
144456,18.746967,52
144508,32.565623,52
144560,23.046494,52
144612,22.597173,52
144664,22.191957,52
144716,17.530834,52
144768,20.586698,52
144820,21.965331,52
144872,22.031567,52
144924,18.881293,52
144976,17.026726,52
145028,20.671236,52
145080,22.692242,52
145132,20.387358,52
145184,20.167377,52
145236,19.450509,52
145288,21.927393,52
145340,21.261468,52
145392,19.510802,52
145444,21.877774,52
145496,22.252009,52
145548,21.835246,52
145600,21.653268,52
145652,22.0678,52
145704,26.410999,52
145756,18.791708,52
145808,19.613805,52
145860,23.45229,52
145912,19.082328,52
145964,17.604825,52
146016,20.2119,52
146068,19.670868,52
146120,21.140491,52
146172,17.055216,52
146224,32.548651,52
146276,21.685397,52
146328,19.195334,52
146380,28.369434,52
146432,22.707737,52
146484,20.048352,52
146536,22.419376,52
146588,20.863299,52
146640,23.340949,52
146692,28.897061,52
146744,25.281552,52
146796,21.788702,52
146848,22.887317,52
146900,23.601297,52
146952,21.655388,52
147004,19.880287,52
147056,20.087743,52
147108,32.678504,52
147160,23.115537,52
147212,15.91674,52
147264,21.219295,52
147316,20.574729,52
147368,21.912959,52
147420,20.588045,52
147472,30.013546,52
147524,23.787956,52
147576,21.362167,52
147628,16.594669,52
147680,19.551776,52
147732,18.601001,52
147784,22.620326,52
147836,20.856934,52
147888,23.308042,52
147940,25.611272,52
147992,21.681356,52
148044,17.020823,52
148096,29.989004,52
148148,19.361814,52
148200,20.699111,52
148252,21.747261,52
148304,22.262052,52
148356,20.004288,52
148408,23.587494,52
148460,30.37382,52
148512,22.023797,52
148564,21.187082,52
148616,20.751826,52
148668,22.065247,52
148720,26.226235,52
148772,22.482916,52
148824,23.697227,52
148876,22.995685,52
148928,21.452346,52
148980,31.467601,52
149032,20.326242,52
149084,17.066983,52
149136,21.35385,52
149188,19.727865,52
149240,18.613872,52
149292,23.896536,52
149344,24.924942,52
149396,20.668107,52
149448,23.589058,52
149500,17.183372,52
149552,24.630933,52
149604,22.900924,52
149656,23.355593,52
149708,15.807254,52
149760,18.031061,52
149812,21.75288,52
149864,23.074054,52
149916,23.693546,52
149968,20.819551,52
150020,20.816021,52
150072,32.570852,52
150124,19.25203,52
150176,21.441415,52
150228,20.849305,52
150280,23.30636,52
150332,20.51588,52
150384,22.195091,52
150436,21.958895,52
150488,18.660992,52
150540,29.199967,52
150592,21.817478,52
150644,21.407075,52
150696,23.020305,52
150748,24.824258,52
150800,19.826527,52
150852,21.845464,52
150904,24.559826,52
150956,21.680254,52
151008,17.894968,52
151060,22.470282,52
151112,23.092874,52
151164,21.456915,52
151216,22.435828,52
151268,22.378977,52
151320,21.835159,52
151372,27.236651,52
151424,22.953806,52
151476,21.895698,52
151528,20.132929,52
151580,17.265486,52
151632,20.246279,52
151684,18.723841,52
151736,17.654207,52
151788,19.345693,52
151840,20.941157,52
151892,31.079888,52
151944,22.71053,52
151996,24.432431,52
152048,20.448145,52
152100,22.15787,52
152152,23.952938,52
152204,18.028547,52
152256,22.963143,52
152308,22.206856,52
152360,21.485379,52
152412,22.884172,52
152464,28.094334,52
152516,39.660123,52
152568,20.500573,52
152620,20.727891,52
152672,23.293659,52
152724,21.557298,52
152776,20.295825,52
152828,17.957919,52
152880,21.535933,52
152932,38.946322,52
152984,20.597029,52
153036,17.694475,52
153088,21.068669,52
153140,22.560185,52
153192,24.190434,52
153244,25.538934,52
153296,24.107775,52
153348,20.91784,52
153400,18.615477,52
153452,29.371945,52
153504,19.856131,52
153556,21.603827,52
153608,23.770775,52
153660,22.132507,52
153712,19.186419,52
153764,25.063302,52
153816,22.003518,52
153868,23.226065,52
153920,22.091444,52
153972,22.150439,52
154024,22.011976,52
154076,23.704863,52
154128,21.246683,52
154180,21.953273,52
154232,19.717056,52
154284,21.093929,52
154336,24.619197,52
154388,23.980771,52
154440,20.311081,52
154492,23.028908,52
154544,21.254197,52
154596,25.437431,52
154648,20.776672,52
154700,20.349409,52
154752,23.574388,52
154804,19.675386,52
154856,27.112165,52
154908,23.820142,52
154960,22.200734,52
155012,19.463575,52
155064,22.863649,52
155116,19.424662,52
155168,22.830733,52
155220,21.077585,52
155272,22.357605,52
155324,24.161747,52
155376,23.254979,52
155428,23.754063,52
155480,21.63918,52
155532,20.297133,52
155584,22.59469,52
155636,22.592306,52
155688,20.200422,52
155740,23.796684,52
155792,22.652853,52
155844,21.15414,52
155896,21.567277,52
155948,22.168359,52
156000,23.04707,52
156052,21.597233,52
156104,22.92217,52
156156,22.056438,52
156208,26.097236,52
156260,22.291079,52
156312,23.534626,52
156364,22.843679,52
156416,19.363517,52
156468,21.961928,52
156520,22.482419,52
156572,23.934558,52
156624,18.939245,52
156676,28.365537,52
156728,21.495035,52
156780,27.738452,52
156832,23.104479,52
156884,24.863366,52
156936,19.545832,52
156988,26.101373,52
157040,21.70692,52
157092,20.366808,52
157144,20.575315,52
157196,21.103767,52
157248,19.129944,52
157300,26.117091,52
157352,22.229915,52
157404,22.413667,52
157456,22.557042,52
157508,21.376867,52
157560,19.622425,52
157612,24.906039,52
157664,19.512539,52
157716,18.702248,52
157768,23.621636,52
157820,24.442902,52
157872,23.344648,52
157924,24.905933,52
157976,23.440517,52
158028,21.211266,52
158080,26.154354,52
158132,22.20802,52
158184,21.38683,52
158236,23.597997,52
158288,18.220991,52
158340,19.702659,52
158392,22.404016,52
158444,22.476359,52
158496,21.317321,52
158548,24.283277,52
158600,21.686898,52
158652,22.492998,52
158704,20.109065,52
158756,18.325162,52
158808,19.48931,52
158860,26.383425,52
158912,18.32181,52
158964,21.347041,52
159016,22.057546,52
159068,21.819173,52
159120,23.334018,52
159172,18.197563,52
159224,20.405648,52
159276,20.072724,52
159328,24.268253,52
159380,23.196762,52
159432,19.743688,52
159484,21.901022,52
159536,19.743125,52
159588,23.978685,52
159640,22.214162,52
159692,23.668089,52
159744,19.655957,52
159796,19.226532,52
159848,23.120164,52
159900,24.297276,52
159952,23.032515,52
160004,23.082058,52
160056,25.052615,52
160108,20.063276,52
160160,24.259827,52
160212,22.119085,52
160264,23.91644,52
160316,22.411244,52
160368,25.174035,52
160420,23.941109,52
160472,23.888368,52
160524,23.611566,52
160576,23.691694,52
160628,23.636424,52
160680,21.388894,52
160732,29.263472,52
160784,21.273898,52
160836,22.233415,52
160888,24.379056,52
160940,20.096893,52
160992,23.407791,52
161044,21.29727,52
161096,26.624754,52
161148,21.974803,52
161200,20.448973,52
161252,21.547906,52
161304,21.295872,52
161356,22.073696,52
161408,24.151033,52
161460,25.126611,52
161512,22.48731,52
161564,20.986398,52
161616,29.603479,52
161668,20.457549,52
161720,23.330506,52
161772,23.352829,52
161824,20.492902,52
161876,24.0344,52
161928,24.347773,52
161980,22.620518,52
162032,21.48835,52
162084,25.373675,52
162136,22.712551,52
162188,29.166671,52
162240,25.72806,52
162292,20.031455,52
162344,21.54521,52
162396,23.88268,52
162448,26.650327,52
162500,25.429991,52
162552,25.563977,52
162604,25.051621,52
162656,24.505429,52
162708,25.110004,52
162760,23.74076,52
162812,23.171522,52
162864,27.064619,52
162916,21.951358,52
162968,18.711578,52
163020,21.482058,52
163072,22.437348,52
163124,21.883374,52
163176,24.127519,52
163228,24.533901,52
163280,21.495863,52
163332,23.039772,52
163384,25.419556,52
163436,21.475343,52
163488,22.44524,52
163540,22.192245,52
163592,23.045433,52
163644,24.225168,52
163696,23.535818,52
163748,21.9429,52
163800,21.740445,52
163852,18.816744,52
163904,22.019194,52
163956,23.964941,52
164008,24.935644,52
164060,22.431931,52
164112,20.883207,52
164164,34.48918,52
164216,21.69531,52
164268,20.529224,52
164320,22.163267,52
164372,22.624115,52
164424,19.830098,52
164476,23.994512,52
164528,22.077792,52
164580,20.883632,52
164632,25.371157,52
164684,21.942932,52
164736,22.48583,52
164788,21.575697,52
164840,20.985384,52
164892,24.760186,52
164944,23.470102,52
164996,20.196773,52
165048,23.514148,52
165100,24.293551,52
165152,23.285506,52
165204,21.738069,52
165256,24.980026,52
165308,23.338956,52
165360,27.451771,52
165412,23.48749,52
165464,22.667133,52
165516,24.075153,52
165568,30.891988,52
165620,21.584243,52
165672,23.880699,52
165724,24.534813,52
165776,17.813162,52
165828,23.325661,52
165880,22.999274,52
165932,25.245759,52
165984,21.979974,52
166036,25.449484,52
166088,22.827219,52
166140,25.775148,52
166192,23.114123,52
166244,22.624538,52
166296,22.937294,52
166348,22.293194,52
166400,20.306955,52
166452,21.562154,52
166504,23.609917,52
166556,23.330416,52
166608,23.132627,52
166660,22.028163,52
166712,23.457989,52
166764,25.9727,52
166816,23.428229,52
166868,31.892133,52
166920,22.930365,52
166972,24.087407,52
167024,21.783941,52
167076,21.900817,52
167128,22.782779,52
167180,20.092452,52
167232,22.468511,52
167284,25.824589,52
167336,23.193087,52
167388,22.517409,52
167440,23.219148,52
167492,20.722875,52
167544,22.356568,52
167596,20.329607,52
167648,22.285284,52
167700,23.725522,52
167752,22.060881,52
167804,21.383344,52
167856,23.20044,52
167908,22.717218,52
167960,22.59873,52
168012,21.01198,52
168064,22.92841,52
168116,20.369242,52
168168,23.299748,52
168220,25.147992,52
168272,20.829155,52
168324,21.00991,52
168376,22.065603,52
168428,20.048765,52
168480,23.432197,52
168532,24.27629,52
168584,21.916026,52
168636,22.805529,52
168688,25.594755,52
168740,22.185876,52
168792,24.139666,52
168844,20.477569,52
168896,27.29761,52
168948,21.927523,52
169000,27.910179,52
169052,33.712109,52
169104,24.631982,52
169156,24.906509,52
169208,25.158609,52
169260,29.85083,52
169312,23.783953,52
169364,24.154276,52
169416,20.121971,52
169468,23.455575,52
169520,22.729906,52
169572,22.179029,52
169624,26.217047,52
169676,22.371776,52
169728,23.582704,52
169780,26.078438,52
169832,24.371156,52
169884,25.357543,52
169936,22.624159,52
169988,21.455302,52
170040,22.425659,52
170092,21.9287,52
170144,24.293978,52
170196,25.707463,52
170248,22.35537,52
170300,23.272859,52
170352,22.67312,52
170404,24.159562,52
170456,20.228692,52
170508,19.502764,52
170560,30.771872,52
170612,22.290497,52
170664,21.460752,52
170716,24.859063,52
170768,22.526112,52
170820,20.409391,52
170872,23.764685,52
170924,23.842384,52
170976,22.945211,52
171028,19.348035,52
171080,22.216135,52
171132,21.941179,52
171184,31.516629,52
171236,24.079194,52
171288,24.636521,52
171340,22.938865,52
171392,23.016859,52
171444,25.038265,52
171496,31.128059,52
171548,21.286779,52
171600,23.617403,52
171652,24.481573,52
171704,24.899117,52
171756,24.089789,52
171808,21.485502,52
171860,20.813074,52
171912,22.371753,52
171964,22.4472,52
172016,20.686906,52
172068,24.096385,52
172120,19.736043,52
172172,23.847217,52
172224,20.617798,52
172276,26.852071,52
172328,23.483347,52
172380,23.889956,52
172432,24.146367,52
172484,27.806423,52
172536,22.954316,52
172588,25.003703,52
172640,21.11503,52
172692,24.292275,52
172744,22.05876,52
172796,26.421471,52
172848,20.434266,52
172900,21.093691,52
172952,23.702994,52
173004,23.579438,52
173056,22.422585,52
173108,25.544462,52
173160,22.149983,52
173212,24.18142,52
173264,22.637564,52
173316,25.387096,52
173368,23.599325,52
173420,23.82222,52
173472,25.263551,52
173524,20.312402,52
173576,24.057826,52
173628,31.93401,52
173680,24.397122,52
173732,25.153228,52
173784,25.874317,52
173836,22.84922,52
173888,23.144193,52
173940,23.383909,52
173992,23.626716,52
174044,21.974476,52
174096,23.749888,52
174148,21.688438,52
174200,32.133004,52
174252,23.193096,52
174304,19.20446,52
174356,25.355117,52
174408,23.548662,52
174460,25.249671,52
174512,24.975799,52
174564,24.452843,52
174616,24.903031,52
174668,24.413298,52
174720,22.09014,52
174772,23.657159,52
174824,28.626434,52
174876,22.932916,52
174928,21.465834,52
174980,22.321588,52
175032,22.575482,52
175084,24.244833,52
175136,25.988921,52
175188,22.01844,52
175240,19.90053,52
175292,23.818284,52
175344,19.901603,52
175396,22.211353,52
175448,23.538343,52
175500,24.853053,52
175552,29.229296,52
175604,20.209267,52
175656,27.604718,52
175708,20.793808,52
175760,19.760613,52
175812,25.372488,52
175864,24.82294,52
175916,22.987934,52
175968,21.838197,52
176020,19.588704,52
176072,24.489997,52
176124,20.672183,52
176176,21.739902,52
176228,23.511431,52
176280,22.067065,52
176332,18.680674,52
176384,21.676019,52
176436,24.561692,52
176488,21.330051,52
176540,21.983702,52
176592,22.248541,52
176644,22.977478,52
176696,21.50559,52
176748,20.885329,52
176800,22.516704,52
176852,23.679982,52
176904,21.302097,52
176956,23.595758,52
177008,30.849763,52
177060,23.388085,52
177112,25.162879,52
177164,23.99564,52
177216,23.715791,52
177268,23.185466,52
177320,34.67946,52
177372,22.74564,52
177424,21.835541,52
177476,24.108685,52
177528,23.857162,52
177580,23.397581,52
177632,24.00962,52
177684,23.128776,52
177736,22.012576,52
177788,22.133474,52
177840,21.220788,52
177892,23.400445,52
177944,21.698491,52
177996,21.306656,52
178048,20.863631,52
178100,24.007877,52
178152,22.173167,52
178204,25.173839,52
178256,21.965826,52
178308,24.17224,52
178360,21.632442,52
178412,21.968189,52
178464,23.002518,52
178516,24.863526,52
178568,22.256729,52
178620,22.529968,52
178672,26.019653,52
178724,23.328417,52
178776,21.579189,52
178828,25.791639,52
178880,21.122329,52
178932,24.73522,52
178984,21.628067,52
179036,23.824012,52
179088,22.419594,52
179140,21.33016,52
179192,22.941019,52
179244,22.207953,52
179296,23.701499,52
179348,20.62016,52
179400,25.070084,52
179452,27.766965,52
179504,23.717061,52
179556,23.124276,52
179608,22.669523,52
179660,24.693241,52
179712,23.218355,52
179764,23.946567,52
179816,21.679048,52
179868,36.972971,52
179920,22.983358,52
179972,24.441159,52
180024,21.765755,52
180076,23.992994,52
180128,25.175786,52
180180,23.567193,52
180232,23.243822,52
180284,25.192266,52
180336,24.093281,52
180388,24.794488,52
180440,24.645032,52
180492,24.627581,52
180544,22.918145,52
180596,21.065464,52
180648,24.100802,52
180700,22.238614,52
180752,23.84749,52
180804,24.235457,52
180856,24.974998,52
180908,21.182064,52
180960,23.719457,52
181012,18.729665,52
181064,24.414006,52
181116,22.632911,52
181168,20.696633,52
181220,21.155462,52
181272,30.560835,52
181324,23.087878,52
181376,24.663359,52
181428,21.405195,52
181480,24.515276,52
181532,24.986773,52
181584,22.662857,52
181636,23.232728,52
181688,23.248241,52
181740,24.957543,52
181792,26.281282,52
181844,21.463258,52
181896,27.774034,52
181948,22.300775,52
182000,22.881413,52
182052,22.247305,52
182104,33.21049,52
182156,21.342012,52
182208,28.394477,52
182260,23.935739,52
182312,23.054126,52
182364,24.943491,52
182416,24.577883,52
182468,21.167181,52
182520,22.338182,52
182572,22.695178,52
182624,25.590155,52
182676,21.007457,52
182728,24.095634,52
182780,25.306672,52
182832,20.782459,52
182884,22.053831,52
182936,24.695391,52
182988,24.113489,52
183040,26.046738,52
183092,25.748327,52
183144,23.885055,52
183196,23.410943,52
183248,23.673593,52
183300,23.026655,52
183352,23.98598,52
183404,23.550111,52
183456,23.011292,52
183508,23.176858,52
183560,21.361494,52
183612,23.601098,52
183664,23.884959,52
183716,22.722771,52
183768,19.962385,52
183820,23.121886,52
183872,22.052903,52
183924,22.399944,52
183976,24.658476,52
184028,22.646928,52
184080,23.33135,52
184132,24.617128,52
184184,23.987956,52
184236,24.423341,52
184288,23.032394,52
184340,20.02502,52
184392,25.055046,52
184444,25.184043,52
184496,22.518095,52
184548,23.061236,52
184600,20.107751,52
184652,23.26503,52
184704,24.437145,52
184756,23.508754,52
184808,24.362134,52
184860,24.666359,52
184912,25.238298,52
184964,21.178925,52
185016,25.955629,52
185068,24.635648,52
185120,25.67476,52
185172,24.763349,52
185224,24.526973,52
185276,28.193332,52
185328,23.834777,52
185380,20.167392,52
185432,21.290313,52
185484,23.954377,52
185536,23.603482,52
185588,22.976453,52
185640,24.382718,52
185692,25.301759,52
185744,21.76365,52
185796,21.60067,52
185848,23.176859,52
185900,23.994876,52
185952,24.282164,52
186004,25.291655,52
186056,23.806277,52
186108,21.837946,52
186160,20.650816,52
186212,28.368551,52
186264,23.609941,52
186316,23.86315,52
186368,24.674636,52
186420,22.73567,52
186472,29.755218,52
186524,23.844538,52
186576,23.091032,52
186628,24.355345,52
186680,23.559029,52
186732,23.321865,52
186784,25.047723,52
186836,23.162034,52
186888,23.865097,52
186940,23.134456,52
186992,22.119861,52
187044,22.343047,52
187096,23.137812,52
187148,23.627651,52
187200,24.204549,52
187252,23.307357,52
187304,20.649284,52
187356,23.699442,52
187408,20.20688,52
187460,24.076431,52
187512,24.762675,52
187564,23.872137,52
187616,23.567473,52
187668,26.037802,52
187720,23.753524,52
187772,24.710346,52
187824,24.7529,52
187876,23.250929,52
187928,22.682683,52
187980,27.243655,52
188032,22.526612,52
188084,23.218157,52
188136,23.142345,52
188188,24.141963,52
188240,25.462103,52
188292,21.145943,52
188344,21.281226,52
188396,24.88558,52
188448,24.7339,52
188500,23.108471,52
188552,23.942349,52
188604,24.112195,52
188656,22.343328,52
188708,24.339758,52
188760,24.582911,52
188812,19.977704,52
188864,22.979154,52
188916,23.903925,52
188968,24.607341,52
189020,22.093786,52
189072,31.557443,52
189124,24.131428,52
189176,23.411843,52
189228,22.816406,52
189280,24.337648,52
189332,26.258595,52
189384,25.921708,52
189436,24.044435,52
189488,23.423475,52
189540,23.497013,52
189592,24.041246,52
189644,21.266113,52
189696,22.542817,52
189748,23.628633,52
189800,21.001821,52
189852,28.24625,52
189904,24.532947,52
189956,24.782169,52
190008,24.056344,52
190060,22.91934,52
190112,22.871078,52
190164,22.65628,52
190216,24.987602,52
190268,21.469482,52
190320,23.140222,52
190372,22.088547,52
190424,23.416245,52
190476,24.238962,52
190528,23.083252,52
190580,19.687436,52
190632,24.183634,52
190684,22.265582,52
190736,24.306123,52
190788,23.43737,52
190840,23.12925,52
190892,23.370677,52
190944,23.572628,52
190996,26.226117,52
191048,21.222991,52
191100,23.461989,52
191152,21.705126,52
191204,22.372422,52
191256,24.482309,52
191308,22.82699,52
191360,22.772513,52
191412,23.646124,52
191464,25.737856,52
191516,23.529249,52
191568,24.783184,52
191620,22.942754,52
191672,30.979036,52
191724,22.686074,52
191776,23.206183,52
191828,22.860734,52
191880,22.650749,52
191932,25.155494,52
191984,23.478719,52
192036,29.074206,52
192088,24.200633,52
192140,23.088482,52
192192,24.164265,52
192244,22.719122,52
192296,23.246278,52
192348,21.61785,52
192400,23.251797,52
192452,23.297972,52
192504,23.982862,52
192556,21.69393,52
192608,22.745887,52
192660,34.392567,52
192712,24.723295,52
192764,23.227008,52
192816,24.223827,52
192868,25.103051,52
192920,32.107644,52
192972,23.915532,52
193024,25.49349,52
193076,24.817433,52
193128,19.084487,52
193180,25.199778,52
193232,26.044177,52
193284,29.805289,52
193336,22.893163,52
193388,21.826491,52
193440,23.268718,52
193492,22.712934,52
193544,23.044178,52
193596,22.378131,52
193648,24.364191,52
193700,23.522685,52
193752,25.056124,52
193804,23.078432,52
193856,21.749608,52
193908,23.947797,52
193960,22.437746,52
194012,23.228105,52
194064,24.28016,52
194116,23.442432,52
194168,21.764346,52
194220,21.850602,52
194272,24.975541,52
194324,22.75557,52
194376,24.83023,52
194428,25.287649,52
194480,21.661601,52
194532,21.652004,52
194584,24.513233,52
194636,23.505697,52
194688,24.794187,52
194740,24.290623,52
194792,24.018539,52
194844,20.498631,52
194896,25.788421,52
194948,22.537733,52
195000,23.627624,52
195052,19.572729,52
195104,28.934924,52
195156,24.335283,52
195208,23.043721,52
195260,24.256707,52
195312,24.489202,52
195364,24.413642,52
195416,21.700341,52
195468,23.865914,52
195520,28.218958,52
195572,23.528691,52
195624,24.438237,52
195676,22.740254,52
195728,24.773941,52
195780,23.496058,52
195832,20.939709,52
195884,23.870583,52
195936,22.218694,52
195988,25.497678,52
196040,23.647187,52
196092,23.51171,52
196144,24.476034,52
196196,24.202404,52
196248,23.793351,52
196300,25.449332,52
196352,22.302052,52
196404,26.93368,52
196456,24.541523,52
196508,21.836953,52
196560,23.909122,52
196612,21.48481,52
196664,24.306795,52
196716,23.964949,52
196768,22.914742,52
196820,29.064571,52
196872,24.888762,52
196924,27.252557,52
196976,25.070828,52
197028,24.270697,52
197080,24.583796,52
197132,24.381522,52
197184,25.118501,52
197236,23.714621,52
197288,22.189827,52
197340,31.798572,52
197392,24.686776,52
197444,25.049827,52
197496,23.712431,52
197548,23.155837,52
197600,24.896026,52
197652,25.840463,52
197704,25.195417,52
197756,25.254976,52
197808,24.300727,52
197860,21.799303,52
197912,24.253907,52
197964,24.467213,52
198016,34.123348,52
198068,23.650814,52
198120,24.063891,52
198172,24.375132,52
198224,26.121797,52
198276,24.617134,52
198328,24.518292,52
198380,20.701123,52
198432,25.162385,52
198484,24.156721,52
198536,22.948594,52
198588,25.336845,52
198640,23.671647,52
198692,23.084479,52
198744,24.696992,52
198796,24.987404,52
198848,23.85275,52
198900,24.73275,52
198952,25.98858,52
199004,30.891079,52
199056,25.521042,52
199108,23.38979,52
199160,29.104771,52
199212,23.750604,52
199264,22.739774,52
199316,25.326024,52
199368,23.747918,52
199420,23.382608,52
199472,24.671054,52
199524,25.63025,52
199576,23.019404,52
199628,24.63677,52
199680,25.159941,52
199732,24.017894,52
199784,24.576214,52
199836,23.268486,52
199888,23.807316,52
199940,24.55584,52
199992,24.299876,52
200044,26.964885,52
200096,24.709571,52
200148,26.84414,52
200200,24.2579,52
200252,24.863652,52
200304,25.216365,52
200356,25.073866,52
200408,23.070172,52
200460,24.904544,52
200512,26.046621,52
200564,24.678776,52
200616,24.584056,52
200668,23.896203,52
200720,21.957854,52
200772,23.794711,52
200824,23.185439,52
200876,24.259574,52
200928,22.116817,52
200980,24.743569,52
201032,22.545671,52
201084,22.104177,52
201136,27.674064,52
201188,25.308612,52
201240,25.143781,52
201292,25.694934,52
201344,22.956423,52
201396,23.022073,52
201448,24.663646,52
201500,25.318042,52
201552,23.459932,52
201604,22.165226,52
201656,24.64738,52
201708,22.990385,52
201760,24.566579,52
201812,24.419686,52
201864,24.494614,52
201916,23.799929,52
201968,23.175506,52
202020,24.063691,52
202072,23.881012,52
202124,21.419743,52
202176,24.310919,52
202228,24.960053,52
202280,26.33692,52
202332,25.949868,52
202384,25.448509,52
202436,24.756546,52
202488,23.784241,52
202540,21.731961,52
202592,25.399179,52
202644,22.686371,52
202696,23.031104,52
202748,24.694668,52
202800,23.20576,52
202852,29.697658,52
202904,24.470405,52
202956,25.034231,52
203008,22.790338,52
203060,22.24446,52
203112,25.693248,52
203164,22.778754,52
203216,28.266266,52
203268,21.771193,52
203320,24.057446,52
203372,24.101071,52
203424,23.48667,52
203476,22.984153,52
203528,24.428934,52
203580,22.847641,52
203632,25.452298,52
203684,29.779981,52
203736,23.703731,52
203788,25.977138,52
203840,22.105796,52
203892,23.197576,52
203944,23.771931,52
203996,25.306685,52
204048,25.850863,52
204100,23.267703,52
204152,23.752537,52
204204,21.22565,52
204256,21.987839,52
204308,24.629057,52
204360,23.932217,52
204412,23.998046,52
204464,24.058905,52
204516,23.87387,52
204568,24.171294,52
204620,30.535823,52
204672,21.999722,52
204724,23.162624,52
204776,24.360494,52
204828,23.086459,52
204880,25.264985,52
204932,24.406446,52
204984,24.884026,52
205036,25.169664,52
205088,23.898125,52
205140,25.427303,52
205192,21.935392,52
205244,25.109906,52
205296,27.681234,52
205348,22.809235,52
205400,25.248336,52
205452,23.39208,52
205504,24.858997,52
205556,25.147607,52
205608,23.476202,52
205660,26.616164,52
205712,25.092586,52
205764,24.830176,52
205816,25.358693,52
205868,22.755753,52
205920,23.175374,52
205972,24.240443,52
206024,24.315338,52
206076,22.106631,52
206128,26.309158,52
206180,24.795931,52
206232,33.966612,52
206284,25.35709,52
206336,24.344136,52
206388,23.335311,52
206440,22.115792,52
206492,23.047003,52
206544,32.79897,52
206596,23.440061,52
206648,24.748241,52
206700,24.556548,52
206752,22.000589,52
206804,24.81162,52
206856,24.027432,52
206908,24.75284,52
206960,23.734866,52
207012,22.79135,52
207064,23.404518,52
207116,23.779213,52
207168,23.713791,52
207220,23.704041,52
207272,24.219993,52
207324,23.180102,52
207376,22.863512,52
207428,24.020566,52
207480,23.590218,52
207532,22.60301,52
207584,25.2571,52
207636,24.386962,52
207688,24.123942,52
207740,24.245089,52
207792,23.944338,52
207844,22.447916,52
207896,23.615972,52
207948,23.996732,52
208000,25.233098,52
208052,24.434093,52
208104,22.768893,52
208156,22.956411,52
208208,25.508069,52
208260,24.481906,52
208312,23.749433,52
208364,22.957534,52
208416,22.011438,52
208468,25.165287,52
208520,25.983419,52
208572,23.285601,52
208624,28.60668,52
208676,25.214237,52
208728,26.997508,52
208780,23.321931,52
208832,23.559716,52
208884,23.955141,52
208936,23.623178,52
208988,23.313906,52
209040,25.509132,52
209092,23.802773,52
209144,28.095661,52
209196,22.206035,52
209248,23.599542,52
209300,22.536507,52
209352,23.722706,52
209404,24.030503,52
209456,22.569463,52
209508,23.513895,52
209560,24.375992,52
209612,24.14474,52
209664,22.802613,52
209716,24.000336,52
209768,25.477614,52
209820,25.199664,52
209872,24.18363,52
209924,24.921412,52
209976,24.969764,52
210028,24.06677,52
210080,23.983192,52
210132,23.493548,52
210184,22.89053,52
210236,27.28778,52
210288,25.29937,52
210340,35.288671,52
210392,24.755928,52
210444,31.034364,52
210496,23.225895,52
210548,24.865807,52
210600,22.196562,52
210652,23.272253,52
210704,24.53073,52
210756,22.915344,52
210808,20.888999,52
210860,28.082313,52
210912,22.286666,52
210964,25.069284,52
211016,26.141421,52
211068,27.396344,52
211120,24.896188,52
211172,22.885646,52
211224,24.900329,52
211276,22.920668,52
211328,24.049686,52
211380,25.347752,52
211432,22.412487,52
211484,28.911695,52
211536,24.365127,52
211588,26.193324,52
211640,25.067521,52
211692,24.925307,52
211744,24.549564,52
211796,24.079901,52
211848,22.958438,52
211900,24.469179,52
211952,29.153533,52
212004,24.779041,52
212056,24.860247,52
212108,24.101276,52
212160,23.78378,52
212212,25.626922,52
212264,26.850526,52
212316,24.669921,52
212368,23.620788,52
212420,23.053018,52
212472,23.567422,52
212524,25.805574,52
212576,24.140791,52
212628,24.687635,52
212680,25.512493,52
212732,23.23979,52
212784,23.479545,52
212836,23.521991,52
212888,23.514553,52
212940,23.109871,52
212992,26.16231,52
213044,23.649096,52
213096,36.256178,52
213148,24.895871,52
213200,27.419837,52
213252,23.061405,52
213304,25.191456,52
213356,23.980946,52
213408,23.9089,52
213460,23.628325,52
213512,24.345375,52
213564,25.193666,52
213616,25.217861,52
213668,24.823675,52
213720,23.39687,52
213772,24.347451,52
213824,24.430737,52
213876,24.176315,52
213928,24.93623,52
213980,24.413203,52
214032,24.504756,52
214084,23.440093,52
214136,24.452628,52
214188,24.974836,52
214240,24.420661,52
214292,24.666157,52
214344,24.616669,52
214396,21.832204,52
214448,24.386212,52
214500,23.416921,52
214552,23.999609,52
214604,24.921125,52
214656,24.633264,52
214708,22.482838,52
214760,23.659702,52
214812,25.132767,52
214864,23.65559,52
214916,24.00096,52
214968,24.008171,52
215020,24.188289,52
215072,23.668725,52
215124,23.941812,52
215176,26.004609,52
215228,24.911477,52
215280,24.152995,52
215332,24.406104,52
215384,24.11414,52
215436,24.169817,52
215488,24.234825,52
215540,24.834206,52
215592,22.672486,52
215644,24.357091,52
215696,25.618925,52
215748,25.618705,52
215800,23.564098,52
215852,26.271433,52
215904,26.161536,52
215956,25.24229,52
216008,27.415469,52
216060,24.519158,52
216112,26.368061,52
216164,24.537807,52
216216,25.342166,52
216268,22.835839,52
216320,24.463424,52
216372,25.021629,52
216424,27.101984,52
216476,24.30566,52
216528,22.623995,52
216580,24.245279,52
216632,24.137622,52
216684,24.149163,52
216736,24.454231,52
216788,24.230398,52
216840,24.681722,52
216892,25.23283,52
216944,24.115972,52
216996,23.981491,52
217048,25.10918,52
217100,23.772198,52
217152,25.487415,52
217204,24.305269,52
217256,25.283278,52
217308,23.600074,52
217360,24.362219,52
217412,24.946612,52
217464,25.887782,52
217516,25.825942,52
217568,23.777254,52
217620,23.964749,52
217672,24.245155,52
217724,35.400776,52
217776,27.14625,52
217828,24.461623,52
217880,24.931652,52
217932,24.124695,52
217984,23.328299,52
218036,24.771368,52
218088,24.476986,52
218140,25.237108,52
218192,25.15692,52
218244,22.62977,52
218296,25.093397,52
218348,24.454293,52
218400,23.662377,52
218452,25.119481,52
218504,25.968309,52
218556,25.650094,52
218608,23.709016,52
218660,23.842431,52
218712,23.734236,52
218764,24.088214,52
218816,25.987094,52
218868,24.000098,52
218920,23.698624,52
218972,23.132352,52
219024,25.236853,52
219076,24.353845,52
219128,25.162917,52
219180,24.734036,52
219232,27.039757,52
219284,23.194661,52
219336,24.685926,52
219388,24.560092,52
219440,24.420005,52
219492,23.861566,52
219544,24.799782,52
219596,26.499694,52
219648,24.077477,52
219700,25.073451,52
219752,24.036893,52
219804,24.136196,52
219856,25.470664,52
219908,22.37961,52
219960,24.372595,52
220012,26.16107,52
220064,24.428286,52
220116,25.160445,52
220168,23.743854,52
220220,22.141573,52
220272,23.969699,52
220324,24.765431,52
220376,24.172534,52
220428,25.417698,52
220480,24.012103,52
220532,24.079561,52
220584,24.359397,52
220636,31.206724,52
220688,24.404019,52
220740,24.990484,52
220792,24.822003,52
220844,23.639155,52
220896,28.359884,52
220948,25.087374,52
221000,25.296639,52
221052,26.146918,52
221104,31.103293,52
221156,22.026655,52
221208,25.490239,52
221260,22.806655,52
221312,24.174702,52
221364,24.254302,52
221416,24.928457,52
221468,26.15414,52
221520,25.277937,52
221572,24.256602,52
221624,24.818466,52
221676,24.644399,52
221728,38.961354,52
221780,24.339649,52
221832,24.261441,52
221884,23.134311,52
221936,27.979633,52
221988,25.356245,52
222040,23.103097,52
222092,24.695093,52
222144,23.390224,52
222196,22.634806,52
222248,24.173027,52
222300,23.723236,52
222352,24.527635,52
222404,25.293851,52
222456,25.903347,52
222508,25.003078,52
222560,24.598076,52
222612,23.472283,52
222664,22.155473,52
222716,26.503566,52
222768,19.751978,52
222820,24.114132,52
222872,24.208333,52
222924,25.047101,52
222976,23.067954,52
223028,25.257544,52
223080,24.014547,52
223132,23.166248,52
223184,23.712802,52
223236,24.513871,52
223288,24.393078,52
223340,22.231893,52
223392,23.76323,52
223444,25.093021,52
223496,24.172272,52
223548,24.427605,52
223600,25.25211,52
223652,23.643204,52
223704,23.940261,52
223756,24.505544,52
223808,26.267862,52
223860,25.279644,52
223912,24.75842,52
223964,24.528614,52
224016,25.389343,52
224068,24.995956,52
224120,24.423908,52
224172,24.506989,52
224224,23.755779,52
224276,23.59642,52
224328,24.355783,52
224380,24.614662,52
224432,25.323933,52
224484,25.740748,52
224536,25.838072,52
224588,24.791766,52
224640,23.06271,52
224692,24.168908,52
224744,22.634163,52
224796,25.703615,52
224848,24.679272,52
224900,25.034452,52
224952,24.811187,52
225004,24.582137,52
225056,24.225579,52
225108,28.295087,52
225160,23.454531,52
225212,27.922855,52
225264,22.865986,52
225316,29.895835,52
225368,24.753085,52
225420,24.138979,52
225472,24.73357,52
225524,24.006749,52
225576,23.858345,52
225628,23.514728,52
225680,24.428274,52
225732,24.746536,52
225784,23.935162,52
225836,25.109622,52
225888,25.333341,52
225940,25.135501,52
225992,23.916428,52
226044,24.070514,52
226096,24.438707,52
226148,24.075334,52
226200,26.013198,52
226252,25.325788,52
226304,25.612955,52
226356,25.338083,52
226408,28.796086,52
226460,24.879081,52
226512,24.362048,52
226564,22.051943,52
226616,23.371878,52
226668,25.243452,52
226720,22.572597,52
226772,25.764876,52
226824,24.468554,52
226876,22.906093,52
226928,26.12417,52
226980,24.549749,52
227032,24.858928,52
227084,24.433188,52
227136,26.080341,52
227188,24.425106,52
227240,25.63655,52
227292,32.564174,52
227344,24.151445,52
227396,24.325948,52
227448,28.646407,52
227500,25.549338,52
227552,26.00599,52
227604,22.684706,52
227656,24.917729,52
227708,24.252276,52
227760,25.505394,52
227812,25.408354,52
227864,25.645163,52
227916,24.384623,52
227968,25.406631,52
228020,24.522129,52
228072,24.091238,52
228124,26.034145,52
228176,23.019021,52
228228,24.021751,52
228280,24.400327,52
228332,23.021457,52
228384,25.650673,52
228436,24.047115,52
228488,25.320061,52
228540,25.397747,52
228592,24.300594,52
228644,23.673749,52
228696,25.964557,52
228748,22.316152,52
228800,25.743023,52
228852,24.364574,52
228904,25.798517,52
228956,28.059624,52
229008,24.575207,52
229060,25.249981,52
229112,24.451626,52
229164,24.518948,52
229216,24.495325,52
229268,24.574643,52
229320,25.610522,52
229372,25.266881,52
229424,25.39216,52
229476,23.749403,52
229528,24.070967,52
229580,23.769528,52
229632,24.133004,52
229684,25.06223,52
229736,25.074006,52
229788,23.892137,52
229840,23.048218,52
229892,25.333514,52
229944,23.416939,52
229996,25.382947,52
230048,25.641686,52
230100,25.60496,52
230152,25.007264,52
230204,22.891291,52
230256,28.109306,52
230308,24.539964,52
230360,24.978967,52
230412,24.626123,52
230464,30.614585,52
230516,26.576173,52
230568,23.044346,52
230620,23.813952,52
230672,30.125426,52
230724,23.748473,52
230776,24.23942,52
230828,24.373885,52
230880,24.678326,52
230932,24.332648,52
230984,24.472385,52
231036,24.774169,52
231088,25.730133,52
231140,26.178685,52
231192,26.649489,52
231244,24.92443,52
231296,25.252006,52
231348,23.2874,52
231400,28.29622,52
231452,28.56691,52
231504,29.332058,52
231556,24.308835,52
231608,23.237902,52
231660,24.722971,52
231712,24.492304,52
231764,24.973038,52
231816,24.887736,52
231868,24.452275,52
231920,25.18373,52
231972,24.240962,52
232024,24.322349,52
232076,23.30879,52
232128,25.432758,52
232180,24.883279,52
232232,23.9835,52
232284,23.705685,52
232336,31.311104,52
232388,27.69268,52
232440,23.46164,52
232492,32.734564,52
232544,25.358071,52
232596,25.223682,52
232648,30.515737,52
232700,25.95468,52
232752,24.312091,52
232804,27.77069,52
232856,23.489299,52
232908,23.943465,52
232960,23.93404,52
233012,24.797761,52
233064,24.377708,52
233116,25.34681,52
233168,24.000739,52
233220,24.982429,52
233272,23.620156,52
233324,24.03973,52
233376,25.27416,52
233428,22.703904,52
233480,25.767894,52
233532,25.705574,52
233584,25.838362,52
233636,25.094142,52
233688,24.973061,52
233740,24.436432,52
233792,25.674031,52
233844,24.849688,52
233896,24.766021,52
233948,25.525116,52
234000,23.875572,52
234052,24.665188,52
234104,24.453719,52
234156,24.204797,52
234208,25.740235,52
234260,26.124203,52
234312,26.599621,52
234364,23.926627,52
234416,26.108549,52
234468,31.856169,52
234520,25.039292,52
234572,23.150884,52
234624,24.218684,52
234676,26.046634,52
234728,23.338771,52
234780,26.878547,52
234832,23.337765,52
234884,24.707779,52
234936,28.124689,52
234988,23.373375,52
235040,23.33184,52
235092,25.174455,52
235144,25.008505,52
235196,24.910682,52
235248,29.226521,52
235300,26.239842,52
235352,23.905461,52
235404,24.54563,52
235456,23.981204,52
235508,25.446127,52
235560,28.001605,52
235612,24.763778,52
235664,25.217163,52
235716,23.866838,52
235768,23.350653,52
235820,25.097843,52
235872,24.693323,52
235924,25.5963,52
235976,24.673055,52
236028,24.131101,52
236080,25.785936,52
236132,24.773545,52
236184,21.517263,52
236236,26.289979,52
236288,24.934437,52
236340,23.720565,52
236392,23.806944,52
236444,26.118187,52
236496,24.848373,52
236548,24.390255,52
236600,24.256335,52
236652,23.676968,52
236704,24.588389,52
236756,24.724038,52
236808,25.500074,52
236860,25.403638,52
236912,24.132036,52
236964,25.677551,52
237016,24.638499,52
237068,22.688433,52
237120,25.453416,52
237172,24.941424,52
237224,24.498477,52
237276,25.014211,52
237328,31.775465,52
237380,25.478355,52
237432,24.413988,52
237484,35.17066,52
237536,24.248625,52
237588,25.592118,52
237640,25.635501,52
237692,22.973711,52
237744,23.479081,52
237796,24.432177,52
237848,23.408148,52
237900,32.524725,52
237952,25.312264,52
238004,24.847758,52
238056,23.772806,52
238108,24.739387,52
238160,25.752701,52
238212,25.471725,52
238264,23.876405,52
238316,23.909794,52
238368,24.029882,52
238420,24.101637,52
238472,25.236533,52
238524,24.381793,52
238576,25.440629,52
238628,25.046972,52
238680,23.894698,52
238732,25.765847,52
238784,25.112378,52
238836,24.381188,52
238888,25.90456,52
238940,24.334166,52
238992,25.259735,52
239044,23.824403,52
239096,25.073648,52
239148,24.187171,52
239200,26.014141,52
239252,24.181633,52
239304,24.748064,52
239356,24.819723,52
239408,25.435736,52
239460,25.269657,52
239512,24.60227,52
239564,24.324949,52
239616,25.348311,52
239668,24.920015,52
239720,24.128253,52
239772,24.441307,52
239824,29.48239,52
239876,25.305266,52
239928,21.448353,52
239980,24.270947,52
240032,24.316343,52
240084,24.199889,52
240136,25.15586,52
240188,23.929078,52
240240,24.415182,52
240292,25.724788,52
240344,23.568237,52
240396,26.14495,52
240448,26.891777,52
240500,24.562361,52
240552,23.809073,52
240604,22.882836,52
240656,24.210571,52
240708,30.767782,52
240760,24.963393,52
240812,25.806482,52
240864,24.930492,52
240916,24.601294,52
240968,26.526341,52
241020,26.117,52
241072,22.017076,52
241124,23.755487,52
241176,25.935533,52
241228,26.247491,52
241280,23.756573,52
241332,36.40041,52
241384,24.888797,52
241436,24.555934,52
241488,24.353559,52
241540,25.218152,52
241592,23.967879,52
241644,24.745473,52
241696,24.352653,52
241748,27.619874,52
241800,22.891092,52
241852,25.605645,52
241904,23.146413,52
241956,23.320276,52
242008,26.205403,52
242060,26.361581,52
242112,25.236902,52
242164,28.132198,52
242216,25.885782,52
242268,26.96761,52
242320,25.15334,52
242372,24.959975,52
242424,26.245536,52
242476,31.92505,52
242528,24.869155,52
242580,24.58282,52
242632,23.365739,52
242684,25.102659,52
242736,25.713358,52
242788,27.929125,52
242840,24.833905,52
242892,25.678929,52
242944,24.26636,52
242996,24.482288,52
243048,24.150139,52
243100,25.914202,52
243152,23.776769,52
243204,25.678399,52
243256,25.174033,52
243308,25.642974,52
243360,24.191488,52
243412,23.973497,52
243464,25.088311,52
243516,24.856537,52
243568,25.100294,52
243620,24.546517,52
243672,23.388956,52
243724,23.608117,52
243776,23.85948,52
243828,23.016266,52
243880,24.293693,52
243932,24.553671,52
243984,24.47321,52
244036,23.945341,52
244088,24.784029,52
244140,23.581958,52
244192,25.691921,52
244244,25.402279,52
244296,24.226197,52
244348,23.89752,52
244400,24.844831,52
244452,24.63881,52
244504,24.585944,52
244556,25.229851,52
244608,24.971032,52
244660,24.500594,52
244712,24.897405,52
244764,25.114584,52
244816,28.020484,52
244868,24.919075,52
244920,26.984771,52
244972,24.821389,52
245024,25.215944,52
245076,24.555509,52
245128,24.056288,52
245180,26.168883,52
245232,24.735275,52
245284,26.115682,52
245336,25.467798,52
245388,25.846608,52
245440,24.487472,52
245492,25.613554,52
245544,25.92315,52
245596,25.427743,52
245648,24.401952,52
245700,23.742176,52
245752,34.851744,52
245804,24.495304,52
245856,24.005251,52
245908,30.285084,52
245960,25.502334,52
246012,24.658059,52
246064,24.945144,52
246116,24.096923,52
246168,37.510916,52
246220,25.765637,52
246272,23.974814,52
246324,24.91509,52
246376,26.027242,52
246428,23.331547,52
246480,24.477788,52
246532,24.581581,52
246584,25.511977,52
246636,25.953948,52
246688,24.603876,52
246740,23.382701,52
246792,24.63843,52
246844,23.463581,52
246896,31.371529,52
246948,23.447291,52
247000,23.682226,52
247052,25.514352,52
247104,24.500585,52
247156,24.628099,52
247208,23.903093,52
247260,23.561825,52
247312,24.243178,52
247364,22.949121,52
247416,24.307127,52
247468,24.024514,52
247520,26.026309,52
247572,23.586297,52
247624,23.681803,52
247676,24.054404,52
247728,31.0184,52
247780,25.71176,52
247832,23.522508,52
247884,25.524765,52
247936,24.423423,52
247988,23.382056,52
248040,24.257583,52
248092,21.879393,52
248144,24.022889,52
248196,24.305609,52
248248,25.846265,52
248300,24.957281,52
248352,25.241355,52
248404,25.112177,52
248456,25.958593,52
248508,26.228336,52
248560,31.342177,52
248612,23.819093,52
248664,25.775183,52
248716,24.427596,52
248768,25.250385,52
248820,24.676159,52
248872,23.80639,52
248924,24.445705,52
248976,24.709634,52
249028,39.258135,52
249080,24.679367,52
249132,24.677891,52
249184,24.366647,52
249236,24.365768,52
249288,24.487932,52
249340,25.557436,52
249392,24.89943,52
249444,23.926119,52
249496,23.946902,52
249548,24.557302,52
249600,31.384363,52
249652,24.404362,52
249704,26.44333,52
249756,24.725597,52
249808,25.584279,52
249860,24.418328,52
249912,25.344923,52
249964,23.79481,52
250016,24.328026,52
250068,25.001974,52
250120,30.336398,52
250172,23.852123,52
250224,23.925487,52
250276,25.990954,52
250328,23.979681,52
250380,23.447368,52
250432,25.034151,52
250484,26.461472,52
250536,24.587119,52
250588,28.037464,52
250640,26.159589,52
250692,25.566198,52
250744,25.337845,52
250796,23.886841,52
250848,24.919774,52
250900,24.465573,52
250952,23.180219,52
251004,28.217332,52
251056,25.06162,52
251108,24.203617,52
251160,24.788706,52
251212,30.914009,52
251264,23.292601,52
251316,23.658092,52
251368,23.343187,52
251420,23.952776,52
251472,25.824067,52
251524,24.220821,52
251576,24.844632,52
251628,31.413186,52
251680,23.753308,52
251732,25.101123,52
251784,23.838131,52
251836,25.233993,52
251888,24.237496,52
251940,26.064169,52
251992,25.40644,52
252044,24.645514,52
252096,24.47988,52
252148,24.025476,52
252200,25.578779,52
252252,25.980817,52
252304,26.171901,52
252356,24.71267,52
252408,23.877458,52
252460,24.557703,52
252512,25.032654,52
252564,26.287046,52
252616,25.029936,52
252668,24.630082,52
252720,23.632498,52
252772,23.553625,52
252824,24.994705,52
252876,23.790692,52
252928,24.446944,52
252980,24.921498,52
253032,23.565859,52
253084,25.433215,52
253136,24.901639,52
253188,24.077956,52
253240,33.562563,52
253292,24.151993,52
253344,23.167683,52
253396,25.951943,52
253448,30.159428,52
253500,25.946995,52
253552,23.27969,52
253604,25.538038,52
253656,25.750843,52
253708,24.742497,52
253760,25.066153,52
253812,23.888458,52
253864,24.266339,52
253916,24.76308,52
253968,25.844446,52
254020,25.541101,52
254072,23.783042,52
254124,24.372585,52
254176,25.055729,52
254228,23.546212,52
254280,25.766175,52
254332,25.000224,52
254384,25.458369,52
254436,28.886948,52
254488,23.455665,52
254540,24.439729,52
254592,26.815014,52
254644,25.510156,52
254696,24.840054,52
254748,24.98702,52
254800,23.818769,52
254852,24.402953,52
254904,23.993962,52
254956,26.710117,52
255008,23.656606,52
255060,24.80136,52
255112,24.520396,52
255164,24.350734,52
255216,26.161768,52
255268,24.827925,52
255320,30.352473,52
255372,24.154815,52
255424,25.510235,52
255476,30.733394,52
255528,26.602843,52
255580,25.104345,52
255632,25.358616,52
255684,26.126659,52
255736,24.918278,52
255788,24.559551,52
255840,26.175734,52
255892,25.211029,52
255944,26.187728,52
255996,28.33621,52
256048,24.706349,52
256100,24.202602,52
256152,24.595616,52
256204,26.13846,52
256256,24.468423,52
256308,32.204024,52
256360,24.128589,52
256412,25.311516,52
256464,22.221732,52
256516,23.706459,52
256568,24.94415,52
256620,24.768585,52
256672,25.015777,52
256724,30.506475,52
256776,25.410484,52
256828,24.770726,52
256880,26.971746,52
256932,24.29176,52
256984,23.880988,52
257036,25.31827,52
257088,24.388477,52
257140,23.956539,52
257192,24.410341,52
257244,24.551534,52
257296,24.409141,52
257348,25.018003,52
257400,24.742157,52
257452,24.918014,52
257504,23.697668,52
257556,27.533905,52
257608,25.145738,52
257660,26.124096,52
257712,24.53265,52
257764,24.659887,52
257816,24.824045,52
257868,25.136615,52
257920,26.107295,52
257972,25.021077,52
258024,25.149096,52
258076,24.483018,52
258128,24.63117,52
258180,24.808283,52
258232,25.107107,52
258284,24.629142,52
258336,25.329081,52
258388,24.432047,52
258440,25.524317,52
258492,25.604049,52
258544,25.204756,52
258596,23.993522,52
258648,26.277575,52
258700,25.286705,52
258752,25.494395,52
258804,25.881786,52
258856,25.963565,52
258908,24.943266,52
258960,25.013346,52
259012,25.651762,52
259064,25.163718,52
259116,25.079409,52
259168,25.0986,52
259220,24.176948,52
259272,25.926584,52
259324,30.090667,52
259376,25.970739,52
259428,24.21336,52
259480,24.594399,52
259532,27.946083,52
259584,23.186126,52
259636,25.46049,52
259688,26.268611,52
259740,24.825492,52
259792,25.58382,52
259844,25.14223,52
259896,25.065089,52
259948,25.211729,52
260000,34.460025,52
260052,24.05121,52
260104,24.100329,52
260156,25.040889,52
260208,23.612384,52
260260,26.149833,52
260312,29.656577,52
260364,27.209988,52
260416,25.814009,52
260468,24.043206,52
260520,24.611697,52
260572,23.947011,52
260624,23.920381,52
260676,23.437214,52
260728,25.082724,52
260780,24.927319,52
260832,26.13054,52
260884,25.11608,52
260936,24.056294,52
260988,24.494688,52
261040,26.019524,52
261092,23.962535,52
261144,26.182216,52
261196,23.517724,52
261248,25.541975,52
261300,23.37081,52
261352,25.62588,52
261404,23.848435,52
261456,25.160073,52
261508,25.31271,52
261560,24.609581,52
261612,26.312901,52
261664,25.085025,52
261716,24.645523,52
261768,24.054959,52
261820,24.67546,52
261872,25.201184,52
261924,25.59216,52
261976,24.387791,52
262028,26.002738,52
262080,24.273106,52
262132,25.470778,52
262184,26.069727,52
262236,24.955913,52
262288,26.337309,52
262340,24.872836,52
262392,25.011682,52
262444,23.457125,52
262496,25.276522,52
262548,24.585825,52
262600,23.876864,52
262652,24.795282,52
262704,24.509626,52
262756,23.56,52
262808,23.183324,52
262860,26.839465,52
262912,25.422375,52
262964,25.901013,52
263016,26.159263,52
263068,25.217468,52
263120,24.702987,52
263172,25.305169,52
263224,24.86545,52
263276,28.356904,52
263328,24.938694,52
263380,26.07746,52
263432,25.618382,52
263484,25.795521,52
263536,26.051247,52
263588,24.291646,52
263640,24.468672,52
263692,24.637093,52
263744,26.144385,52
263796,25.379668,52
263848,24.530334,52
263900,26.831451,52
263952,24.81632,52
264004,25.852232,52
264056,24.9228,52
264108,24.577661,52
264160,25.099734,52
264212,25.258661,52
264264,24.732691,52
264316,30.070261,52
264368,23.476112,52
264420,24.256461,52
264472,23.214637,52
264524,24.814067,52
264576,25.057199,52
264628,24.835988,52
264680,25.380103,52
264732,25.126181,52
264784,25.548977,52
264836,25.33512,52
264888,33.114176,52
264940,25.26243,52
264992,25.064321,52
265044,26.866003,52
265096,27.876507,52
265148,25.823439,52
265200,25.157338,52
265252,25.402931,52
265304,24.950161,52
265356,26.564214,52
265408,25.138023,52
265460,26.098981,52
265512,24.869522,52
265564,24.624172,52
265616,25.463018,52
265668,25.798557,52
265720,25.233602,52
265772,26.42091,52
265824,26.461747,52
265876,24.791963,52
265928,25.553118,52
265980,24.888146,52
266032,25.494701,52
266084,25.203467,52
266136,25.351329,52
266188,25.724801,52
266240,23.706476,52
266292,25.450453,52
266344,31.641347,52
266396,23.800272,52
266448,23.952713,52
266500,25.582515,52
266552,25.306001,52
266604,26.953182,52
266656,25.582115,52
266708,25.644358,52
266760,30.315824,52
266812,26.1802,52
266864,23.723455,52
266916,27.154494,52
266968,25.754282,52
267020,26.932817,52
267072,23.920934,52
267124,26.124121,52
267176,26.000665,52
267228,24.58573,52
267280,24.799831,52
267332,26.200858,52
267384,24.604918,52
267436,26.237842,52
267488,25.200827,52
267540,24.212437,52
267592,24.233742,52
267644,24.02072,52
267696,25.22984,52
267748,24.455837,52
267800,23.708816,52
267852,26.135977,52
267904,22.823364,52
267956,31.295099,52
268008,24.827891,52
268060,32.680101,52
268112,26.368364,52
268164,25.670955,52
268216,25.663406,52
268268,23.800697,52
268320,24.633333,52
268372,24.291306,52
268424,24.922562,52
268476,25.449608,52
268528,25.025605,52
268580,25.813424,52
268632,25.105873,52
268684,24.637766,52
268736,25.444743,52
268788,25.858664,52
268840,30.624223,52
268892,23.396836,52
268944,24.939657,52
268996,25.470876,52
269048,24.831669,52
269100,24.510116,52
269152,25.385887,52
269204,24.889165,52
269256,24.053905,52
269308,25.823415,52
269360,25.334374,52
269412,25.6714,52
269464,24.464805,52
269516,24.03479,52
269568,26.007287,52
269620,25.332185,52
269672,25.318513,52
269724,26.739897,52
269776,25.510282,52
269828,24.454785,52
269880,24.474813,52
269932,25.035391,52
269984,26.269693,52
270036,26.940457,52
270088,25.825027,52
270140,25.31649,52
270192,24.539874,52
270244,25.230311,52
270296,30.355815,52
270348,24.780836,52
270400,27.629106,52
270452,26.441169,52
270504,25.299565,52
270556,25.204265,52
270608,25.800371,52
270660,25.163148,52
270712,25.289899,52
270764,25.486343,52
270816,25.455127,52
270868,25.463022,52
270920,24.477771,52
270972,24.735026,52
271024,25.586858,52
271076,24.495987,52
271128,25.155545,52
271180,24.130932,52
271232,25.180177,52
271284,26.604122,52
271336,27.056307,52
271388,25.19163,52
271440,24.975547,52
271492,25.401919,52
271544,24.608554,52
271596,34.243595,52
271648,26.309639,52
271700,24.827219,52
271752,25.165938,52
271804,25.078624,52
271856,23.79818,52
271908,24.456935,52
271960,26.024588,52
272012,25.269932,52
272064,25.180524,52
272116,23.864104,52
272168,32.963105,52
272220,25.197214,52
272272,24.884815,52
272324,25.753642,52
272376,25.135841,52
272428,23.191707,52
272480,24.539646,52
272532,26.12632,52
272584,26.563383,52
272636,25.462959,52
272688,26.744264,52
272740,25.365058,52
272792,24.944783,52
272844,25.187207,52
272896,23.939955,52
272948,23.493779,52
273000,25.570861,52
273052,24.399472,52
273104,24.660239,52
273156,23.920486,52
273208,28.337788,52
273260,25.119136,52
273312,24.738442,52
273364,26.106052,52
273416,24.679051,52
273468,24.242286,52
273520,22.408267,52
273572,27.916202,52
273624,24.623209,52
273676,24.635554,52
273728,24.708506,52
273780,24.356659,52
273832,25.05768,52
273884,24.994132,52
273936,35.833666,52
273988,25.800591,52
274040,24.392207,52
274092,24.831056,52
274144,23.923493,52
274196,26.019428,52
274248,24.646326,52
274300,24.640057,52
274352,26.644033,52
274404,26.057981,52
274456,24.108586,52
274508,24.69532,52
274560,24.539767,52
274612,25.736827,52
274664,25.171803,52
274716,24.698192,52
274768,24.542205,52
274820,25.983741,52
274872,23.058035,52
274924,25.305326,52
274976,25.006721,52
275028,25.572141,52
275080,25.084999,52
275132,25.376502,52
275184,27.02667,52
275236,26.119125,52
275288,24.214676,52
275340,25.210302,52
275392,25.432083,52
275444,24.76553,52
275496,24.567691,52
275548,24.091416,52
275600,24.634428,52
275652,24.199127,52
275704,23.80676,52
275756,25.401339,52
275808,25.614848,52
275860,24.076646,52
275912,25.293341,52
275964,23.795855,52
276016,24.836306,52
276068,25.525785,52
276120,26.27087,52
276172,26.706507,52
276224,25.314214,52
276276,24.274161,52
276328,25.712127,52
276380,24.184615,52
276432,24.26705,52
276484,24.934137,52
276536,25.784705,52
276588,24.578236,52
276640,25.018915,52
276692,24.785322,52
276744,24.871628,52
276796,25.798454,52
276848,24.97847,52
276900,24.890427,52
276952,24.731567,52
277004,26.617517,52
277056,24.562175,52
277108,23.847435,52
277160,24.934596,52
277212,24.471825,52
277264,25.980214,52
277316,25.574597,52
277368,26.071681,52
277420,24.796622,52
277472,36.596201,52
277524,29.621457,52
277576,24.439603,52
277628,32.113201,52
277680,24.067392,52
277732,24.22313,52
277784,25.125593,52
277836,23.734035,52
277888,25.580811,52
277940,25.870637,52
277992,25.028502,52
278044,25.738796,52
278096,24.461883,52
278148,25.082451,52
278200,25.878698,52
278252,25.175841,52
278304,24.945353,52
278356,26.056203,52
278408,24.030068,52
278460,24.331195,52
278512,26.658977,52
278564,26.388788,52
278616,26.046356,52
278668,24.156214,52
278720,24.921685,52
278772,23.611386,52
278824,28.826929,52
278876,24.213514,52
278928,23.756741,52
278980,24.839478,52
279032,26.188078,52
279084,25.178751,52
279136,24.099168,52
279188,24.761114,52
279240,24.936978,52
279292,24.015219,52
279344,24.48444,52
279396,23.79875,52
279448,25.618705,52
279500,26.19305,52
279552,25.116336,52
279604,24.201654,52
279656,24.181652,52
279708,25.214447,52
279760,24.659332,52
279812,23.676654,52
279864,24.399377,52
279916,27.020258,52
279968,25.097546,52
280020,24.435981,52
280072,25.223328,52
280124,25.08579,52
280176,23.748559,52
280228,24.653831,52
280280,25.215531,52
280332,24.756753,52
280384,24.573599,52
280436,30.160447,52
280488,26.251198,52
280540,25.102514,52
280592,25.116829,52
280644,24.881541,52
280696,25.054471,52
280748,25.060113,52
280800,37.026403,52
280852,24.515539,52
280904,24.931981,52
280956,26.295152,52
281008,25.353942,52
281060,25.022084,52
281112,25.685561,52
281164,25.000226,52
281216,26.084712,52
281268,24.965375,52
281320,24.711763,52
281372,25.806164,52
281424,23.897032,52
281476,25.088481,52
281528,26.766169,52
281580,25.390746,52
281632,26.868233,52
281684,25.935711,52
281736,26.643754,52
281788,24.923986,52
281840,24.528284,52
281892,24.294757,52
281944,23.989469,52
281996,25.336625,52
282048,24.718468,52
282100,27.556849,52
282152,24.034328,52
282204,25.31189,52
282256,24.879459,52
282308,24.373823,52
282360,24.446545,52
282412,25.960261,52
282464,23.660627,52
282516,24.420624,52
282568,24.756647,52
282620,24.299338,52
282672,24.316404,52
282724,23.7187,52
282776,24.502135,52
282828,25.854695,52
282880,25.486992,52
282932,25.279823,52
282984,24.961096,52
283036,24.88985,52
283088,24.255895,52
283140,24.590976,52
283192,26.573843,52
283244,24.511981,52
283296,24.425043,52
283348,24.454359,52
283400,25.577851,52
283452,22.085903,52
283504,24.269722,52
283556,21.622375,52
283608,25.135281,52
283660,25.008639,52
283712,24.404848,52
283764,22.377901,52
283816,24.962157,52
283868,23.499367,52
283920,24.288239,52
283972,25.471669,52
284024,25.327796,52
284076,25.561722,52
284128,24.261908,52
284180,24.332864,52
284232,24.506963,52
284284,24.482864,52
284336,24.251018,52
284388,24.662813,52
284440,24.944556,52
284492,23.055886,52
284544,35.66199,52
284596,23.912301,52
284648,24.506275,52
284700,25.229901,52
284752,24.694895,52
284804,23.705424,52
284856,25.717372,52
284908,25.083127,52
284960,23.702672,52
285012,24.870735,52
285064,26.47671,52
285116,25.925226,52
285168,26.019423,52
285220,24.209407,52
285272,24.488911,52
285324,26.049882,52
285376,24.4243,52
285428,23.974351,52
285480,24.67819,52
285532,22.124291,52
285584,22.122113,52
285636,23.720629,52
285688,25.938694,52
285740,25.412815,52
285792,25.604633,52
285844,21.95894,52
285896,25.939293,52
285948,24.264129,52
286000,24.66885,52
286052,24.619818,52
286104,25.050313,52
286156,25.258855,52
286208,25.340256,52
286260,26.255546,52
286312,25.931233,52
286364,25.352501,52
286416,24.762803,52
286468,22.965427,52
286520,25.085941,52
286572,26.161754,52
286624,24.595427,52
286676,25.135334,52
286728,26.118052,52
286780,24.765228,52
286832,23.248714,52
286884,25.606305,52
286936,29.362526,52
286988,24.808274,52
287040,24.16981,52
287092,25.283549,52
287144,25.086909,52
287196,23.477383,52
287248,24.550523,52
287300,25.31241,52
287352,22.809275,52
287404,26.041183,52
287456,25.710212,52
287508,26.135864,52
287560,26.528426,52
287612,23.92885,52
287664,25.610111,52
287716,27.207985,52
287768,26.027684,52
287820,25.741075,52
287872,23.260218,52
287924,24.841274,52
287976,24.586693,52
288028,25.769014,52
288080,24.67799,52
288132,24.149015,52
288184,28.371355,52
288236,25.506409,52
288288,23.727543,52
288340,25.52796,52
288392,24.517396,52
288444,25.562514,52
288496,25.033994,52
288548,25.636251,52
288600,24.7189,52
288652,26.744419,52
288704,23.771315,52
288756,23.830796,52
288808,25.470787,52
288860,24.090862,52
288912,23.343338,52
288964,25.145878,52
289016,24.59999,52
289068,24.577724,52
289120,24.901508,52
289172,24.905467,52
289224,24.354652,52
289276,25.792972,52
289328,25.923094,52
289380,25.455789,52
289432,25.623639,52
289484,24.789674,52
289536,24.806917,52
289588,24.147782,52
289640,23.70928,52
289692,25.009184,52
289744,23.767909,52
289796,24.314119,52
289848,22.900846,52
289900,31.345919,52
289952,23.753384,52
290004,24.942526,52
290056,24.60483,52
290108,24.710655,52
290160,23.021182,52
290212,22.426599,52
290264,25.57119,52
290316,24.559295,52
290368,24.427248,52
290420,23.835354,52
290472,26.20229,52
290524,23.615976,52
290576,26.305096,52
290628,31.119679,52
290680,24.002908,52
290732,23.651497,52
290784,24.210581,52
290836,24.499461,52
290888,31.131633,52
290940,25.853052,52
290992,24.980018,52
291044,24.287974,52
291096,26.724309,52
291148,24.440368,52
291200,24.923101,52
291252,24.567551,52
291304,25.527497,52
291356,23.77158,52
291408,24.87682,52
291460,24.962352,52
291512,25.132265,52
291564,26.790683,52
291616,25.773363,52
291668,30.111715,52
291720,24.356989,52
291772,25.663509,52
291824,23.611684,52
291876,26.964174,52
291928,23.79839,52
291980,25.651255,52
292032,24.102695,52
292084,25.323503,52
292136,25.128721,52
292188,24.11063,52
292240,24.100248,52
292292,24.631662,52
292344,24.418959,52
292396,26.143161,52
292448,24.80545,52
292500,24.550654,52
292552,25.374563,52
292604,25.309699,52
292656,25.989919,52
292708,24.887906,52
292760,25.41926,52
292812,26.491179,52
292864,25.765657,52
292916,25.332814,52
292968,23.910264,52
293020,26.237315,52
293072,24.482794,52
293124,26.030065,52
293176,25.479499,52
293228,25.933466,52
293280,24.903748,52
293332,27.460828,52
293384,25.100515,52
293436,26.205744,52
293488,24.821048,52
293540,26.251742,52
293592,23.980363,52
293644,29.693332,52
293696,25.783278,52
293748,25.9357,52
293800,26.215456,52
293852,29.288055,52
293904,25.07613,52
293956,24.737349,52
294008,25.96992,52
294060,25.244205,52
294112,24.526914,52
294164,25.245659,52
294216,25.012058,52
294268,25.374187,52
294320,24.203707,52
294372,23.842526,52
294424,24.797949,52
294476,24.78634,52
294528,27.005697,52
294580,25.788281,52
294632,24.981931,52
294684,25.276067,52
294736,25.302138,52
294788,25.948197,52
294840,25.067521,52
294892,25.024128,52
294944,26.130589,52
294996,25.831521,52
295048,24.563793,52
295100,24.595947,52
295152,25.286434,52
295204,24.718069,52
295256,26.199308,52
295308,26.915881,52
295360,24.464879,52
295412,24.623522,52
295464,25.971696,52
295516,25.586917,52
295568,24.76708,52
295620,24.839573,52
295672,24.993716,52
295724,25.295256,52
295776,25.06748,52
295828,36.342956,52
295880,24.409784,52
295932,25.45296,52
295984,25.399963,52
296036,26.694543,52
296088,24.866432,52
296140,26.63229,52
296192,26.133547,52
296244,25.448524,52
296296,25.564006,52
296348,25.820843,52
296400,25.352224,52
296452,24.717311,52
296504,29.886768,52
296556,24.69143,52
296608,25.926885,52
296660,24.80368,52
296712,25.444046,52
296764,25.457963,52
296816,24.400555,52
296868,24.691668,52
296920,24.376769,52
296972,25.339237,52
297024,25.252568,52
297076,24.915552,52
297128,25.353121,52
297180,26.547081,52
297232,24.99706,52
297284,25.681154,52
297336,26.214147,52
297388,24.885785,52
297440,33.879303,52
297492,25.912105,52
297544,24.973392,52
297596,25.337133,52
297648,24.516045,52
297700,25.979154,52
297752,25.124583,52
297804,24.231102,52
297856,24.258905,52
297908,25.830755,52
297960,24.719627,52
298012,24.838256,52
298064,24.542723,52
298116,25.055718,52
298168,24.777225,52
298220,26.507061,52
298272,27.605991,52
298324,24.602141,52
298376,24.452767,52
298428,25.383799,52
298480,25.797777,52
298532,25.576057,52
298584,26.223672,52
298636,26.281756,52
298688,26.675822,52
298740,25.046838,52
298792,25.279727,52
298844,24.519396,52
298896,25.974955,52
298948,25.97841,52
299000,25.856388,52
299052,26.507253,52
299104,25.109008,52
299156,25.569342,52
299208,25.693353,52
299260,26.176356,52
299312,25.520439,52
299364,25.820308,52
299416,24.38977,52
299468,25.001974,52
299520,25.132986,52
299572,24.926273,52
299624,25.716283,52
299676,25.630345,52
299728,25.296411,52
299780,25.409937,52
299832,26.044008,52
299884,25.288403,52
299936,26.756529,52
299988,25.114124,52
300040,32.484002,52
300092,26.322964,52
300144,26.750302,52
300196,25.212014,52
300248,35.655351,52
300300,24.358681,52
300352,25.754543,52
300404,24.704916,52
300456,24.416507,52
300508,25.374331,52
300560,25.446173,52
300612,24.928375,52
300664,29.932588,52
300716,25.195078,52
300768,25.018762,52
300820,28.502429,52
300872,24.28388,52
300924,24.982096,52
300976,24.916789,52
301028,25.24735,52
301080,26.022265,52
301132,26.301,52
301184,31.967931,52
301236,25.085712,52
301288,25.86942,52
301340,25.895262,52
301392,24.999238,52
301444,25.394435,52
301496,25.699656,52
301548,25.136205,52
301600,27.567301,52
301652,24.772819,52
301704,25.030605,52
301756,24.931831,52
301808,25.250165,52
301860,26.145118,52
301912,24.484318,52
301964,24.884987,52
302016,24.607302,52
302068,25.99816,52
302120,25.884549,52
302172,24.750609,52
302224,26.427348,52
302276,27.592186,52
302328,25.870791,52
302380,25.930524,52
302432,25.517937,52
302484,26.791503,52
302536,23.269684,52
302588,24.721359,52
302640,26.067305,52
302692,24.775322,52
302744,25.208433,52
302796,25.947021,52
302848,24.480914,52
302900,25.783825,52
302952,25.712145,52
303004,27.3633,52
303056,24.807417,52
303108,25.56819,52
303160,24.389878,52
303212,25.189171,52
303264,27.10195,52
303316,25.687166,52
303368,25.259002,52
303420,24.844548,52
303472,25.790366,52
303524,25.571001,52
303576,25.099816,52
303628,25.143976,52
303680,26.025661,52
303732,24.752165,52
303784,26.307452,52
303836,26.512715,52
303888,24.027008,52
303940,24.840378,52
303992,24.41373,52
304044,24.83319,52
304096,25.31901,52
304148,26.988399,52
304200,25.591125,52
304252,24.350159,52
304304,26.242252,52
304356,27.259006,52
304408,25.359763,52
304460,25.117386,52
304512,25.838925,52
304564,24.397409,52
304616,25.421939,52
304668,26.165504,52
304720,25.493379,52
304772,25.879405,52
304824,24.493193,52
304876,24.707884,52
304928,25.815852,52
304980,24.277569,52
305032,28.211023,52
305084,25.054198,52
305136,30.757366,52
305188,26.125368,52
305240,36.773014,52
305292,24.071182,52
305344,25.563084,52
305396,29.075758,52
305448,28.457394,52
305500,25.502856,52
305552,24.759703,52
305604,26.013376,52
305656,26.707202,52
305708,24.781329,52
305760,26.47086,52
305812,26.684012,52
305864,25.778615,52
305916,25.866181,52
305968,25.13359,52
306020,25.45524,52
306072,25.568662,52
306124,25.17578,52
306176,25.333744,52
306228,25.02535,52
306280,26.929861,52
306332,25.41755,52
306384,25.070223,52
306436,25.526746,52
306488,25.658171,52
306540,24.96439,52
306592,24.5954,52
306644,25.843944,52
306696,31.973618,52
306748,24.683499,52
306800,25.550796,52
306852,25.078673,52
306904,25.613344,52
306956,26.043716,52
307008,25.070822,52
307060,27.134679,52
307112,25.281742,52
307164,25.907987,52
307216,25.201768,52
307268,33.03582,52
307320,25.449202,52
307372,25.374051,52
307424,25.761704,52
307476,27.16648,52
307528,25.442953,52
307580,25.830082,52
307632,25.309172,52
307684,25.324799,52
307736,24.638242,52
307788,25.707636,52
307840,25.231959,52
307892,26.59522,52
307944,24.179276,52
307996,25.485198,52
308048,24.924734,52
308100,23.555168,52
308152,25.882015,52
308204,25.187379,52
308256,27.220963,52
308308,25.402078,52
308360,25.64566,52
308412,24.403915,52
308464,25.86777,52
308516,25.304094,52
308568,24.52052,52
308620,24.943517,52
308672,24.005004,52
308724,26.343358,52
308776,25.751296,52
308828,26.054845,52
308880,25.543849,52
308932,25.305718,52
308984,26.141789,52
309036,28.074047,52
309088,24.982534,52
309140,25.475483,52
309192,25.338511,52
309244,24.112549,52
309296,26.142494,52
309348,24.874623,52
309400,25.573462,52
309452,24.82669,52
309504,27.422548,52
309556,26.101222,52
309608,24.736721,52
309660,24.051153,52
309712,26.905417,52
309764,24.279653,52
309816,24.284933,52
309868,26.272423,52
309920,26.760138,52
309972,26.332494,52
310024,26.830545,52
310076,24.93108,52
310128,24.48409,52
310180,24.500508,52
310232,25.771171,52
310284,25.009378,52
310336,24.692908,52
310388,25.998177,52
310440,35.00667,52
310492,25.852317,52
310544,24.574269,52
310596,25.043408,52
310648,26.506313,52
310700,27.119376,52
310752,32.077159,52
310804,25.665542,52
310856,23.968693,52
310908,27.457346,52
310960,25.873911,52
311012,31.644167,52
311064,25.616393,52
311116,25.585048,52
311168,24.928984,52
311220,29.634423,52
311272,25.159188,52
311324,25.550883,52
311376,24.429066,52
311428,24.848721,52
311480,26.800635,52
311532,25.508597,52
311584,24.597417,52
311636,24.18672,52
311688,25.949274,52
311740,26.274256,52
311792,26.57833,52
311844,24.861685,52
311896,26.03045,52
311948,25.653494,52
312000,25.35706,52
312052,26.54946,52
312104,25.810612,52
312156,26.609447,52
312208,26.913775,52
312260,26.663403,52
312312,25.468466,52
312364,25.180153,52
312416,25.303096,52
312468,26.112074,52
312520,24.694069,52
312572,26.136167,52
312624,25.617209,52
312676,24.099663,52
312728,25.212433,52
312780,24.421358,52
312832,24.295391,52
312884,24.242748,52
312936,28.70488,52
312988,25.268445,52
313040,24.848168,52
313092,25.759568,52
313144,24.701273,52
313196,26.21013,52
313248,25.895598,52
313300,25.07378,52
313352,25.054375,52
313404,25.762894,52
313456,26.135552,52
313508,25.541932,52
313560,25.73848,52
313612,25.360157,52
313664,25.128862,52
313716,24.193454,52
313768,26.073017,52
313820,25.656764,52
313872,26.0382,52
313924,25.01848,52
313976,24.364251,52
314028,29.079286,52
314080,23.95806,52
314132,24.953377,52
314184,26.186647,52
314236,24.591506,52
314288,26.665372,52
314340,25.096286,52
314392,25.286909,52
314444,26.267242,52
314496,25.322512,52
314548,25.373416,52
314600,24.772776,52
314652,25.795972,52
314704,24.513584,52
314756,23.931692,52
314808,25.412674,52
314860,24.86298,52
314912,25.090101,52
314964,25.889772,52
315016,24.419104,52
315068,24.629724,52
315120,25.59642,52
315172,26.537038,52
315224,33.170812,52
315276,25.182293,52
315328,26.583706,52
315380,26.23852,52
315432,25.027932,52
315484,26.889795,52
315536,25.598719,52
315588,26.354238,52
315640,24.312028,52
315692,25.182711,52
315744,24.502458,52
315796,24.85854,52
315848,25.3773,52
315900,25.923691,52
315952,25.360016,52
316004,26.083177,52
316056,25.683922,52
316108,24.2002,52
316160,25.400445,52
316212,25.040548,52
316264,25.424935,52
316316,34.851889,52
316368,24.520634,52
316420,25.521392,52
316472,24.92886,52
316524,25.78552,52
316576,23.008569,52
316628,26.996306,52
316680,25.080407,52
316732,22.946567,52
316784,24.244017,52
316836,25.737172,52
316888,25.839331,52
316940,25.591721,52
316992,24.468903,52
317044,25.629898,52
317096,25.851479,52
317148,25.291352,52
317200,24.241369,52
317252,26.247821,52
317304,26.152792,52
317356,23.427193,52
317408,30.494687,52
317460,26.475656,52
317512,24.090713,52
317564,28.974856,52
317616,24.946915,52
317668,26.919837,52
317720,25.25846,52
317772,24.494325,52
317824,24.385979,52
317876,25.276237,52
317928,25.35696,52
317980,31.767773,52
318032,25.672679,52
318084,25.999527,52
318136,25.970619,52
318188,25.589114,52
318240,24.229071,52
318292,25.184833,52
318344,25.876322,52
318396,25.462497,52
318448,35.661082,52
318500,26.040298,52
318552,31.267006,52
318604,30.450188,52
318656,25.116133,52
318708,25.246529,52
318760,24.537474,52
318812,26.372038,52
318864,27.655907,52
318916,25.915487,52
318968,30.986203,52
319020,26.204351,52
319072,25.059649,52
319124,26.457712,52
319176,24.647981,52
319228,25.027912,52
319280,24.433045,52
319332,25.919568,52
319384,25.83753,52
319436,25.715983,52
319488,25.35328,52
319540,24.841696,52
319592,26.546527,52
319644,25.328727,52
319696,25.572952,52
319748,25.760782,52
319800,25.951019,52
319852,25.97588,52
319904,25.503156,52
319956,24.590411,52
320008,24.771987,52
320060,24.677229,52
320112,26.299406,52
320164,24.799944,52
320216,25.159457,52
320268,25.452616,52
320320,25.309786,52
320372,30.009413,52
320424,25.615969,52
320476,25.697631,52
320528,27.56899,52
320580,28.760858,52
320632,25.573731,52
320684,24.174327,52
320736,26.376364,52
320788,24.967105,52
320840,25.571046,52
320892,23.455654,52
320944,25.797441,52
320996,24.466656,52
321048,25.106027,52
321100,27.82001,52
321152,25.872082,52
321204,25.079608,52
321256,25.602253,52
321308,25.498523,52
321360,25.35648,52
321412,25.271673,52
321464,24.030179,52
321516,23.921184,52
321568,24.831081,52
321620,25.289608,52
321672,26.287355,52
321724,25.622374,52
321776,25.603827,52
321828,26.113304,52
321880,26.056414,52
321932,26.139975,52
321984,27.444693,52
322036,24.942959,52
322088,24.655277,52
322140,25.678699,52
322192,25.384949,52
322244,24.930254,52
322296,24.660265,52
322348,25.131875,52
322400,26.096961,52
322452,25.594757,52
322504,25.595824,52
322556,25.03671,52
322608,25.59738,52
322660,25.596677,52
322712,26.133703,52
322764,24.321124,52
322816,24.991835,52
322868,24.935485,52
322920,28.133999,52
322972,22.950449,52
323024,25.874509,52
323076,24.617086,52
323128,27.19001,52
323180,26.388759,52
323232,27.41808,52
323284,26.376564,52
323336,25.81561,52
323388,24.883488,52
323440,25.81112,52
323492,26.735553,52
323544,26.381506,52
323596,26.259945,52
323648,24.810721,52
323700,24.751796,52
323752,23.693473,52
323804,25.558792,52
323856,25.066775,52
323908,27.251235,52
323960,25.621597,52
324012,25.043377,52
324064,25.368394,52
324116,25.758269,52
324168,25.017793,52
324220,26.038319,52
324272,24.532461,52
324324,26.810738,52
324376,26.474553,52
324428,24.567485,52
324480,25.155261,52
324532,30.580949,52
324584,25.033682,52
324636,25.617313,52
324688,25.413616,52
324740,25.316123,52
324792,26.649992,52
324844,25.600373,52
324896,24.79844,52
324948,25.329122,52
325000,26.883247,52
325052,25.856155,52
325104,24.825259,52
325156,25.159037,52
325208,24.268897,52
325260,27.123633,52
325312,25.164672,52
325364,25.237387,52
325416,24.853689,52
325468,25.471457,52
325520,25.029769,52
325572,23.856927,52
325624,25.46166,52
325676,25.504717,52
325728,25.640282,52
325780,25.227224,52
325832,24.491276,52
325884,24.801447,52
325936,25.69826,52
325988,26.456529,52
326040,25.479551,52
326092,25.273875,52
326144,27.603261,52
326196,24.642989,52
326248,23.917932,52
326300,24.640942,52
326352,25.252205,52
326404,26.779834,52
326456,26.069356,52
326508,25.539985,52
326560,27.720965,52
326612,25.731098,52
326664,25.795483,52
326716,25.352608,52
326768,24.954718,52
326820,25.27456,52
326872,24.95562,52
326924,27.081807,52
326976,26.602575,52
327028,24.961278,52
327080,24.772558,52
327132,26.416913,52
327184,26.590759,52
327236,25.538046,52
327288,27.361661,52
327340,24.848895,52
327392,26.308115,52
327444,24.907407,52
327496,32.081983,52
327548,25.366145,52
327600,24.723618,52
327652,27.77825,52
327704,26.49411,52
327756,25.994058,52
327808,25.510555,52
327860,25.480145,52
327912,25.392065,52
327964,33.231023,52
328016,37.250339,52
328068,23.908476,52
328120,25.281574,52
328172,28.684766,52
328224,25.892506,52
328276,26.825126,52
328328,26.048487,52
328380,25.815095,52
328432,25.957555,52
328484,24.632407,52
328536,26.099024,52
328588,25.541094,52
328640,27.072948,52
328692,24.827359,52
328744,30.593205,52
328796,25.536253,52
328848,25.509657,52
328900,24.690487,52
328952,25.357675,52
329004,24.856939,52
329056,29.486172,52
329108,24.601121,52
329160,25.62241,52
329212,24.951949,52
329264,24.75049,52
329316,24.278085,52
329368,24.624722,52
329420,24.604394,52
329472,24.625842,52
329524,24.201967,52
329576,24.659965,52
329628,25.140567,52
329680,25.198906,52
329732,24.984598,52
329784,23.873667,52
329836,24.660479,52
329888,24.940232,52
329940,25.774257,52
329992,24.531047,52
330044,24.127935,52
330096,24.814595,52
330148,25.459378,52
330200,23.805447,52
330252,25.336157,52
330304,25.33751,52
330356,25.893042,52
330408,25.217027,52
330460,25.233861,52
330512,25.522866,52
330564,25.809948,52
330616,25.196343,52
330668,28.426165,52
330720,25.716504,52
330772,25.617507,52
330824,24.127518,52
330876,25.213065,52
330928,24.468998,52
330980,24.897433,52
331032,25.447056,52
331084,25.805357,52
331136,24.01988,52
331188,26.163728,52
331240,25.259676,52
331292,23.64153,52
331344,24.712675,52
331396,25.566955,52
331448,26.053257,52
331500,25.781449,52
331552,26.394293,52
331604,25.705864,52
331656,25.432295,52
331708,25.316207,52
331760,26.638236,52
331812,30.816459,52
331864,25.123294,52
331916,24.541154,52
331968,25.232139,52
332020,24.794971,52
332072,23.410359,52
332124,29.906498,52
332176,25.155318,52
332228,23.924264,52
332280,24.298688,52
332332,24.4408,52
332384,24.119302,52
332436,24.67986,52
332488,30.353776,52
332540,24.957029,52
332592,29.563282,52
332644,24.079546,52
332696,27.438725,52
332748,24.449952,52
332800,25.088925,52
332852,24.223292,52
332904,24.803808,52
332956,24.615986,52
333008,25.071203,52
333060,22.271092,52
333112,24.161777,52
333164,27.520453,52
333216,24.393475,52
333268,25.164817,52
333320,26.14687,52
333372,24.517791,52
333424,24.846474,52
333476,26.375161,52
333528,24.894915,52
333580,25.171036,52
333632,25.532114,52
333684,25.067597,52
333736,24.527649,52
333788,25.140146,52
333840,25.792223,52
333892,27.920967,52
333944,24.060283,52
333996,26.126066,52
334048,28.988514,52
334100,25.149246,52
334152,27.049644,52
334204,25.649196,52
334256,24.255177,52
334308,24.993038,52
334360,26.201594,52
334412,24.703611,52
334464,25.173832,52
334516,25.946899,52
334568,35.437535,52
334620,24.078046,52
334672,24.989922,52
334724,25.863333,52
334776,25.276482,52
334828,25.080021,52
334880,24.08154,52
334932,25.097175,52
334984,24.497694,52
335036,37.652087,52
335088,26.636259,52
335140,24.39026,52
335192,25.04795,52
335244,23.747589,52
335296,25.508495,52
335348,24.760559,52
335400,26.0231,52
335452,24.86526,52
335504,25.810097,52
335556,25.677317,52
335608,27.404658,52
335660,29.038177,52
335712,25.54557,52
335764,24.819823,52
335816,25.644222,52
335868,24.830658,52
335920,25.328725,52
335972,25.827428,52
336024,24.698595,52
336076,23.752249,52
336128,25.062607,52
336180,25.905441,52
336232,25.207788,52
336284,26.02035,52
336336,25.139122,52
336388,24.693447,52
336440,25.383483,52
336492,26.021604,52
336544,25.948792,52
336596,25.936226,52
336648,25.529183,52
336700,24.91321,52
336752,25.163119,52
336804,33.787028,52
336856,25.606344,52
336908,24.877919,52
336960,26.154435,52
337012,24.894632,52
337064,24.34963,52
337116,23.211958,52
337168,26.261051,52
337220,26.132422,52
337272,24.041134,52
337324,26.271617,52
337376,25.363234,52
337428,29.389636,52
337480,24.363817,52
337532,23.777294,52
337584,27.159606,52
337636,24.653693,52
337688,25.083452,52
337740,26.533233,52
337792,25.874048,52
337844,24.542703,52
337896,25.929089,52
337948,25.39363,52
338000,25.361236,52
338052,25.568064,52
338104,25.580656,52
338156,24.665505,52
338208,25.899206,52
338260,25.758821,52
338312,26.310656,52
338364,25.7149,52
338416,25.8168,52
338468,31.156036,52
338520,25.657243,52
338572,25.41763,52
338624,24.605663,52
338676,24.686357,52
338728,26.213902,52
338780,25.068719,52
338832,24.97616,52
338884,25.522844,52
338936,24.41952,52
338988,24.279565,52
339040,24.402551,52
339092,26.239017,52
339144,26.423956,52
339196,25.360053,52
339248,26.107149,52
339300,25.397485,52
339352,24.391907,52
339404,24.835385,52
339456,25.655815,52
339508,25.227355,52
339560,25.102271,52
339612,26.055649,52
339664,26.134456,52
339716,25.735638,52
339768,25.611269,52
339820,25.745372,52
339872,25.682395,52
339924,26.905774,52
339976,25.81336,52
340028,24.278908,52
340080,25.086837,52
340132,26.294931,52
340184,24.274962,52
340236,25.283489,52
340288,26.210166,52
340340,24.664785,52
340392,25.59161,52
340444,25.219538,52
340496,26.855353,52
340548,24.538504,52
340600,25.669554,52
340652,25.508079,52
340704,23.843643,52
340756,24.437347,52
340808,32.094353,52
340860,25.231329,52
340912,25.325823,52
340964,23.013334,52
341016,25.717329,52
341068,25.799258,52
341120,24.925926,52
341172,25.166513,52
341224,25.09223,52
341276,25.103343,52
341328,25.548396,52
341380,25.975956,52
341432,25.556624,52
341484,25.389323,52
341536,25.354523,52
341588,25.485998,52
341640,25.547018,52
341692,26.786185,52
341744,24.693111,52
341796,26.629792,52
341848,23.73145,52
341900,25.067166,52
341952,25.718012,52
342004,24.897495,52
342056,25.631951,52
342108,23.511661,52
342160,25.264252,52
342212,25.387874,52
342264,26.789978,52
342316,24.589304,52
342368,25.954299,52
342420,25.292779,52
342472,24.713246,52
342524,25.460988,52
342576,24.019816,52
342628,29.988709,52
342680,30.702347,52
342732,26.162108,52
342784,27.228643,52
342836,25.833531,52
342888,26.390323,52
342940,24.422001,52
342992,25.025941,52
343044,38.211994,52
343096,24.291398,52
343148,24.900223,52
343200,25.873939,52
343252,25.773989,52
343304,25.20474,52
343356,24.748085,52
343408,24.408401,52
343460,24.606323,52
343512,25.229878,52
343564,29.111612,52
343616,24.738998,52
343668,26.05009,52
343720,24.508626,52
343772,32.907243,52
343824,25.605762,52
343876,25.433309,52
343928,25.52625,52
343980,25.0607,52
344032,25.969077,52
344084,25.469496,52
344136,24.984931,52
344188,33.701108,52
344240,30.203695,52
344292,25.699216,52
344344,24.925849,52
344396,24.161397,52
344448,25.79726,52
344500,25.194743,52
344552,24.250524,52
344604,27.144033,52
344656,26.296341,52
344708,25.878451,52
344760,24.591163,52
344812,25.119897,52
344864,25.059804,52
344916,24.97569,52
344968,24.933958,52
345020,25.451367,52
345072,25.701574,52
345124,25.212127,52
345176,25.613173,52
345228,24.979016,52
345280,27.148669,52
345332,24.610961,52
345384,24.867353,52
345436,24.353352,52
345488,26.79811,52
345540,25.954148,52
345592,25.484971,52
345644,32.498134,52
345696,25.232513,52
345748,25.333675,52
345800,24.929779,52
345852,25.696224,52
345904,24.228953,52
345956,24.723158,52
346008,25.970421,52
346060,24.302681,52
346112,25.097507,52
346164,24.858674,52
346216,26.913733,52
346268,32.837689,52
346320,26.861748,52
346372,25.4843,52
346424,25.507227,52
346476,25.341082,52
346528,24.968604,52
346580,25.408923,52
346632,25.075616,52
346684,26.232289,52
346736,24.913306,52
346788,28.269157,52
346840,26.185848,52
346892,26.065907,52
346944,24.753373,52
346996,25.29507,52
347048,24.855674,52
347100,25.923997,52
347152,24.536475,52
347204,25.035781,52
347256,26.285041,52
347308,25.353738,52
347360,24.622152,52
347412,28.239847,52
347464,24.924823,52
347516,24.872453,52
347568,25.822117,52
347620,24.864548,52
347672,26.52877,52
347724,25.477311,52
347776,24.612979,52
347828,33.753019,52
347880,24.771689,52
347932,24.928062,52
347984,24.551067,52
348036,30.502909,52
348088,24.076933,52
348140,25.574379,52
348192,25.357841,52
348244,23.723834,52
348296,25.368208,52
348348,35.633434,52
348400,24.777486,52
348452,25.89365,52
348504,24.390813,52
348556,24.835882,52
348608,25.981945,52
348660,26.225669,52
348712,26.122482,52
348764,25.993187,52
348816,25.409797,52
348868,25.278428,52
348920,24.894724,52
348972,24.923441,52
349024,25.318614,52
349076,23.64106,52
349128,25.604827,52
349180,26.022594,52
349232,25.520555,52
349284,26.333411,52
349336,26.170309,52
349388,25.81544,52
349440,25.604346,52
349492,24.695322,52
349544,24.146716,52
349596,25.630604,52
349648,25.440423,52
349700,25.008153,52
349752,23.893933,52
349804,25.868451,52
349856,25.048041,52
349908,25.66628,52
349960,33.608416,52
350012,25.543999,52
350064,24.765411,52
350116,24.125188,52
350168,24.839949,52
350220,26.819042,52
350272,28.297534,52
350324,25.602264,52
350376,26.593463,52
350428,23.505081,52
350480,26.849004,52
350532,25.076594,52
350584,26.484087,52
350636,24.750968,52
350688,25.720218,52
350740,25.831586,52
350792,25.360387,52
350844,24.457935,52
350896,25.80143,52
350948,31.49069,52
351000,24.916503,52
351052,33.99454,52
351104,24.798664,52
351156,25.31312,52
351208,25.648498,52
351260,24.839443,52
351312,25.514525,52
351364,26.451964,52
351416,25.391275,52
351468,26.259322,52
351520,24.328879,52
351572,26.172981,52
351624,29.696569,52
351676,34.543894,52
351728,24.415424,52
351780,25.957532,52
351832,25.624805,52
351884,24.782053,52
351936,25.696852,52
351988,25.765239,52
352040,33.131819,52
352092,25.407319,52
352144,24.699811,52
352196,25.734535,52
352248,38.086494,52
352300,27.650273,52
352352,24.939964,52
352404,25.758318,52
352456,27.353538,52
352508,25.35443,52
352560,25.099985,52
352612,25.281561,52
352664,23.972349,52
352716,27.06624,52
352768,24.952828,52
352820,25.293435,52
352872,24.673932,52
352924,25.584938,52
352976,24.310398,52
353028,25.55797,52
353080,24.704915,52
353132,26.450569,52
353184,24.80707,52
353236,24.075922,52
353288,34.11206,52
353340,25.063664,52
353392,24.699293,52
353444,26.065552,52
353496,26.306876,52
353548,25.394006,52
353600,25.473015,52
353652,24.888071,52
353704,24.524763,52
353756,25.384465,52
353808,25.429689,52
353860,24.91035,52
353912,24.974987,52
353964,25.949316,52
354016,27.586827,52
354068,25.23799,52
354120,24.845931,52
354172,25.279585,52
354224,24.718298,52
354276,25.074863,52
354328,28.601378,52
354380,25.547305,52
354432,25.724309,52
354484,25.741902,52
354536,25.615299,52
354588,25.23533,52
354640,25.13087,52
354692,25.195211,52
354744,25.09087,52
354796,24.327199,52
354848,25.222321,52
354900,25.373256,52
354952,25.413736,52
355004,26.139978,52
355056,26.537497,52
355108,24.087315,52
355160,25.619487,52
355212,24.432515,52
355264,25.670914,52
355316,25.055639,52
355368,28.505883,52
355420,25.361375,52
355472,24.826454,52
355524,25.71596,52
355576,27.147196,52
355628,24.961558,52
355680,25.366712,52
355732,25.767967,52
355784,25.177531,52
355836,25.737317,52
355888,31.248207,52
355940,25.337046,52
355992,25.530186,52
356044,24.961035,52
356096,25.759065,52
356148,24.84976,52
356200,25.146617,52
356252,26.75183,52
356304,25.201668,52
356356,26.75118,52
356408,25.033069,52
356460,32.257407,52
356512,25.562375,52
356564,26.06877,52
356616,25.649622,52
356668,24.402651,52
356720,38.322372,52
356772,30.562667,52
356824,25.197625,52
356876,25.652086,52
356928,26.798986,52
356980,24.02952,52
357032,25.828126,52
357084,32.424866,52
357136,25.298102,52
357188,23.798661,52
357240,25.071971,52
357292,27.337554,52
357344,24.770926,52
357396,26.212572,52
357448,25.265168,52
357500,25.156764,52
357552,25.965804,52
357604,26.038387,52
357656,26.270132,52
357708,24.339664,52
357760,25.268716,52
357812,26.598859,52
357864,25.28861,52
357916,24.969116,52
357968,24.712987,52
358020,26.316989,52
358072,25.668397,52
358124,25.43468,52
358176,26.119608,52
358228,24.674325,52
358280,25.754606,52
358332,25.511783,52
358384,24.544172,52
358436,25.142029,52
358488,25.461965,52
358540,25.744426,52
358592,25.254202,52
358644,29.028415,52
358696,25.371502,52
358748,28.821857,52
358800,25.412206,52
358852,23.956512,52
358904,26.244667,52
358956,25.229527,52
359008,25.265878,52
359060,26.164528,52
359112,24.956025,52
359164,26.063343,52
359216,28.235765,52
359268,26.00326,52
359320,24.890729,52
359372,25.342265,52
359424,25.32206,52
359476,24.393276,52
359528,24.470316,52
359580,25.197006,52
359632,26.017052,52
359684,24.323159,52
359736,25.783626,52
359788,25.237722,52
359840,24.533114,52
359892,24.041534,52
359944,25.902838,52
359996,25.201167,52
360048,25.865882,52
360100,26.257381,52
360152,25.612134,52
360204,25.380524,52
360256,26.27966,52
360308,25.984571,52
360360,24.705915,52
360412,24.705399,52
360464,26.61411,52
360516,24.665017,52
360568,23.445775,52
360620,24.055205,52
360672,24.593034,52
360724,26.296638,52
360776,26.180494,52
360828,25.377358,52
360880,25.72251,52
360932,37.989315,52
360984,26.238883,52
361036,37.858901,52
361088,24.455626,52
361140,25.354255,52
361192,27.578797,52
361244,24.955545,52
361296,24.323782,52
361348,24.731014,52
361400,25.900387,52
361452,25.176638,52
361504,25.501225,52
361556,25.641515,52
361608,25.364796,52
361660,25.268565,52
361712,26.208039,52
361764,25.094994,52
361816,26.559959,52
361868,25.694635,52
361920,25.748375,52
361972,25.445204,52
362024,24.955994,52
362076,25.034543,52
362128,25.832979,52
362180,26.099625,52
362232,25.217891,52
362284,25.572413,52
362336,24.849719,52
362388,25.725754,52
362440,24.679665,52
362492,24.390007,52
362544,25.175037,52
362596,31.677652,52
362648,25.251346,52
362700,26.198581,52
362752,25.257242,52
362804,32.609296,52
362856,24.752048,52
362908,25.781004,52
362960,24.694711,52
363012,32.497455,52
363064,25.70203,52
363116,25.411383,52
363168,25.865649,52
363220,25.832275,52
363272,24.698277,52
363324,25.962079,52
363376,25.976581,52
363428,26.795638,52
363480,25.384292,52
363532,26.858686,52
363584,25.394683,52
363636,25.852398,52
363688,25.24696,52
363740,24.755588,52
363792,25.825876,52
363844,26.255697,52
363896,25.207776,52
363948,25.898395,52
364000,32.46984,52
364052,25.066898,52
364104,25.710918,52
364156,24.844832,52
364208,24.536221,52
364260,25.825893,52
364312,24.826043,52
364364,25.69436,52
364416,25.009285,52
364468,25.823745,52
364520,26.165187,52
364572,25.170904,52
364624,25.13318,52
364676,26.826763,52
364728,24.951807,52
364780,25.471626,52
364832,24.959133,52
364884,26.423963,52
364936,24.625704,52
364988,26.387403,52
365040,26.598868,52
365092,32.542262,52
365144,30.383731,52
365196,25.212879,52
365248,25.255818,52
365300,25.295585,52
365352,25.594642,52
365404,25.182101,52
365456,24.794972,52
365508,25.206403,52
365560,26.609136,52
365612,35.253424,52
365664,25.540325,52
365716,24.29258,52
365768,25.835098,52
365820,25.335587,52
365872,25.956486,52
365924,26.562959,52
365976,27.457684,52
366028,25.09344,52
366080,26.413635,52
366132,26.079115,52
366184,27.26542,52
366236,24.796609,52
366288,25.526573,52
366340,26.822523,52
366392,24.554895,52
366444,24.20358,52
366496,26.909108,52
366548,25.609996,52
366600,26.019642,52
366652,22.803402,52
366704,25.872938,52
366756,25.610783,52
366808,26.774204,52
366860,24.680951,52
366912,24.943374,52
366964,25.212489,52
367016,28.986194,52
367068,26.091314,52
367120,27.477215,52
367172,25.047788,52
367224,25.717335,52
367276,26.13453,52
367328,25.94561,52
367380,25.399809,52
367432,24.463908,52
367484,26.200163,52
367536,26.910055,52
367588,25.815923,52
367640,25.224418,52
367692,24.645536,52
367744,24.888836,52
367796,24.531707,52
367848,26.32638,52
367900,26.168126,52
367952,24.778718,52
368004,26.284543,52
368056,25.471968,52
368108,25.601554,52
368160,24.718251,52
368212,25.930171,52
368264,31.068927,52
368316,25.740461,52
368368,26.205116,52
368420,22.565068,52
368472,26.072884,52
368524,25.001024,52
368576,24.166809,52
368628,31.117362,52
368680,24.807005,52
368732,32.684422,52
368784,25.618171,52
368836,24.584359,52
368888,25.302853,52
368940,26.042738,52
368992,25.755566,52
369044,25.651173,52
369096,26.75669,52
369148,26.003583,52
369200,32.616743,52
369252,26.672081,52
369304,25.720295,52
369356,25.658644,52
369408,25.156637,52
369460,25.284331,52
369512,25.909524,52
369564,25.166795,52
369616,25.906703,52
369668,25.498396,52
369720,25.380131,52
369772,25.792899,52
369824,26.642587,52
369876,25.718945,52
369928,28.846663,52
369980,30.373657,52
370032,24.870086,52
370084,24.341948,52
370136,26.826203,52
370188,25.565602,52
370240,25.099519,52
370292,24.213638,52
370344,25.926847,52
370396,28.723182,52
370448,26.192257,52
370500,32.026884,52
370552,25.693429,52
370604,29.016441,52
370656,26.781995,52
370708,26.137198,52
370760,26.151809,52
370812,25.412854,52
370864,24.986742,52
370916,25.009368,52
370968,25.152545,52
371020,25.850923,52
371072,25.341908,52
371124,25.758687,52
371176,26.179748,52
371228,25.859388,52
371280,25.378024,52
371332,25.328242,52
371384,25.236172,52
371436,25.116256,52
371488,26.167979,52
371540,27.104813,52
371592,26.189706,52
371644,32.571274,52
371696,25.427062,52
371748,24.679823,52
371800,25.042248,52
371852,25.853915,52
371904,25.492331,52
371956,24.872797,52
372008,25.977853,52
372060,26.57551,52
372112,25.821109,52
372164,23.918805,52
372216,25.861409,52
372268,25.066253,52
372320,25.572175,52
372372,25.866928,52
372424,25.409256,52
372476,24.246712,52
372528,24.795635,52
372580,25.138331,52
372632,25.39027,52
372684,25.209589,52
372736,24.388134,52
372788,25.892587,52
372840,25.168178,52
372892,24.713956,52
372944,26.777722,52
372996,25.240723,52
373048,25.675571,52
373100,25.872217,52
373152,26.198294,52
373204,26.173761,52
373256,26.761568,52
373308,26.157176,52
373360,24.83786,52
373412,26.062278,52
373464,26.283283,52
373516,25.496403,52
373568,26.181815,52
373620,25.343305,52
373672,24.839142,52
373724,24.740346,52
373776,26.340381,52
373828,26.826009,52
373880,27.116987,52
373932,25.598052,52
373984,25.565463,52
374036,26.196781,52
374088,25.323814,52
374140,25.739647,52
374192,26.530754,52
374244,25.611437,52
374296,25.428705,52
374348,24.911304,52
374400,25.348154,52
374452,26.750034,52
374504,24.541868,52
374556,24.615333,52
374608,25.057959,52
374660,26.070872,52
374712,32.244268,52
374764,25.891469,52
374816,25.386047,52
374868,25.927524,52
374920,26.34759,52
374972,30.756351,52
375024,25.36841,52
375076,25.736595,52
375128,25.56877,52
375180,25.576118,52
375232,26.489481,52
375284,25.065154,52
375336,24.405495,52
375388,25.445938,52
375440,25.803465,52
375492,35.6438,52
375544,28.017996,52
375596,25.752964,52
375648,26.552089,52
375700,25.43479,52
375752,25.419273,52
375804,26.156667,52
375856,24.087381,52
375908,26.227745,52
375960,24.843839,52
376012,25.173125,52
376064,25.721937,52
376116,24.824639,52
376168,24.810917,52
376220,25.599474,52
376272,25.488633,52
376324,25.614542,52
376376,26.331712,52
376428,29.364653,52
376480,25.249149,52
376532,26.66405,52
376584,26.926334,52
376636,26.181404,52
376688,25.272932,52
376740,23.187206,52
376792,25.900164,52
376844,24.739274,52
376896,25.644434,52
376948,24.748279,52
377000,26.015108,52
377052,25.878367,52
377104,26.001364,52
377156,26.134421,52
377208,24.36701,52
377260,25.490314,52
377312,31.342641,52
377364,26.078319,52
377416,24.129321,52
377468,25.27008,52
377520,26.234507,52
377572,25.395824,52
377624,25.322983,52
377676,25.239418,52
377728,26.403299,52
377780,25.595328,52
377832,26.561081,52
377884,25.440846,52
377936,24.556978,52
377988,24.739812,52
378040,25.78688,52
378092,25.486035,52
378144,26.502108,52
378196,25.600029,52
378248,25.571874,52
378300,25.774177,52
378352,26.501002,52
378404,25.097661,52
378456,25.316183,52
378508,31.587567,52
378560,26.08289,52
378612,25.544362,52
378664,25.17961,52
378716,25.7912,52
378768,29.313257,52
378820,25.481497,52
378872,25.853997,52
378924,25.292372,52
378976,23.5815,52
379028,25.133803,52
379080,25.306723,52
379132,26.032077,52
379184,25.131215,52
379236,24.309783,52
379288,24.606164,52
379340,26.940284,52
379392,25.712011,52
379444,25.883645,52
379496,25.756431,52
379548,25.814722,52
379600,26.161769,52
379652,26.537304,52
379704,24.741502,52
379756,25.40352,52
379808,23.895466,52
379860,30.206598,52
379912,25.431323,52
379964,25.413067,52
380016,26.18999,52
380068,25.800789,52
380120,25.759467,52
380172,25.265065,52
380224,25.500132,52
380276,24.770257,52
380328,24.578001,52
380380,41.547087,52
380432,25.840917,52
380484,25.342051,52
380536,24.981675,52
380588,26.024508,52
380640,26.32793,52
380692,26.045065,52
380744,24.938889,52
380796,25.841161,52
380848,25.693133,52
380900,26.864143,52
380952,25.634802,52
381004,24.995543,52
381056,25.505092,52
381108,24.624384,52
381160,25.828423,52
381212,26.3968,52
381264,25.820424,52
381316,26.500624,52
381368,26.044239,52
381420,26.354287,52
381472,26.447323,52
381524,37.328264,52
381576,25.306439,52
381628,22.38011,52
381680,35.740035,52
381732,24.260477,52
381784,26.151771,52
381836,24.496418,52
381888,24.338379,52
381940,24.983859,52
381992,25.446466,52
382044,25.086212,52
382096,25.442745,52
382148,24.465111,52
382200,25.970943,52
382252,24.951597,52
382304,25.517528,52
382356,25.915957,52
382408,26.561376,52
382460,24.510277,52
382512,21.862307,52
382564,25.714762,52
382616,25.479689,52
382668,29.926557,52
382720,25.039483,52
382772,26.425228,52
382824,27.62267,52
382876,26.157841,52
382928,25.106681,52
382980,26.349707,52
383032,25.981599,52
383084,26.62236,52
383136,25.123257,52
383188,25.260193,52
383240,24.984155,52
383292,24.88633,52
383344,25.978433,52
383396,25.192141,52
383448,25.339967,52
383500,24.919053,52
383552,25.944749,52
383604,26.03085,52
383656,26.648893,52
383708,26.184554,52
383760,25.05419,52
383812,28.12474,52
383864,25.522428,52
383916,25.392006,52
383968,25.202809,52
384020,26.396805,52
384072,26.58759,52
384124,25.997323,52
384176,28.306879,52
384228,25.924792,52
384280,23.792556,52
384332,24.602257,52
384384,25.637684,52
384436,25.270591,52
384488,24.38385,52
384540,24.408263,52
384592,26.108683,52
384644,25.163184,52
384696,24.943482,52
384748,25.413374,52
384800,25.97282,52
384852,26.315879,52
384904,25.077496,52
384956,24.955918,52
385008,25.637784,52
385060,25.751438,52
385112,26.134168,52
385164,26.239131,52
385216,26.592734,52
385268,26.117558,52
385320,26.106776,52
385372,25.503994,52
385424,25.734916,52
385476,25.064152,52
385528,26.024702,52
385580,24.437565,52
385632,25.179187,52
385684,25.906306,52
385736,26.322596,52
385788,25.17301,52
385840,26.344235,52
385892,27.185851,52
385944,24.492674,52
385996,25.63603,52
386048,26.343918,52
386100,25.742222,52
386152,25.343315,52
386204,26.136381,52
386256,28.632464,52
386308,24.893073,52
386360,28.706107,52
386412,28.306247,52
386464,25.093928,52
386516,24.918948,52
386568,25.023588,52
386620,25.821756,52
386672,27.946786,52
386724,25.901301,52
386776,26.613536,52
386828,23.51233,52
386880,26.108767,52
386932,26.010146,52
386984,32.660403,52
387036,24.555556,52
387088,25.547048,52
387140,25.192975,52
387192,26.380326,52
387244,25.911214,52
387296,26.280914,52
387348,25.719258,52
387400,23.390347,52
387452,25.906686,52
387504,26.806587,52
387556,24.744985,52
387608,26.068838,52
387660,25.734741,52
387712,32.27288,52
387764,25.825998,52
387816,25.124093,52
387868,25.855643,52
387920,36.143458,52
387972,26.606014,52
388024,25.014277,52
388076,25.819981,52
388128,25.654429,52
388180,24.907234,52
388232,24.888891,52
388284,25.938275,52
388336,26.552738,52
388388,26.638455,52
388440,26.16561,52
388492,25.406267,52
388544,24.963985,52
388596,24.365063,52
388648,26.575702,52
388700,27.800824,52
388752,26.142543,52
388804,25.463359,52
388856,25.41046,52
388908,35.996285,52
388960,24.609923,52
389012,26.414114,52
389064,25.623542,52
389116,25.364504,52
389168,24.757081,52
389220,25.854283,52
389272,26.73606,52
389324,26.378259,52
389376,27.101321,52
389428,25.359758,52
389480,30.817984,52
389532,25.589762,52
389584,27.065234,52
389636,24.391269,52
389688,24.911515,52
389740,26.35645,52
389792,24.727708,52
389844,24.642765,52
389896,25.34826,52
389948,25.782037,52
390000,25.485073,52
390052,27.100567,52
390104,25.984387,52
390156,25.66508,52
390208,25.78427,52
390260,25.99968,52
390312,27.248592,52
390364,25.607469,52
390416,25.876031,52
390468,26.286335,52
390520,25.110701,52
390572,24.814119,52
390624,26.006662,52
390676,24.683626,52
390728,25.328406,52
390780,26.870089,52
390832,26.554301,52
390884,26.334452,52
390936,26.775051,52
390988,25.30743,52
391040,26.250394,52
391092,25.067365,52
391144,24.599428,52
391196,25.374226,52
391248,25.912982,52
391300,25.927602,52
391352,25.521456,52
391404,26.092748,52
391456,25.716903,52
391508,25.144321,52
391560,26.216985,52
391612,25.022327,52
391664,27.941983,52
391716,26.195335,52
391768,27.608464,52
391820,25.764074,52
391872,25.461932,52
391924,25.188926,52
391976,24.928241,52
392028,27.618164,52
392080,26.795553,52
392132,25.411432,52
392184,26.345595,52
392236,25.941304,52
392288,26.111165,52
392340,25.468895,52
392392,25.282656,52
392444,24.684254,52
392496,24.940833,52
392548,24.839831,52
392600,25.495522,52
392652,25.960067,52
392704,24.68615,52
392756,24.84975,52
392808,25.717539,52
392860,26.636649,52
392912,25.252443,52
392964,24.481599,52
393016,28.20733,52
393068,26.105608,52
393120,35.037887,52
393172,24.88233,52
393224,24.699112,52
393276,26.260769,52
393328,25.59053,52
393380,24.308172,52
393432,25.949996,52
393484,24.853795,52
393536,26.670159,52
393588,25.85251,52
393640,25.481718,52
393692,25.982387,52
393744,24.575362,52
393796,25.026818,52
393848,36.511642,52
393900,25.313108,52
393952,24.80858,52
394004,25.409466,52
394056,25.404353,52
394108,25.608292,52
394160,25.394631,52
394212,25.255029,52
394264,25.908013,52
394316,24.372447,52
394368,25.236144,52
394420,25.987499,52
394472,25.80428,52
394524,28.221613,52
394576,26.303845,52
394628,35.852356,52
394680,28.757753,52
394732,24.263319,52
394784,25.84453,52
394836,26.460505,52
394888,23.681273,52
394940,26.446437,52
394992,24.842211,52
395044,25.816886,52
395096,25.81029,52
395148,26.290274,52
395200,25.476371,52
395252,25.673175,52
395304,26.102947,52
395356,25.300168,52
395408,25.903241,52
395460,34.725947,52
395512,26.987212,52
395564,26.018393,52
395616,25.881187,52
395668,27.064801,52
395720,31.167549,52
395772,24.568546,52
395824,26.571329,52
395876,24.471244,52
395928,29.314975,52
395980,27.626988,52
396032,23.969326,52
396084,26.002076,52
396136,25.900921,52
396188,25.021195,52
396240,30.901786,52
396292,25.026154,52
396344,26.042348,52
396396,25.402689,52
396448,26.069806,52
396500,24.466917,52
396552,25.646008,52
396604,28.919946,52
396656,25.553261,52
396708,24.619333,52
396760,26.104322,52
396812,26.212633,52
396864,28.515126,52
396916,29.519338,52
396968,25.751387,52
397020,29.259998,52
397072,25.948597,52
397124,24.75841,52
397176,25.38829,52
397228,25.829224,52
397280,25.582175,52
397332,25.738273,52
397384,25.692386,52
397436,25.984186,52
397488,25.182479,52
397540,27.172511,52
397592,25.814281,52
397644,26.962244,52
397696,25.545803,52
397748,25.671311,52
397800,26.275872,52
397852,24.631601,52
397904,25.923424,52
397956,25.697794,52
398008,25.115376,52
398060,24.55195,52
398112,25.601952,52
398164,25.539494,52
398216,26.929495,52
398268,25.939702,52
398320,24.856803,52
398372,24.812623,52
398424,25.517267,52
398476,24.942605,52
398528,25.010451,52
398580,25.901134,52
398632,27.995528,52
398684,26.086102,52
398736,25.034643,52
398788,26.046553,52
398840,26.11439,52
398892,26.629284,52
398944,25.485358,52
398996,27.837664,52
399048,26.214378,52
399100,24.540333,52
399152,28.758643,52
399204,24.125927,52
399256,24.189397,52
399308,26.363339,52
399360,25.851784,52
399412,25.215867,52
399464,25.961823,52
399516,24.757837,52
399568,26.136505,52
399620,26.414347,52
399672,24.855509,52
399724,26.020837,52
399776,25.20877,52
399828,25.692541,52
399880,26.326493,52
399932,26.083307,52
399984,27.580255,52
400036,26.293768,52
400088,25.422173,52
400140,25.599318,52
400192,25.814864,52
400244,24.450143,52
400296,24.820149,52
400348,25.794752,52
400400,25.215005,52
400452,24.64304,52
400504,24.790904,52
400556,24.223378,52
400608,24.862034,52
400660,25.25643,52
400712,24.627047,52
400764,26.160684,52
400816,25.090783,52
400868,25.560213,52
400920,26.221299,52
400972,25.890621,52
401024,26.085639,52
401076,25.196814,52
401128,25.484498,52
401180,29.861273,52
401232,24.477334,52
401284,25.931473,52
401336,25.040007,52
401388,26.196524,52
