stock_code,elasticity,r2,base_price,base_demand,n_weekly_obs,n_distinct_prices,elasticity_source,description,category,n_transactions
85123A,-4.389644186116215,0.09293688196024341,2.733875014254761,785.9425985793563,104,104,fitted,WHITE HANGING HEART T-LIGHT HOLDER,Lighting & Candles,5650
85099B,-4.267698702016158,0.10894750800736919,1.8480008234659395,833.4058577734922,104,104,fitted,JUMBO BAG RED RETROSPOT,Bags,4097
22423,-3.957998785439371,0.3932477116057408,12.454538541737495,274.55583535260683,90,90,fitted,REGENCY CAKESTAND 3 TIER,General Giftware,4047
21212,-1.6487946947537206,0.28435668412868564,0.539369363764856,820.7120170354273,104,104,fitted,PACK OF 72 RETROSPOT CAKE CASES,General Giftware,3269
20725,-0.6632478403261507,0.03554177167595607,1.7076799412061916,363.4082828196113,104,104,fitted,LUNCH BAG RED RETROSPOT,Bags,3176
84879,-2.375411544782531,,1.6483363097957453,783.0961538461538,104,84,category_fallback_implausible_fit,ASSORTED COLOUR BIRD ORNAMENT,Home Decor,2913
47566,-2.457680919032472,0.1600768905027664,5.262846153846154,179.30966634235983,103,99,fitted,PARTY BUNTING,General Giftware,2737
21232,-2.928474228635803,0.36359372254349165,1.2554462418216477,338.04669845449183,104,104,fitted,STRAWBERRY CERAMIC TRINKET BOX,Storage & Boxes,2537
22383,-2.007312981055574,0.10333099885126251,1.718633201081019,233.3079188017009,98,98,fitted,LUNCH BAG SUKI  DESIGN ,Bags,2505
20727,-2.010990343985939,0.17201200714475573,1.701760111822972,224.99022773829904,104,104,fitted,LUNCH BAG  BLACK SKULL.,Bags,2481
22197,-0.9393310323440482,0.014787116223826113,0.8144570456243441,501.9751927631986,104,102,fitted,SMALL POPCORN HOLDER,General Giftware,2422
21931,-1.1304593254075506,0.11394439869093687,2.0325076804915514,261.23747034034295,104,104,fitted,JUMBO STORAGE BAG SUKI,Bags,2396
22386,-3.0850444381502755,0.38350259235594464,1.9471624713958806,361.3359461737335,97,97,fitted,JUMBO BAG PINK POLKADOT,Bags,2319
22469,-2.9100284177970486,0.26301208237881146,1.725136045287559,275.40428274261046,78,76,fitted,HEART OF WICKER SMALL,General Giftware,2290
22411,-2.2196568185605883,0.32097941384514417,2.0617384370015945,257.7201997381471,97,97,fitted,JUMBO SHOPPER VINTAGE RED PAISLEY,Bags,2263
84991,-4.71035151360518,0.39153734291786957,0.5348129023723432,361.40144563164785,104,101,fitted,60 TEATIME FAIRY CAKE CASES,General Giftware,2245
22382,-1.6716080610063002,0.04342736524204904,1.6744218629365548,186.93909756771367,98,91,fitted,LUNCH BAG SPACEBOY DESIGN ,Bags,2227
21080,-3.8006161986072318,0.4334611658090709,0.8519453924914675,250.39269366846673,104,104,fitted,SET/20 RED RETROSPOT PAPER NAPKINS ,General Giftware,2212
22086,-4.237218766293401,0.21186641210188872,2.9500000000000006,110.15965361595633,84,65,fitted,PAPER CHAIN KIT 50'S CHRISTMAS ,Christmas & Seasonal,2192
21034,-2.4405677367344385,,0.95,40.76923076923077,104,7,category_fallback_insufficient_price_variation,REX CASH+CARRY JUMBO SHOPPER,Bags,2189
22384,-7.0542764779923415,0.41757497979066305,1.6720963788300836,184.69847070160654,96,93,fitted,LUNCH BAG PINK POLKADOT,Bags,2179
21754,-4.276718475985638,0.14557492765707802,6.0857102272727275,66.76275069629882,104,96,fitted,HOME BUILDING BLOCK WORD,General Giftware,2151
22139,-4.594266662038223,0.2871105541338419,4.97959349593496,84.88362406014613,101,96,fitted,RETROSPOT TEA SET CERAMIC 11 PC ,General Giftware,2128
20728,-2.287991479660064,0.1669910368513905,1.6876014260249552,203.37879120305848,104,99,fitted,LUNCH BAG CARS BLUE,Bags,2118
22457,-3.9093626669365307,0.23336732516191072,3.050378715244487,148.419367368352,86,83,fitted,NATURAL SLATE HEART CHALKBOARD ,General Giftware,2114
20914,-7.133642132601212,0.4445232586387685,2.8459177355152585,158.89038440028585,104,104,fitted,SET/5 RED RETROSPOT LID GLASS BOWLS,Kitchen & Dining,2107
20724,-2.4405677367344385,,1.0077578504203628,312.3557692307692,104,104,category_fallback_implausible_fit,RED RETROSPOT CHARLOTTE BAG,Bags,2092
22470,-4.878900639581958,0.2018198932696067,2.981157894736842,160.66455472888975,77,74,fitted,HEART OF WICKER LARGE,General Giftware,2076
21977,-5.117423601895671,0.5227870506061703,0.5247645771023829,418.46899794740165,104,102,fitted,PACK OF 60 PINK PAISLEY CAKE CASES,General Giftware,2071
82482,-2.887857320624758,0.15667736071999572,2.518730964467005,147.36008696408817,95,94,fitted,WOODEN PICTURE FRAME WHITE FINISH,Home Decor,2069
82494L,-4.0412261599958885,0.29585281228034244,2.8727660080225825,137.81327338706325,98,94,fitted,WOODEN FRAME ANTIQUE WHITE ,Home Decor,2051
20726,-3.03121784811355,0.3361111531543911,1.7509267759562843,185.14423680373352,104,103,fitted,LUNCH BAG WOODLAND,Bags,2008
21790,-5.208161364396683,0.3021490145428416,0.8567754150150508,188.11918666437197,104,103,fitted,VINTAGE SNAP CARDS,General Giftware,1966
22138,-3.051542198221979,0.06430714772651924,4.95,68.13496152327994,99,76,fitted,BAKING SET 9 PIECE RETROSPOT ,Kitchen & Dining,1937
85099C,-3.1703429742161626,0.28151080539819184,1.9206954595791808,272.80836643729475,104,104,fitted,JUMBO  BAG BAROQUE BLACK WHITE,Bags,1915
21181,-5.373101916850823,0.29771879426452097,2.0694488188976377,228.03777508167502,79,75,fitted,PLEASE ONE PERSON METAL SIGN,Home Decor,1881
85099F,-6.045993871908378,0.4826786902905986,1.8504958677685954,300.5180407142693,103,103,fitted,JUMBO BAG STRAWBERRY,Bags,1872
22178,-0.7104040756633576,0.025228971395233724,1.2793023255813953,296.86882945819923,103,97,fitted,VICTORIAN GLASS HANGING T-LIGHT,Lighting & Candles,1867
21733,-5.449831819109837,0.09451031598259041,2.83866026289181,115.16974964575438,104,93,fitted,RED HANGING HEART T-LIGHT HOLDER,Lighting & Candles,1856
84946,-1.4621666200938903,0.05878806279492499,1.2828793085655315,294.6044553603259,104,103,fitted,ANTIQUE SILVER TEA GLASS ETCHED,Bottles & Glassware,1852
22112,-3.0707858949398057,0.14912468436845583,5.152847222222222,53.47113625391463,104,87,fitted,CHOCOLATE HOT WATER BOTTLE,Bottles & Glassware,1828
22077,-2.6148383043290875,0.19876607873288332,1.7660563380281689,148.59420349131042,95,92,fitted,6 RIBBONS RUSTIC CHARM,Cards & Stationery,1826
22111,-4.351270466963457,0.17114388683938486,4.993740458015267,40.96471043962255,101,79,fitted,SCOTTIE DOG HOT WATER BOTTLE,Bottles & Glassware,1824
22355,-2.4405677367344385,,1.2710984944331984,314.3173076923077,104,104,category_fallback_implausible_fit,CHARLOTTE BAG SUKI DESIGN,Bags,1790
21755,-5.778569585760076,0.2641442011515138,6.20066265060241,47.845931935898285,104,95,fitted,LOVE BUILDING BLOCK WORD,General Giftware,1783
20685,-4.632558965773278,0.4982153396630248,7.412574257425742,69.73146300782659,103,102,fitted,DOORMAT RED RETROSPOT,General Giftware,1760
22666,-1.5367306322280139,0.0476430208371843,3.100691511387164,120.8128774180213,74,74,fitted,RECIPE BOX PANTRY YELLOW DESIGN,Home Decor,1735
22090,-3.6396778768107474,0.24868464622925102,3.050204837264855,128.60217462349746,104,103,fitted,PAPER BUNTING RETROSPOT,General Giftware,1735
21175,-2.4610813540483107,0.09273626483144382,2.2980412371134027,124.9638469303092,99,94,fitted,GIN + TONIC DIET METAL SIGN,Home Decor,1708
22114,-0.617459264598239,0.00625351573681221,4.514312289728874,58.507862226779665,78,70,fitted,HOT WATER BOTTLE TEA AND SYMPATHY,Bottles & Glassware,1690
48138,-5.859701648395701,0.4489218305003929,7.299543859649122,64.88427244265127,102,100,fitted,DOORMAT UNION FLAG,General Giftware,1683
21929,-3.750891902572109,0.5463745363243904,1.9642592592592596,233.1246960009831,99,99,fitted,JUMBO BAG PINK VINTAGE PAISLEY,Bags,1657
20719,-2.4405677367344385,,1.0458743169398905,242.18446601941747,103,102,category_fallback_implausible_fit,WOODLAND CHARLOTTE BAG,Bags,1621
22356,-0.7742160292024796,0.07053567715452114,1.020497236681447,167.03056725445362,104,102,fitted,CHARLOTTE BAG PINK POLKADOT,Bags,1620
22379,-2.957501426364305,0.33228432910673633,2.2644155844155844,129.37331705014444,97,97,fitted,RECYCLING BAG RETROSPOT ,Bags,1619
21731,-3.6096563716477807,0.3046115737098778,1.722253521126761,204.46189852020063,103,99,fitted,RED TOADSTOOL LED NIGHT LIGHT,Lighting & Candles,1585
21928,-4.0016559908818765,0.2524504813221061,1.9500000000000002,190.5123475227944,102,101,fitted,JUMBO BAG SCANDINAVIAN PAISLEY,Bags,1584
21231,-4.475570482011238,0.3051465411173423,1.2543525179856116,156.57959170489175,96,90,fitted,SWEETHEART CERAMIC TRINKET BOX,Storage & Boxes,1566
21843,-5.402093816761937,0.3397105401166224,11.142222222222221,44.848064210775576,104,91,fitted,RED RETROSPOT CAKE STAND,General Giftware,1556
22910,-6.059162898273177,0.5382084734026499,2.9225866559807656,193.09240718628618,50,43,fitted,PAPER CHAIN KIT VINTAGE CHRISTMAS,Christmas & Seasonal,1537
84992,-5.385979807181305,0.5625455911671994,0.5410331937799043,183.97160056246236,104,100,fitted,72 SWEETHEART FAIRY CAKE CASES,General Giftware,1536
21213,-1.2342474397927667,0.1272928455118436,0.5565822296515366,273.37790132123956,104,101,fitted,PACK OF 72 SKULL CAKE CASES,General Giftware,1532
85152,-6.551560873919069,0.6665866354233501,2.0468298545224544,110.20351489683495,100,91,fitted,HAND OVER THE CHOCOLATE   SIGN ,Home Decor,1496
84836,-2.375411544782531,,1.2547286527514232,194.60576923076923,104,74,category_fallback_implausible_fit,ZINC METAL HEART DECORATION,Home Decor,1489
22699,-4.613256498669208,0.5167009332687208,2.953361344537815,182.3723012608083,69,69,fitted,ROSES REGENCY TEACUP AND SAUCER ,Kitchen & Dining,1486
21485,-5.020103067440008,0.2664091839659909,4.95,34.294946204647516,100,74,fitted,RETROSPOT HEART HOT WATER BOTTLE,Bottles & Glassware,1478
22149,-4.209907402616524,0.2554365469019485,2.1000000000000005,95.68175791824767,98,82,fitted,FELTCRAFT 6 FLOWER FRIENDS,General Giftware,1468
84970S,-4.076123839419496,0.4835197651070735,0.8567909301651694,208.26708935672647,104,100,fitted,HANGING HEART ZINC T-LIGHT HOLDER,Lighting & Candles,1463
84978,-2.4351039606145415,0.2995640145600801,1.2558102766798418,193.5752302984301,103,102,fitted,HANGING HEART JAR T-LIGHT HOLDER,Lighting & Candles,1462
20972,-7.125795287841248,0.49347879797788086,1.2524827586206897,143.66560562689457,104,82,fitted,PINK CREAM FELT CRAFT TRINKET BOX ,Storage & Boxes,1462
21166,-5.223564824426726,0.40829665478505806,1.9519610778443115,138.30462954221633,94,79,fitted,COOK WITH WINE METAL SIGN ,Home Decor,1452
20712,-1.4859118806168383,0.14815368550413188,2.1598412698412703,151.3527205782095,97,95,fitted,JUMBO BAG WOODLAND ANIMALS,Bags,1449
22083,-3.128748544066643,0.23484582807446086,2.9736616106740845,105.55341639850728,104,104,fitted,PAPER CHAIN KIT RETROSPOT,General Giftware,1447
22727,-2.8237479725008217,0.10152205233667821,3.956111111111111,111.27582764849882,63,62,fitted,ALARM CLOCK BAKELIKE RED ,Home Decor,1447
22326,-4.2645625253241235,0.21362909494009819,2.9384057971014492,129.6517774542015,95,88,fitted,ROUND SNACK BOXES SET OF4 WOODLAND ,General Giftware,1446
22629,-8.512449913574416,0.46690132138052776,1.8523243243243241,227.0176323129499,75,74,fitted,SPACEBOY LUNCH BOX ,Storage & Boxes,1432
22697,-3.1571691022095214,0.3985398924108621,3.1093220338983056,138.39217455976785,69,69,fitted,GREEN REGENCY TEACUP AND SAUCER,Kitchen & Dining,1425
20723,-0.16800736133891275,0.005843061818903927,1.0163031064412973,152.18457138130503,104,102,fitted,STRAWBERRY CHARLOTTE BAG,Bags,1418
22720,-4.793810001687082,0.42417329389395153,5.114050179211469,116.90301411669024,50,48,fitted,SET OF 3 CAKE TINS PANTRY DESIGN ,Kitchen & Dining,1396
22630,-7.185856491790087,0.6109003612963088,1.9366197183098592,173.2694042013921,75,75,fitted,DOLLY GIRL LUNCH BOX,Storage & Boxes,1396
48194,-4.310433124806363,0.7105884699553384,7.651666666666666,42.55040743215904,104,103,fitted,DOORMAT HEARTS,General Giftware,1379
21791,-6.022131326587759,0.5270734788214688,1.2761366972477064,111.36548096389988,104,91,fitted,VINTAGE HEADS AND TAILS CARD GAME ,Cards & Stationery,1378
82580,-3.2727008247331764,0.3817050679147167,0.581536231884058,105.64598419208146,104,96,fitted,BATHROOM METAL SIGN,Home Decor,1377
21975,-5.996112764151529,0.581470823555664,0.55,158.03659828022825,104,88,fitted,PACK OF 60 DINOSAUR CAKE CASES,General Giftware,1369
22551,-9.233203126355749,0.34230328344441996,1.65,122.04712029324054,89,71,fitted,PLASTERS IN TIN SPACEBOY,Storage & Boxes,1368
21930,-3.4220258892858966,0.3736250866787678,2.0754444444444444,104.96702744658536,104,99,fitted,JUMBO STORAGE BAG SKULLS,Bags,1362
20713,-3.6047932052842384,0.24147656623577973,1.9462021792730453,188.4452304943975,90,89,fitted,JUMBO BAG OWLS,Bags,1359
22865,-5.917455906700358,0.14315002330503013,2.1082848837209305,97.11949699201104,47,35,fitted,HAND WARMER OWL DESIGN,Home Decor,1353
82486,-3.9706521642570856,0.3073416837156031,8.089025470653379,42.0206986663761,104,90,fitted,WOOD S/3 CABINET ANT WHITE FINISH,General Giftware,1349
22554,-7.023576944396103,0.18950665240599274,1.6666974093264244,114.66232857296963,88,75,fitted,PLASTERS IN TIN WOODLAND ANIMALS,Storage & Boxes,1344
22726,-3.667995388927987,0.49605958010754303,4.063240740740741,107.40159028252084,59,55,fitted,ALARM CLOCK BAKELIKE GREEN,Home Decor,1339
22189,-4.752250871194801,0.5923314149788883,3.95,62.92718328972329,96,86,fitted,CREAM HEART CARD HOLDER,Cards & Stationery,1329
21621,-2.742723897716401,0.12177778257367766,8.698764705882354,46.38421017421842,102,70,fitted,VINTAGE UNION JACK BUNTING,General Giftware,1311
84755,-5.371863447197019,0.28077973770010534,0.6382618510158012,281.7549535800069,104,90,fitted,COLOUR GLASS T-LIGHT HOLDER HANGING,Lighting & Candles,1296
48187,-5.6220783865509825,0.5354611183254797,7.396938775510205,43.35769512994898,97,97,fitted,DOORMAT NEW ENGLAND,General Giftware,1294
22961,-1.3657381443174756,0.0072915154813822936,1.489148936170213,200.9743257369168,55,51,fitted,JAM MAKING SET PRINTED,General Giftware,1283
84378,-3.349707334518076,0.17067830057971045,1.3144612068965518,78.63504598130376,104,89,fitted,SET OF 3 HEART COOKIE CUTTERS,General Giftware,1280
22385,-4.5170985222379185,0.4377893555208955,1.968172043010753,138.44257251684257,97,90,fitted,JUMBO BAG SPACEBOY DESIGN,Bags,1279
22624,-5.069712538489108,0.6261340036822803,8.728235294117647,36.89441761169311,79,68,fitted,IVORY KITCHEN SCALES,Kitchen & Dining,1273
21559,-4.3899172139127565,0.4876962249264193,2.6057393048128343,61.844856052123575,104,92,fitted,STRAWBERRY LUNCH BOX WITH CUTLERY,Kitchen & Dining,1268
84029E,-3.594766440766156,0.31234984309482794,4.019318030605456,40.5129690855389,96,64,fitted,RED WOOLLY HOTTIE WHITE HEART.,General Giftware,1258
22556,-9.416253797312155,0.3477082245813451,1.6500000000000001,117.23337421086254,89,70,fitted,PLASTERS IN TIN CIRCUS PARADE ,Storage & Boxes,1258
22952,-5.442455366783622,0.4966272805677958,0.5792,288.51904715854,51,42,fitted,60 CAKE CASES VINTAGE CHRISTMAS,Christmas & Seasonal,1257
22558,-3.5403872373031993,0.19974150025959725,1.5202702702702702,127.47492320831901,71,67,fitted,CLOTHES PEGS RETROSPOT PACK 24 ,General Giftware,1254
22866,-6.434766617703954,0.13044853141866686,2.1,142.5117665471709,36,29,fitted,HAND WARMER SCOTTY DOG DESIGN,Home Decor,1244
22147,-5.027328493997122,0.388695354046212,1.45,84.14732979323675,102,72,fitted,FELTCRAFT BUTTERFLY HEARTS,General Giftware,1242
23203,-9.471821201091382,0.5272831426521247,1.9852855642474285,572.4387034956158,32,32,fitted,JUMBO BAG VINTAGE DOILY ,Bags,1241
82583,-2.310451728237643,0.4277813767384593,2.22,102.93121607637079,99,89,fitted,HOT BATHS METAL SIGN,Home Decor,1236
20718,-1.6252027692295479,0.14522780196341478,1.2949074074074074,108.9814436144425,104,100,fitted,RED RETROSPOT SHOPPER BAG,Bags,1233
82600,-4.875815632233643,0.2603309050298577,2.07437324929972,92.92266192534422,98,91,fitted,NO SINGING METAL SIGN,Home Decor,1232
22960,-3.0016274702302033,0.10496700662765979,4.234516129032258,145.94768370474188,54,54,fitted,JAM MAKING SET WITH JARS,General Giftware,1219
22328,-9.299519190781549,0.5901109693456026,2.8708080808080805,100.31266386019121,99,92,fitted,ROUND SNACK BOXES SET OF 4 FRUITS ,General Giftware,1212
22867,-5.13565383490088,0.29636284357950815,2.1232891832229583,178.28918689513944,39,32,fitted,HAND WARMER BIRD DESIGN,Home Decor,1211
22557,-5.8803442516817706,0.24062801262092004,1.65,87.09356801828659,89,67,fitted,PLASTERS IN TIN VINTAGE PAISLEY ,Storage & Boxes,1207
82484,-4.196229075404968,0.4428067712077086,6.384285714285714,76.12507498543626,87,84,fitted,WOOD BLACK BOARD ANT WHITE FINISH,General Giftware,1203
20971,-6.910750586288049,0.38272369624564706,1.25,112.52874687606767,104,71,fitted,PINK BLUE FELT CRAFT TRINKET BOX,Storage & Boxes,1200
22219,-2.4436783241346687,0.235474331175201,0.9572058823529411,84.58350959961385,103,99,fitted,LOVEBIRD HANGING DECORATION WHITE ,Home Decor,1199
22585,-8.42263102344497,0.4668263530589334,1.25,118.3106868675137,91,67,fitted,PACK OF 6 BIRDY GIFT TAGS,General Giftware,1198
22367,-2.0053327415269786,0.13498146509037723,1.9500000000000002,66.98280481289163,100,76,fitted,CHILDRENS APRON SPACEBOY DESIGN,Kitchen & Dining,1196
21889,-1.2055386403290054,0.016050672814919453,1.2934074074074076,79.75309650591942,104,80,fitted,WOODEN BOX OF DOMINOES,Storage & Boxes,1192
21210,-5.268856500901973,0.5964133279549195,1.469090909090909,126.27438057753457,97,90,fitted,SET OF 72 RETROSPOT PAPER  DOILIES,General Giftware,1191
82483,-2.9318333858181616,0.14600308677438179,5.950000000000001,44.409796554605734,95,81,fitted,WOOD 2 DRAWER CABINET WHITE FINISH,General Giftware,1187
22909,-7.692227640951513,0.6646123884124229,0.8635482850021758,172.10794058240958,52,40,fitted,SET OF 20 VINTAGE CHRISTMAS NAPKINS,Christmas & Seasonal,1185
84692,-1.3244523931182985,0.2080678042869436,0.45922720227331437,165.03364203219763,104,99,fitted,BOX OF 24 COCKTAIL PARASOLS,Storage & Boxes,1180
21524,-3.7846367955649947,0.3656119360035379,7.5944207317073165,34.688252213446155,104,102,fitted,DOORMAT SPOTTY HOME SWEET HOME,General Giftware,1178
22553,-5.2546029086860075,0.3271795555244864,1.6760406091370557,73.23502686574246,89,67,fitted,PLASTERS IN TIN SKULLS,Storage & Boxes,1174
79321,-2.657966983845193,0.17921081392897287,5.236315789473684,89.05729250867097,97,88,fitted,CHILLI LIGHTS,Lighting & Candles,1173
21174,-2.536408649999876,0.14424607631396236,2.1114461358313816,63.37526661202677,104,92,fitted,POTTERING IN THE SHED METAL SIGN,Jewellery & Accessories,1171
47591D,-6.324518710927557,0.411743263226073,1.9499999999999997,61.04438652047095,100,69,fitted,PINK FAIRY CAKE CHILDRENS APRON,Kitchen & Dining,1165
23298,-3.945224388022943,0.46144569122552226,5.3484507306107165,213.18805684286798,32,32,fitted,SPOTTY BUNTING,General Giftware,1165
22467,-7.611384943968104,0.2646598535992961,2.4002631578947367,118.65699643379985,77,70,fitted,GUMBALL COAT RACK,General Giftware,1164
22352,-5.089144601435907,0.5946630620893009,2.654583333333333,53.699820981005814,104,97,fitted,LUNCH BOX WITH CUTLERY RETROSPOT ,Kitchen & Dining,1160
21535,-4.845415369750949,0.3013521903141737,2.55,50.62218121510877,103,76,fitted,RED RETROSPOT SMALL MILK JUG,General Giftware,1159
22659,-8.863081083195206,0.44825668488120285,1.8876288462589494,142.52124794250818,76,74,fitted,LUNCH BOX I LOVE LONDON,Storage & Boxes,1158
22417,-4.527212149839722,0.373926318100796,0.5529918032786886,157.51092105879323,97,86,fitted,PACK OF 60 SPACEBOY CAKE CASES,General Giftware,1153
84380,-1.6182392200476854,0.09598876797822753,1.36090748090836,78.41829506551926,104,91,fitted,SET OF 3 BUTTERFLY COOKIE CUTTERS,General Giftware,1152
85150,-6.13902626385814,0.26941474640664465,2.6057777777777784,62.845128263223685,89,84,fitted,LADIES & GENTLEMEN METAL SIGN,Home Decor,1145
21523,-3.17382299231526,0.44816084772797804,7.741538461538461,39.18436096217531,102,99,fitted,DOORMAT FANCY FONT HOME SWEET HOME,General Giftware,1143
21481,-2.639481258461064,0.10081961165628317,3.1067730496453905,35.26838228987786,100,78,fitted,FAWN BLUE HOT WATER BOTTLE,Bottles & Glassware,1132
84997D,-8.058875946063978,0.43685918747108243,3.813968253968254,86.52309541318084,99,72,fitted,PINK 3 PIECE MINI DOTS CUTLERY SET,Kitchen & Dining,1130
22381,-4.3254864989799175,0.43531296249712803,2.1907325783972125,74.76998378385102,98,97,fitted,TOY TIDY PINK POLKADOT,Toys & Games,1125
23209,-8.314780447895213,0.3581309285900478,1.65,357.59785641328045,32,30,fitted,LUNCH BAG VINTAGE DOILY ,Bags,1123
22029,-6.24903714320561,0.5055759103945806,0.42000000000000004,142.5922990356415,103,91,fitted,SPACEBOY BIRTHDAY CARD,Cards & Stationery,1116
84970L,-3.0411629965750437,0.33769721503894956,0.9906896551724138,145.74439528218832,103,99,fitted,SINGLE HEART ZINC T-LIGHT HOLDER,Lighting & Candles,1115
84029G,-2.161182717501493,0.11263012547998008,4.136745283018868,27.011347424111666,101,79,fitted,KNITTED UNION FLAG HOT WATER BOTTLE,Bottles & Glassware,1113
22993,-0.12652359184524675,0.0010159079766636214,1.2627702702702703,265.1710660402474,43,43,fitted,SET OF 4 PANTRY JELLY MOULDS,General Giftware,1102
21314,-3.947676001147954,0.35304132173512615,2.2310657051282052,78.9248762951871,104,97,fitted,SMALL GLASS HEART TRINKET POT,Bottles & Glassware,1096
22835,-4.629561515822729,0.1434866785149599,5.089011981833994,41.82035563433076,64,57,fitted,HOT WATER BOTTLE I AM SO POORLY,Bottles & Glassware,1083
22113,-3.383220184930269,0.0800087094284182,3.75,42.2832838971344,65,44,fitted,GREY HEART HOT WATER BOTTLE,Bottles & Glassware,1077
21915,-8.259216680268105,0.3006450553930745,1.25,154.90217210169766,91,71,fitted,RED  HARMONICA IN BOX ,Storage & Boxes,1068
23206,-2.6499925410851795,0.5403223539622228,1.6775833333333332,361.74911429556926,35,35,fitted,LUNCH BAG APPLE DESIGN,Bags,1067
21936,-4.43486698493791,0.3569428709876816,3.0016363636363637,50.87401406866019,103,89,fitted,RED RETROSPOT PICNIC BAG,Bags,1064
22698,-5.136851439681959,0.6265050032490803,3.0478947368421054,114.66440442175212,63,62,fitted,PINK REGENCY TEACUP AND SAUCER,Kitchen & Dining,1064
84997B,-9.33559952952785,0.47227325861041825,3.8267,68.68541263631352,104,70,fitted,RED 3 PIECE MINI DOTS CUTLERY SET,Kitchen & Dining,1056
20711,-2.9277153272102034,0.42591662326453295,2.111785372522215,94.67109233905421,102,97,fitted,JUMBO BAG TOYS ,Bags,1052
15056N,-6.768702788455995,0.5396329539489378,5.874531816873021,61.59648651516672,104,91,fitted,EDWARDIAN PARASOL NATURAL,General Giftware,1050
21429,-3.7777759767941212,0.15968498382296636,1.8154838709677417,51.279452191201926,87,80,fitted,RED GINGHAM ROSE JEWELLERY BOX,Jewellery & Accessories,1047
84077,-1.6015521454289228,0.09104844718811356,0.2324,773.1974009512054,103,84,fitted,WORLD WAR 2 GLIDERS ASSTD DESIGNS,General Giftware,1043
22196,-2.686790818983752,0.15940205338803082,0.9371230598669622,48.71519056556238,104,96,fitted,SMALL HEART MEASURING SPOONS,Jewellery & Accessories,1043
84988,-4.2503097598936765,0.5857372405650205,1.5953936625980112,70.1610010103591,104,100,fitted,SET OF 72 PINK HEART PAPER DOILIES,General Giftware,1041
21479,-2.2316348529077747,,4.624583333333334,116.47457627118644,59,47,category_fallback_implausible_fit,WHITE SKULL HOT WATER BOTTLE ,Bottles & Glassware,1040
23084,-5.975123818069484,0.6439154113929484,2.2204960998439938,424.7773580631612,31,24,fitted,RABBIT NIGHT LIGHT,Lighting & Candles,1035
22173,-2.949756480529483,0.23921675758341798,3.1436363636363636,51.50069307342169,83,82,fitted,METAL 4 HOOK HANGER FRENCH CHATEAU,General Giftware,1035
22662,-5.550985010288438,0.6508775180802041,1.6500000000000004,115.84151682919608,72,63,fitted,LUNCH BAG DOLLY GIRL DESIGN,Bags,1033
71459,-3.8529636638676026,0.1379080144141741,0.8128712871287128,241.2713173433465,103,85,fitted,HANGING JAM JAR T-LIGHT HOLDER,Lighting & Candles,1031
22082,-2.7775388554424274,0.07461944657027453,1.6819654088050315,47.05597689418055,104,65,fitted,RIBBON REEL STRIPES DESIGN ,Home Decor,1029
22633,-7.0922402784058205,0.25936411507706403,2.1,90.66775082121312,35,27,fitted,HAND WARMER UNION JACK,General Giftware,1022
22728,-5.853183351550666,0.29501570404273125,3.9678102189781015,73.98428921753091,63,62,fitted,ALARM CLOCK BAKELIKE PINK,Home Decor,1020
22297,-4.887254298322922,0.4637374231281721,1.3098473154362416,106.69196270838877,104,97,fitted,HEART IVORY TRELLIS SMALL,General Giftware,1020
21165,-4.389847482864949,0.4988158761570134,1.69,73.22740935235889,100,88,fitted,BEWARE OF THE CAT METAL SIGN ,Home Decor,1009
22555,-7.268430272894792,0.19875329341132664,1.65,98.3538280298388,89,58,fitted,PLASTERS IN TIN STRONGMAN,Storage & Boxes,1009
21533,-2.0591842220232186,0.0590594373923925,4.95,27.168411858514293,104,74,fitted,RETRO SPOT LARGE MILK JUG,General Giftware,1008
21908,-6.47655235413835,0.39965015560830297,2.1449154443485763,60.67694896297983,104,83,fitted,CHOCOLATE THIS WAY METAL SIGN,Home Decor,1008
21976,-3.4605994708195893,0.5037812798466685,0.568176039646628,109.60785132128966,104,95,fitted,PACK OF 60 MUSHROOM CAKE CASES,General Giftware,1002
21172,-3.612208628130813,0.5281525542237753,1.5080152671755727,66.07514765799486,97,79,fitted,PARTY METAL SIGN ,Home Decor,1002
48185,-2.755271474762195,0.27741581663093506,8.212173913043479,28.76901692621919,104,100,fitted,DOORMAT FAIRY CAKE,General Giftware,1001
21094,-4.5660064894273695,0.41631305447812517,0.8422737712448323,118.24173403425984,104,95,fitted,SET/6 RED SPOTTY PAPER PLATES,Kitchen & Dining,1001
21914,-1.826727663363205,0.015223463372048496,1.26696261682243,86.3484824264976,91,55,fitted,BLUE HARMONICA IN BOX ,Storage & Boxes,995
21155,-0.8860771400328297,0.07889595258096338,2.409074074074074,55.88975533070828,94,85,fitted,RED RETROSPOT PEG BAG,Bags,994
22625,-2.3387716936486274,0.09959144839872891,8.775663329161452,27.416605987952792,78,64,fitted,RED KITCHEN SCALES,Kitchen & Dining,994
15036,-4.553242887200352,0.3258351252196764,0.8098170731707317,209.247753242834,102,97,fitted,ASSORTED COLOURS SILK FAN,General Giftware,993
20676,-3.7058410807528572,0.380033932637204,1.2867024886877827,83.69201065504402,104,94,fitted,RED RETROSPOT BOWL,Kitchen & Dining,992
22348,-5.203101995897397,0.29281819651723273,0.8739991162174106,80.48962444979126,104,87,fitted,TEA BAG PLATE RED RETROSPOT,Bags,992
22150,-6.355684143544803,0.26076346372984294,1.95,47.86463410193777,102,63,fitted,3 STRIPEY MICE FELTCRAFT,General Giftware,990
23199,-4.292763532509482,0.6506971683316944,2.067886597938145,404.9113038147856,35,35,fitted,JUMBO BAG APPLES,Bags,983
84997C,-9.554543400153657,0.47400625187411294,3.803012048192771,67.82763111964836,102,56,fitted,BLUE 3 PIECE MINI DOTS CUTLERY SET,Kitchen & Dining,982
20975,-3.750874839884073,0.09638972796683687,0.6595454545454548,129.50233746942692,89,60,fitted,12 PENCILS SMALL TUBE RED RETROSPOT,General Giftware,970
22617,-5.340624676627853,0.1469451791441002,4.95,33.13421879750892,90,51,fitted,BAKING SET SPACEBOY DESIGN,Kitchen & Dining,965
21035,-3.4632923515901135,0.3448642806040878,3.2758623548922063,39.1221600461217,104,93,fitted,SET/2 RED RETROSPOT TEA TOWELS ,Bath & Body,962
22502,-2.596284118752119,0.3008323751890303,6.174258078231292,35.60886504297512,68,63,fitted,PICNIC BASKET WICKER SMALL,Storage & Boxes,960
21156,-6.023043292599179,0.45515025636539763,1.95,59.95928898969252,102,74,fitted,RETROSPOT CHILDRENS APRON,Kitchen & Dining,960
21985,-1.1824674274028426,0.04094361072959385,0.3112,129.30642320976472,104,85,fitted,PACK OF 12 HEARTS DESIGN TISSUES ,Home Decor,957
85066,-3.02748782988564,0.1355225838200128,12.75,23.671864495493104,100,72,fitted,CREAM SWEETHEART MINI CHEST,General Giftware,954
21217,-2.8748614621024084,0.23716351724437146,9.950000000000001,25.64396081678435,103,86,fitted,RED RETROSPOT ROUND CAKE TINS,Kitchen & Dining,954
21154,-1.274004897614729,0.13364315316329212,1.4067441860465115,59.970433465723055,104,88,fitted,RED RETROSPOT OVEN GLOVE ,General Giftware,954
72741,-3.684928217370641,0.1612825053919934,1.4499999999999997,118.9797882259368,103,81,fitted,GRAND CHOCOLATECANDLE,Lighting & Candles,954
21935,-1.3395349631966775,0.06711175279329984,1.800334928229665,50.800644428590374,104,95,fitted,SUKI  SHOULDER BAG,Bags,948
22561,-1.6950974262848952,,1.65,128.57303370786516,89,49,category_fallback_implausible_fit,WOODEN SCHOOL COLOURING SET,Jewellery & Accessories,937
20750,-5.614010919531968,0.3270661445579639,7.470000000000001,28.8481835467673,103,69,fitted,RED RETROSPOT MINI CASES,General Giftware,936
22294,-6.327942445228168,0.33519592170824786,1.2588321167883212,120.81270186569853,103,71,fitted,HEART FILIGREE DOVE  SMALL,General Giftware,935
22646,-2.8298004921310373,0.4255180752748732,1.513929411764706,79.67563326743065,82,77,fitted,CERAMIC STRAWBERRY CAKE MONEY BANK,General Giftware,934
21484,-2.5035056517723095,0.2149347820284816,4.177583333333334,19.91860890483575,96,69,fitted,CHICK GREY HOT WATER BOTTLE,Bottles & Glassware,931
22694,-3.6963956362712906,0.2518692359462946,2.185,44.32326707397981,67,51,fitted,WICKER STAR ,General Giftware,931
22568,-6.618390551460521,0.37765154222900166,3.75,45.43516173888283,91,66,fitted,FELTCRAFT CUSHION OWL,Home Decor,929
82581,-3.70069837899043,0.18293813029860828,0.5745689655172415,58.03282524933538,104,83,fitted,TOILET METAL SIGN,Home Decor,928
21218,-2.7092256593963233,0.4880865415768103,4.066071428571428,44.229627068249435,104,98,fitted,RED SPOTTY BISCUIT TIN,Storage & Boxes,927
21238,-4.729900124728664,0.4740379251490223,0.8840526957051478,74.48346724899211,104,99,fitted,RED RETROSPOT CUP,Kitchen & Dining,926
23301,-2.2366473473461657,,1.6792041522491348,282.35483870967744,31,31,category_fallback_implausible_fit,GARDENERS KNEELING PAD KEEP CALM ,Garden & Outdoor,925
21868,-3.6060160645507056,0.6892846409778133,1.2849356869184456,81.17937844533935,94,70,fitted,POTTING SHED TEA MUG,Kitchen & Dining,915
22621,-2.343915011757092,0.06713631507646511,1.5479386416259324,66.50729719128225,80,62,fitted,TRADITIONAL KNITTING NANCY,General Giftware,913
22487,-1.7594693423221417,0.11500706996532672,9.95,15.865287183280541,90,69,fitted,WHITE WOOD GARDEN PLANT LADDER,Garden & Outdoor,911
22413,-5.618804624554185,0.2830798288794486,3.0172727272727276,42.762411769046906,97,68,fitted,METAL SIGN TAKE IT OR LEAVE IT ,Home Decor,910
22632,-7.920949051028087,0.2555209917822392,2.08649017403082,132.11817450340328,32,27,fitted,HAND WARMER RED RETROSPOT,General Giftware,909
85014B,-4.472428950569228,0.33766490874491495,5.950000000000001,32.12404663588131,103,70,fitted,RED RETROSPOT UMBRELLA,General Giftware,908
22507,-2.7323565062050093,0.19370457691369558,5.287222222222223,29.108124773713485,91,75,fitted,MEMO BOARD RETROSPOT  DESIGN,Home Decor,907
23201,-5.975050261335518,0.5701048207876006,2.0075265957446806,351.6296981248715,35,35,fitted,JUMBO BAG ALPHABET,Bags,907
21121,-2.278947917977102,,1.25,150.6346153846154,104,55,category_fallback_implausible_fit,SET/10 RED POLKADOT PARTY CANDLES,Lighting & Candles,903
21891,-3.7368451509551925,0.1995024595187973,1.2984,82.73142437729346,94,71,fitted,TRADITIONAL WOODEN SKIPPING ROPE,General Giftware,902
22667,-6.086213946302719,0.2282006782809074,2.9499999999999993,45.697156220357854,67,40,fitted,RECIPE BOX RETROSPOT ,Storage & Boxes,899
15056BL,-7.896454168960349,0.4695168257410377,5.95,35.64508318264333,104,69,fitted,EDWARDIAN PARASOL BLACK,General Giftware,899
47590B,-7.444183322038187,0.42846729134819794,5.45,32.7688298805874,100,65,fitted,PINK HAPPY BIRTHDAY BUNTING,General Giftware,893
22620,-1.4071448347787516,0.029773972889787892,1.4231297709923665,64.19976764871592,83,67,fitted,4 TRADITIONAL SPINNING TOPS,General Giftware,889
85049E,-3.982558553961563,0.14612841872689875,1.2752249999999998,38.66019989573047,102,59,fitted,SCANDINAVIAN REDS RIBBONS,Cards & Stationery,888
22296,-6.360708262579571,0.20839397261533898,1.6603636363636365,79.39302531591918,93,66,fitted,HEART IVORY TRELLIS LARGE,General Giftware,885
22652,-2.7191538357711607,0.05314389173396372,1.687010101010101,96.33477906746154,70,57,fitted,TRAVEL SEWING KIT,General Giftware,883
20754,-3.710239580524269,0.19692672877277217,2.1586111111111115,33.24317308176423,101,71,fitted,RETROSPOT RED WASHING UP GLOVES,General Giftware,883
23245,-3.230312804963007,0.3785126689428826,5.022444444444444,209.2727790328988,27,27,fitted,SET OF 3 REGENCY CAKE TINS,Kitchen & Dining,882
21892,-2.505795291690881,0.09818237153431719,1.2995998967475477,50.98891917857102,102,76,fitted,TRADITIONAL WOODEN CATCH CUP GAME ,Kitchen & Dining,882
22087,-3.7450330551349027,0.08408300713801553,2.9500000000000006,72.80945301579332,75,62,fitted,PAPER BUNTING WHITE LACE,General Giftware,881
22577,-3.56639363284122,0.5046578672853543,0.85,34.32842853923913,64,33,fitted,WOODEN HEART CHRISTMAS SCANDINAVIAN,Christmas & Seasonal,881
23202,-9.136953542460722,0.6432557911050591,2.033335506301608,301.4279009573885,32,31,fitted,JUMBO BAG VINTAGE LEAF,Bags,881
20974,-2.0325988675435847,0.039633107411907065,0.6581081081081082,87.42404892853467,101,66,fitted,12 PENCILS SMALL TUBE SKULL,General Giftware,881
84406B,-4.93329167698843,0.5611181668068943,3.4084,52.313573174350005,102,82,fitted,CREAM CUPID HEARTS COAT HANGER,General Giftware,880
22616,-4.026094863083788,0.3252634795737708,0.29843749999999997,328.3720754112376,83,78,fitted,PACK OF 12 LONDON TISSUES ,General Giftware,876
22907,-5.48844872115768,0.3397735438385504,0.8648792016806723,101.87606057030052,64,56,fitted,PACK OF 20 NAPKINS PANTRY DESIGN,Home Decor,876
22212,-2.487882068157213,0.12144936935279282,2.2035,31.466683630805388,104,78,fitted,FOUR HOOK  WHITE LOVEBIRDS,General Giftware,870
21086,-2.7219448213526727,0.2074159017978503,0.6670198899832145,129.17208705816412,98,81,fitted,SET/6 RED SPOTTY PAPER CUPS,General Giftware,869
21527,-4.841016530977954,0.1831483176514459,7.95,36.36422131103699,66,60,fitted,RED RETROSPOT TRADITIONAL TEAPOT ,Kitchen & Dining,869
21900,-3.412704719855977,0.44648268152782367,0.6796969696969697,63.05043925616049,103,78,fitted,"KEY FOB , SHED",General Giftware,865
48184,-5.160123565149196,0.5133196062835929,7.508488063660478,29.710449683792937,94,90,fitted,DOORMAT ENGLISH ROSE ,General Giftware,863
71477,-5.772935961600459,0.31948521794282114,3.0021951219512193,96.60987248934445,88,79,fitted,COLOUR GLASS. STAR T-LIGHT HOLDER,Lighting & Candles,860
22570,-6.328022296203045,0.40745243234589235,3.81625,43.04045426099333,85,74,fitted,FELTCRAFT CUSHION RABBIT,Home Decor,860
22027,-4.9012430659415065,0.5546236385703636,0.4270491803278689,95.25564277542965,103,77,fitted,TEA PARTY BIRTHDAY CARD,Cards & Stationery,858
22722,-3.093413749526495,0.08714663859681848,4.0926470588235295,77.62351323126833,43,38,fitted,SET OF 6 SPICE TINS PANTRY DESIGN,Home Decor,858
21888,-2.5928657556322343,0.126968242958721,3.9510728744939274,23.794943491086137,104,72,fitted,BINGO SET,General Giftware,858
22195,-3.476506955482558,0.3119557436939837,1.7757692307692305,39.016247770394855,102,86,fitted,LARGE HEART MEASURING SPOONS,Jewellery & Accessories,857
21912,-2.5395318188137077,0.167324803259719,4.121,23.169150524334995,104,72,fitted,VINTAGE SNAKES & LADDERS,General Giftware,854
21668,-2.5118258550482007,0.1676656075642846,1.3793167701863354,85.44394484861044,97,92,fitted,RED STRIPE CERAMIC DRAWER KNOB,General Giftware,852
22759,-4.342867809524345,0.2492742354589491,1.6688505747126436,97.97402754176778,69,57,fitted,SET OF 3 NOTEBOOKS IN PARCEL,Cards & Stationery,850
22456,-2.6106970923007164,0.326282686600344,5.225555555555555,34.04019004277834,89,82,fitted,NATURAL SLATE CHALKBOARD LARGE ,General Giftware,848
22273,-5.794096061855772,0.2500489371946514,2.9500000000000006,36.385370026587054,103,62,fitted,FELTCRAFT DOLL MOLLY,Toys & Games,848
21669,-3.1778247105267763,0.36177900442806665,1.3083154834761321,102.33650617464788,92,82,fitted,BLUE STRIPE CERAMIC DRAWER KNOB,General Giftware,847
21122,-2.278947917977102,,1.25,124.87254901960785,102,52,category_fallback_implausible_fit,SET/10 PINK POLKADOT PARTY CANDLES,Lighting & Candles,846
22569,-7.2915510918188335,0.32468098672024837,3.75,43.10314927730775,85,60,fitted,FELTCRAFT CUSHION BUTTERFLY,Home Decor,844
84375,-2.0226521211702333,0.02634281750768941,2.123846153846154,47.29378448690975,96,72,fitted,SET OF 20 KIDS COOKIE CUTTERS,General Giftware,844
21430,-3.2688648968527594,0.3266586825353819,3.9935393772893772,47.10180970925459,80,75,fitted,SET/3 RED GINGHAM ROSE STORAGE BOX,Storage & Boxes,839
22595,-6.308631460335386,0.40261523939953936,0.8741237113402063,107.31375202155431,73,57,fitted,GINGHAM HEART DECORATION,Home Decor,837
21672,-2.7639880884952546,0.15407076740585668,1.30438202247191,88.23329456816445,101,87,fitted,WHITE SPOT RED CERAMIC DRAWER KNOB,General Giftware,836
21216,-2.6258218332449985,0.2973301795456328,5.3047121212121215,32.993738439495154,98,90,fitted,"SET 3 RETROSPOT TEA,COFFEE,SUGAR",General Giftware,833
82582,-5.384913790305648,0.44032250003766804,2.1,56.183572172110914,97,71,fitted,AREA PATROLLED METAL SIGN,Home Decor,830
84347,-3.7548436072450087,0.3158828482157098,2.7886388888888884,68.11156456689156,77,55,fitted,ROTATING SILVER ANGELS T-LIGHT HLDR,Lighting & Candles,829
84987,-4.828047336635488,0.3280692232174267,1.4954999999999998,59.30501543582507,104,85,fitted,SET OF 36 TEATIME PAPER DOILIES,General Giftware,829
22084,-4.012711256833912,0.09286935983592792,2.95,36.777099636652025,91,53,fitted,PAPER CHAIN KIT EMPIRE,General Giftware,828
22271,-3.8857623394803693,0.2070968091606462,2.9500000000000006,35.54450766922358,99,58,fitted,FELTCRAFT DOLL ROSIE,Toys & Games,826
22427,-2.4960443234804695,0.05371379481725147,5.95,36.22666152210602,70,60,fitted,ENAMEL FLOWER JUG CREAM,General Giftware,825
22464,-2.470306410654518,0.1894015337635896,1.6938461538461538,72.42936697775231,92,83,fitted,HANGING METAL HEART LANTERN,Lighting & Candles,825
22488,-2.9558524193828113,0.16260685035462863,1.6891874145006838,64.78084161546849,92,82,fitted,NATURAL SLATE RECTANGLE CHALKBOARD,General Giftware,824
22578,-3.078505518798541,0.5610558331054698,0.85,54.04164769234256,45,29,fitted,WOODEN STAR CHRISTMAS SCANDINAVIAN,Christmas & Seasonal,823
21918,-6.531138533750158,0.5101339594208409,0.42709558823529414,104.23465745516178,104,83,fitted,SET 12 KIDS COLOUR  CHALK STICKS,General Giftware,821
21169,-5.4321033241579855,0.42305454924372476,1.69,72.58770690083756,82,71,fitted,YOU'RE CONFUSING ME METAL SIGN ,Home Decor,818
21871,-2.101654986463628,0.10709287287946023,1.30275,69.3575226394797,95,76,fitted,SAVE THE PLANET MUG,Kitchen & Dining,817
21498,-9.57546285834928,0.31598881353111374,0.42,182.00316820106926,103,19,fitted,RED RETROSPOT WRAP ,General Giftware,813
82552,-3.298331132245077,0.18611957654445255,1.45,39.32873035075356,100,68,fitted,WASHROOM METAL SIGN,Home Decor,812
21558,-3.832688535202439,0.4290266349945582,2.7006249999999996,37.86919248047729,88,77,fitted,SKULL LUNCH BOX WITH CUTLERY ,Kitchen & Dining,809
21974,-3.8980931506044727,0.5932629027294078,1.5736028257456829,51.07783444765253,104,95,fitted,SET OF 36 PAISLEY FLOWER DOILIES,General Giftware,807
21531,-3.7276717322501356,0.27182626653599073,2.55,32.045196149935045,102,79,fitted,RED RETROSPOT SUGAR JAM BOWL,Kitchen & Dining,805
22900,-4.865848745360776,0.34206609360371587,3.215428571428572,59.61814696176393,63,59,fitted, SET 2 TEA TOWELS I LOVE LONDON ,Bath & Body,803
22489,-4.939882219608675,0.16718634125016985,0.42320726455719904,158.3352244809822,84,73,fitted,PACK OF 12 TRADITIONAL CRAYONS,General Giftware,803
23355,-2.2316348529077747,,4.7376834319526635,360.125,16,16,category_fallback_implausible_fit,HOT WATER BOTTLE KEEP CALM,Bottles & Glassware,802
21907,-5.5792973990307155,0.3258042189781962,2.1000000000000005,46.304203166895824,97,54,fitted,I'M ON HOLIDAY METAL SIGN,Home Decor,799
20749,-6.057941787909451,0.3143692507843332,7.472933333333334,22.259658831250952,102,60,fitted,ASSORTED COLOUR MINI CASES,General Giftware,797
21670,-1.968624522027852,0.23574266575504121,1.37375,76.90880665970882,100,89,fitted,BLUE SPOT CERAMIC DRAWER KNOB,General Giftware,793
22748,-2.4529194956318796,,2.183564356435644,56.84126984126984,63,45,category_fallback_implausible_fit,POPPY'S PLAYHOUSE KITCHEN,Kitchen & Dining,791
21673,-2.559259511113478,0.2483682952036672,1.342051282051282,78.31482764963198,104,96,fitted,WHITE SPOT BLUE CERAMIC DRAWER KNOB,General Giftware,791
22730,-1.3099367546644638,0.008623043350171056,3.918378378378379,44.24427185156881,63,50,fitted,ALARM CLOCK BAKELIKE IVORY,Home Decor,789
21240,-4.498995313650382,0.5347451718023903,0.9028571428571428,57.569241171528446,104,97,fitted,BLUE POLKADOT CUP,Kitchen & Dining,786
22645,-1.473777842109477,0.2027642020349697,1.8784367245657567,47.059524164856484,82,77,fitted,CERAMIC HEART FAIRY CAKE MONEY BANK,General Giftware,785
47566B,-5.887896848111313,0.26203006106908977,4.826740740740742,32.40732758135949,89,65,fitted,TEA TIME PARTY BUNTING,General Giftware,784
22966,-7.073149873283873,0.5150060644641143,1.2615622222222225,107.71059697003095,52,43,fitted,GINGERBREAD MAN COOKIE CUTTER,General Giftware,784
20677,-4.202758365288886,0.5326843943687518,1.306845318860244,62.38733994583827,104,92,fitted,PINK POLKADOT BOWL,Kitchen & Dining,784
22501,-2.240267648588273,0.26982821754883657,11.36,24.241900711359577,75,63,fitted,PICNIC BASKET WICKER LARGE,Storage & Boxes,783
71053,-1.7943802118797674,0.12765886794397352,3.8236,36.82674983339058,103,84,fitted,WHITE METAL LANTERN,Lighting & Candles,782
20717,-3.150591140561169,0.4388575469675623,1.3112756410256412,46.559160358400476,104,83,fitted,STRAWBERRY SHOPPER BAG,Bags,781
22158,-5.525445714355262,0.416671271907057,2.95,47.80161218903856,74,42,fitted,3 HEARTS HANGING DECORATION RUSTIC,Home Decor,781
22734,-4.605260417733604,0.543896823908057,2.9879457486176406,113.01916804144976,44,35,fitted,SET OF 6 RIBBONS VINTAGE CHRISTMAS,Christmas & Seasonal,781
22560,-7.556928197980698,0.3106553650590377,1.2142727272727272,113.63380119983351,89,70,fitted,TRADITIONAL MODELLING CLAY,General Giftware,780
22499,-3.999368110939765,0.18427536248185827,5.96532786885246,23.08841055470473,96,58,fitted,WOODEN UNION JACK BUNTING,General Giftware,779
22144,-5.391043159587387,0.5148907006007151,2.4163279889509406,48.97671134849422,48,34,fitted,CHRISTMAS CRAFT LITTLE FRIENDS,Christmas & Seasonal,776
21239,-3.7711897244105126,0.5191589601296449,0.9047017069460874,58.79115847987482,104,96,fitted,PINK  POLKADOT CUP,Kitchen & Dining,773
22505,-4.4435580780010975,0.3582382600116384,4.95,29.79227138890007,91,63,fitted,MEMO BOARD COTTAGE DESIGN,Home Decor,773
23300,-3.2659700605933866,0.17528423044238461,1.6588679245283016,178.20637054265782,31,31,fitted,GARDENERS KNEELING PAD CUP OF TEA ,Kitchen & Dining,770
21136,-2.5768647178713877,0.09312342633473836,1.69,74.34868691376398,103,24,fitted,PAINTED METAL PEARS ASSORTED,General Giftware,768
21877,-3.193982404455204,0.15480169009002043,1.25,69.9701721992417,101,68,fitted,HOME SWEET HOME MUG,Kitchen & Dining,767
22745,-2.3146812720872716,,2.1902222222222223,64.92063492063492,63,51,category_fallback_implausible_fit,POPPY'S PLAYHOUSE BEDROOM ,General Giftware,767
21078,-2.765635758889809,0.3623256485975628,0.8933333333333332,54.702753294841656,95,84,fitted,SET/20 STRAWBERRY PAPER NAPKINS ,General Giftware,767
82551,-2.601997170383837,0.12711544086434234,1.4759848484848481,35.74243210884367,102,85,fitted,LAUNDRY 15C METAL SIGN,Home Decor,765
23207,-1.2844630061978148,0.10071653692283156,1.6835135135135133,196.51804484213878,35,34,fitted,LUNCH BAG ALPHABET DESIGN,Bags,763
22607,-6.421043672890954,0.3297039900113392,9.526410256410255,21.68126258387344,71,57,fitted,WOODEN ROUNDERS GARDEN SET ,Garden & Outdoor,763
22055,-1.9921094619381872,0.17621966102943398,1.7751219512195122,30.051320781965185,99,80,fitted,MINI CAKE STAND  HANGING STRAWBERY,General Giftware,762
21982,-2.107090647078286,0.1347128565093838,0.3019786096256684,109.94133848545421,93,72,fitted,PACK OF 12 SUKI TISSUES ,General Giftware,758
22295,-6.704688443722874,0.25893221821886914,1.65,65.81777178902092,94,50,fitted,HEART FILIGREE DOVE LARGE,General Giftware,758
22752,-4.375899670256521,0.22926482675047466,8.5,28.598431774731498,69,47,fitted,SET 7 BABUSHKA NESTING BOXES,General Giftware,757
21955,-4.029450236745359,0.4819980817202325,7.95,14.987496537084237,102,83,fitted,DOORMAT UNION JACK GUNS AND ROSES,General Giftware,755
22151,-3.350259487031667,0.42943176313233056,0.42000000000000004,225.5075274078439,103,63,fitted,PLACE SETTING WHITE HEART,General Giftware,754
22969,-2.935526936665075,0.07286684137828181,1.4744559585492227,192.228665310141,55,49,fitted,HOMEMADE JAM SCENTED CANDLES,Lighting & Candles,753
22424,-2.1537897253259954,0.23857127077287654,14.0758,15.633248498037995,82,61,fitted,ENAMEL BREAD BIN CREAM,General Giftware,753
22549,-4.439447480167986,0.3363318057412812,1.50536231884058,53.290881148376656,89,74,fitted,PICTURE DOMINOES,General Giftware,752
84050,-3.8871445894981504,0.5222211599297988,1.6499999999999997,51.730140997343256,96,78,fitted,PINK HEART SHAPE EGG FRYING PAN,General Giftware,751
22619,-2.817372839851847,0.09240301254441052,3.8343181818181815,34.26459344866775,83,57,fitted,SET OF 6 SOLDIER SKITTLES,General Giftware,750
48111,-4.479008655449079,0.6160580300372106,7.621348837209302,20.55142033459807,102,91,fitted,DOORMAT 3 SMILEY CATS,General Giftware,747
84520B,-3.944990946961178,0.21511937902723854,0.9023125000000001,71.50585523676548,64,56,fitted,PACK 20 ENGLISH ROSE PAPER NAPKINS,General Giftware,747
22492,-8.63245436540874,0.3195333955470906,0.65,365.7302364163399,83,58,fitted,MINI PAINT SET VINTAGE ,General Giftware,746
84596B,-1.793422296213774,0.5425156341453539,1.2136974789915969,18.01707708776524,100,66,fitted,SMALL DOLLY MIX DESIGN ORANGE BOWL,Kitchen & Dining,745
21916,-6.2234068397137206,0.5790933951862507,0.42700645161290324,75.93619522433066,104,78,fitted,SET 12 RETRO WHITE CHALK STICKS,General Giftware,745
21539,-2.5755590753252204,0.17705300609305674,4.950000000000001,23.18299369604586,99,69,fitted,RED RETROSPOT BUTTER DISH,General Giftware,745
21671,-2.9762171280516734,0.38155672006534247,1.3204477611940297,91.4169998147537,91,79,fitted,RED SPOT CERAMIC DRAWER KNOB,General Giftware,745
21934,-1.7703701978624733,0.11845288702519219,1.8446321070234113,32.3880663077977,104,95,fitted,SKULL SHOULDER BAG,Bags,742
22749,-4.88993588293721,0.10469824204444833,3.75,41.04169331850019,64,42,fitted,FELTCRAFT PRINCESS CHARLOTTE DOLL,Toys & Games,740
47559B,-6.022040654134649,0.3822882482075226,1.25,41.781951228608584,99,68,fitted,TEA TIME OVEN GLOVE,General Giftware,738
22064,-3.627854964494538,0.3655299969304344,1.7155999999999998,39.61842581227923,103,87,fitted,PINK DOUGHNUT TRINKET POT ,General Giftware,733
21164,-5.340830612735984,0.1812195850304874,2.9500000000000006,35.04036520320768,104,58,fitted,HOME SWEET HOME METAL SIGN ,Home Decor,733
22131,-4.64096754872019,0.6122145316532253,2.111428571428571,31.0171167296025,103,85,fitted,FOOD CONTAINER SET 3 LOVE HEART ,General Giftware,732
23284,-3.8145362865144135,0.17116191390372326,7.6795575630252095,99.99860112218,28,28,fitted,DOORMAT KEEP CALM AND COME IN,General Giftware,731
22665,-2.3585153795482436,0.31011796840839057,3.28160759493671,33.73534518228718,72,68,fitted,RECIPE BOX BLUE SKETCHBOOK DESIGN,Home Decor,731
84949,-5.8419211560862045,0.2878438204447519,1.6499999999999997,76.21344679683058,102,71,fitted,SILVER HANGING T-LIGHT HOLDER,Lighting & Candles,731
23344,-7.695682649305028,0.5713738658195606,2.1133683831955725,247.24789685609093,26,26,fitted,JUMBO BAG 50'S CHRISTMAS ,Christmas & Seasonal,728
22508,-2.9384110189712143,0.10513473170824372,3.948592105263158,21.240027120899043,90,63,fitted,DOORSTOP RETROSPOT HEART,General Giftware,728
84947,-4.086793498978705,0.27167623314420175,1.2397727272727272,100.63230502165445,102,77,fitted,ANTIQUE SILVER TEA GLASS ENGRAVED,Bottles & Glassware,727
21385,-3.7646980203635017,0.23962079645937706,0.8718918918918919,85.83151557245309,97,76,fitted,IVORY HANGING DECORATION  HEART,Home Decor,726
20679,-5.5517567717129825,0.4050896425482944,5.950000000000001,28.80934855932794,103,66,fitted,EDWARDIAN PARASOL RED,General Giftware,725
82578,-3.5632656998731256,0.31510231990368576,0.5829341926729987,38.849502362490476,102,75,fitted,KITCHEN METAL SIGN,Kitchen & Dining,723
21901,-3.6692040571556856,0.26431735995167804,0.662948717948718,43.63897234383055,103,59,fitted,"KEY FOB , BACK DOOR ",General Giftware,723
20979,-5.104336799148119,0.4622289761938939,1.283611111111111,64.2994698343297,103,75,fitted,36 PENCILS TUBE RED RETROSPOT,General Giftware,723
85049A,-3.119107458969427,0.0892572632168196,1.2561764705882352,25.04566604846779,84,42,fitted,TRADITIONAL CHRISTMAS RIBBONS,Christmas & Seasonal,715
22371,-2.2418292233468797,0.20316916227114634,4.852571428571428,15.89832914902601,92,59,fitted,AIRLINE BAG VINTAGE TOKYO 78,Bags,715
35970,-3.378859211592237,0.43708751277459235,1.7462499999999999,61.65930384796104,75,36,fitted,ZINC FOLKART SLEIGH BELLS,General Giftware,714
22333,-6.6275714812909285,0.34981138760040353,1.6499999999999997,58.295630010429754,103,70,fitted,RETROSPOT PARTY BAG + STICKER SET,Bags,714
22030,-4.773641005726488,0.21229708632601285,0.42,101.64602355723937,97,55,fitted,SWALLOWS GREETING CARD,Cards & Stationery,713
22804,-5.905170768300906,0.4008704211231452,2.95,50.67855236950167,63,52,fitted,CANDLEHOLDER PINK HANGING HEART,Lighting & Candles,713
22776,-1.7432302399815303,0.089287222213142,10.006339285714287,25.09095985538298,60,50,fitted,SWEETHEART CAKESTAND 3 TIER,General Giftware,712
22169,-2.6229956854988625,0.16478034721065415,8.561338383838384,19.674835325576318,98,75,fitted,FAMILY ALBUM WHITE PICTURE FRAME,Home Decor,711
20973,-2.3146812720872716,,0.6724202127659575,102.7625,80,54,category_fallback_implausible_fit,12 PENCIL SMALL TUBE WOODLAND,General Giftware,707
48188,-4.372596996843889,0.6035183429759656,7.73,18.188281977055055,103,88,fitted,DOORMAT WELCOME PUPPIES,General Giftware,705
22380,-4.929338584369322,0.5209273761779644,2.1655506883604505,34.33679144213589,98,75,fitted,TOY TIDY SPACEBOY  ,Toys & Games,703
20675,-3.8711489834316786,0.42033731078441494,1.279589434395636,50.649186019118666,104,78,fitted,BLUE POLKADOT BOWL,Kitchen & Dining,699
22079,-4.529982078001737,0.48759251242868706,1.7054976851851853,37.441020076866636,104,70,fitted,RIBBON REEL HEARTS DESIGN ,Home Decor,698
85014A,-6.047970745326363,0.30941169577040284,5.95,19.01537449610611,102,43,fitted,BLACK/BLUE POLKADOT UMBRELLA,General Giftware,697
21980,-4.181086159444317,0.3288517834323825,0.2949532546963739,158.90617335259563,102,70,fitted,PACK OF 12 RED RETROSPOT TISSUES ,General Giftware,697
47590A,-6.554377825869011,0.49169107477562735,5.45,32.26431097115417,88,53,fitted,BLUE HAPPY BIRTHDAY BUNTING,General Giftware,697
84032A,-2.627392049730437,0.14957487645721879,3.251714285714286,11.406816622455526,90,61,fitted,CHARLIE+LOLA PINK HOT WATER BOTTLE,Bottles & Glassware,697
22663,-4.136368396372113,0.20839582733680484,2.0499234099234096,59.76567125914511,72,63,fitted,JUMBO BAG DOLLY GIRL DESIGN,Bags,695
22274,-3.6224167109149943,0.1441999159567814,2.9500000000000006,22.73633173694763,103,54,fitted,FELTCRAFT DOLL EMILY,Toys & Games,693
22750,-4.762541646939708,0.06599796156942916,3.75,34.76854204392349,63,39,fitted,FELTCRAFT PRINCESS LOLA DOLL,Toys & Games,691
22198,-3.7259130803054266,0.24868374163454454,1.7039676582969432,92.98044505960681,60,55,fitted,LARGE POPCORN HOLDER ,General Giftware,691
22631,-5.080121360156053,0.36709697474654457,2.0275526695526693,63.319548779485366,76,74,fitted,CIRCUS PARADE LUNCH BOX ,Storage & Boxes,690
84945,-2.3027512729017876,0.3417052737434343,0.85,162.52636836523655,91,56,fitted,MULTI COLOUR SILVER T-LIGHT HOLDER,Lighting & Candles,689
21992,-2.623030710964223,0.512579642916384,2.6065625000000003,14.40846072386546,100,68,fitted,VINTAGE PAISLEY STATIONERY SET,General Giftware,688
21506,-7.507233654456109,0.3735166119877461,0.42338842975206614,79.07151802504364,104,61,fitted,"FANCY FONT BIRTHDAY CARD, ",Cards & Stationery,687
22327,-2.176084586581708,0.35360082338964005,3.2225925925925933,27.418213999042997,99,83,fitted,ROUND SNACK BOXES SET OF 4 SKULLS,General Giftware,687
23208,-5.672470586771406,0.46854728933978607,1.6648124999999996,168.15833408823593,35,32,fitted,LUNCH BAG VINTAGE LEAF DESIGN,Bags,686
21328,-2.287542481153706,0.31636647641955806,1.9623809523809523,16.398706491078226,101,76,fitted,BALLOONS  WRITING SET ,General Giftware,685
21259,-3.4263622825885998,0.2081561175583283,5.950000000000001,17.5497927603063,104,59,fitted,VICTORIAN SEWING BOX SMALL ,Storage & Boxes,685
22834,-4.200089713110075,0.3404473325552301,2.1,38.96981647997313,48,35,fitted,HAND WARMER BABUSHKA DESIGN,Home Decor,683
21326,-2.887438910443581,0.22713686902905394,0.6500000000000001,134.52787526476854,102,75,fitted,AGED GLASS SILVER T-LIGHT HOLDER,Lighting & Candles,681
21098,-2.1552191063128423,0.09799583767596987,1.486328125,41.544521913452826,57,40,fitted,CHRISTMAS TOILET ROLL,Christmas & Seasonal,680
22171,-4.277334017578716,0.3014522492569933,8.5,17.053012982954808,101,60,fitted,3 HOOK PHOTO SHELF ANTIQUE WHITE,General Giftware,679
21937,-4.461318626566153,0.31656119139857775,3.028888888888889,32.40326965216466,77,61,fitted,STRAWBERRY   PICNIC BAG,Bags,677
22627,-2.587450654569631,0.10110832006270676,8.758768905021174,19.21099813245069,72,48,fitted,MINT KITCHEN SCALES,Kitchen & Dining,676
22766,-4.416196805227285,0.14307734011645878,2.9500000000000006,56.68679271769979,61,38,fitted,PHOTO FRAME CORNICE,Home Decor,676
22109,-2.683984445720491,0.21754238887198107,4.157333333333333,19.87734622740724,103,80,fitted,FULL ENGLISH BREAKFAST PLATE,Kitchen & Dining,675
20983,-2.719575392560525,0.0866115732626116,0.8500000000000001,46.23395927742703,103,52,fitted,12 PENCILS TALL TUBE RED RETROSPOT,General Giftware,675
22301,-4.067122603822214,0.36901421341279195,2.6143589743589737,36.6485155378761,103,76,fitted,COFFEE MUG CAT + BIRD DESIGN,Kitchen & Dining,675
22951,-5.650098552794981,0.4121506705235872,0.5554350403034614,114.6786497740446,64,51,fitted,60 CAKE CASES DOLLY GIRL DESIGN,Home Decor,674
21989,-3.3478201733896715,0.36639084716950665,0.8925454545454545,51.138197704459145,101,83,fitted,PACK OF 20 SKULL PAPER NAPKINS,General Giftware,674
22227,-2.582762321130106,0.21323553044307053,0.7114451827242525,46.57584634516199,104,87,fitted,HANGING HEART MIRROR DECORATION ,Home Decor,673
21380,-5.770016409204304,0.4079855311160383,2.9900073059360732,35.120201363903625,102,65,fitted,WOODEN HAPPY BIRTHDAY GARLAND,General Giftware,669
21870,-3.4173147138780986,0.39898513501469735,1.25,69.86622643237278,77,47,fitted,I CAN ONLY PLEASE ONE PERSON MUG,Kitchen & Dining,669
21242,-4.061545238684636,0.4084498447318825,1.7351351351351347,55.514912819581426,103,86,fitted,RED RETROSPOT PLATE ,Kitchen & Dining,669
35961,-3.6236176653003693,0.3321358515650228,0.9116216216216215,60.33593551523665,102,83,fitted,FOLKART ZINC HEART CHRISTMAS DEC,Christmas & Seasonal,668
21932,-3.257933470462161,0.4523244652099444,2.9499999999999997,11.233148465159342,92,55,fitted,SCANDINAVIAN PAISLEY PICNIC BAG,Bags,661
84832,-4.33637795708423,0.38396334941546617,0.8967647058823529,48.55567522445534,104,79,fitted,ZINC WILLIE WINKIE  CANDLE STICK,Lighting & Candles,659
22661,-5.864110920833707,0.31667380824588154,0.85,79.10688479559994,72,60,fitted,CHARLOTTE BAG DOLLY GIRL DESIGN,Bags,655
22429,-1.6950974262848952,0.045345379847815726,4.403505291005291,17.634182370314388,82,42,fitted,ENAMEL MEASURING JUG CREAM,Jewellery & Accessories,655
21770,-3.8919752414583955,0.14599250202699732,4.950000000000001,29.967178379954653,65,41,fitted,OPEN CLOSED METAL SIGN,Home Decor,654
23307,-5.0329324991234685,0.21600032061338004,0.5568029204209703,299.05795628141146,28,27,fitted,SET OF 60 PANTRY DESIGN CAKE CASES ,Home Decor,654
22605,-3.8188285618663436,0.2913351273949496,13.85,13.736488003926953,85,71,fitted,WOODEN CROQUET GARDEN SET,Garden & Outdoor,651
21124,-6.898107699032601,0.3882819607700042,1.25,71.1757608027698,102,26,fitted,SET/10 BLUE SPOTTY PARTY CANDLES,Lighting & Candles,651
21876,-1.522694688382837,0.18709691508788584,1.3448314606741574,33.41200333915317,103,73,fitted,POTTERING MUG,Jewellery & Accessories,649
21899,-2.9998952474632343,0.29059144314451746,0.6616091954022989,44.98774339363789,103,57,fitted,"KEY FOB , GARAGE DESIGN",Home Decor,649
22739,-4.867186765311025,0.6687058883894308,1.9233333333333331,56.81199183345513,49,40,fitted,RIBBON REEL CHRISTMAS SOCK BAUBLE,Christmas & Seasonal,648
23321,-1.0295604041765378,0.010638930437590899,1.6638983050847458,144.44709188995455,27,25,fitted,SMALL WHITE HEART OF WICKER,General Giftware,648
21411,-3.207776617951156,0.4507597909997476,4.398339393939394,15.183842224279875,100,56,fitted,GINGHAM HEART  DOORSTOP RED,General Giftware,648
21874,-2.6572833445845534,0.15996415012499832,1.3207465277777777,36.805179666088215,104,73,fitted,GIN AND TONIC MUG,Kitchen & Dining,647
22729,-2.938484446548425,0.5640704932348867,4.042192307692307,37.217001406567086,62,49,fitted,ALARM CLOCK BAKELIKE ORANGE,Home Decor,647
21137,-8.89407906454319,0.272676881701472,3.490681818181818,118.95901577522562,99,80,fitted,BLACK RECORD COVER FRAME,Home Decor,646
22940,-5.226006163078506,0.1732714051426376,4.25,31.333728676463792,48,31,fitted,FELTCRAFT CHRISTMAS FAIRY,Christmas & Seasonal,646
21933,-3.32049670919644,0.4804773374727125,2.9499999999999997,11.309878223147901,97,58,fitted,PINK VINTAGE PAISLEY PICNIC BAG,Bags,646
21622,-1.8939062232798582,0.06232954187163098,4.95,20.095349444388656,94,43,fitted,VINTAGE UNION JACK CUSHION COVER,Home Decor,645
84536A,-4.237570081343578,0.46548403358475565,0.4412772785622593,47.007134608209896,102,74,fitted,ENGLISH ROSE NOTEBOOK A7 SIZE,Cards & Stationery,644
21108,-2.401981408133538,0.45776280836464045,2.7068060064935064,30.076709899673798,100,71,fitted,FAIRY CAKE FLANNEL ASSORTED COLOUR,General Giftware,643
22644,-2.3129155678314235,0.32587981229729923,1.5745652173913043,40.475433270690914,81,68,fitted,CERAMIC CHERRY CAKE MONEY BANK,General Giftware,643
22037,-5.53717947691558,0.6522406260649853,0.43108108108108106,66.29164125513655,94,50,fitted,ROBOT BIRTHDAY CARD,Cards & Stationery,642
22191,-8.15696732218359,0.17543194925140881,8.5,15.522332025133421,86,32,fitted,IVORY DINER WALL CLOCK,Home Decor,642
20828,-4.53658947240398,0.45844788094836886,2.6160526315789467,30.974862494168494,101,75,fitted,GLITTER BUTTERFLY CLIPS,General Giftware,638
22193,-4.181461499542001,0.2030681777181922,8.5,19.871010267992897,78,47,fitted,RED DINER WALL CLOCK,Home Decor,634
20969,-1.9176749858384587,0.04457984869961651,3.75,18.68189695923665,101,47,fitted,RED FLORAL FELTCRAFT SHOULDER BAG,Bags,634
22431,-3.3504961063345156,0.36308691921782477,2.008963585434173,29.053844190665355,92,62,fitted,WATERING CAN BLUE ELEPHANT,Jewellery & Accessories,633
22654,-2.096668246490941,0.14152431227498252,6.602416020671835,22.74027873120035,72,60,fitted,DELUXE SEWING KIT ,General Giftware,632
22358,-3.174952545239346,0.5293612631568023,3.2932605042016814,21.26563454022789,100,79,fitted,KINGS CHOICE TEA CADDY ,General Giftware,632
22088,-4.9388864146939815,0.2958615245668287,3.0839920634920635,38.451138776804,80,72,fitted,PAPER BUNTING COLOURED LACE,General Giftware,632
21509,-5.6415241324181,0.6167519495882297,0.42000000000000004,70.9938975900355,103,71,fitted,COWBOYS AND INDIANS BIRTHDAY CARD ,Cards & Stationery,631
22141,-4.735645632340149,0.4565887467719465,2.2515762993576214,53.64315649922801,40,29,fitted,CHRISTMAS CRAFT TREE TOP ANGEL,Christmas & Seasonal,631
22637,-2.2425637818479673,0.16394337648946544,2.5500000000000003,42.05660409009786,79,61,fitted,PIGGY BANK RETROSPOT ,General Giftware,630
84032B,-3.2756921733999795,0.27903527696056385,2.9500000000000006,11.147921857579082,91,53,fitted,CHARLIE + LOLA RED HOT WATER BOTTLE,Bottles & Glassware,627
22329,-4.326842289974253,0.40391239053842676,1.7000267379679141,36.26209726946199,98,81,fitted,ROUND CONTAINER SET OF 5 RETROSPOT,General Giftware,626
22534,-6.623980777879709,0.4115700366799597,0.42000000000000004,103.54977055886839,89,55,fitted,MAGIC DRAWING SLATE SPACEBOY ,General Giftware,620
84596F,-1.6992473499408165,0.5171851075790911,1.25,14.03827457260436,100,61,fitted,SMALL MARSHMALLOWS PINK BOWL,Kitchen & Dining,617
21756,-3.196382346048341,0.1292888828676304,6.161428571428572,16.68135768850163,83,44,fitted,BATH BUILDING BLOCK WORD,Bath & Body,615
22418,-7.538875577479116,0.61477018103468,0.8583505154639174,121.15547641438276,83,61,fitted,10 COLOUR SPACEBOY PEN,Cards & Stationery,615
22584,-4.484177017110829,0.41934085469693716,2.5500000000000003,44.4899582859297,89,53,fitted,PACK OF 6 PANNETONE GIFT BOXES,General Giftware,613
22156,-2.8955076047203154,0.17107340113588476,0.8905,42.05497784488577,103,79,fitted,HEART DECORATION WITH PEARLS ,Home Decor,613
84997A,-6.6333723862958,0.4208119025454934,3.818305084745763,43.226614053687356,93,54,fitted,GREEN 3 PIECE MINI DOTS CUTLERY SET,Kitchen & Dining,612
20682,-4.04881835546307,0.32738501204343085,3.3340873015873016,25.097039345061006,102,58,fitted,RED RETROSPOT CHILDRENS UMBRELLA,General Giftware,610
22692,-2.6816840413189937,0.5639175071051912,8.329571428571429,22.283309840197617,72,69,fitted,DOORMAT WELCOME TO OUR HOME,General Giftware,609
16237,-4.475162878679355,0.543990598664241,0.21873015873015872,81.33886907434213,103,82,fitted,SLEEPING CAT ERASERS,General Giftware,606
21390,-3.8729787365192245,0.13845013074254464,1.2555040161406983,77.96788436379506,102,64,fitted,FILIGRIS HEART WITH BUTTERFLY,General Giftware,606
20982,-2.316171872412297,0.04061940841055589,0.85,32.076688128956974,100,47,fitted,12 PENCILS TALL TUBE SKULLS,General Giftware,604
20970,-2.656957888319135,0.10671248018396551,3.75,17.29740293122007,104,37,fitted,PINK FLORAL FELTCRAFT SHOULDER BAG,Bags,602
21993,-3.1467843228926595,0.6513704415954011,2.5509375,10.528081474916524,96,65,fitted,FLORAL FOLK STATIONERY SET,General Giftware,599
22622,-4.815972145730249,0.24378945050955458,10.143548387096773,23.5653504346238,83,55,fitted,BOX OF VINTAGE ALPHABET BLOCKS,Storage & Boxes,597
22174,-1.2432209242513634,0.06846325705708334,2.1125,25.29454527136645,91,77,fitted,PHOTO CUBE,General Giftware,596
22746,-4.700620739954627,0.19678887791609945,2.1780769230769232,26.869567872073485,63,46,fitted,POPPY'S PLAYHOUSE LIVINGROOM ,General Giftware,596
23200,-5.98340980480957,0.4793509967922899,2.08,174.14767130776778,32,31,fitted,JUMBO BAG PEARS,Bags,595
22579,-2.8672761344293125,0.514749273135076,0.85,40.37893722575082,43,31,fitted,WOODEN TREE CHRISTMAS SCANDINAVIAN,Christmas & Seasonal,593
21704,-6.2524373165941345,0.4478714737583772,0.8499999999999999,73.10345065329874,98,72,fitted,BAG 250g SWIRLY MARBLES,Bags,591
21981,-2.6937601958154245,0.2576002341500696,0.30268292682926823,100.50413514365887,93,67,fitted,PACK OF 12 WOODLAND TISSUES ,General Giftware,589
22668,-4.234640843910869,0.615598715213626,3.184276094276094,40.03308135094672,74,65,fitted,PINK BABY BUNTING,General Giftware,588
21033,-2.797323062266814,0.4983496631500782,2.95,23.05260222561247,87,75,fitted,JUMBO BAG CHARLIE AND LOLA TOYS,Bags,587
23204,-1.3754011255042464,0.30456626839261436,0.9918848167539266,207.737595499786,35,35,fitted,CHARLOTTE BAG APPLES DESIGN,Bags,586
21507,-6.142339296518001,0.6737384212882567,0.42000000000000004,69.5304246017744,104,59,fitted,"ELEPHANT, BIRTHDAY CARD, ",Cards & Stationery,585
21703,-3.8658234989808093,0.1707231419351536,0.42,75.35658187977181,103,60,fitted,BAG 125g SWIRLY MARBLES,Bags,583
21329,-1.8309990740667512,0.2052471625336343,1.8058225108225106,14.634661057160368,100,64,fitted,DINOSAURS  WRITING SET ,General Giftware,583
22170,-3.343062367686458,0.2795404125782892,6.75,19.325512872136617,97,56,fitted,PICTURE FRAME WOOD TRIPLE PORTRAIT,Home Decor,583
21890,-2.3681549970942757,0.12935884567534306,3.25,18.7600910033879,101,55,fitted,S/6 WOODEN SKITTLES IN COTTON BAG,Bags,583
22179,-2.8346953309134424,0.3589767115092082,7.274615384615384,16.2970196574643,100,63,fitted,SET 10 LIGHTS NIGHT OWL,Lighting & Candles,582
22188,-5.17525256499318,0.6382310906336167,3.95,20.930609012072647,96,59,fitted,BLACK HEART CARD HOLDER,Cards & Stationery,581
23322,-5.385361141652149,0.17496980892529423,2.982857142857143,95.47997502136222,27,24,fitted,LARGE WHITE HEART OF WICKER,General Giftware,579
22725,-1.6522096513128248,0.049484443185065174,4.005156250000001,32.79588316660852,63,51,fitted,ALARM CLOCK BAKELIKE CHOCOLATE,Home Decor,579
20978,-2.918206927554891,0.24494330909860673,1.3090595238095237,29.669903678909257,102,57,fitted,36 PENCILS TUBE SKULLS,General Giftware,578
22041,-3.089774828226958,0.4431439094067625,2.508130081300813,60.64876129183101,101,86,fitted,"RECORD FRAME 7"" SINGLE SIZE ",Home Decor,577
22366,-3.038160595504422,0.2867556983995707,7.95,14.411491115243653,99,86,fitted,DOORMAT AIRMAIL ,General Giftware,575
22435,-4.718772622293293,0.24887133936965977,1.2646176470588235,45.969017849731294,84,54,fitted,SET OF 9 HEART SHAPED BALLOONS,General Giftware,572
22563,-5.556591842291454,0.25577308250880704,1.25,31.002041660312372,88,35,fitted,HAPPY STENCIL CRAFT,General Giftware,571
22983,-4.810336884950206,0.45259617791692675,0.43378771551724143,90.17250494118974,64,52,fitted,CARD BILLBOARD FONT,Cards & Stationery,571
22602,-5.339299705139727,0.6873321117619493,0.8847352795645719,69.31402962078982,72,53,fitted,CHRISTMAS RETROSPOT HEART WOOD,Christmas & Seasonal,568
37448,-3.2744399264190305,0.2516733564478584,1.4900000000000002,37.63098576898002,97,64,fitted,CERAMIC CAKE DESIGN SPOTTED MUG,Kitchen & Dining,567
21258,-1.3195881464387038,0.05121285215150928,13.732714285714287,12.48392640284585,73,50,fitted,VICTORIAN SEWING BOX LARGE,Storage & Boxes,566
22528,-3.2826773600815504,0.6615745848018488,1.2786605110043006,149.53453113001052,36,28,fitted,GARDENERS KNEELING PAD,Garden & Outdoor,563
21519,-4.328433469478404,0.28020329402390887,0.42561643835616436,63.50810153603795,100,65,fitted,GIN & TONIC DIET GREETING CARD ,Cards & Stationery,562
23293,-2.78915482542737,0.22482401959334508,0.8387745576020222,343.24407393532476,22,22,fitted,SET OF 12 FAIRY CAKE BAKING CASES,Kitchen & Dining,562
37370,-0.9176643152297609,0.09220739193787186,1.5006896551724136,48.518746740795486,85,63,fitted,RETRO COFFEE MUGS ASSORTED,Kitchen & Dining,561
22623,-3.1858275908693545,0.1419950669581107,5.202916666666667,19.363135032214885,82,42,fitted,BOX OF VINTAGE JIGSAW BLOCKS ,Storage & Boxes,561
21260,-2.7140097872199145,0.10745519994977037,3.25,21.023146919338963,103,50,fitted,FIRST AID TIN,Storage & Boxes,560
22378,-2.3993437136231153,0.43602507931525003,2.283478260869565,21.84589549692623,94,77,fitted,WALL TIDY RETROSPOT ,General Giftware,560
22089,-3.476656176778987,0.23832135578164848,2.999253564439474,25.556312659111015,100,68,fitted,PAPER BUNTING VINTAGE PAISLEY,General Giftware,560
22851,-5.728912941027157,0.5186959415645298,0.8661501210653753,52.06437068472373,68,50,fitted,SET 20 NAPKINS FAIRY CAKES DESIGN ,Home Decor,560
21381,-4.63914743082546,0.3952622070103331,1.7697619047619049,31.409438460679926,104,80,fitted,MINI WOODEN HAPPY BIRTHDAY GARLAND,General Giftware,557
85232B,-3.636347334591405,0.24954197301234537,4.998947956082128,41.229082722753695,56,46,fitted,SET/3 RUSSIAN DOLL STACKING TINS,Toys & Games,556
21257,-1.2379769797648348,0.06582815569079081,9.147785714285714,10.023903348081365,102,64,fitted,VICTORIAN SEWING BOX MEDIUM,Storage & Boxes,556
22192,-1.3096128008460257,0.015645998694254204,8.5,13.782095295430855,84,33,fitted,BLUE DINER WALL CLOCK,Home Decor,555
21041,-0.9047591567585523,0.04526199508074347,3.6314814814814813,18.70511820245422,77,65,fitted,RED RETROSPOT OVEN GLOVE DOUBLE,General Giftware,554
48129,-4.43070641040398,0.3443033317744312,7.49,14.578739199334182,101,73,fitted,DOORMAT TOPIARY,General Giftware,553
21623,-7.066783397747661,0.5601191291212757,9.95,11.969179212038444,92,43,fitted,VINTAGE UNION JACK MEMOBOARD,General Giftware,553
21116,-2.2653882590366683,0.21764251581497818,6.0633333333333335,9.965427799226918,103,70,fitted,OWL DOORSTOP,General Giftware,552
85048,-3.097347725916133,0.2192087371107272,7.95,21.817536797788954,60,42,fitted,15CM CHRISTMAS GLASS BALL 20 LIGHTS,Christmas & Seasonal,551
20751,-2.557561226554933,0.08693937917122352,2.1,19.639773238392667,102,37,fitted,FUNKY WASHING UP GLOVES ASSORTED,General Giftware,551
22300,-3.9852078483324482,0.2839796428445842,2.598269230769231,31.002169702236017,99,64,fitted,COFFEE MUG DOG + BALL DESIGN,Kitchen & Dining,551
22571,-5.123097528490693,0.3679070877183165,0.8720358056265984,76.57496526166652,50,41,fitted,ROCKING HORSE RED CHRISTMAS ,Christmas & Seasonal,551
23240,-4.945764245942627,0.29800060056289723,4.073636363636363,147.32735129374234,27,26,fitted,SET OF 4 KNICK KNACK TINS DOILY ,General Giftware,550
22072,-1.1813511051929593,0.06564856692350851,3.8895918367346938,17.641062624855266,97,60,fitted,RED RETROSPOT TEA CUP AND SAUCER ,Kitchen & Dining,549
22110,-2.084176312067807,0.2548844457268844,3.45,12.603962445323516,89,53,fitted,BIRD HOUSE HOT WATER BOTTLE,Garden & Outdoor,548
21700,-0.9932575839282561,0.1479017526823957,1.026937984496124,49.32017713768556,96,68,fitted,BIG DOUGHNUT FRIDGE MAGNETS,General Giftware,547
21658,-3.4580968470394695,0.5131818515301039,4.262095238095238,24.238921313616064,80,65,fitted,GLASS  BEURRE DISH,Bottles & Glassware,546
20961,-3.452674719106078,0.34167348546796683,1.36,21.943452453861834,99,61,fitted,STRAWBERRY BATH SPONGE ,Bath & Body,545
22142,-4.179944860721127,0.3587232071061399,1.45,52.096462240971604,42,25,fitted,CHRISTMAS CRAFT WHITE FAIRY ,Christmas & Seasonal,543
22998,-4.566292267654363,0.2054115465344729,0.42376146788990826,212.75703955302464,43,41,fitted,TRAVEL CARD WALLET KEEP CALM,Cards & Stationery,543
21508,-5.170507954562824,0.5221691286112302,0.42704918032786887,52.56622617946471,102,65,fitted,VINTAGE KID DOLLY CARD ,Cards & Stationery,543
22080,-3.483793166657327,0.3527167763873964,1.655578231292517,41.318652575224334,80,41,fitted,RIBBON REEL SPOTS DESIGN ,Home Decor,541
85049G,-5.004827762026266,0.14038692979387835,1.25,27.814800837115214,91,38,fitted,CHOCOLATE BOX RIBBONS ,Cards & Stationery,540
22419,-2.800134350096514,0.20165242161534136,0.49083694083694085,45.93812377268261,82,69,fitted,LIPSTICK PEN RED,Cards & Stationery,539
22567,-5.761855204663228,0.28098549911690596,1.2847735059002665,47.413003532602275,80,53,fitted,20 DOLLY PEGS RETROSPOT,General Giftware,539
22303,-5.213236613093483,0.3235900201448142,2.55,36.7488642518378,99,49,fitted,COFFEE MUG APPLES DESIGN,Kitchen & Dining,539
20963,-3.5391278148005663,0.37023471277520026,1.3646640316205532,23.246540528086438,102,61,fitted,APPLE BATH SPONGE,Bath & Body,538
22837,-4.506030049139415,0.216590614386438,4.685125,31.383185428190785,31,21,fitted,HOT WATER BOTTLE BABUSHKA ,Bottles & Glassware,538
82599,-3.6676168035148304,0.32778318685118735,2.2205714285714286,26.78667175547281,73,59,fitted,FANNY'S REST STOPMETAL SIGN,Home Decor,538
22335,-4.112726876351927,0.44943279422640625,0.6955769230769231,52.318345229257815,102,73,fitted,HEART DECORATION PAINTED ZINC ,Home Decor,536
22738,-4.520954606017666,0.420028165444735,1.789642857142857,61.865887929160344,45,36,fitted,RIBBON REEL SNOWY VILLAGE,Cards & Stationery,535
22795,-1.0404570651447371,0.02069903904631809,6.76375786163522,28.961071125067416,48,38,fitted,SWEETHEART RECIPE BOOK STAND,General Giftware,533
22771,-3.062195914977306,0.24157977429307098,1.3377265372168283,113.13130401431486,60,55,fitted,CLEAR DRAWER KNOB ACRYLIC EDWARDIAN,General Giftware,532
22737,-4.3274100357725525,0.4946447798730893,1.7516281087333718,54.97713207935846,46,34,fitted,RIBBON REEL CHRISTMAS PRESENT ,Christmas & Seasonal,531
20981,-2.726065678840502,0.12472798169097798,0.8500000000000001,35.15892132668312,101,48,fitted,12 PENCILS TALL TUBE WOODLAND,General Giftware,530
84792,-4.43649162057025,0.3545987424218048,4.65,17.534584723893765,102,53,fitted,ENCHANTED BIRD COATHANGER 5 HOOK,General Giftware,529
22755,-2.3817076002091206,0.1343074260895415,0.8631191222570533,26.491011365466775,68,48,fitted,SMALL PURPLE BABUSHKA NOTEBOOK ,Cards & Stationery,528
21561,-4.5549977672201685,0.48989942477220316,2.55,23.21439856101266,101,55,fitted,DINOSAUR LUNCH BOX WITH CUTLERY,Kitchen & Dining,528
21714,-1.0983387958417465,0.07771953848170932,1.4108510638297873,25.195928876677982,95,65,fitted,CITRONELLA CANDLE GARDEN POT,Lighting & Candles,528
84030E,-4.104034829616135,0.3434938889539354,4.25,21.522339515603985,65,35,fitted,ENGLISH ROSE HOT WATER BOTTLE,Bottles & Glassware,528
21494,-1.3106107454497324,0.15190628363871295,1.8002027618399299,18.81977764020725,90,62,fitted,ROTATING LEAVES T-LIGHT HOLDER,Lighting & Candles,527
22432,-4.485615336994252,0.37790713778477114,1.9500000000000002,27.38264172815787,89,51,fitted,WATERING CAN PINK BUNNY,Jewellery & Accessories,527
22712,-5.467249494687916,0.3045979098045001,0.4330303030303031,73.74793011202794,69,58,fitted,CARD DOLLY GIRL ,Cards & Stationery,527
21179,-1.9037110468832497,0.4004675923603238,1.25,18.436483837969835,87,58,fitted,NO JUNK MAIL METAL SIGN,Home Decor,526
22061,-2.65228693698404,0.2636532185914564,9.95,11.301464228267292,99,49,fitted,LARGE CAKE STAND  HANGING STRAWBERY,General Giftware,525
37503,-5.198026810469518,0.3879282948503877,10.75,57.895590572300385,34,32,fitted,TEA TIME CAKE STAND IN GIFT BOX,Storage & Boxes,524
22161,-1.9130543356731295,0.47105336040737367,0.7151612903225807,17.857745671372474,91,71,fitted,HEART DECORATION RUSTIC HANGING ,Home Decor,523
22634,-3.8401299541871237,0.23925118978179605,9.836428571428572,13.935035744657812,81,51,fitted,CHILDS BREAKFAST SET SPACEBOY ,General Giftware,523
21114,-1.6657423491242422,0.3014284213701879,1.25,45.492204583408146,99,29,fitted,LAVENDER SCENTED FABRIC HEART,General Giftware,522
21544,-3.2149720689248915,0.18337157231064105,0.8547586206896551,44.31059423931822,102,59,fitted,SKULLS  WATER TRANSFER TATTOOS ,General Giftware,522
21327,-1.8796479487184024,0.15023978787250225,1.7657142857142856,13.413563301590896,103,68,fitted,SKULLS WRITING SET ,General Giftware,521
22941,-4.391701752870119,0.2702597969454701,8.682852998065764,39.77466821145546,32,25,fitted,CHRISTMAS LIGHTS 10 REINDEER,Christmas & Seasonal,520
21990,-2.832632513015241,0.49071946907785646,2.51,9.743925137174847,93,58,fitted,MODERN FLORAL STATIONERY SET,General Giftware,519
85049C,-4.641111492419359,0.2306950578856638,1.25,23.843113689897066,97,26,fitted,ROMANTIC PINKS RIBBONS ,Cards & Stationery,519
22754,-2.9983771442080465,0.2094338268312711,0.8647272727272728,27.70654884283343,67,46,fitted,SMALL RED BABUSHKA NOTEBOOK ,Cards & Stationery,519
72351B,-7.563503647443144,0.30043069614419315,2.1,26.66454021554862,101,56,fitted,SET/6 PINK  BUTTERFLY T-LIGHTS,Lighting & Candles,519
22649,-2.850612788562954,0.17025833701806736,4.95,20.405174962236217,81,43,fitted,STRAWBERRY FAIRY CAKE TEAPOT,Kitchen & Dining,518
85199S,-3.1139316317795083,0.2728607925081409,0.4666666666666667,36.55499451090478,101,74,fitted,SMALL HANGING IVORY/RED WOOD BIRD,General Giftware,517
22844,-1.8154800492153926,0.15858988401867125,9.429901960784314,17.83928740556812,60,47,fitted,VINTAGE CREAM DOG FOOD CONTAINER,General Giftware,516
21592,-3.960012297598675,0.11948773942104018,1.25,24.019009256329245,98,13,fitted,RETROSPOT CIGAR BOX MATCHES ,Storage & Boxes,515
22028,-3.962687594455947,0.25897207578923975,0.42422680412371133,55.555073220133636,95,53,fitted,PENNY FARTHING BIRTHDAY CARD,Cards & Stationery,514
22059,-3.228794415619863,0.32250295899015935,1.49,30.150853647132276,99,63,fitted,CERAMIC STRAWBERRY DESIGN MUG,Kitchen & Dining,514
22115,-1.346193556287486,0.4134412733402504,3.114444444444445,11.009163127162415,101,69,fitted,METAL SIGN EMPIRE TEA,Home Decor,514
22812,-3.7108743954874766,0.35047162283026323,2.107477693891558,84.03382497730587,38,32,fitted,PACK 3 BOXES CHRISTMAS PANNETONE,Christmas & Seasonal,513
22580,-4.098136092314139,0.2541130236620722,5.95,25.959374749010372,46,29,fitted,ADVENT CALENDAR GINGHAM SACK,Christmas & Seasonal,512
21071,-3.4703790420689025,0.34730049290980003,1.342142857142857,22.315673099052773,96,64,fitted,VINTAGE BILLBOARD DRINK ME MUG,Kitchen & Dining,511
21967,-2.4916459494753673,0.15504079742238797,0.2983870967741935,58.68936382625523,93,53,fitted,PACK OF 12 SKULL TISSUES,General Giftware,511
48173C,-6.3538132808649515,0.5965770822975704,7.476,12.170055302804386,96,69,fitted,DOORMAT BLACK FLOCK ,General Giftware,509
22908,-5.9601968978013415,0.49660527054807024,0.8500000000000001,65.7035394570229,62,47,fitted,PACK OF 20 NAPKINS RED APPLES,General Giftware,509
22636,-4.0065377970651985,0.1572736305372231,8.5,13.829500291060228,78,40,fitted,CHILDS BREAKFAST SET CIRCUS PARADE,General Giftware,509
21844,-4.229575626834184,0.2674354514764664,2.9500000000000006,35.672455285241874,101,61,fitted,RED RETROSPOT MUG,Kitchen & Dining,509
21243,-5.327575812741769,0.5936280959716691,1.6900000000000002,46.85309363395016,101,71,fitted,PINK  POLKADOT PLATE ,Kitchen & Dining,508
22635,-7.930256418765067,0.2442161907624366,9.95,11.402313527298066,78,43,fitted,CHILDS BREAKFAST SET DOLLY GIRL ,General Giftware,507
22361,-2.4344857973863587,0.32082281541479596,3.481282051282051,15.00292186507879,89,74,fitted,GLASS JAR DAISY FRESH COTTON WOOL,Bottles & Glassware,507
72760B,-3.7131485172383307,0.298366983905785,9.95,12.628307060397681,89,48,fitted,VINTAGE CREAM 3 BASKET CAKE STAND,Storage & Boxes,507
22588,-3.7229266216453363,0.23947775449134168,2.89,30.00058767902774,54,38,fitted,CARD HOLDER GINGHAM HEART,Cards & Stationery,506
22906,-4.268966158646271,0.30626780279964216,1.7121372482075796,34.17326129946615,62,46,fitted,12 MESSAGE CARDS WITH ENVELOPES,Cards & Stationery,505
22073,-3.2619256190185606,0.45110075598850385,3.991875,26.953962524635934,71,55,fitted,RED RETROSPOT STORAGE JAR,Storage & Boxes,505
22065,-2.7322073398982782,0.6380590731699352,1.45,27.261024024680708,60,40,fitted,CHRISTMAS PUDDING TRINKET POT ,Christmas & Seasonal,504
22078,-4.3545729692370845,0.3288296109239268,2.1441220238095235,35.4987432092913,88,59,fitted,RIBBON REEL LACE DESIGN ,Home Decor,504
22353,-2.7602434241403864,0.257729824532797,2.635084745762712,31.245217401424373,59,39,fitted,LUNCH BOX WITH CUTLERY FAIRY CAKES ,Kitchen & Dining,503
20829,-4.833922421192112,0.27828966605666106,2.1000000000000005,27.88228114590535,102,61,fitted,GLITTER HANGING BUTTERFLY STRING,Jewellery & Accessories,503
48116,-3.825571023674602,0.4297191014179942,7.4872,17.20114921960952,88,71,fitted,DOORMAT MULTICOLOUR STRIPE,General Giftware,502
20977,-3.5842769651341886,0.23774125507704214,1.2823076923076921,33.28722441544674,95,53,fitted,36 PENCILS TUBE WOODLAND,General Giftware,500
23356,-5.495122306215794,0.1885357441501464,5.762177601809954,123.80262966417409,16,15,fitted,LOVE HOT WATER BOTTLE,Bottles & Glassware,500
21746,-4.779014667401316,0.5765492884247965,1.2749456521739129,46.02592677388883,98,58,fitted,SMALL RED RETROSPOT WINDMILL,General Giftware,499
21500,-8.920384235249061,0.2652464695021983,0.42,102.25319250443188,101,17,fitted,PINK POLKADOT WRAP ,General Giftware,498
21716,-3.7749447323895216,0.5242463385458518,2.683888888888889,28.066751016087608,97,72,fitted,BOYS VINTAGE TIN SEASIDE BUCKET,Storage & Boxes,498
85061W,-3.355155656295587,0.2688811525757805,0.8965775401069518,41.89915701177865,100,75,fitted,WHITE JEWELLED HEART DECORATION,Jewellery & Accessories,497
22207,-2.909298766208269,0.2714647152937273,4.25,21.075882647148262,100,67,fitted,FRYING PAN UNION FLAG,General Giftware,497
21745,-5.431498607567812,0.15012696240208778,3.75,16.192752901732653,102,36,fitted,GAOLERS KEYS DECORATIVE GARDEN ,Garden & Outdoor,497
22898,-2.582584214295536,0.28661856320656376,2.0755555555555554,42.3029666865569,63,54,fitted,CHILDRENS APRON APPLES DESIGN,Kitchen & Dining,497
22441,-4.015624764087673,0.21662885870005888,2.1000000000000005,25.3885341201285,84,39,fitted,GROW YOUR OWN BASIL IN ENAMEL MUG,Kitchen & Dining,497
22465,-3.6129445959102977,0.31847740439656325,1.6500000000000001,40.864748093578214,87,53,fitted,HANGING METAL STAR LANTERN,Lighting & Candles,497
82567,-1.4995845741165585,0.08882956496640626,2.1,9.062933091595786,100,59,fitted,"AIRLINE LOUNGE,METAL SIGN",Home Decor,497
21902,-3.11649429374312,0.21460359945361096,0.65,32.108313223732246,100,40,fitted,"KEY FOB , FRONT  DOOR ",General Giftware,495
22751,-4.295789677578426,0.17584802319869053,3.75,22.45524186582894,65,35,fitted,FELTCRAFT PRINCESS OLIVIA DOLL,Toys & Games,494
21786,-4.176167579544729,0.573275086376963,0.4744827586206897,40.83356474487607,99,81,fitted,POLKADOT RAIN HAT ,General Giftware,493
22530,-5.492299284247271,0.2763605723421896,0.42000000000000004,63.29502041911219,87,52,fitted,MAGIC DRAWING SLATE DOLLY GIRL ,General Giftware,493
37449,-4.2410658917991535,0.10386565128702097,9.95,12.515670497068385,86,48,fitted,CERAMIC CAKE STAND + HANGING CAKES,General Giftware,493
22904,-1.9235808594475081,0.018705311246780654,2.9500000000000006,35.38442054200751,60,33,fitted,CALENDAR PAPER CUT DESIGN,Home Decor,492
22988,-4.871480007122699,0.2721455928033756,1.25,126.43926583204122,46,41,fitted,SOLDIERS EGG CUP ,Kitchen & Dining,492
22847,-4.7083765364240175,0.15460995454851412,16.06111111111111,18.705096017808106,51,42,fitted,BREAD BIN DINER STYLE IVORY,General Giftware,491
21497,-2.3146812720872716,,0.42,176.25,100,14,category_fallback_implausible_fit,FANCY FONTS BIRTHDAY WRAP,General Giftware,490
21787,-6.1316954082104695,0.49506863944149637,0.8511589819562986,78.36895925329279,86,71,fitted,RAIN PONCHO RETROSPOT,General Giftware,490
84510A,-3.042087875649501,0.415822552615542,1.3622727272727273,20.731945425427757,102,75,fitted,SET OF 4 ENGLISH ROSE COASTERS,General Giftware,488
23198,-0.49249040033307856,0.0117187790937624,1.5025714285714287,125.07628840492227,25,25,fitted,PANTRY MAGNETIC  SHOPPING LIST,General Giftware,488
21715,-3.7279386157709298,0.4833110532570418,2.6821052631578945,24.396453890061775,99,69,fitted,GIRLS VINTAGE TIN SEASIDE BUCKET,Storage & Boxes,487
21832,-3.1365325598479314,0.2743494127707822,1.7655714285714286,19.860959541580662,98,53,fitted,CHOCOLATE CALCULATOR,General Giftware,485
23343,-5.3755265659724465,0.32650208948614656,2.1776568005637778,114.83016034543043,26,25,fitted,JUMBO BAG VINTAGE CHRISTMAS ,Christmas & Seasonal,485
21917,-6.375620119023885,0.5323715196971421,0.4270689655172414,56.50284408234271,99,66,fitted,SET 12 KIDS  WHITE CHALK STICKS,General Giftware,485
21866,-0.36266092715440496,0.013056458802104487,1.4516666666666669,15.409436391631607,99,75,fitted,UNION JACK FLAG LUGGAGE TAG,General Giftware,484
22494,-2.3277694306288685,0.2595986101478771,1.3364285714285715,21.05583420239016,97,58,fitted,EMERGENCY FIRST AID TIN ,Storage & Boxes,483
85227,-3.0486879372211964,0.24764910719271171,0.8847496183206106,26.35334285640744,96,52,fitted,SET OF 6 3D KIT CARDS FOR KIDS,General Giftware,483
23263,-2.375411544782531,,1.3054740038512813,128.75,28,20,category_fallback_implausible_fit,SET OF 3 WOODEN HEART DECORATIONS,Home Decor,482
21986,-1.118851595246973,0.0618957794922701,0.2987298387096774,62.679380346488166,102,57,fitted,PACK OF 12 PINK POLKADOT TISSUES,General Giftware,480
21577,-2.3921125791940985,0.1946292261368987,2.25,18.55807537328935,99,48,fitted,SAVE THE PLANET COTTON TOTE BAG,Bags,480
22241,-2.170454621955755,0.06973221134703678,1.289375,19.762976784763946,65,36,fitted,GARLAND WOODEN HAPPY EASTER,Christmas & Seasonal,477
84270,-5.404376087914699,0.36251156314602173,0.21202205882352942,357.5105888029395,51,38,fitted,ASSTD DESIGN BUBBLE GUM RING,Jewellery & Accessories,477
20674,-4.005530744157693,0.43296163953261324,1.2866666666666666,28.58607650771634,103,61,fitted,GREEN POLKADOT BOWL,Kitchen & Dining,476
22185,-3.5158079735800585,0.29954651529985,1.65,30.140521922606048,97,68,fitted,SLATE TILE NATURAL HANGING,General Giftware,475
21428,-4.267045937192787,0.494151685654324,4.25,24.496591652814608,85,55,fitted,SET3 BOOK BOX GREEN GINGHAM FLOWER ,Storage & Boxes,475
17003,-2.56280225556149,0.22264542504549212,0.2213808715336729,335.8575290696714,98,75,fitted,BROCADE RING PURSE ,Jewellery & Accessories,475
22121,-2.982325319369692,0.1504051259872745,5.95,14.57086109719674,57,31,fitted,NOEL WOODEN BLOCK LETTERS ,General Giftware,475
84971S,-4.212451336139138,0.3898865043515457,0.8745454545454544,45.34770687246903,103,68,fitted,SMALL HEART FLOWERS HOOK ,General Giftware,474
22045,-3.114237677208787,,0.42,138.18367346938774,98,4,category_fallback_insufficient_price_variation,SPACEBOY GIFT WRAP,Cards & Stationery,473
22357,-2.788854275950106,0.23042342471210409,4.425652173913043,11.749683152795656,97,59,fitted,KINGS CHOICE BISCUIT TIN,Storage & Boxes,473
23205,-1.5374923378367298,0.3591828475044483,0.981875,155.1282967210225,35,35,fitted,CHARLOTTE BAG VINTAGE ALPHABET ,Bags,472
23243,-5.188407813057765,0.2566439291684036,5.107837837837838,102.04495505765135,27,26,fitted,SET OF TEA COFFEE SUGAR TINS PANTRY,General Giftware,471
22444,-3.4371374789784888,0.09565209079066128,1.2688059701492536,129.94732772046606,53,40,fitted,GROW YOUR OWN PLANT IN A CAN ,General Giftware,470
22816,-6.517899938536545,0.7214486138505408,0.4200000000000001,159.17267247155883,39,25,fitted,CARD MOTORBIKE SANTA,Christmas & Seasonal,469
21407,-2.1349537353521786,0.14603421763490332,4.636833333333334,9.152728958390894,96,59,fitted,BROWN CHECK CAT DOORSTOP ,General Giftware,469
21718,-3.6558987530298306,0.4430435618891162,1.3305714285714285,30.25019391932672,94,59,fitted,RED METAL BEACH SPADE ,General Giftware,468
22791,-1.9925785346942868,0.05122276802600756,1.2296928327645051,130.01138473697927,53,44,fitted,T-LIGHT GLASS FLUTED ANTIQUE,Lighting & Candles,468
21499,-8.74786253542215,0.3426327935085284,0.42,103.96851513661204,97,12,fitted,BLUE POLKADOT WRAP,General Giftware,468
84580,-3.7574844986078038,,3.794111111111111,11.081632653061224,98,46,category_fallback_implausible_fit,MOUSE TOY WITH PINK T-SHIRT,Toys & Games,466
22437,-6.075032692360209,0.5086847693074499,0.8605872973691202,59.22673368885124,86,61,fitted,SET OF 9 BLACK SKULL BALLOONS,General Giftware,464
22130,-0.9138421935084386,0.07892865290275919,0.85,64.45136752363958,64,35,fitted,PARTY CONE CHRISTMAS DECORATION ,Christmas & Seasonal,463
15060B,-1.051791146538381,0.0710837037225941,4.274444444444445,10.591767794291691,96,54,fitted,FAIRY CAKE DESIGN UMBRELLA,Home Decor,462
21984,-3.1562502449898795,0.33278747337133385,0.29,83.49795207167706,101,52,fitted,PACK OF 12 PINK PAISLEY TISSUES ,General Giftware,460
22716,-5.543191509907434,0.2867333586670918,0.4283673469387755,60.806378991108524,77,44,fitted,CARD CIRCUS PARADE,Cards & Stationery,460
21833,-3.275069732491729,0.14538897887339852,1.6900000000000002,42.5973665726415,97,46,fitted,CAMOUFLAGE LED TORCH,General Giftware,460
22548,-3.722347329435751,0.29572440718650506,1.25,28.669582130928944,83,37,fitted,HEADS AND TAILS SPORTING FUN,General Giftware,458
22669,-2.6349723719117906,0.17152753896879058,3.0852380952380947,24.425836914462685,73,48,fitted,RED BABY BUNTING ,General Giftware,457
22208,-1.5257324708581537,0.24296858858026082,1.6499999999999997,12.902814983260338,89,40,fitted,WOOD STAMP SET THANK YOU,General Giftware,457
23295,-5.32347286781119,0.5268335255749895,0.8403668631884995,254.0874868591612,22,22,fitted,SET OF 12 MINI LOAF BAKING CASES,Kitchen & Dining,455
20992,-2.4149924408513197,0.4803512898110125,0.85,17.450629125418605,96,38,fitted,JAZZ HEARTS PURSE NOTEBOOK,Cards & Stationery,455
20966,-5.32792638579064,0.6628607241330475,1.4799742268041236,27.875719489754463,72,54,fitted,SANDWICH BATH SPONGE,Bath & Body,454
22855,-2.244839921467846,0.016883847896167703,1.25,67.07564515302785,47,32,fitted,FINE WICKER HEART ,General Giftware,453
85175,-1.0786341954476872,0.06650075104579867,0.42,125.50991581332336,93,39,fitted,CACTI T-LIGHT CANDLES,Lighting & Candles,453
22365,-3.362346032327144,0.41726026578044917,7.95,11.424891459851601,97,75,fitted,DOORMAT RESPECTABLE HOUSE,General Giftware,453
22600,-5.297261513293334,0.5767557862498303,0.8592206185567011,82.026272509342,52,33,fitted,CHRISTMAS RETROSPOT STAR WOOD,Christmas & Seasonal,452
21244,-4.937136347702811,0.5423540851196194,1.6900000000000002,39.759945378977314,98,60,fitted,BLUE POLKADOT PLATE ,Kitchen & Dining,452
22398,-1.0376893698447336,0.1863995944404604,1.25,22.837505515453444,83,28,fitted,MAGNETS PACK OF 4 SWALLOWS,General Giftware,451
79000,-2.629078696464813,0.20510422645242055,0.85,92.7962456603196,87,59,fitted,MOROCCAN TEA GLASS,Bottles & Glassware,450
22331,-4.43826952695301,0.4111190272681441,1.6500000000000001,30.48178168764918,101,63,fitted,WOODLAND PARTY BAG + STICKER SET,Bags,450
22596,-1.2578523208609145,0.04408529777605574,1.25,57.536741597940235,43,24,fitted,CHRISTMAS STAR WISH LIST CHALKBOARD,Christmas & Seasonal,449
47556B,-9.134752947348847,0.4481773437503237,2.9500000000000006,52.34628680404413,50,28,fitted,TEA TIME TEA TOWELS ,Bath & Body,447
23170,-5.707821638806407,0.5666210948352954,1.6433649289099526,200.69081805337032,31,31,fitted,REGENCY TEA PLATE ROSES ,Kitchen & Dining,446
22244,-3.7775803838982687,0.22174111549891062,1.9717204301075268,33.80096082276629,84,60,fitted,3 HOOK HANGER MAGIC GARDEN,Garden & Outdoor,446
22493,-5.173591127273742,0.2875001833088764,1.65,40.187939351123696,83,40,fitted,PAINT YOUR OWN CANVAS SET,General Giftware,446
22024,-3.8446477801611585,0.5565530567758654,0.42672131147540987,47.48066081020776,97,60,fitted,RAINY LADIES BIRTHDAY CARD,Cards & Stationery,445
22374,-0.8102255194281376,0.0448797409633962,4.680353535353536,9.373653848744265,92,51,fitted,AIRLINE BAG VINTAGE JET SET RED,Bags,445
22601,-4.7304565244864305,0.4594174077195511,0.8864485981308411,68.48681531112608,51,36,fitted,CHRISTMAS RETROSPOT ANGEL WOOD,Christmas & Seasonal,445
22360,-3.179857740591115,0.3907434226424369,3.129558823529412,20.59525218765752,88,67,fitted,GLASS JAR ENGLISH CONFECTIONERY,Bottles & Glassware,445
21115,-1.9630781151959222,0.17821503778037107,6.75,8.018877355637136,100,38,fitted,ROSE CARAVAN DOORSTOP,General Giftware,444
22690,-6.10252417780501,0.6382365171553841,7.7374074074074075,15.43299648316288,69,57,fitted,DOORMAT HOME SWEET HOME BLUE ,General Giftware,444
21906,-2.5210855077500676,0.2256882896178205,7.292593406593406,10.839940621800205,94,45,fitted,PHARMACIE FIRST AID TIN,Storage & Boxes,443
23182,-1.854387424820574,0.5092807003066472,0.9583464566929132,88.22411674396906,41,40,fitted,TOILET SIGN OCCUPIED OR VACANT,Home Decor,443
22899,-4.397926094493895,0.3378330886005443,2.1000000000000005,35.9972136741586,62,43,fitted,CHILDREN'S APRON DOLLY GIRL ,Kitchen & Dining,442
22593,-4.854321729709987,0.3570488796832817,0.8816406249999998,82.70638011489787,49,40,fitted,CHRISTMAS GINGHAM STAR,Christmas & Seasonal,442
22377,-3.2507853243646623,0.5070682813366634,2.179615384615385,18.160114255601503,96,67,fitted,BOTTLE BAG RETROSPOT ,Bags,441
22736,-3.8347764887581133,0.4110494426179191,1.775371610845295,35.90352011799554,46,34,fitted,RIBBON REEL MAKING SNOWMEN ,Cards & Stationery,440
22670,-4.0641552742463825,0.2963387372082843,1.2994083333333335,39.12623611784721,68,50,fitted,FRENCH WC SIGN BLUE METAL,Home Decor,440
22023,-5.026940889744994,0.7369374185768989,0.4274336810730254,44.02320248452807,100,52,fitted,EMPIRE BIRTHDAY CARD,Cards & Stationery,440
21452,-4.0536067165367315,0.2941413521248021,3.0823648103309123,16.394757555321366,88,54,fitted,TOADSTOOL MONEY BOX,Storage & Boxes,439
16161P,-9.855247928442207,0.02413524929135058,0.42,111.88092958204638,88,2,fitted,WRAP ENGLISH ROSE ,General Giftware,439
22574,-4.857386403422194,0.47655113026772444,0.894552548772813,64.59050335484606,52,31,fitted,HEART WOODEN CHRISTMAS DECORATION,Christmas & Seasonal,438
22550,-2.216225211403167,0.07414895578596536,3.75,15.244952625403318,87,37,fitted,HOLIDAY FUN LUDO,General Giftware,438
37446,-2.780829559153329,0.15714644668133837,1.45,27.394440282982373,77,49,fitted,MINI CAKE STAND WITH HANGING CAKES,General Giftware,435
22433,-4.252752360372133,0.45606876183018563,1.95,24.375437904477863,87,49,fitted,WATERING CAN GREEN DINOSAUR,Jewellery & Accessories,434
22964,-5.885876458688232,0.4051706390046451,2.1812,32.35521122739089,55,41,fitted,3 PIECE SPACEBOY COOKIE CUTTER SET,General Giftware,433
22245,-4.837872102980508,0.4252970530394796,0.8852173913043478,44.211647252684955,75,53,fitted,"HOOK, 1 HANGER ,MAGIC GARDEN",Garden & Outdoor,431
21340,-3.1369482361984615,0.24425220209986898,11.15,17.06259006604673,78,49,fitted,CLASSIC METAL BIRDCAGE PLANT HOLDER,General Giftware,431
22895,-4.191583595052124,0.2474383181255183,3.25,24.157914967499945,63,37,fitted,SET OF 2 TEA TOWELS APPLE AND PEARS,Bath & Body,431
22531,-5.5123081156960145,0.3446728168298633,0.42000000000000004,55.118637452609654,87,32,fitted,MAGIC DRAWING SLATE CIRCUS PARADE  ,General Giftware,431
21313,-2.649000932805426,0.34265863984443046,0.8730434782608695,54.731508464099846,96,73,fitted,GLASS HEART T-LIGHT HOLDER ,Lighting & Candles,431
21864,-1.489578979840089,0.11331795188979232,2.291818181818182,12.825498563959298,99,58,fitted,UNION JACK FLAG PASSPORT COVER ,General Giftware,430
22468,-2.9641397337879076,0.1367872097741767,6.75,12.49195524773253,86,41,fitted,BABUSHKA LIGHTS STRING OF 10,Lighting & Candles,429
21903,-3.4067513412163897,0.19037987819543123,2.1000000000000005,19.399706297193134,100,54,fitted,MAN FLU METAL SIGN,Home Decor,429
23309,-3.442450119010302,0.4686924606256474,0.49489056087551303,289.3418549413946,28,28,fitted,SET OF 60 I LOVE LONDON CAKE CASES ,General Giftware,428
22573,-4.15573569547902,0.3158962285660084,0.9096600566572237,52.43835191125833,49,35,fitted,STAR WOODEN CHRISTMAS DECORATION,Christmas & Seasonal,428
21363,-1.2119235667710873,0.037151135109161904,5.166262077294686,9.182081505035432,80,40,fitted,HOME SMALL WOOD LETTERS,General Giftware,428
35400,-2.5152758431915747,0.11169780359443704,9.056535947712419,22.815253686851086,31,22,fitted,WOODEN BOX ADVENT CALENDAR ,Christmas & Seasonal,427
22594,-3.9313068658326227,0.34188767775768436,0.9115714285714284,64.7545419179436,50,36,fitted,CHRISTMAS GINGHAM TREE,Christmas & Seasonal,427
21988,-5.011960645831119,0.3897821510312073,0.85,36.323704786108436,101,53,fitted,PACK OF 6 SKULL PAPER PLATES,Kitchen & Dining,427
21875,-3.021309159717723,0.30248902249817866,1.2870175438596492,26.89339989946128,99,58,fitted,KINGS CHOICE MUG,Kitchen & Dining,427
22421,-2.4375225814127814,0.2200302460698862,0.473056586270872,38.55413412121359,80,63,fitted,LIPSTICK PEN FUSCHIA,Cards & Stationery,427
23493,-2.3146812720872716,,1.9994170107480687,275.8333333333333,12,12,category_fallback_implausible_fit,VINTAGE DOILY TRAVEL SEWING KIT,General Giftware,426
22747,-4.38692140210578,0.20986346562848812,2.1571525974025976,18.799567778880043,62,46,fitted,POPPY'S PLAYHOUSE BATHROOM,Bath & Body,425
22753,-2.9908905510573542,0.31745752551224704,0.85,21.37077335552479,65,36,fitted,SMALL YELLOW BABUSHKA NOTEBOOK ,Cards & Stationery,425
21829,-5.355048180621232,0.5404247295607867,0.21216302046577276,146.27803672702086,96,52,fitted,DINOSAUR KEYRINGS ASSORTED,General Giftware,424
21811,-2.9792986314866146,0.5856829257769194,1.25,20.161066715478242,77,35,fitted,HANGING HEART WITH BELL,General Giftware,424
23173,-5.39372247647015,0.5643638826192459,9.367719298245614,70.56114975019192,31,30,fitted,REGENCY TEAPOT ROSES ,Kitchen & Dining,424
22818,-5.91856296806188,0.6709987451963183,0.42310670648927506,140.77832465521556,40,20,fitted,CARD CHRISTMAS VILLAGE,Christmas & Seasonal,423
22485,-1.9694865022799488,0.1686853591118136,12.75,10.501185315418525,91,45,fitted,SET OF 2 WOODEN MARKET CRATES,General Giftware,423
23439,-6.834105954532365,0.07734848315149667,2.1000000000000005,159.60888567570223,16,15,fitted,HAND WARMER RED LOVE HEART,General Giftware,423
16156S,-8.891013855961695,0.36752248691143286,0.42,92.50221219479917,97,20,fitted,WRAP PINK FAIRY CAKES ,General Giftware,423
21042,-2.501506459272195,0.1934225274800082,5.95,11.574451451151559,94,43,fitted,RED RETROSPOT APRON ,Kitchen & Dining,420
21135,-1.1886527930614954,0.12791674668300423,1.69,34.87729637453723,103,9,fitted,VICTORIAN  METAL POSTCARD SPRING,Jewellery & Accessories,420
85040A,-1.6455336767114404,0.10377075193573293,1.683469387755102,15.956052583995953,99,52,fitted,S/4 PINK FLOWER CANDLES IN BOWL,Lighting & Candles,420
22412,-3.9638858387852625,0.23688529010543768,2.169198924731183,19.496994094274587,90,58,fitted,METAL SIGN NEIGHBOURHOOD WITCH ,Home Decor,419
22840,-3.670259671694251,0.1281113980532148,7.95,14.458968823415187,59,31,fitted,ROUND CAKE TIN VINTAGE RED,Kitchen & Dining,419
22236,-6.035561496012147,0.10606339885853,12.75,7.089781009195492,89,28,fitted,CAKE STAND 3 TIER MAGIC GARDEN,Garden & Outdoor,419
22180,-1.59005178593769,0.07254546628457703,9.95,8.321580689661008,95,40,fitted,RETROSPOT LAMP,Lighting & Candles,419
21878,-4.7612657697758145,0.47284340145281467,0.8890977443609023,36.24136548978047,82,60,fitted,PACK OF 6 SANDCASTLE FLAGS ASSORTED,General Giftware,418
23319,-8.54497199891215,0.15625217728570673,2.4899999999999998,68.09236306190714,23,19,fitted,BOX OF 6 MINI 50'S CRACKERS,Storage & Boxes,417
22224,-1.3865243363370525,0.07486383951141617,3.000909090909091,18.964927862866066,101,67,fitted,WHITE LOVEBIRD LANTERN,Lighting & Candles,416
47568,-3.777943527696543,0.09094142766108904,2.1435051546391755,46.28133076609378,37,31,fitted,ENGLISH ROSE DESIGN PEG BAG,Bags,416
22603,-5.4210193661322625,0.6184433399880597,0.8773505001064057,65.48160841859149,48,35,fitted,CHRISTMAS RETROSPOT TREE WOOD,Christmas & Seasonal,416
85049D,-3.076754845586566,0.06261792190358839,1.25,18.202236247933172,85,20,fitted,BRIGHT BLUES RIBBONS ,Cards & Stationery,415
22199,-2.6037548463355713,0.2672629925971499,4.270625,12.058261341043073,97,55,fitted,FRYING PAN RED RETROSPOT,General Giftware,415
21624,-2.7929547591102675,0.1574589021590419,5.95,9.522269200333575,91,38,fitted,VINTAGE UNION JACK DOORSTOP,General Giftware,415
79067,-2.457856390868503,0.195763113183414,4.027647058823529,23.72369552859544,55,43,fitted,CORONA MEXICAN TRAY,General Giftware,414
22996,-3.762700572895116,0.09464448750307064,0.4351851851851852,84.00792169565548,43,41,fitted,TRAVEL CARD WALLET VINTAGE TICKET,Cards & Stationery,414
22581,-3.7914573751644345,0.31713977449951014,0.85,46.18900962182833,44,32,fitted,WOOD STOCKING CHRISTMAS SCANDISPOT,Christmas & Seasonal,414
23328,-2.2316348529077747,,4.552031514127022,158.05555555555554,18,18,category_fallback_implausible_fit,SET 6 SCHOOL MILK BOTTLES IN CRATE,Bottles & Glassware,413
85038,-3.7407757928358882,0.21539804542712715,2.1,17.96643841967742,89,48,fitted,6 CHOCOLATE LOVE HEART T-LIGHTS,Lighting & Candles,413
84536B,-1.4438060163023605,0.07028519235244624,0.4551428571428571,21.128263646545662,101,62,fitted,FAIRY CAKES NOTEBOOK A7 SIZE,Cards & Stationery,413
37450,-3.773464835780739,0.4781447537697231,2.95,19.525356678919596,97,57,fitted,CERAMIC CAKE BOWL + HANGING CAKES,Kitchen & Dining,412
72351A,-4.021454777455567,0.21791717645589948,2.1,20.275950032202367,101,49,fitted,SET/6 TURQUOISE BUTTERFLY T-LIGHTS,Lighting & Candles,411
23313,-1.0913596846605491,0.0042071573464463885,4.95,93.42694647695059,22,18,fitted,VINTAGE CHRISTMAS BUNTING,Christmas & Seasonal,411
22466,-3.160019562332039,0.1621276342851825,1.95,34.83631944592817,84,44,fitted,FAIRY TALE COTTAGE NIGHTLIGHT,Lighting & Candles,410
22809,-2.965833295012475,0.027221771809470274,3.008061538461538,42.53752488124156,36,28,fitted,SET OF 6 T-LIGHTS SANTA,Christmas & Seasonal,410
22243,-9.629675210005102,0.2043719422673963,1.65,28.91764436526117,80,48,fitted,5 HOOK HANGER RED MAGIC TOADSTOOL,General Giftware,410
85231B,-2.1812138500738634,0.11267314212122048,0.85,14.287663669299585,90,39,fitted,CINAMMON SET OF 9 T-LIGHTS,Lighting & Candles,409
22845,-1.5943783973056207,0.0830979824495518,6.976444444444445,12.900029221420645,60,48,fitted,VINTAGE CREAM CAT FOOD CONTAINER,General Giftware,409
21713,-2.851558787754217,0.3873442606844798,2.1,20.000643204430013,87,43,fitted,CITRONELLA CANDLE FLOWERPOT,Lighting & Candles,408
22562,-5.657745134755624,0.15415431255955425,1.25,20.626028251442033,86,26,fitted,MONSTERS STENCIL CRAFT,General Giftware,407
22813,-3.7888384512826745,0.3117995875446664,1.9927615384615383,39.83358966812114,64,43,fitted,PACK 3 BOXES BIRD PANNETONE ,General Giftware,407
84509A,-2.035595962093575,0.20210951933301147,3.75,12.669920538984929,103,52,fitted,SET OF 4 ENGLISH ROSE PLACEMATS,General Giftware,406
84839,-2.3056244533250534,0.07618914355160811,6.395294117647058,26.943029079233607,39,35,fitted,SWEETHEART KEY CABINET,General Giftware,405
21591,-2.5827688984064956,,1.25,46.91549295774648,71,1,category_fallback_insufficient_price_variation,COSY HOUR CIGAR BOX MATCHES ,Storage & Boxes,405
22222,-2.351199339282611,0.4073777282793055,4.95,8.604707435681831,101,50,fitted,CAKE PLATE LOVEBIRD WHITE,Kitchen & Dining,404
22318,-2.7396921335604234,0.2782414812185451,3.1057894736842107,12.88907179842227,99,50,fitted,FIVE HEART HANGING DECORATION,Home Decor,403
22315,-2.688609139623367,0.1441255011858089,1.25,14.335835831336743,98,37,fitted,200 RED + WHITE BENDY STRAWS,General Giftware,402
22278,-1.8096056040949984,0.26757323860518256,5.800714285714285,7.801368206465306,100,53,fitted,OVERNIGHT BAG VINTAGE ROSE PAISLEY,Bags,402
22491,-8.395234407714643,0.4404128779137083,0.85,48.158139017291035,83,30,fitted,PACK OF 12 COLOURED PENCILS,General Giftware,401
22203,-1.9728036519568515,0.1749501425211215,3.9928235294117647,9.057503150941004,98,49,fitted,MILK PAN RED RETROSPOT,General Giftware,401
21068,-3.597707633431482,0.44475224326913787,1.316315789473684,16.509959859436297,97,54,fitted,VINTAGE BILLBOARD LOVE/HATE MUG,Kitchen & Dining,400
22132,-4.073152003956624,0.5517511585731207,0.9099999999999999,26.430402314187027,99,55,fitted,RED LOVE HEART SHAPE CUP,Kitchen & Dining,400
21987,-4.8318749521413515,0.17124289325907094,0.65,36.269177461396595,100,37,fitted,PACK OF 6 SKULL PAPER CUPS,General Giftware,399
22572,-4.747246099663065,0.46103214553299676,0.8745454545454545,47.91439718158145,49,32,fitted,ROCKING HORSE GREEN CHRISTMAS ,Christmas & Seasonal,399
22653,-3.9574184698877994,0.29318514913414284,1.95,24.32712289375746,68,41,fitted,BUTTON BOX ,Storage & Boxes,398
85053,-2.3238982949702427,0.15236363666832942,2.1655520833333335,18.07764650131466,72,50,fitted,FRENCH ENAMEL CANDLEHOLDER,Lighting & Candles,397
21578,-3.3271309568517204,0.44173330433000846,2.25,20.26330462200066,93,33,fitted,WOODLAND DESIGN  COTTON TOTE BAG,Bags,397
20668,-2.118700004008624,0.12251767783777923,0.12,101.65870829839848,74,42,fitted,DISCO BALL CHRISTMAS DECORATION,Christmas & Seasonal,397
21922,-3.196855355487242,0.2926384764150086,7.95,11.972612982613468,78,46,fitted,UNION STRIPE WITH FRINGE  HAMMOCK,General Giftware,396
22784,-2.9717321211802554,0.33708408853125293,4.95,24.059839778521805,57,43,fitted,LANTERN CREAM GAZEBO ,Lighting & Candles,395
22107,-2.6013284592260977,0.3228574058642951,3.896647300068353,10.040011724995034,88,49,fitted,PIZZA PLATE IN BOX,Kitchen & Dining,395
23308,-5.250069578656285,0.24798664248896518,0.557790590181482,152.60453283039882,28,26,fitted,SET OF 60 VINTAGE LEAF CAKE CASES ,General Giftware,394
22536,-6.394832773640682,0.20448864552929713,0.42,49.43691536935589,84,30,fitted,MAGIC DRAWING SLATE PURDEY,General Giftware,393
22076,-3.3312772843442784,0.3704292664477319,1.65,14.767637330219099,98,53,fitted,6 RIBBONS EMPIRE  ,Cards & Stationery,393
22302,-5.737979886658353,0.17244315843920588,2.55,24.295582047457053,90,47,fitted,COFFEE MUG PEARS  DESIGN,Kitchen & Dining,393
22276,-2.032271119721975,0.0911365674157828,2.55,11.762344109123722,92,38,fitted,WASH BAG VINTAGE ROSE PAISLEY,Bags,392
22943,-3.903197529208398,0.43762115817116376,4.95,35.5509760930152,40,26,fitted,CHRISTMAS LIGHTS 10 VINTAGE BAUBLES,Christmas & Seasonal,390
85174,-2.2267835346310894,0.4074800859794907,4.9861538461538455,12.459600189846137,91,58,fitted,S/4 CACTI CANDLES,Lighting & Candles,390
22283,-2.0193856259913883,0.22625715683227532,7.950000000000001,8.540867953110089,98,37,fitted,6 EGG HOUSE PAINTED WOOD,General Giftware,389
22979,-3.0803551537855385,0.08187012178140018,1.5024999999999997,69.84529259266739,41,38,fitted,PANTRY WASHING UP BRUSH,General Giftware,389
22332,-5.306513063230848,0.2513277494643823,1.65,22.343700367285578,99,43,fitted,SKULLS PARTY BAG + STICKER SET,Bags,389
21584,-2.3146812720872716,,1.65,36.41860465116279,86,5,category_fallback_insufficient_price_variation,RETROSPOT SMALL TUBE MATCHES,General Giftware,389
22187,-2.5565447916340402,0.3284815303985654,4.25,14.80708620497806,47,32,fitted,GREEN CHRISTMAS TREE CARD HOLDER,Christmas & Seasonal,388
22242,-8.068783867237146,0.2132347988456471,1.65,50.224776513438634,59,39,fitted,"HOOK, 5 HANGER , MAGIC TOADSTOOL",General Giftware,388
10002,-6.054522297111079,0.3586561765163806,0.85,61.90856101143509,70,41,fitted,INFLATABLE POLITICAL GLOBE ,General Giftware,388
22460,-1.752959618404398,0.10599903238785502,1.2668,43.86753323841712,89,53,fitted,EMBOSSED GLASS TEALIGHT HOLDER,Lighting & Candles,386
22075,-2.755473544038703,0.2342311937462137,1.65,17.923398831715097,68,32,fitted,6 RIBBONS ELEGANT CHRISTMAS ,Christmas & Seasonal,386
22498,-2.481616238854895,0.24189709628203426,5.950000000000001,9.179408785320595,91,42,fitted,WOODEN REGATTA BUNTING,General Giftware,386
22614,-0.4371183061943411,0.007164923317962146,0.29,57.139589445025834,78,38,fitted,PACK OF 12 SPACEBOY TISSUES,General Giftware,385
84880,-5.638931739943593,0.6137823476883368,6.513809523809525,9.736973056348319,87,45,fitted,WHITE WIRE EGG HOLDER,General Giftware,384
21774,-2.637737110625802,0.5254597639192116,1.8907692307692305,6.353693582131526,100,50,fitted,DECORATIVE CATS BATHROOM BOTTLE,Bath & Body,384
51014A,-2.2737046830189485,0.4412016643573444,0.85,29.432531781129832,93,54,fitted,"FEATHER PEN,HOT PINK",Cards & Stationery,384
22713,-4.880647594657509,0.5975295673145016,0.4323259623259623,53.369043887158035,80,52,fitted,CARD I LOVE LONDON ,Cards & Stationery,383
23171,-5.486817689297854,0.49813159824315245,1.662287581699346,161.49316651367803,31,31,fitted,REGENCY TEA PLATE GREEN ,Kitchen & Dining,383
46000S,-2.3146812720872716,,1.45,35.21212121212121,99,3,category_fallback_insufficient_price_variation,POLYESTER FILLER PAD 40x40cm,General Giftware,383
22439,-4.009697399878362,0.3165077328302439,0.6500000000000001,43.84398385461728,83,40,fitted,6 ROCKET BALLOONS ,General Giftware,383
23296,-6.263568950136562,0.5494369490880363,1.2694120489690721,158.02796018405203,22,22,fitted,SET OF 6 TEA TIME BAKING CASES,Kitchen & Dining,383
22606,-2.837660073862171,0.3195306094228044,15.949999999999998,6.637337841425352,79,43,fitted,WOODEN SKITTLES GARDEN SET,Garden & Outdoor,383
23318,-3.0565261214303105,0.05028673677689943,2.4019534883720937,113.62301817649522,22,20,fitted,BOX OF 6 MINI VINTAGE CRACKERS,Storage & Boxes,383
21781,-2.2408059551705266,0.1755418300985958,14.95,7.069041553533101,82,38,fitted,MA CAMPAGNE CUTLERY BOX,Kitchen & Dining,382
22962,-4.122712199308431,0.3114756372587235,0.8614705882352941,61.25324466635208,53,41,fitted,JAM JAR WITH PINK LID,Bottles & Glassware,382
22521,-1.7651227742506381,0.011836698290339065,0.85,23.239108030636345,54,27,fitted,CHILDS GARDEN TROWEL PINK,Garden & Outdoor,382
22672,-4.441551432770246,0.370728426689211,1.6694318181818182,33.43861979709587,67,39,fitted,FRENCH BATHROOM SIGN BLUE METAL,Home Decor,382
21488,-2.2336790298632123,0.10193774875704176,3.9500000000000006,27.646081630168375,42,32,fitted,RED WHITE SCARF  HOT WATER BOTTLE,Bottles & Glassware,382
21679,-5.003606175520827,0.5126364743073223,0.8691686046511629,33.02957248075132,96,52,fitted,SKULLS  STICKERS,Cards & Stationery,381
22798,-3.633036364022921,0.3156678909641214,3.065918367346939,33.03481323771174,59,41,fitted,ANTIQUE GLASS DRESSING TABLE POT,Bottles & Glassware,381
21186,-4.464892267217811,0.3874560034752501,1.6499999999999997,69.74804873687286,52,44,fitted,WHITE DOVE HONEYCOMB PAPER GARLAND,General Giftware,380
22896,-3.5683943107457874,0.43565316035180157,2.6704999999999997,24.33238679955337,63,47,fitted,PEG BAG APPLES DESIGN,Bags,380
22426,-2.5054967700093553,0.31620394471441426,3.965665634674923,13.447934200847556,80,59,fitted,ENAMEL WASH BOWL CREAM,Kitchen & Dining,380
21777,-3.8116172426048953,0.34237782836010233,8.242507836990596,19.384641753568502,50,39,fitted,RECIPE BOX WITH METAL HEART,Storage & Boxes,379
23103,-3.972509583910126,0.19398727869558607,1.667083333333333,99.99635720142506,31,24,fitted,JINGLE BELL HEART DECORATION,Home Decor,379
22175,-3.2946431518569264,0.22872813251809831,2.9500000000000006,12.82342396432944,97,45,fitted,PINK OWL SOFT TOY,Toys & Games,379
22155,-5.135305016826217,0.4573339815636154,0.4511695906432749,56.945781129197115,61,39,fitted,STAR DECORATION RUSTIC,Home Decor,378
21495,-9.496194029736971,0.1837663180849789,0.42,87.06011502616624,101,9,fitted,SKULLS AND CROSSBONES WRAP,General Giftware,378
21810,-2.9847061343527024,0.6532367730151677,1.25,27.499584652582453,43,30,fitted,CHRISTMAS HANGING STAR WITH BELL,Christmas & Seasonal,378
22422,-3.231764074787191,0.5407232817921511,0.7899999999999999,20.008767494446754,73,46,fitted,TOOTHPASTE TUBE PEN,Cards & Stationery,377
47599A,-6.884400179910149,0.37917865661774974,2.1,28.152259718614648,89,53,fitted,PINK PARTY BAGS,General Giftware,377
22989,-5.217471640120017,0.354503925685155,3.2933333333333334,42.25368571626881,45,34,fitted,SET 2 PANTRY DESIGN TEA TOWELS,Home Decor,377
22583,-2.2232452422103894,0.10393735793151404,2.55,16.031680620269903,84,37,fitted,PACK OF 6 HANDBAG GIFT BOXES,Bags,377
22063,-1.9903610336935382,0.22495688631504973,2.9500000000000006,13.706836751476866,95,55,fitted,CERAMIC BOWL WITH STRAWBERRY DESIGN,Kitchen & Dining,376
20658,-2.1172387097324705,0.24243450435245184,1.3793157894736843,15.514614943600115,86,50,fitted,RED SPOTTY LUGGAGE TAG,General Giftware,376
22743,-1.9056912912804957,0.19566734708744382,3.1275000000000004,15.277186096634964,63,41,fitted,MAKE YOUR OWN FLOWERPOWER CARD KIT,Cards & Stationery,376
47567B,-3.9896964825636387,0.2797092446019569,5.95,11.878436371838488,90,28,fitted,TEA TIME KITCHEN APRON,Kitchen & Dining,375
22120,-2.537758365421455,0.1795487391043128,9.95,10.433348593355698,81,42,fitted,WELCOME  WOODEN BLOCK LETTERS,General Giftware,375
23256,-7.970224718579432,0.17544453873744148,4.15,47.46444966013814,36,23,fitted,CHILDRENS CUTLERY SPACEBOY ,Kitchen & Dining,374
23241,-2.5843178540975087,0.19214203015695652,2.153782051282051,69.2369046531254,27,23,fitted,TREASURE TIN GYMKHANA DESIGN,Home Decor,374
23108,-8.364963377180661,0.46914872040307676,6.055283018867924,49.75053145984574,31,26,fitted,SET OF 10 LED DOLLY LIGHTS,Lighting & Candles,374
22945,-1.5478442115296964,0.46855817964301505,0.8529241877256315,114.38898521253029,45,32,fitted,CHRISTMAS METAL TAGS ASSORTED ,Christmas & Seasonal,373
37447,-3.2135970185903506,0.4465170133755251,1.5704394079555963,23.58656002773231,98,54,fitted,CERAMIC CAKE DESIGN SPOTTED PLATE,Kitchen & Dining,373
22768,-2.2101782309735567,0.04467021217328404,9.95,12.772237595183569,61,27,fitted,FAMILY PHOTO FRAME CORNICE,Home Decor,372
22520,-2.8645244041669593,0.09829447184308415,0.85,25.748517521000256,57,26,fitted,CHILDS GARDEN TROWEL BLUE ,Garden & Outdoor,372
22430,-2.9252415129881753,0.2374520930879952,4.95,12.195301227579959,81,36,fitted,ENAMEL WATERING CAN CREAM,Jewellery & Accessories,371
22537,-3.5607670933898867,0.1791224018683928,0.42000000000000004,38.05363405339343,84,40,fitted,MAGIC DRAWING SLATE DINOSAUR,General Giftware,371
20752,-2.4863448809290967,0.14282093090143877,2.1,9.60309897041216,91,33,fitted,BLUE POLKADOT WASHING UP GLOVES,General Giftware,370
21563,-3.1568291749161568,0.38716990972764853,2.9500000000000006,15.91449883958981,96,43,fitted,RED HEART SHAPE LOVE BUCKET ,General Giftware,369
22119,-2.390787945209448,0.16965259454197046,6.95,5.8082746317668095,83,16,fitted,PEACE WOODEN BLOCK LETTERS,General Giftware,368
35471D,-1.7138267233198377,0.559830390944827,1.3469230769230767,7.171269760683792,89,52,fitted,SET OF 3 BIRD LIGHT PINK FEATHER ,Lighting & Candles,368
35004C,-2.5044304024131203,0.17215229830332923,5.34409090909091,30.830119171110706,63,54,fitted,SET OF 3 COLOURED  FLYING DUCKS,General Giftware,368
22026,-4.498319455298534,0.7502026545313683,0.43387096774193545,36.83734488844902,99,37,fitted,BANQUET BIRTHDAY  CARD  ,Cards & Stationery,368
47593B,-2.165638682079774,0.3586879798170265,0.8499999999999999,8.558959769450398,90,47,fitted,SCOTTIE DOGS BABY BIB,General Giftware,368
21356,-2.0684509678025074,0.2698490583739471,1.2643181818181817,12.895783699502504,88,45,fitted,TOAST ITS - FAIRY FLOWER,General Giftware,367
22349,-2.0767598335575705,0.042366276449068874,3.75,12.106146138686679,95,28,fitted,DOG BOWL CHASING BALL DESIGN,Kitchen & Dining,367
22810,-4.017802574769088,0.26016941677460015,2.9500000000000006,42.26140639783365,38,26,fitted,SET OF 6 T-LIGHTS SNOWMEN,Lighting & Candles,366
22035,-5.000061138845321,0.7660280319187246,0.4316216216216216,39.63253408857542,94,47,fitted,VINTAGE CARAVAN GREETING CARD ,Cards & Stationery,365
23294,-4.598173076128864,0.4819312669025403,0.8467386987196237,169.87314998382814,22,21,fitted,SET OF 6 SNACK LOAF BAKING CASES,Kitchen & Dining,365
22200,-2.0650261342871503,0.18996643574268102,4.568603988603988,8.649729313869837,94,49,fitted,FRYING PAN PINK POLKADOT,General Giftware,364
84828,-3.3615786133520804,0.3528329796216034,1.2981090909090909,19.610105238209183,90,50,fitted,JUNGLE POPSICLES ICE LOLLY HOLDERS,General Giftware,364
20665,-2.7167552956612138,0.32754221269556594,3.0994736842105266,12.248231758459427,95,51,fitted,RED RETROSPOT PURSE ,General Giftware,364
22714,-5.444852301554334,0.6453331147664667,0.4270491803278688,50.76698330167473,79,52,fitted,CARD BIRTHDAY COWBOY,Cards & Stationery,364
21534,-1.4284791978837654,0.06906270291388028,4.95,7.35825508121805,101,38,fitted,DAIRY MAID LARGE MILK JUG,General Giftware,363
47580,-1.3668753316153264,0.04633754311304983,2.5500000000000003,11.323290957214601,90,53,fitted,TEA TIME DES TEA COSY,General Giftware,363
22215,-2.2454585473968587,0.1785200654786262,8.5,7.61153979632289,95,33,fitted,CAKE STAND WHITE TWO TIER LACE,General Giftware,363
22483,-3.5104855749598394,0.21487314183316353,2.9500000000000006,13.264104681697116,91,32,fitted,RED GINGHAM TEDDY BEAR ,General Giftware,362
85062,-5.462848287409151,0.2874364005666923,1.65,32.67206380622489,98,55,fitted,PEARL CRYSTAL PUMPKIN T-LIGHT HLDR,Lighting & Candles,362
22733,-6.82558502346426,0.5607829987592352,1.3168169599217987,61.93431804551505,40,32,fitted,3D TRADITIONAL CHRISTMAS STICKERS,Christmas & Seasonal,362
22186,-3.3719239542240476,0.29883861153069113,2.95,17.022748124530978,53,34,fitted,RED STAR CARD HOLDER,Cards & Stationery,362
72807C,-3.148830395572444,0.24502652693842997,4.25,15.006062773595575,88,48,fitted,SET/3 VANILLA SCENTED CANDLE IN BOX,Lighting & Candles,361
22523,-2.7620775965668423,0.10416279194359024,0.85,15.879970039488422,76,22,fitted,CHILDS GARDEN FORK PINK,Garden & Outdoor,361
21355,-3.4667563847811937,0.09778708160486993,1.25,18.595812390499603,77,35,fitted,TOAST ITS - I LOVE YOU ,General Giftware,361
22576,-4.9968217837589215,0.44769364956333046,0.8846666666666666,49.7683843367607,47,31,fitted,SWALLOW WOODEN CHRISTMAS DECORATION,Christmas & Seasonal,361
22564,-2.3146812720872716,,1.25,55.78313253012048,83,27,category_fallback_implausible_fit,ALPHABET STENCIL CRAFT,General Giftware,361
22544,-5.455903932433629,0.48740456909208085,0.42000000000000004,68.06485369125029,86,47,fitted,MINI JIGSAW SPACEBOY,General Giftware,360
23351,-2.559462325623701,0.1764610709305925,1.2917241379310345,143.256471139982,19,18,fitted,ROLL WRAP 50'S CHRISTMAS,Christmas & Seasonal,360
22575,-4.200505029457588,0.1948113024449507,1.95,31.504186941663235,45,21,fitted,METAL MERRY CHRISTMAS WREATH,Christmas & Seasonal,360
22732,-6.539724964828128,0.4882352002047423,1.3646731352334749,53.612134682924,42,34,fitted,3D VINTAGE CHRISTMAS STICKERS ,Christmas & Seasonal,360
22817,-5.198085365995057,0.23631863528563524,0.42561643835616436,46.23576908513873,63,36,fitted,CARD SUKI BIRTHDAY,Cards & Stationery,360
22626,-2.8527474023782013,0.18590724796667846,8.5,8.312206241498126,82,28,fitted,BLACK KITCHEN SCALES,Kitchen & Dining,359
79029,-4.9293566611029815,0.23467117341141086,1.9499999999999997,48.3405583075408,35,31,fitted,GLASS HONEYPOT WASP CATCHER,Bottles & Glassware,358
22628,-3.304359933681158,0.2962578091287398,4.95,15.830861079827697,73,41,fitted,PICNIC BOXES SET OF 3 RETROSPOT ,General Giftware,358
46000M,-2.3146812720872716,,1.55,26.427083333333332,96,3,category_fallback_insufficient_price_variation,POLYESTER FILLER PAD 45x45cm,General Giftware,358
85184C,-3.2602631086357157,0.5022842163576778,2.9500000000000006,9.418465924744153,91,43,fitted,S/4 VALENTINE DECOUPAGE HEART BOX,Storage & Boxes,357
21625,-1.2637114929924953,0.10906766041068316,6.95,7.28655876138797,99,44,fitted,VINTAGE UNION JACK APRON,Kitchen & Dining,357
21272,-3.757890038155033,0.3248466864965761,1.3432051282051283,20.0036239571598,84,55,fitted,SALLE DE BAIN HOOK,General Giftware,357
22950,-5.62883730679799,0.3661601115487888,1.45,111.07518286820653,31,22,fitted,36 DOILIES VINTAGE CHRISTMAS,Christmas & Seasonal,357
84596G,-1.8475990879704645,0.49406841947554814,1.0956410256410258,7.064041551407555,89,46,fitted,SMALL CHOCOLATES PINK BOWL,Kitchen & Dining,356
22992,-7.083483175545258,0.5457755025789062,1.9500000000000002,75.91169588980783,42,32,fitted,REVOLVER WOODEN RULER ,General Giftware,356
20681,-2.578114068856144,0.212561181612676,3.25,19.83680751954791,65,31,fitted,PINK SPOTTY CHILDS UMBRELLA,General Giftware,355
22846,-2.1560032142667938,0.053733226245676,16.283333333333335,11.733415246018783,55,39,fitted,BREAD BIN DINER STYLE RED ,General Giftware,355
22094,-1.9710587208203216,0.6221654141072932,1.3339999999999999,9.720718508972116,93,53,fitted,RED RETROSPOT TISSUE BOX,Storage & Boxes,355
23192,-8.221814492433573,0.28665482026962574,1.6499999999999997,77.77483684912136,31,26,fitted,BUNDLE OF 3 ALPHABET EXERCISE BOOKS,General Giftware,355
75049L,-4.6001073947728,0.7768085662961111,0.992782608695652,139.04264041530953,81,64,fitted,LARGE CIRCULAR MIRROR MOBILE,Home Decor,355
22364,-2.6136293557347603,0.29257934917860384,3.263918128654971,11.884951005006359,86,52,fitted,GLASS JAR DIGESTIVE BISCUITS,Bottles & Glassware,353
84969,-1.1320273960131007,0.06195526108578242,4.25,7.948415786575069,94,48,fitted,BOX OF 6 ASSORTED COLOUR TEASPOONS,Storage & Boxes,353
22154,-4.773488695086016,0.5797767661096822,0.4315178571428572,100.16713391119399,57,36,fitted,ANGEL DECORATION 3 BUTTONS ,Home Decor,351
79323W,-7.8253941359741575,0.22330674114833915,6.047495755081039,94.15063998491806,24,21,fitted, WHITE CHERRY LIGHTS,Lighting & Candles,350
22963,-3.2428572690453685,0.3216062064030403,0.8500000000000001,50.98086234258649,55,40,fitted,JAM JAR WITH GREEN LID,Bottles & Glassware,350
23581,-9.729597424039765,0.8755444164972834,2.0356083650190113,542.4117468700857,7,7,fitted,JUMBO BAG PAISLEY PARK,Bags,348
21911,-3.9403057167118054,0.3254975810391775,1.696216216216216,21.830747055179597,65,37,fitted,GARDEN METAL SIGN ,Home Decor,348
23349,-2.5565447916340402,,1.2708620689655175,170.05263157894737,19,16,category_fallback_implausible_fit,ROLL WRAP VINTAGE CHRISTMAS,Christmas & Seasonal,348
22815,-4.433274932239223,0.6885488887477025,0.4287755102040816,51.475469075365865,62,25,fitted,CARD PSYCHEDELIC APPLES,Cards & Stationery,345
22693,-6.431287661493235,0.5100603643991599,1.25,105.86248531335008,68,28,fitted,GROW A FLYTRAP OR SUNFLOWER IN TIN,Storage & Boxes,345
21447,-1.1649437873046735,0.04820839017287437,1.3485975609756098,18.49579775227237,90,52,fitted,12 IVORY ROSE PEG PLACE SETTINGS,General Giftware,345
21802,-3.4358775178338243,0.1879863630203985,0.427772119535605,31.848230554286218,64,36,fitted,CHRISTMAS TREE HEART DECORATION,Christmas & Seasonal,345
15056P,-5.450413627298047,0.22920922918923436,5.95,9.620075761301838,100,29,fitted,EDWARDIAN PARASOL PINK,General Giftware,344
22522,-4.374412554118358,0.13380614315137196,0.85,17.244706612909404,73,26,fitted,CHILDS GARDEN FORK BLUE ,Garden & Outdoor,344
23320,-2.012114240439862,0.11508913288360634,2.8899999999999997,73.83457280450435,23,15,fitted,GIANT 50'S CHRISTMAS CRACKER,Christmas & Seasonal,344
21803,-2.817504636859209,0.07843023743476973,0.4204081632653061,35.7356158624767,59,32,fitted,CHRISTMAS TREE STAR DECORATION,Christmas & Seasonal,344
23311,-2.5565447916340402,,2.6057632978723406,103.9090909090909,22,16,category_fallback_implausible_fit,VINTAGE CHRISTMAS STOCKING ,Christmas & Seasonal,343
22350,-2.299647894618444,0.11649221084332062,2.55,15.042109343286674,92,46,fitted,ILLUSTRATED CAT BOWL ,Kitchen & Dining,342
23077,-5.697228188872271,0.13926118127906095,1.25,184.63651714460113,38,19,fitted,DOUGHNUT LIP GLOSS ,General Giftware,342
21872,-3.613816275629462,0.4171791153589871,1.25,19.574854092841065,94,41,fitted,GLAMOROUS  MUG,Kitchen & Dining,341
23275,-7.482136774539519,0.18216642393420135,1.2756127450980395,72.33379802208243,28,24,fitted,SET OF 3 HANGING OWLS OLLIE BEAK,General Giftware,341
21107,-3.7546973026833705,0.4492797950615022,2.9500000000000006,17.015651666623718,88,41,fitted,CREAM SLICE FLANNEL PINK SPOT ,General Giftware,341
85049H,-1.9070141537878176,0.25491695363006195,1.25,11.41109234945333,90,37,fitted,URBAN BLACK RIBBONS ,Cards & Stationery,341
21110,-2.015561913091366,0.39809803922601505,6.75,7.663051704713451,88,43,fitted,LARGE CAKE TOWEL PINK SPOTS,Bath & Body,341
85049B,-4.024092765085702,0.016535100194075003,1.25,27.032424746173703,57,14,fitted,LUSH GREENS RIBBONS,Cards & Stationery,340
23266,-5.236479869126473,0.304953728927958,1.3026086956521739,55.83533323314489,27,19,fitted,SET OF 3 WOODEN STOCKING DECORATION,Home Decor,340
23503,-2.3146812720872716,,1.25,268.25,12,6,category_fallback_insufficient_price_variation,PLAYING CARDS KEEP CALM & CARRY ON,General Giftware,340
20996,-2.2158663578159494,0.3790088812309975,0.42,15.864833288179673,90,37,fitted,JAZZ HEARTS ADDRESS BOOK,General Giftware,340
22091,-1.5060712701363077,0.3696423740949413,1.25,11.156259045730867,88,42,fitted,EMPIRE TISSUE BOX,Storage & Boxes,339
23168,-2.13472258959437,0.44735958935000286,1.4039732142857144,95.44253011040583,31,31,fitted,CLASSIC CAFE SUGAR DISPENSER,General Giftware,339
23236,-8.020971614367745,0.6581999765749292,2.89,81.68990597104991,27,23,fitted,STORAGE TIN VINTAGE DOILY ,Storage & Boxes,339
84535B,-2.5258000943807404,0.21420708167976665,0.6665306122448978,18.642712200400958,99,42,fitted,FAIRY CAKES NOTEBOOK A6 SIZE,Cards & Stationery,339
21383,-2.70688155263854,0.30024451845447975,0.7152291666666668,18.038128196226634,74,41,fitted,PACK OF 12 STICKY BUNNIES,General Giftware,339
22525,-0.9750012202344024,0.04244294426661743,1.33,22.181945725249474,55,37,fitted,CHILDRENS GARDEN GLOVES PINK,Garden & Outdoor,339
23583,-6.261601752442384,0.7337190639012482,1.6041605839416058,535.8164092927552,7,7,fitted,LUNCH BAG PAISLEY PARK  ,Bags,338
21983,-2.6307442345313596,0.369272918814849,0.29372413793103447,48.213359867429695,101,48,fitted,PACK OF 12 BLUE PAISLEY TISSUES ,General Giftware,338
10135,-3.0221664410926867,0.3838442667713341,1.25,22.504374005063898,94,39,fitted,COLOURING PENCILS BROWN TUBE,Jewellery & Accessories,337
22758,-3.322010670046627,0.2526545517674208,1.2751501976284585,17.29491436933957,64,39,fitted,LARGE PURPLE BABUSHKA NOTEBOOK  ,Cards & Stationery,337
37495,-3.2231599869623837,0.2539180717885049,3.75,12.559256966984107,92,30,fitted,FAIRY CAKE BIRTHDAY CANDLE SET,Lighting & Candles,337
22968,-2.332021622286753,0.1614754629281967,9.95,11.902899052799098,50,25,fitted,ROSE COTTAGE KEEPSAKE BOX ,Storage & Boxes,336
22098,-1.559632358347879,0.4573301130960983,1.25,9.27846938940742,92,48,fitted,BOUDOIR SQUARE TISSUE BOX,Storage & Boxes,335
21880,-1.7367164916511229,0.34629823618337574,0.6447727272727273,13.250439741958946,94,51,fitted,RED RETROSPOT TAPE,General Giftware,335
22133,-3.911651915184067,0.6007823909369476,0.9635714285714285,18.896402100631207,98,53,fitted,PINK LOVE HEART SHAPE CUP,Kitchen & Dining,335
23188,-0.31227822501442126,0.00035005121231723724,1.6759054726368157,104.89294009472165,26,25,fitted,VINTAGE  2 METER FOLDING RULER,General Giftware,335
22587,-2.5777552066191287,0.13273775320370218,0.8500000000000001,18.74207560605919,79,39,fitted,FELTCRAFT HAIRBAND RED AND BLUE,General Giftware,335
22262,-2.7053850457523327,0.31480802248899764,0.9519434353918007,18.004055207207248,84,42,fitted,FELT EGG COSY CHICKEN,General Giftware,335
23353,-0.4900219509809483,0.0022324873627496133,0.848855218855219,142.4879876109596,19,17,fitted,6 GIFT TAGS VINTAGE CHRISTMAS ,Christmas & Seasonal,334
22772,-1.6475497647755968,0.1535789524480956,1.3792166344294006,56.52768884106808,60,48,fitted,PINK DRAWER KNOB ACRYLIC EDWARDIAN,General Giftware,334
21730,-1.9825086753963266,0.06783015225884481,4.95,9.75819051137098,70,30,fitted,GLASS STAR FROSTED T-LIGHT HOLDER,Lighting & Candles,334
84031A,-1.542319233512361,0.09230298706294415,4.587,5.997159525787999,74,40,fitted,CHARLIE+LOLA RED HOT WATER BOTTLE ,Bottles & Glassware,333
22819,-4.189556928508723,0.6069196455902428,0.42000000000000004,52.267049784845845,62,25,fitted,"BIRTHDAY CARD, RETRO SPOT",Cards & Stationery,333
21504,-5.096625775921061,0.6080288842170753,0.42,43.58760127920732,90,37,fitted,SKULLS GREETING CARD,Cards & Stationery,333
85178,-3.707124937548654,0.27518033658856045,1.25,26.307207781626545,93,34,fitted,VICTORIAN SEWING KIT,General Giftware,332
23175,-5.092455351446779,0.3504276525975727,3.25,65.16407991071851,29,26,fitted,REGENCY MILK JUG PINK ,General Giftware,332
21158,-1.631182597294959,0.44949156463837203,1.45,6.573354739549429,90,34,fitted,MOODY GIRL DOOR HANGER ,General Giftware,330
22757,-2.9626593528072713,0.30444105568044943,1.25,21.38623047555639,65,35,fitted,LARGE RED BABUSHKA NOTEBOOK ,Cards & Stationery,329
23354,-1.0354278046267178,0.023080481482331217,0.8476795580110495,142.23000518267028,19,15,fitted,6 GIFT TAGS 50'S CHRISTMAS ,Christmas & Seasonal,329
22070,-3.2446969360527342,0.18979634333666784,3.75,12.301653155463534,87,28,fitted,SMALL RED RETROSPOT MUG IN BOX ,Kitchen & Dining,328
22135,-2.036433426169512,0.27032380332662087,0.58575,8.387478759555663,96,46,fitted,MINI LADLE LOVE HEART PINK,General Giftware,328
21224,-2.3146812720872716,,1.25,22.876288659793815,97,47,category_fallback_implausible_fit,SET/4 SKULL BADGES,General Giftware,327
22449,-1.712687921670169,0.05374277384799231,3.35,12.426258745924613,76,30,fitted,SILK PURSE BABUSHKA PINK,General Giftware,327
22796,-2.6227913182086287,0.18175718013675757,9.95,11.43010371850399,60,22,fitted,PHOTO FRAME 3 CLASSIC HANGING,Home Decor,327
21470,-2.0879773904252015,0.10083446189121459,3.75,8.00670878009443,93,25,fitted,FLOWER VINE RAFFIA FOOD COVER,General Giftware,326
20886,-2.2644163484556397,0.14691181074292292,1.95,14.406695243877774,91,36,fitted,BOX OF 9 PEBBLE CANDLES,Lighting & Candles,326
85017B,-2.013398887948741,0.18041731151229634,0.83,8.86288000598389,89,39,fitted,ENVELOPE 50 BLOSSOM IMAGES,Cards & Stationery,326
22801,-1.096104977999566,0.03450095021585031,3.913664215686275,16.42591800330389,58,43,fitted,ANTIQUE GLASS PEDESTAL BOWL,Kitchen & Dining,326
85206A,-4.284463933113915,0.2456466649623421,1.65,48.159289512052894,33,24,fitted,CREAM FELT EASTER EGG BASKET,Christmas & Seasonal,326
84078A,-3.276962555963901,0.2651473973473153,39.95,7.7408075740591675,96,54,fitted,SET/4 WHITE RETRO STORAGE CUBES ,Storage & Boxes,326
22311,-2.088794348485882,0.21550815005742974,3.7679723502304148,9.026630285911803,82,45,fitted,OFFICE MUG WARMER BLACK+SILVER ,Kitchen & Dining,325
23174,-5.877860435727532,0.4761696865744487,4.154117647058824,72.79623481863833,31,28,fitted,REGENCY SUGAR BOWL GREEN,Kitchen & Dining,325
21867,-1.8402422066276534,0.15867595429990877,1.2530434782608695,9.477563171856078,92,40,fitted,PINK UNION JACK  LUGGAGE TAG,General Giftware,324
85049F,-3.0776482875280493,0.022928013535415404,1.25,13.809209571295893,88,14,fitted,BABY BOOM RIBBONS ,Cards & Stationery,324
22970,-8.285019057840241,0.6135778383296128,2.55,38.92914185448707,50,34,fitted,LONDON BUS COFFEE MUG,Kitchen & Dining,324
20967,-2.7971509958053926,0.14552999506302944,3.75,9.98639674004881,67,12,fitted,GREY FLORAL FELTCRAFT SHOULDER BAG,Bags,324
22275,-4.45068753281895,0.17768328884415263,8.5,14.564560729208905,47,21,fitted,WEEKEND BAG VINTAGE ROSE PAISLEY,Bags,323
47504K,-2.0620354848522875,0.3849535121498686,1.95,7.021243570492273,90,33,fitted,ENGLISH ROSE GARDEN SECATEURS,Garden & Outdoor,323
21818,-3.1222309431804236,0.503311801060103,0.85,19.322815079957476,62,17,fitted,GLITTER CHRISTMAS HEART ,Christmas & Seasonal,322
21471,-1.7122244203046724,0.028119514020429448,3.75,9.36129882810925,91,35,fitted,STRAWBERRY RAFFIA FOOD COVER,General Giftware,322
22744,-2.2264617903933974,0.20001391989489736,2.9500000000000006,14.458338048980867,63,28,fitted,MAKE YOUR OWN MONSOON CARD KIT,Cards & Stationery,322
22478,-3.0003183330022103,0.3083766490951997,1.3339999999999999,20.300518168739814,87,39,fitted,BIRDHOUSE GARDEN MARKER ,Garden & Outdoor,321
16235,-3.319424362704984,0.42319980160601645,0.22826086956521738,47.162834012302326,93,56,fitted,RECYCLED PENCIL WITH RABBIT ERASER,General Giftware,321
22095,-1.6265001389849902,0.2639861511923204,1.25,9.968006253158727,76,39,fitted,LADS ONLY TISSUE BOX,Storage & Boxes,321
22781,-1.7394606629884621,0.10612301717902928,7.671391402714932,12.164513815096603,60,41,fitted,GUMBALL MAGAZINE RACK,General Giftware,320
22168,-2.3146812720872716,,8.5,9.106060606060606,66,6,category_fallback_insufficient_price_variation,ORGANISER WOOD ANTIQUE WHITE ,General Giftware,320
16161U,-2.3146812720872716,,0.42,103.87628865979381,97,9,category_fallback_implausible_fit,WRAP SUKI AND FRIENDS,General Giftware,320
22440,-2.3146812720872716,,0.42000000000000004,109.8076923076923,78,31,category_fallback_implausible_fit,BALLOON WATER BOMB PACK OF 35,General Giftware,319
21773,-2.7368448715860296,0.6455697182553775,2.0566666666666666,4.611451892398765,97,45,fitted,DECORATIVE ROSE BATHROOM BOTTLE,Bath & Body,319
22592,-2.273113560247475,0.13722110744179505,3.75,29.54139346008598,42,21,fitted,CARDHOLDER HOLLY WREATH METAL,General Giftware,317
23169,-3.802924819766727,0.19193076148956556,4.322500000000002,42.41145383142812,31,28,fitted,CLASSIC GLASS COOKIE JAR,Bottles & Glassware,317
22566,-3.091827064373748,0.12770598772621844,0.85,19.925963676017766,78,33,fitted,FELTCRAFT HAIRBAND PINK AND PURPLE,General Giftware,316
23264,-4.467942179185607,0.20271749567880848,1.3211764705882354,44.139492459355516,27,21,fitted,SET OF 3 WOODEN SLEIGH DECORATIONS,Home Decor,316
21245,-4.176109585275013,0.4372831341746084,1.69,20.27438261387481,99,40,fitted,GREEN POLKADOT PLATE ,Kitchen & Dining,315
70006,-3.1038441493612434,0.5986820842641203,1.65,16.95978211781201,61,37,fitted,LOVE HEART POCKET WARMER,General Giftware,315
21557,-2.2425340947981867,0.3808131124146087,3.6793750000000003,7.069153414349855,94,64,fitted,SET OF 6 FUNKY BEAKERS,General Giftware,315
22696,-3.0762743449620316,0.2436488765788607,1.95,16.55273032496221,57,24,fitted,WICKER WREATH LARGE,General Giftware,315
22081,-2.9849037517637247,0.3692053292755655,1.7212500000000002,14.734567811474644,95,43,fitted,RIBBON REEL FLORA + FAUNA ,Cards & Stationery,315
85176,-2.518190124664502,0.252395800159698,0.8824,16.59977781344171,93,50,fitted,SEWING SUSAN 21 NEEDLE SET,General Giftware,314
22272,-2.44269705165746,0.03823405055044293,2.9500000000000006,10.823633802060463,69,26,fitted,FELTCRAFT DOLL MARIA,Toys & Games,314
22582,-4.257301549257559,0.33042305216102064,2.55,20.809611097547354,79,35,fitted,PACK OF 6 SWEETIE GIFT BOXES,General Giftware,314
22807,-3.1884269036089763,0.4831734275683487,3.161428571428572,16.945548352388176,59,41,fitted,SET OF 6 T-LIGHTS TOADSTOOLS,Lighting & Candles,314
22841,-2.9596616749470983,0.20584413757262832,7.95,8.629948579534814,60,26,fitted,ROUND CAKE TIN VINTAGE GREEN,Kitchen & Dining,314
22099,-1.3826500225910436,0.34309895880288555,1.25,7.898546137529961,91,46,fitted,CARAVAN SQUARE TISSUE BOX,Storage & Boxes,314
22586,-3.4413114521469867,0.17416001932260528,0.85,20.311857692666422,78,28,fitted,FELTCRAFT HAIRBAND PINK AND BLUE,General Giftware,314
84568,-4.628768412674741,0.822406974421789,0.25395027624309385,248.04029579105153,92,47,fitted,GIRLS ALPHABET IRON ON PATCHES ,General Giftware,314
22740,-6.936574142076406,0.7117318933319059,0.858041237113402,241.83564276653422,43,34,fitted,POLKADOT PEN,Cards & Stationery,313
22775,-1.93437207352654,0.2638603889466248,1.4396808510638297,48.78651313096844,60,44,fitted,PURPLE DRAWERKNOB ACRYLIC EDWARDIAN,General Giftware,313
84884A,-2.787532400391761,0.21240526898071743,3.95,10.64389120610894,91,42,fitted,ANT WHITE WIRE HEART SPIRAL,General Giftware,313
23247,-1.3617117261277951,0.0039069471752266605,2.89,48.42638507188765,25,19,fitted,BISCUIT TIN 50'S CHRISTMAS,Christmas & Seasonal,313
72800E,-1.9610204417116932,0.3007773927240023,2.55,5.946446078738226,88,44,fitted,4 IVORY DINNER CANDLES SILVER FLOCK,Lighting & Candles,312
23265,-0.7333135901537895,0.0037094449342617297,1.2951492537313434,33.88206473130545,27,17,fitted,SET OF 3 WOODEN TREE DECORATIONS,Home Decor,312
22284,-3.3639898751478605,0.3399269768698354,1.65,20.69227693188774,88,33,fitted,HEN HOUSE DECORATION,Home Decor,312
22425,-2.2226349465685145,0.15008495014849343,4.950000000000001,8.82325366551003,80,28,fitted,ENAMEL COLANDER CREAM,General Giftware,312
15039,-2.542503957138029,0.2909059011289048,0.9014285714285715,29.539791454707572,93,57,fitted,SANDALWOOD FAN,General Giftware,312
21947,-2.7727348220933528,0.33819724557242803,1.419909090909091,11.463115119460284,92,44,fitted,SET OF 6 HEART CHOPSTICKS,General Giftware,311
22676,-3.654677377451645,0.4430476928638577,1.3139849624060151,22.722597375159694,68,36,fitted,FRENCH BLUE METAL DOOR SIGN 1,Home Decor,311
21865,-1.42609823685911,0.1490411220391007,2.211052631578948,6.6293409498444875,93,39,fitted,PINK UNION JACK  PASSPORT COVER ,General Giftware,311
21012,-1.4896764787844416,0.09291447330140146,2.288034188034188,11.663911660497696,90,47,fitted,ANTIQUE ALL GLASS CANDLESTICK,Lighting & Candles,310
20985,-2.715406025238025,0.20218235613096924,1.25,16.790309916238403,90,35,fitted,HEART CALCULATOR,General Giftware,310
23350,-3.8115035653532545,0.06604740207810389,1.294160583941606,106.0405760809961,19,17,fitted,ROLL WRAP VINTAGE SPOT ,General Giftware,310
22153,-4.467813561580805,0.23606779596962624,0.4286592782808488,56.58528563296091,58,33,fitted,ANGEL DECORATION STARS ON DRESS,Home Decor,310
22231,-1.058231382215702,0.1058177812714306,1.45,11.723028187000624,92,35,fitted,JIGSAW TREE WITH BIRDHOUSE,Garden & Outdoor,310
21463,-2.818984058446863,0.1425157055105215,5.95,7.492276736941175,98,28,fitted,MIRRORED DISCO BALL ,Home Decor,310
85132C,-2.128784645917309,0.7724506400199262,7.402258064516128,4.221649870216435,66,41,fitted,CHARLIE AND LOLA FIGURES TINS,General Giftware,310
22148,-3.1270446858148646,0.24416530414875892,1.95,25.456561388001862,50,26,fitted,EASTER CRAFT 4 CHICKS ,Christmas & Seasonal,309
22321,-4.109970572100868,0.6093502964730417,0.951596638655462,20.739549390645273,96,44,fitted,BIRD DECORATION RED RETROSPOT,Home Decor,309
20733,-3.454460584141942,0.25085085366986515,0.8422916666666667,9.586864360892548,80,34,fitted,GOLD MINI TAPE MEASURE ,General Giftware,308
21913,-2.5459666503951395,0.2901540381411798,3.75,8.502004078722297,98,39,fitted,VINTAGE SEASIDE JIGSAW PUZZLES,Toys & Games,308
23196,-1.9431560726810138,0.2098593691159477,1.4853846153846153,71.90957106191956,25,23,fitted,VINTAGE LEAF MAGNETIC NOTEPAD,General Giftware,308
21486,-6.038622037254478,0.3797976751509715,3.9033333333333338,9.743590863346741,43,30,fitted,PINK HEART DOTS HOT WATER BOTTLE,Bottles & Glassware,308
23254,-2.4529194956318796,,4.15,47.5,36,12,category_fallback_implausible_fit,CHILDRENS CUTLERY DOLLY GIRL ,Kitchen & Dining,307
22167,-1.096137688171208,0.1149428511140157,9.95,4.55623589690195,93,48,fitted, OVAL WALL MIRROR DIAMANTE ,Home Decor,307
22535,-3.373644147674709,0.21127874453038809,0.42,30.102660115709128,84,24,fitted,MAGIC DRAWING SLATE BUNNIES ,General Giftware,307
21588,-2.3146812720872716,,2.55,41.95061728395062,81,20,category_fallback_implausible_fit,RETROSPOT GIANT TUBE MATCHES,General Giftware,306
84279P,-1.538883382280908,0.09885712483379439,3.75,8.48225457596121,97,37,fitted,CHERRY BLOSSOM  DECORATIVE FLASK,General Giftware,306
23172,-5.308398608908281,0.3613617032169216,1.6518045112781954,108.90506170080802,31,31,fitted,REGENCY TEA PLATE PINK,Kitchen & Dining,306
22674,-5.490584952492873,0.2999659384864757,1.2679999999999998,24.335992308406684,67,31,fitted,FRENCH TOILET SIGN BLUE METAL,Home Decor,305
22251,-3.3225788723328646,0.44706711092688045,1.3062008281573498,14.375781688017197,82,42,fitted,BIRDHOUSE DECORATION MAGIC GARDEN,Home Decor,305
21215,-2.516672931247302,0.35563008285556996,0.6038461538461539,29.212906809693205,97,60,fitted,IVORY PAPER CUP CAKE CASES ,Kitchen & Dining,305
21556,-2.4646175853655063,0.1852586258104244,2.819880365939479,11.222175688208221,78,52,fitted,CERAMIC STRAWBERRY MONEY BOX,Storage & Boxes,305
22767,-2.8120489035823497,0.0811187994140764,9.95,11.695901764064635,59,23,fitted,TRIPLE PHOTO FRAME CORNICE ,Home Decor,304
22597,-2.7883238903905854,0.5056118871960411,0.85,24.876978161137465,54,33,fitted,MUSICAL ZINC HEART DECORATION ,Home Decor,303
22134,-2.694287139259275,0.4269171434837803,0.5051875,12.13311351539841,96,44,fitted,MINI LADLE LOVE HEART RED ,General Giftware,303
22897,-3.595303044822325,0.3088009401686952,1.45,25.335179966823002,63,38,fitted,OVEN MITT APPLES DESIGN,Home Decor,303
23082,-4.463387039297723,0.2697085476807253,3.75,58.617752208512584,31,24,fitted,SET 6 PAPER TABLE LANTERN HEARTS ,Lighting & Candles,303
23323,-5.7842797425947055,0.14874659579233962,2.130757575757576,42.26186900048479,25,18,fitted,WHITE WICKER STAR ,General Giftware,302
21590,-2.5827688984064956,,1.25,72.0,48,6,category_fallback_implausible_fit,KINGS CHOICE CIGAR BOX MATCHES ,Storage & Boxes,302
21361,-1.15022623529132,0.028129447281776687,12.75,6.301459432205497,67,28,fitted,LOVE LARGE WOOD LETTERS ,General Giftware,302
22375,-1.5098907027750716,0.181379125064009,5.114222222222222,5.018294674770175,90,41,fitted,AIRLINE BAG VINTAGE JET SET BROWN,Bags,301
21896,-1.317659439150323,0.028961860985915355,2.1,11.067801798949132,92,36,fitted,POTTING SHED TWINE,General Giftware,301
22211,-1.752517263347662,0.3409053670187878,1.6499999999999997,8.976825571466746,87,38,fitted,WOOD STAMP SET FLOWERS,General Giftware,301
22814,-4.478670486132839,0.7850786808751593,0.42000000000000004,46.594670591570804,61,27,fitted,CARD PARTY GAMES ,Cards & Stationery,301
84849B,-3.7603319097679475,0.261740838031407,1.6900000000000002,17.89774460495443,78,41,fitted,FAIRY SOAP SOAP HOLDER,Bath & Body,301
21991,-2.4077613868315826,0.4537485635963311,2.46,5.321185749163486,76,41,fitted,BOHEMIAN COLLAGE STATIONERY SET,General Giftware,301
21564,-2.7710595126706217,0.2574240264860693,2.9500000000000006,10.36265107731434,97,29,fitted,PINK  HEART SHAPE LOVE BUCKET ,General Giftware,300
22723,-2.5319717048905637,0.2872459326618637,3.95,15.110279659099156,51,30,fitted,SET OF 6 HERB TINS SKETCHBOOK,General Giftware,300
72349B,-3.122495741603918,0.1977284954307993,2.1,11.814470421322305,93,41,fitted,SET/6 PURPLE BUTTERFLY T-LIGHTS,Lighting & Candles,300
22436,-6.593949675914433,0.29920999787925096,0.65,38.658008405451554,81,18,fitted,12 COLOURED PARTY BALLOONS,General Giftware,300
22210,-1.9187182528405422,0.3188982252674485,1.6499999999999997,7.744406213644801,80,26,fitted,WOOD STAMP SET BEST WISHES,General Giftware,300
22524,-1.209914516136018,0.10731512622188477,1.25,27.643253881474667,59,31,fitted,CHILDRENS GARDEN GLOVES BLUE,Garden & Outdoor,300
22434,-5.2511731273556155,0.19022195563986033,1.95,17.41176250233369,78,23,fitted,BALLOON PUMP WITH 10 BALLOONS,General Giftware,299
22892,-4.989662527968313,0.07168009620009297,1.25,44.81630213962693,57,12,fitted,SET OF SALT AND PEPPER TOADSTOOLS,General Giftware,299
22721,-2.420791746137633,0.2516668999693269,4.95,14.12857812322747,50,27,fitted,SET OF 3 CAKE TINS SKETCHBOOK,Kitchen & Dining,299
22074,-2.5167433962029864,0.5555673339152403,1.6499999999999997,8.339718599259127,87,36,fitted,6 RIBBONS SHIMMERING PINKS ,Jewellery & Accessories,299
23332,-2.3146812720872716,,1.675625,104.84210526315789,19,17,category_fallback_implausible_fit,IVORY WICKER HEART LARGE,General Giftware,298
23126,-2.1889112111742093,0.05561152814507253,4.95,21.082973413313223,41,19,fitted,FELTCRAFT GIRL AMELIE KIT,General Giftware,298
10133,-3.501937184382284,0.5387184163491495,0.85,17.620160257128518,74,34,fitted,COLOURING PENCILS BROWN TUBE,Jewellery & Accessories,298
22704,-2.3146812720872716,,0.42,99.40506329113924,79,2,category_fallback_insufficient_price_variation,WRAP RED APPLES ,General Giftware,298
22372,-0.3596470066589608,0.006218843050422529,4.586666666666667,5.183510335288338,85,31,fitted,AIRLINE BAG VINTAGE WORLD CHAMPION ,Bags,298
22445,-2.5414190547151803,0.20673809649834074,2.9500000000000006,14.423137428844733,77,33,fitted,PENCIL CASE LIFE IS BEAUTIFUL,General Giftware,298
22650,-1.5851262698382387,0.06257867509943027,1.45,17.26171345908404,78,34,fitted,CERAMIC PIRATE CHEST MONEY BANK,General Giftware,297
22741,-5.484000230392299,0.5518939537116231,0.8564462809917355,161.63281427115282,61,34,fitted,FUNKY DIVA PEN,Cards & Stationery,297
85042,-2.278947917977102,,4.683064312736445,58.391304347826086,46,29,category_fallback_implausible_fit,ANTIQUE LILY FAIRY LIGHTS,Lighting & Candles,297
21069,-3.5979246695897524,0.36740526826830944,1.3136842105263158,23.693888031149974,79,52,fitted,VINTAGE BILLBOARD TEA MUG,Kitchen & Dining,296
22980,-5.138319289281462,0.3294857021819696,1.65,45.45970909826266,42,31,fitted,PANTRY SCRUBBING BRUSH,General Giftware,296
21126,-3.1330062724514596,0.39852322075858637,1.25,13.488535272339035,95,22,fitted,SET OF 6 GIRLS CELEBRATION CANDLES,Lighting & Candles,295
21587,-2.3146812720872716,,2.55,55.275,40,8,category_fallback_implausible_fit,COSY HOUR GIANT TUBE MATCHES,General Giftware,295
22956,-2.4194963738864677,0.10752434228987406,2.1,19.315076204056602,55,26,fitted,36 FOIL HEART CAKE CASES,General Giftware,295
22068,-1.403735055118317,0.1970501770671126,1.765181818181818,8.053962136046758,96,49,fitted,BLACK PIRATE TREASURE CHEST,General Giftware,295
22639,-1.9350631258439348,0.10713062911923188,2.55,14.835777435378754,68,29,fitted,SET OF 4 NAPKIN CHARMS HEARTS,General Giftware,294
47599B,-5.5540012829831715,0.30287595814036816,2.1,17.99533624515855,93,30,fitted,BLUE PARTY BAGS ,General Giftware,294
85064,-4.202851583665882,0.313342709548455,5.45,18.704538850341105,41,30,fitted,CREAM SWEETHEART LETTER RACK,General Giftware,294
47591B,-2.4529194956318796,,1.6531009615384615,16.642857142857142,56,39,category_fallback_insufficient_price_variation,SCOTTIES CHILDRENS APRON,Kitchen & Dining,293
22118,-1.376919463196822,0.08705590891396175,4.95,5.406471368089284,72,22,fitted,JOY WOODEN BLOCK LETTERS,General Giftware,293
22025,-4.887583897273236,0.7071312339471592,0.43108108108108106,33.90682458363433,93,44,fitted,RING OF ROSES BIRTHDAY CARD,Jewellery & Accessories,293
23191,-6.119429950605867,0.17786495228890375,1.65,63.69186865577547,31,26,fitted,BUNDLE OF 3 RETRO NOTE BOOKS,General Giftware,293
22565,-3.074232878307999,0.3504349545566827,0.85,21.56796295737239,81,32,fitted,FELTCRAFT HAIRBANDS PINK AND WHITE ,General Giftware,293
22651,-2.297602645475371,0.09764428928767055,0.85,30.062021343450887,65,41,fitted,GENTLEMAN SHIRT REPAIR KIT ,General Giftware,292
22312,-1.1232904111950979,0.08049177332319424,3.186666666666667,8.429981345224212,85,38,fitted,OFFICE MUG WARMER POLKADOT,Kitchen & Dining,292
22610,-1.275380572394413,0.45638352717712616,0.8148031496062992,40.06554472019186,78,36,fitted,PENS ASSORTED FUNNY FACE,General Giftware,291
23570,-3.7574844986078038,,1.3303288729255245,254.75,8,8,category_fallback_implausible_fit,TRADITIONAL PICK UP STICKS GAME ,Toys & Games,291
21162,-1.4572426183193492,0.4452405333179642,1.45,6.81675238384733,88,28,fitted,TOXIC AREA  DOOR HANGER ,General Giftware,290
22093,-1.7890926200625943,0.4920193148475257,1.25,6.4519506694535025,76,26,fitted,MOTORING TISSUE BOX,Jewellery & Accessories,290
21472,-2.6462523979751644,0.20109030808812356,3.7887,9.586373012887327,70,24,fitted,LADYBIRD + BEE RAFFIA FOOD COVER,General Giftware,290
22497,-1.874659956364806,0.146984991204977,4.25,8.268234780230934,84,30,fitted,SET OF 2 TINS VINTAGE BATHROOM ,Bath & Body,289
21058,-3.2686537898554704,0.2479625454111236,0.85,18.963812826941826,94,37,fitted,PARTY INVITES WOODLAND,General Giftware,288
21749,-3.680211943896934,0.35130520122154596,2.1,21.19889034078188,90,43,fitted,LARGE RED RETROSPOT WINDMILL,General Giftware,288
84031B,-1.8902181498639579,0.22577725743320953,4.470972222222223,5.666734710728631,74,45,fitted,CHARLIE LOLA BLUE HOT WATER BOTTLE ,Bottles & Glassware,288
22066,-0.8302669010018823,0.19672024094046114,1.4499999999999997,13.49914654463175,85,21,fitted,LOVE HEART TRINKET POT,General Giftware,287
22959,-6.183021129777991,0.06372648646655465,0.42,158.19115361182457,33,8,fitted,WRAP CHRISTMAS VILLAGE,Christmas & Seasonal,287
22731,-4.921696408908975,0.22997342259249698,1.32056,46.12205094275438,37,29,fitted,3D CHRISTMAS STAMPS STICKERS ,Christmas & Seasonal,287
22480,-2.375411544782531,,1.25,36.19402985074627,67,12,category_fallback_implausible_fit,RED TEA TOWEL CLASSIC DESIGN,Home Decor,287
84950,-1.873849141315816,0.09764432478789187,0.785,36.261873223412344,87,41,fitted,ASSORTED COLOUR T-LIGHT HOLDER,Lighting & Candles,286
22800,-2.067368918006403,0.13480395715300297,4.1370000000000005,13.130803982994854,57,29,fitted,ANTIQUE TALL SWIRLGLASS TRINKET POT,Bottles & Glassware,286
22938,-8.541014323199832,0.2391934888866163,1.95,33.8093022781294,61,30,fitted,CUPCAKE LACE PAPER SET 6,General Giftware,286
22946,-2.9843133302899822,0.2709798676971682,16.79,10.99138578006646,44,27,fitted,WOODEN ADVENT CALENDAR CREAM,Christmas & Seasonal,286
23367,-2.3146812720872716,,0.6737033195020747,250.58333333333334,12,12,category_fallback_implausible_fit,SET 12 COLOUR PENCILS SPACEBOY ,General Giftware,286
23165,-3.8528615473013432,0.4901642932555098,1.6780991735537187,90.97115335016994,31,30,fitted,LARGE CERAMIC TOP STORAGE JAR,Storage & Boxes,286
21207,-4.20630186438944,0.23730819974246553,1.6499999999999997,18.220117509799074,93,44,fitted,SKULL AND CROSSBONES  GARLAND ,General Giftware,285
22399,-6.733538140431072,0.23910504403009047,1.25,18.41299768258849,83,23,fitted,MAGNETS PACK OF 4 CHILDHOOD MEMORY,General Giftware,285
22476,-1.654621648295731,0.20714529314515706,4.96,7.927883310126842,81,37,fitted,EMPIRE UNION JACK TV DINNER TRAY,General Giftware,285
72802C,-2.6559906626838226,0.302737362704379,4.25,9.439592205865258,87,29,fitted,VANILLA SCENT CANDLE JEWELLED BOX,Lighting & Candles,285
23238,-7.955609381774268,0.46109129083678513,4.150000000000001,63.73159248480858,27,23,fitted,SET OF 4 KNICK KNACK TINS LONDON ,General Giftware,284
22613,-5.740251336726799,0.5005042612395256,0.85,25.12723166094541,76,36,fitted,PACK OF 20 SPACEBOY NAPKINS,General Giftware,284
22354,-2.651592175554344,0.17434856265214127,3.75,18.03007143077253,89,41,fitted,RETROSPOT PADDED SEAT CUSHION,Home Decor,284
21775,-2.9758321210030707,0.59203493600954,2.058333333333333,4.235745041094649,92,42,fitted,DECORATIVE FLORE BATHROOM BOTTLE,Bath & Body,283
21163,-1.5208331529450754,0.4004324870913477,1.45,6.722581524778521,83,31,fitted,DO NOT TOUCH MY STUFF DOOR HANGER ,General Giftware,282
22477,-3.230745428092768,0.3494395669737277,1.3479545454545454,18.868511146618804,78,40,fitted,WATERING CAN GARDEN MARKER,Jewellery & Accessories,282
22677,-2.759596295703522,0.3232111133816017,1.3154054054054054,21.294052850735326,63,34,fitted,FRENCH BLUE METAL DOOR SIGN 2,Home Decor,282
21677,-3.2814729480774756,0.36012363119053614,0.85,21.106275569832157,86,29,fitted,HEARTS  STICKERS,Cards & Stationery,282
22165,-1.7835496259894632,0.37890719182110655,11.990833333333333,4.545765262857152,88,45,fitted,"DIAMANTE HEART SHAPED WALL MIRROR, ",Home Decor,282
21090,-2.099060535385411,0.3543867411373025,0.83,13.334498774702734,77,46,fitted,SET/6 COLLAGE PAPER PLATES,Kitchen & Dining,281
22838,-2.3847000615952756,0.11707943241481655,14.95,10.484580284859963,50,31,fitted,3 TIER CAKE TIN RED AND CREAM,Kitchen & Dining,281
85199L,-3.8927892853017108,0.25682536546804124,0.6582543258832012,23.974838799290232,92,44,fitted,LARGE HANGING IVORY & RED WOOD BIRD,General Giftware,281
21949,-3.8751591260152236,0.5943838309172331,1.3449999999999998,17.69547833778885,84,43,fitted,SET OF 6 STRAWBERRY CHOPSTICKS,General Giftware,281
21431,-1.5618999387638393,0.0241019654582042,1.7069999999999999,22.270868376690345,45,29,fitted,GREEN GINGHAM FLOWER JEWELLERY BOX,Jewellery & Accessories,281
22443,-2.0388806479720265,0.06527170865605592,7.95,6.730070751663266,66,19,fitted,GROW YOUR OWN HERBS SET OF 3,General Giftware,281
84212,-3.494308122429883,0.541215397360643,0.65,83.59201320685484,90,28,fitted,"ASSORTED FLOWER COLOUR ""LEIS""",General Giftware,280
82613D,-2.011326242778126,0.28893068403579614,1.4718333333333335,5.860219019331692,86,40,fitted,METAL SIGN CUPCAKE SINGLE HOOK,Home Decor,280
22136,-3.144744672450126,0.2715420602221097,1.6990171990171987,13.398462568879342,88,42,fitted,LOVE HEART SOCK HANGER,General Giftware,280
35004B,-2.4154008092361736,0.5326852171413723,5.45,10.518370291986134,86,44,fitted,SET OF 3 BLACK FLYING DUCKS,General Giftware,280
23234,-2.5565447916340402,,2.89,66.34615384615384,26,19,category_fallback_implausible_fit,BISCUIT TIN VINTAGE CHRISTMAS,Christmas & Seasonal,280
22792,-3.2453379028205327,0.28880327725314925,0.9279999999999999,45.893356119547036,55,38,fitted,FLUTED ANTIQUE CANDLE HOLDER,Lighting & Candles,280
21466,-1.5785014701241307,0.03836588537202901,3.75,6.680552519960765,90,27,fitted,RED FLOWER CROCHET FOOD COVER,General Giftware,280
23000,-4.698827545720166,0.1418431369683597,0.4295348837209302,65.88346070027433,43,33,fitted,TRAVEL CARD WALLET TRANSPORT,Cards & Stationery,280
21067,-2.8786975974951585,0.5130096483442401,1.2942241379310344,13.410454201411586,80,43,fitted,VINTAGE RED TEATIME MUG,Kitchen & Dining,279
22675,-3.8978100191829257,0.45967511874004074,1.25,25.693880172266326,67,28,fitted,FRENCH KITCHEN SIGN BLUE METAL,Kitchen & Dining,279
21100,-2.5113354384193567,0.5827401233717266,1.8455882352941173,23.302358180686596,60,45,fitted,CHARLIE AND LOLA CHARLOTTE BAG,Bags,279
22338,-2.721702144756207,0.6978943069352971,0.65,28.079115752040085,51,27,fitted,STAR DECORATION PAINTED ZINC ,Home Decor,279
22069,-1.0902388521804613,0.14903026402634312,2.6590909090909087,6.220943612428919,89,54,fitted,BROWN  PIRATE TREASURE CHEST ,General Giftware,279
22162,-1.1306161587396089,0.014622584620187618,3.0316917293233083,9.048281873061752,68,38,fitted,HEART GARLAND RUSTIC PADDED,General Giftware,278
22991,-6.610865502767263,0.2564834550157352,1.9500000000000002,55.56900835458909,42,29,fitted,GIRAFFE WOODEN RULER,General Giftware,278
23076,-4.86231710059012,0.18323436806512305,1.25,189.15677745428158,37,16,fitted,ICE CREAM SUNDAE LIP GLOSS,General Giftware,278
22890,-2.5482172796098306,0.06261547673122736,9.95,7.588876565697363,58,27,fitted,NOVELTY BISCUITS CAKE STAND 3 TIER,General Giftware,278
22309,-3.0627774459284423,0.4198097619188209,2.846319444444444,9.149443719426502,90,44,fitted,TEA COSY RED  STRIPE,General Giftware,278
21948,-2.1328230142169935,0.27085461548795453,1.45578231292517,8.673581756363099,95,36,fitted,SET OF 6 CAKE CHOPSTICKS,General Giftware,277
23052,-0.6536547701959117,0.009231228633801547,8.948333333333332,10.989828994641604,41,26,fitted,RECYCLED ACAPULCO MAT TURQUOISE,General Giftware,277
23109,-9.460910509776538,0.32761497047614907,2.89,62.21272063684704,30,18,fitted,PACK OF SIX LED TEA LIGHTS,Lighting & Candles,277
21675,-3.445914774550534,0.4427086983039974,0.85,19.505736487783246,87,34,fitted,BUTTERFLIES STICKERS,Cards & Stationery,277
85131D,-1.9486133320552521,0.31807743845392056,0.83,12.209225732925406,72,19,fitted,BEADED CRYSTAL HEART PINK ON STICK,General Giftware,277
22228,-0.9857716813782081,0.0857425793552864,0.85,11.282416011565221,69,33,fitted,BUNNY WOODEN PAINTED WITH BIRD ,General Giftware,277
21830,-5.6991384905965345,0.5831150499662632,0.42,64.25371350702328,91,17,fitted,ASSORTED CREEPY CRAWLIES,General Giftware,277
22839,-1.9981139840883888,0.20329056925637168,16.114488372093028,6.903513221671771,60,44,fitted,3 TIER CAKE TIN GREEN AND CREAM,Kitchen & Dining,277
21801,-2.148150520238639,0.06976120097733729,0.42000000000000004,25.518468746446523,58,23,fitted,CHRISTMAS TREE DECORATION WITH BELL,Christmas & Seasonal,276
23306,-5.76393575894294,0.7525341527066733,1.5042897727272724,82.94898718205033,28,26,fitted,SET OF 36 DOILIES PANTRY DESIGN,Home Decor,276
21680,-3.502119555820824,0.42297384370818214,0.8907763157894737,21.61444699006184,88,44,fitted,WOODLAND  STICKERS,Cards & Stationery,275
23144,-3.175828163763295,0.19963618562292484,0.8300000000000001,126.52300069659564,34,28,fitted,ZINC T-LIGHT HOLDER STARS SMALL,Lighting & Candles,275
22322,-2.95509875429925,0.4823233537726076,0.9737873754152823,14.560109204953173,84,36,fitted,BIRD DECORATION GREEN POLKADOT,Home Decor,275
51014C,-2.4410465470698903,0.5695053961145622,0.85,20.94521781326834,87,46,fitted,"FEATHER PEN,COAL BLACK",Cards & Stationery,275
21846,-2.4334644210641088,0.5023519303522508,4.246080586080586,4.4104970416760105,82,40,fitted,PINK DIAMANTE PEN IN GIFT BOX,Cards & Stationery,275
22291,-3.903050197585658,0.1966899307358999,1.45,24.699572103669983,65,32,fitted,"SPRING DEC , HANGING CHICK CREAM",Jewellery & Accessories,275
22965,-4.3753960690265155,0.07889250000667603,2.1,21.53269366395756,55,22,fitted,3 TRADITIONAl BISCUIT CUTTERS  SET,General Giftware,274
85039B,-1.8068382840824182,0.2965993815152538,1.6426666666666665,10.706246911489561,78,49,fitted,S/4 IVORY MINI ROSE CANDLE IN BOWL,Lighting & Candles,274
48189,-2.5581258737369863,0.7339462529604728,7.731322580645161,12.698227646963028,62,37,fitted,DOOR MAT FRIENDSHIP ,General Giftware,274
22285,-3.0801766601886524,0.1277521927441344,1.65,18.022431267531786,78,32,fitted,"DECORATION HEN ON NEST, HANGING",Home Decor,274
22664,-2.692833377480179,0.31258865343328524,2.231421370967742,12.154343036628292,70,36,fitted,TOY TIDY DOLLY GIRL DESIGN,Home Decor,274
22202,-2.087891879185544,0.18321697830699935,4.328857142857142,10.33725252483039,64,39,fitted,MILK PAN PINK RETROSPOT,General Giftware,273
21537,-2.510175255960136,0.13530845506725475,4.25,9.399039671653496,83,26,fitted,RED RETROSPOT PUDDING BOWL,Kitchen & Dining,273
23177,-6.749169956267872,0.22596526051200982,2.25,33.92148431366247,41,22,fitted,TREASURE ISLAND BOOK BOX,Storage & Boxes,272
22917,-1.9558986818123152,0.08702111731498308,0.6655555555555557,23.52956999557992,53,29,fitted,HERB MARKER ROSEMARY,General Giftware,272
22518,-3.0824603681921876,0.286283756118513,2.1,16.58636883736843,54,34,fitted,CHILDS GARDEN BRUSH BLUE,Garden & Outdoor,272
22971,-4.337959549083914,0.42222989680927636,2.55,34.17345925548523,50,31,fitted,QUEENS GUARD COFFEE MUG,Kitchen & Dining,271
21389,-4.2197529169212515,0.5120649224321475,0.85,23.35702749623043,84,31,fitted,IVORY HANGING DECORATION  BIRD,Home Decor,271
22920,-1.9295108554332003,0.061181916782949375,0.6620987654320989,24.85665208900802,49,28,fitted,HERB MARKER BASIL,General Giftware,271
22176,-1.5652361230859502,0.047748560126494866,2.9500000000000006,8.587220307570714,89,29,fitted,BLUE OWL SOFT TOY,Toys & Games,271
22918,-2.3296313021958484,0.16048643815087704,0.6500000000000001,23.633894442000546,53,27,fitted,HERB MARKER PARSLEY,General Giftware,271
22314,-1.4983061871257364,0.13453261907761138,3.6900000000000004,7.3729516525727075,83,37,fitted,OFFICE MUG WARMER CHOC+BLUE,Kitchen & Dining,271
84913A,-1.2843217346698828,0.10085522828830285,3.36,7.1412064030500435,74,26,fitted,SOFT PINK ROSE TOWEL ,Bath & Body,271
22097,-1.4661609163476286,0.37446903944911236,1.25,5.38542322220934,88,21,fitted,SWALLOW SQUARE TISSUE BOX,Storage & Boxes,270
16236,-2.914257196454435,0.3411463671896918,0.2222222222222222,22.143875941304543,89,43,fitted,KITTY PENCIL ERASERS,General Giftware,270
22334,-4.419074574779983,0.18294105035940034,1.65,14.048676668154824,94,22,fitted,DINOSAUR PARTY BAG + STICKER SET,Bags,270
22220,-1.6430343194279184,0.15937355576945256,9.95,5.546080517849437,89,26,fitted,CAKE STAND LOVEBIRD 2 TIER WHITE,General Giftware,270
22474,-2.098930889978861,0.24228306830756485,4.950000000000001,8.517154993995177,75,35,fitted,SPACEBOY TV DINNER TRAY,General Giftware,269
22916,-2.420876636170366,0.15930385861600238,0.6669615384615385,23.257843201770395,54,29,fitted,HERB MARKER THYME,General Giftware,269
21642,-1.4144487949996338,0.30354615451253586,0.85,21.68235669077926,75,31,fitted,ASSORTED TUTTI FRUTTI PEN,Cards & Stationery,269
22071,-3.0743732529073147,0.2102707829943401,3.75,8.708545615572095,82,17,fitted,SMALL WHITE RETROSPOT MUG IN BOX ,Kitchen & Dining,269
85040B,-6.940666643191053,0.15808750849565367,1.65,16.50728760394592,65,23,fitted,SET/4 BLUE FLOWER CANDLES IN BOWL,Lighting & Candles,268
22942,-2.078469337270555,0.1238312642037609,8.5,27.911055904611526,25,18,fitted,CHRISTMAS LIGHTS 10 SANTAS ,Christmas & Seasonal,268
22475,-1.3264638327193234,0.08888526215494474,4.95,5.661919521891738,82,35,fitted,SKULL DESIGN TV DINNER TRAY,Home Decor,268
22972,-4.503490930735631,0.5336143711314405,1.6743867228661748,34.30000136177464,50,32,fitted,CHILDREN'S SPACEBOY MUG,Kitchen & Dining,268
21249,-3.3310364568414585,0.47628503295322755,2.9500000000000006,13.5149931516173,98,40,fitted,WOODLAND  HEIGHT CHART STICKERS ,Cards & Stationery,268
22718,-3.8565846875051926,0.6126049463258165,0.43938947368421055,30.79991667968522,76,35,fitted,CARD CAT AND TREE ,Cards & Stationery,268
22995,-3.1212431208075233,0.18371937570688113,0.44277777777777777,47.446686427800266,43,31,fitted,TRAVEL CARD WALLET SUKI,Cards & Stationery,268
21905,-1.8886120135012845,0.3328266435604278,2.1,4.509374195553083,89,41,fitted,MORE BUTTER METAL SIGN ,Home Decor,267
37500,-1.1310256516319135,0.13770412847709546,9.95,5.196163479601325,88,34,fitted,TEA TIME TEAPOT IN GIFT BOX,Kitchen & Dining,267
22451,-0.39016874277048497,0.00034873493905762665,3.35,15.700896878774314,51,21,fitted,SILK PURSE BABUSHKA RED,General Giftware,267
84912B,-2.3146812720872716,,3.4944444444444445,6.7407407407407405,81,34,category_fallback_implausible_fit,GREEN ROSE WASHBAG,General Giftware,267
21735,-0.20047799379140951,0.0013638700544086335,12.75,6.180199489741803,73,26,fitted,TWO DOOR CURIO CABINET,General Giftware,266
79323P,-7.351763587048416,0.3237137459522651,6.131954125299554,72.26326869237197,22,20,fitted,PINK CHERRY LIGHTS,Lighting & Candles,266
22218,-3.7701497950053446,0.2829664422814778,4.475853801169591,17.66605337446222,48,38,fitted,CAKE STAND LACE WHITE,General Giftware,266
85231G,-2.6344440512588694,0.1465012139912103,0.85,11.28913528352952,85,24,fitted,ORANGE SCENTED SET/9 T-LIGHTS,Lighting & Candles,266
22250,-3.7383843749078247,0.5895191512198079,0.9763636363636364,13.442002493511064,80,44,fitted,DECORATION  BUTTERFLY  MAGIC GARDEN,Home Decor,266
22067,-2.4155124460801516,0.340635228026688,1.65,12.80140121660599,94,41,fitted,CHOC TRUFFLE GOLD TRINKET POT ,General Giftware,266
23100,-4.42796763363184,0.06758580441879325,1.25,39.300515502606785,30,19,fitted,SILVER BELLS TABLE DECORATION,Home Decor,266
23184,-1.558686594062143,0.18724845204381746,5.367307692307692,18.59819089281073,40,31,fitted,BULL DOG BOTTLE OPENER,Bottles & Glassware,266
22919,-2.777407304605124,0.25865032990504355,0.6628072787427627,23.47709942968255,52,27,fitted,HERB MARKER MINT,General Giftware,266
23147,-2.3146812720872716,,1.45,54.64705882352941,34,12,category_fallback_implausible_fit,SINGLE ANTIQUE ROSE HOOK IVORY,General Giftware,265
21125,-2.456181289500183,0.2513279380624035,1.25,12.297046417345115,90,20,fitted,SET 6 FOOTBALL CELEBRATION CANDLES,Lighting & Candles,265
23571,-0.40948919439168596,0.0004988800960664674,1.7150390879478825,182.031376244088,8,7,fitted,TRADITIONAL NAUGHTS & CROSSES,General Giftware,265
22519,-2.214571073465635,0.1366836646237134,2.1,13.883252287586451,56,26,fitted,CHILDS GARDEN BRUSH PINK,Garden & Outdoor,265
22604,-2.6758308741483363,0.1301384944691658,2.55,20.178681081391634,60,28,fitted,SET OF 4 NAPKIN CHARMS CUTLERY,Kitchen & Dining,265
21819,-2.3677282610777204,0.34428022485845833,0.85,26.215345486107367,43,18,fitted,GLITTER CHRISTMAS STAR ,Christmas & Seasonal,265
22539,-4.508770244606906,0.4197376230800769,0.42000000000000004,40.117795375233605,80,37,fitted,MINI JIGSAW DOLLY GIRL,General Giftware,264
11001,-3.4953269976632027,0.31071277541635833,1.69,26.05033574381691,87,33,fitted,ASSTD DESIGN RACING CAR PEN,Home Decor,264
22689,-2.2412249558757105,0.25904340166119266,8.002972972972973,13.170191318925035,47,39,fitted,DOORMAT MERRY CHRISTMAS RED ,Christmas & Seasonal,264
22057,-2.0066338266767247,0.3164967370548125,1.49,19.781276582071147,81,45,fitted,CERAMIC PLATE STRAWBERRY DESIGN,Kitchen & Dining,264
15034,-1.728421018498744,0.5692817925057666,0.1461907650314656,76.42415153602767,92,48,fitted,PAPER POCKET TRAVELING FAN ,General Giftware,264
21528,-1.9397651669895866,0.14343741507284624,6.95,5.103359384039348,95,33,fitted,DAIRY MAID TRADITIONAL TEAPOT ,Kitchen & Dining,264
23080,-0.3687259670524356,0.0007385165942492833,8.25,20.684223732211866,31,15,fitted,RED METAL BOX TOP SECRET,Storage & Boxes,264
22452,-2.9028005804962436,0.34655840968201246,2.95,9.01807273315425,74,27,fitted,MEASURING TAPE BABUSHKA PINK,Jewellery & Accessories,263
22261,-3.251146632782885,0.4169511951503426,1.0669642857142856,10.936023579698489,66,31,fitted,FELT EGG COSY WHITE RABBIT ,General Giftware,263
85015,-1.7934853952461,0.5825327429168521,2.51,5.436265586949233,88,35,fitted,SET OF 12  VINTAGE POSTCARD SET,Cards & Stationery,263
22047,-3.114237677208787,,0.42,92.22222222222223,90,7,category_fallback_implausible_fit,EMPIRE GIFT WRAP,Cards & Stationery,263
23582,-9.045324713857495,0.6304721202000317,1.9722137404580151,572.1958492614931,7,7,fitted,VINTAGE DOILY JUMBO BAG RED ,Bags,263
21123,-2.611896951806718,0.16421569747727882,1.25,17.806284547987364,89,24,fitted,SET/10 IVORY POLKADOT PARTY CANDLES,Lighting & Candles,263
21826,-2.3146812720872716,,1.25,26.508196721311474,61,19,category_fallback_implausible_fit,EIGHT PIECE DINOSAUR SET,General Giftware,263
84849D,-2.00490344957149,0.039327214651143305,1.6900000000000002,9.591156839114344,88,28,fitted,HOT BATHS SOAP HOLDER,Bath & Body,263
21171,-3.4548933187466946,0.2749619634400653,1.45,13.741135320918714,76,33,fitted,BATHROOM METAL SIGN ,Home Decor,263
21241,-5.393328478840094,0.5635547076470215,0.865077922077922,41.70177614557814,44,31,fitted,GREEN SPOTTY CUP,Kitchen & Dining,263
21706,-2.5229556862566556,0.359604791243062,4.95,6.448491140120755,93,35,fitted,FOLDING UMBRELLA RED/WHITE POLKADOT,General Giftware,263
21894,-2.463160249272601,0.30364952633818076,1.3534615384615383,12.081022983831163,86,43,fitted,POTTING SHED SEED ENVELOPES,Cards & Stationery,262
22402,-0.8757779016941655,0.1429821022270913,1.25,15.51538018981043,79,14,fitted,MAGNETS PACK OF 4 VINTAGE COLLAGE,General Giftware,262
22209,-1.7455266838342385,0.30998207010281675,1.6499999999999997,7.41909064849207,84,22,fitted,WOOD STAMP SET HAPPY BIRTHDAY,General Giftware,261
22472,-2.463628219862689,0.21958119241044805,4.95,8.720873700526948,73,31,fitted,TV DINNER TRAY DOLLY GIRL,General Giftware,261
84596L,-1.603371559739683,0.4195467821085751,1.25,5.727259317337045,69,38,fitted,BISCUITS SMALL BOWL LIGHT BLUE,Lighting & Candles,261
85039A,-2.291823023016317,0.4104132128094998,1.6416666666666666,7.367395760722256,76,41,fitted,SET/4 RED MINI ROSE CANDLE IN BOWL,Lighting & Candles,260
22190,-2.6397978457785447,0.2731733694213322,2.1615000000000006,7.4302937687750585,79,42,fitted,LOCAL CAFE MUG,Kitchen & Dining,259
21467,-2.6610585584952955,0.25321387111269067,3.75,6.371988387102288,84,22,fitted,CHERRY CROCHET FOOD COVER,General Giftware,259
21586,-2.3146812720872716,,2.55,36.49315068493151,73,17,category_fallback_implausible_fit,KINGS CHOICE GIANT TUBE MATCHES,General Giftware,259
85132A,-2.1165564428862997,0.6308902375393208,8.716666666666667,3.7267774322846043,60,30,fitted,CHARLIE + LOLA BISCUITS TINS,General Giftware,258
23329,-2.3146812720872716,,1.6667346938775511,88.3157894736842,19,14,category_fallback_insufficient_price_variation,DECORATIVE WICKER HEART LARGE,General Giftware,258
20984,-2.546258737094108,0.6339252158155253,0.85,7.7948767588201,73,18,fitted,12 PENCILS TALL TUBE POSY,General Giftware,258
85065,-3.1111304476584425,0.2840562722292954,12.75,9.984204018450203,46,26,fitted,CREAM SWEETHEART TRAYS,General Giftware,258
18098C,-2.429000226482214,0.1693882211473957,2.9500000000000006,11.396716014058955,64,32,fitted,PORCELAIN BUTTERFLY OIL BURNER,General Giftware,258
22277,-2.946356295684435,0.20338968152146075,2.1,9.933134972351496,87,36,fitted,COSMETIC BAG VINTAGE ROSE PAISLEY,Bags,258
23110,-3.757123971064495,0.3089328449673099,5.769375,22.636224810356396,31,22,fitted,PARISIENNE KEY CABINET ,General Giftware,257
23231,-2.375411544782531,,0.42,139.10416666666666,48,1,category_fallback_insufficient_price_variation,WRAP DOILEY DESIGN,Home Decor,257
23118,-2.210292135535474,0.07136853769452745,7.873,18.04601962216612,31,22,fitted,PARISIENNE JEWELLERY DRAWER ,Jewellery & Accessories,257
23534,-0.2578051665649422,0.0015662058786093391,6.73974358974359,66.18713871974124,11,11,fitted,WALL ART STOP FOR TEA ,General Giftware,257
22589,-0.380880779200982,0.0037317662005714736,2.6724390243902443,25.061097216304514,37,25,fitted,CARDHOLDER GINGHAM STAR,General Giftware,257
23158,-3.221294065611961,0.1350077641781342,2.111318535079315,57.84876002474137,38,30,fitted,SET OF 5 LUCKY CAT MAGNETS ,General Giftware,257
22618,-3.5008250365564417,0.17313185243693252,9.95,8.60339596673662,50,22,fitted,COOKING SET RETROSPOT,General Giftware,257
22376,-0.8064940816237206,0.039478404954875645,4.25,5.212442184652865,85,26,fitted,AIRLINE BAG VINTAGE JET SET WHITE,Bags,256
23078,-5.005322542926013,0.2362208933414095,1.25,156.89361490372517,38,19,fitted,ICE CREAM PEN LIP GLOSS ,Cards & Stationery,256
21491,-8.07024474845993,0.1027024214011899,1.9499999999999997,42.464126313363465,24,15,fitted,SET OF THREE VINTAGE GIFT WRAPS,Cards & Stationery,256
20956,-3.628531843413138,0.4617052610928917,1.3283805668016195,24.13568199348718,70,31,fitted,PORCELAIN T-LIGHT HOLDERS ASSORTED,Lighting & Candles,256
23148,-1.30892917627094,0.027382932408140936,0.83,51.34052510485046,34,17,fitted,MINIATURE ANTIQUE ROSE HOOK IVORY,General Giftware,256
22249,-3.467872187463999,0.3737670342313374,0.85,20.150748421272308,61,30,fitted,DECORATION WHITE CHICK MAGIC GARDEN,Home Decor,256
22362,-1.771574971685447,0.20888096169516412,3.291538461538462,6.172034015983777,83,32,fitted,GLASS JAR PEACOCK BATH SALTS,Bath & Body,256
22735,-2.8837029505948526,0.38904775671017244,1.7627272727272727,29.400300361664893,37,29,fitted,RIBBON REEL SOCKS AND MITTENS,Cards & Stationery,255
22260,-2.7535573845724013,0.2954296711590212,1.0964033613445376,9.26284608176491,72,38,fitted,FELT EGG COSY BLUE RABBIT ,General Giftware,255
22152,-1.8042638524865655,0.18819223953579767,0.42,49.22119149266939,74,23,fitted,PLACE SETTING WHITE STAR,General Giftware,255
21945,-2.9024672577679462,0.5175361119656502,0.9657142857142856,12.349238144292428,73,39,fitted,STRAWBERRIES  DESIGN FLANNEL ,Home Decor,254
20702,-3.5200887534233893,0.07901313172919833,4.25,6.888317585529622,78,8,fitted,PINK PADDED MOBILE,General Giftware,254
22678,-3.6756253566194226,0.5429874515176647,1.3357083333333333,18.76812405645728,64,33,fitted,FRENCH BLUE METAL DOOR SIGN 3,Home Decor,254
23229,-6.023833397481461,0.4122255233613563,3.75,53.83686334378978,26,16,fitted,VINTAGE DONKEY TAIL GAME ,Toys & Games,253
21159,-1.334462145423941,0.369796438465376,1.45,5.675938447161919,87,31,fitted,MOODY BOY  DOOR HANGER ,General Giftware,253
22671,-4.129959750721938,0.636186917204479,1.7093667711598743,19.70288243694715,64,34,fitted,FRENCH LAUNDRY SIGN BLUE METAL,Home Decor,253
22268,-1.1210309456629888,0.24578856009088046,0.85,12.230956625123286,62,35,fitted,EASTER DECORATION SITTING BUNNY,Christmas & Seasonal,252
22891,-1.413446244075137,0.06441162170788561,4.583157894736842,8.06093960465734,55,31,fitted,TEA FOR ONE POLKADOT,General Giftware,252
23197,-1.4994002782096119,0.043737289893221676,1.5747457627118642,44.18337472404884,25,22,fitted,SKETCHBOOK MAGNETIC SHOPPING LIST,General Giftware,252
22854,-5.042953411867253,0.3047581638618645,4.95,20.07045454727408,46,26,fitted,CREAM SWEETHEART EGG HOLDER,General Giftware,252
20716,-2.433427156330731,0.2435549758456561,1.25,16.46643981040974,73,32,fitted,PARTY FOOD SHOPPER BAG,Bags,251
21446,-2.125636514951218,0.17970411648480922,1.25,9.775494931239534,91,23,fitted,12 RED ROSE PEG PLACE SETTINGS,General Giftware,251
23012,-2.127228711192353,0.1756168761558765,3.8896164021164026,38.7679530122111,26,25,fitted,GLASS APOTHECARY BOTTLE PERFUME,Bottles & Glassware,251
15044A,-3.3027187281712513,0.25750958002038127,2.9500000000000006,13.097003892223178,81,37,fitted,PINK PAPER PARASOL ,General Giftware,251
23166,-9.920622615792032,0.38063635107452853,1.2401829268292683,96.40742733140955,32,30,fitted,MEDIUM CERAMIC TOP STORAGE JAR,Storage & Boxes,250
40016,-1.405661791121551,0.6191812674668723,0.42,106.40546308216814,86,38,fitted,CHINESE DRAGON PAPER LANTERNS,Lighting & Candles,250
79066K,-3.2080460756567426,0.43951977223632477,0.888048780487805,11.915832909157166,89,38,fitted,RETRO MOD TRAY,General Giftware,249
21408,-1.9225941984132433,0.3409381041398163,5.241923076923077,4.730341158242575,86,33,fitted,SPOTTY PINK DUCK DOORSTOP,General Giftware,249
21439,-3.1480536253434472,0.23813069915614016,1.25,14.915924667390586,86,31,fitted,BASKET OF TOADSTOOLS,Storage & Boxes,248
23083,-2.433516625706541,0.027921318250993754,3.75,40.34274574224213,30,18,fitted,SET 6 PAPER TABLE LANTERN STARS ,Lighting & Candles,248
23154,-3.5963939632214905,0.08931099129604436,2.08,53.583419610716376,38,20,fitted,SET OF 4 JAM JAR MAGNETS,Bottles & Glassware,248
16238,-3.790711140676409,0.5845989309264406,0.2303151364764268,25.352770626596516,86,35,fitted,PARTY TIME PENCIL ERASERS,General Giftware,247
22341,-3.879454899686889,0.5857566476289159,1.7741483516483514,20.46025653610427,90,42,fitted,LOVE GARLAND PAINTED ZINC ,General Giftware,247
23333,-1.5983689013951454,0.024049937123066356,1.2651209569633788,101.59110244699484,18,12,fitted,IVORY WICKER HEART MEDIUM,General Giftware,247
23310,-3.659332941525674,0.05865543025753728,0.42,373.60531498055434,27,21,fitted,BUBBLEGUM RING ASSORTED,Jewellery & Accessories,246
22719,-1.8213500899967026,0.19623063110827854,1.3156818181818184,22.91307020434063,51,37,fitted,GUMBALL MONOCHROME COAT RACK,General Giftware,246
21201,-3.2222491942076465,0.321482610681864,2.55,16.623621074590837,95,44,fitted,TROPICAL  HONEYCOMB PAPER GARLAND ,General Giftware,246
22533,-4.154189816410467,0.11686261715137936,0.42,20.70855439345382,71,24,fitted,MAGIC DRAWING SLATE BAKE A CAKE ,General Giftware,246
22695,-2.346971588750437,0.2122669979632359,1.45,18.801324314462793,52,28,fitted,WICKER WREATH SMALL,General Giftware,245
21648,-3.1485464066395092,0.35195691862944056,1.3004,27.684559108492824,77,32,fitted,ASSORTED TUTTI FRUTTI SMALL PURSE,General Giftware,245
22495,-1.6954137502264865,0.10730546604265623,2.9500000000000006,7.832389708825296,74,27,fitted,SET OF 2 ROUND TINS CAMEMBERT ,General Giftware,244
23005,-0.6759887497919512,0.0032213859549720114,0.4262599067599068,108.98860365413171,28,23,fitted,TRAVEL CARD WALLET I LOVE LONDON,Cards & Stationery,244
21206,-3.0240095534738307,0.33487742704482093,1.65,13.400217087082366,89,37,fitted,STRAWBERRY HONEYCOMB  GARLAND ,General Giftware,244
22420,-3.0406993212372764,0.37441886982088823,0.45307692307692304,21.676601790243257,69,40,fitted,LIPSTICK PEN BABY PINK,Cards & Stationery,244
22400,-1.1563041313069753,0.19756484310584665,1.25,10.925459080692878,71,13,fitted,MAGNETS PACK OF 4 HOME SWEET HOME,General Giftware,244
85047,-4.250844794708925,0.15235586433909398,6.35,16.202890677065483,46,28,fitted,WHITE BEADED GARLAND STRING 20LIGHT,Lighting & Candles,243
23389,-6.932196252498423,0.15443140271832578,4.15,62.16929846389017,14,12,fitted,SPACEBOY MINI BACKPACK,Bags,243
23232,-8.019490526482004,0.25918880159336577,0.42,125.42288296315662,45,8,fitted,WRAP VINTAGE LEAF DESIGN,Home Decor,243
22842,-3.7379755715857703,0.2609962826714357,6.75,8.769484556980762,58,24,fitted,BISCUIT TIN VINTAGE RED,Storage & Boxes,243
21192,-1.8242516038605616,0.135602330212365,1.6780327868852456,17.49767604125661,67,31,fitted,WHITE BELL HONEYCOMB PAPER ,General Giftware,243
21211,-3.152570391336401,0.2579595049933001,1.45,12.587591347603208,91,33,fitted,SET OF 72 SKULL PAPER  DOILIES,General Giftware,242
22805,-2.879055400578006,0.38155492634305144,1.343076923076923,32.46835701328401,59,36,fitted,BLUE DRAWER KNOB ACRYLIC EDWARDIAN,General Giftware,242
23112,-2.8279591853698376,0.3015566825435161,8.353913043478261,14.709979714102762,31,24,fitted,PARISIENNE CURIO CABINET,General Giftware,242
22926,-3.1417793847077538,0.2977665879592276,5.95,21.74224101702445,25,9,fitted,IVORY GIANT GARDEN THERMOMETER,Garden & Outdoor,242
22310,-2.5046532262830534,0.2567131512863251,1.8842857142857143,11.16698103719218,79,42,fitted,IVORY KNITTED MUG COSY ,Kitchen & Dining,242
84754,-4.658083264186161,0.6651433765094503,1.25,39.833922163857245,48,16,fitted,S/15 SILVER GLASS BAUBLES IN BAG,Bags,241
72807B,-2.2934936357131415,0.2170549671044999,4.25,8.876550865210454,86,34,fitted,SET/3 OCEAN SCENT CANDLE JEWEL BOX,Lighting & Candles,241
84559A,-2.6617199272728733,0.29494677439916117,0.85,12.871999209591037,85,27,fitted,3D SHEET OF DOG STICKERS,Cards & Stationery,241
22021,-2.5565447916340402,,1.65,46.86666666666667,30,13,category_fallback_implausible_fit,BLUE FELT EASTER EGG BASKET,Christmas & Seasonal,240
22862,-2.2686303869228692,0.047058118393740744,4.4188,32.2775191611682,19,16,fitted,LOVE HEART NAPKIN BOX ,Storage & Boxes,240
22773,-3.4354386019025953,0.26637284852499343,1.318555114200596,36.36031495749766,56,34,fitted,GREEN DRAWER KNOB ACRYLIC EDWARDIAN,General Giftware,240
84691,-4.189024491988487,0.2197060753681619,0.85,48.04872350267788,39,30,fitted,PACK 20 DOLLY PEGS,General Giftware,240
21432,-3.2088875671004256,0.14891116124766735,5.95,12.990116501496086,48,23,fitted,SET OF 3 CASES WOODLAND DESIGN,Home Decor,240
22978,-3.7006817906094676,0.15913954564899713,3.75,31.1251851354875,43,29,fitted,PANTRY ROLLING PIN,General Giftware,239
84581,-6.066687620641918,0.06255633517557169,3.75,4.852975857018043,88,26,fitted,DOG TOY WITH PINK CROCHET SKIRT,Toys & Games,239
21070,-2.4627440081539276,0.28455455168436294,1.25,9.10107471039651,93,33,fitted,VINTAGE BILLBOARD MUG ,Kitchen & Dining,239
23399,-1.9912086355996892,0.13208265401470198,0.8872727272727273,112.13543502707931,15,15,fitted,HOME SWEET HOME HANGING HEART,General Giftware,239
21063,-2.734616938251801,0.154088070165189,0.85,11.25590903806892,91,27,fitted,PARTY INVITES JAZZ HEARTS,General Giftware,239
22292,-3.3815909311257744,0.06142318157782589,1.45,13.742996783946461,70,25,fitted,HANGING CHICK  YELLOW DECORATION,Home Decor,238
23167,-5.797242613490055,0.4023084866907599,0.83,108.81767725244342,31,27,fitted,SMALL CERAMIC TOP STORAGE JAR ,Storage & Boxes,238
22974,-3.7899897114863936,0.2629724974130855,1.6950075187969922,24.196172267260575,50,26,fitted,CHILDRENS DOLLY GIRL MUG,Kitchen & Dining,238
23368,-2.3146812720872716,,0.6911977284460507,196.5,12,12,category_fallback_implausible_fit,SET 12 COLOUR PENCILS DOLLY GIRL ,General Giftware,238
21823,-1.4458762123924744,0.18674897178374905,1.45,16.05756898554654,47,25,fitted,PAINTED METAL HEART WITH HOLLY BELL,General Giftware,238
15044C,-2.051657733520455,0.23285306497360003,2.9500000000000006,8.764028603021572,84,33,fitted,PURPLE PAPER PARASOL,General Giftware,237
21744,-2.1857949268873305,0.07816276685750934,2.9500000000000006,12.85864397395077,44,22,fitted,SNOWFLAKE PORTABLE TABLE LIGHT ,Lighting & Candles,237
22921,-2.0541278181517555,0.0884562171529567,0.6500000000000001,23.427392811364193,49,23,fitted,HERB MARKER CHIVES ,General Giftware,237
21109,-2.24182765099331,0.5454489615602448,6.75,4.766771614217513,76,27,fitted,"LARGE CAKE TOWEL, CHOCOLATE SPOTS",Bath & Body,237
23393,-2.7939952468471465,0.5060491787447692,3.93051282051282,51.217684440467615,15,13,fitted,HOME SWEET HOME CUSHION COVER ,Home Decor,236
23230,-2.375411544782531,,0.42,170.2340425531915,47,7,category_fallback_implausible_fit,WRAP ALPHABET DESIGN,Home Decor,236
22342,-1.985789181021814,0.48404240903371964,1.653333333333333,10.679778248825393,93,34,fitted,HOME GARLAND PAINTED ZINC ,General Giftware,236
23302,-3.7590666642895108,0.28094986946624256,1.6734285714285715,27.598153424711956,30,23,fitted,KNEELING MAT HOUSEWORK  DESIGN,Home Decor,236
22293,-3.494192608514066,0.4123072546713842,1.45,18.601465056259034,70,27,fitted,HANGING CHICK GREEN DECORATION,Home Decor,236
21705,-2.509093689086514,0.24516061219022223,1.65,18.32834668806242,57,25,fitted,BAG 500g SWIRLY MARBLES,Bags,235
22680,-3.230329692220502,0.3314071489877297,1.28,17.66752965751257,65,29,fitted,FRENCH BLUE METAL DOOR SIGN 5,Home Decor,235
85114B,-1.939688078760723,0.18825647514275057,1.65,15.341240212550774,86,34,fitted,IVORY ENCHANTED FOREST PLACEMAT,General Giftware,235
22514,-2.2621584271295716,0.1885576113207772,2.1,7.721278053402858,72,22,fitted,CHILDS GARDEN SPADE BLUE,Garden & Outdoor,235
70007,-2.104090765942713,0.3239512067118717,1.65,11.03469995020757,52,31,fitted,HI TEC ALPINE HAND WARMER,General Giftware,234
82001S,-2.6127265989295436,0.1177461567274346,3.75,19.666748971319848,84,40,fitted,VINYL RECORD FRAME SILVER,Home Decor,234
35971,-2.664774275003354,0.5385892971147138,1.4293793911007027,8.572834329250759,88,37,fitted,ROSE FOLKART HEART DECORATIONS,Home Decor,234
21620,-2.4378158644180457,0.5752306449048488,3.75,3.7986079247117623,67,19,fitted,SET OF 4 ROSE BOTANICAL CANDLES,Lighting & Candles,234
21055,-0.8513212407442221,0.044123300094843776,8.95,3.609791445900549,86,26,fitted,TOOL BOX SOFT TOY ,Toys & Games,234
85232D,-1.068914562258163,0.04656375032311644,4.95,6.205639571051634,82,29,fitted,SET/3 DECOUPAGE STACKING TINS,General Giftware,234
23146,-3.6293324740676587,0.042452139739914796,3.29,19.233878897507907,34,18,fitted,TRIPLE HOOK ANTIQUE IVORY ROSE,General Giftware,234
21942,-2.259022025917074,0.2952333959838892,0.9425324675324676,8.775295902705219,70,33,fitted,SKULLS DESIGN FLANNEL,Home Decor,233
72807A,-2.278947917977102,0.22897530510320463,4.401709401709402,7.99919809824821,82,35,fitted,SET/3 ROSE CANDLE IN JEWELLED BOX,Lighting & Candles,233
22117,-1.7235203651379691,0.12107277758912594,2.95,5.697906958566756,85,26,fitted,METAL SIGN HER DINNER IS SERVED ,Home Decor,233
21883,-2.781847230836687,0.5103333900204796,0.65,16.195739719051332,79,29,fitted,STARS GIFT TAPE ,General Giftware,233
22336,-2.9616792705019703,0.3697233024374553,0.65,21.432730804778863,61,31,fitted,DOVE DECORATION PAINTED ZINC ,Home Decor,233
82613B,-2.080081072263655,0.42820725692240114,1.5799999999999998,4.47738604100448,89,35,fitted,"METAL SIGN,CUPCAKE SINGLE HOOK",Home Decor,232
22085,-4.105590123312729,0.26609308268980236,2.9500000000000006,11.33603470220994,92,29,fitted,PAPER CHAIN KIT SKULLS ,General Giftware,232
22679,-3.4653083785954304,0.3215341200375982,1.3364285714285715,14.78451725332256,65,38,fitted,FRENCH BLUE METAL DOOR SIGN 4,Home Decor,232
84912A,-2.17332413974681,0.06916831177618299,3.635294117647059,5.224816047847569,71,32,fitted,PINK ROSE WASHBAG,General Giftware,231
15044D,-3.374486619309994,0.37418053706848375,2.9500000000000006,13.018932563267512,83,36,fitted,RED PAPER PARASOL,General Giftware,231
22482,-2.375411544782531,,1.25,40.827586206896555,58,10,category_fallback_implausible_fit,BLUE TEA TOWEL CLASSIC DESIGN,Home Decor,231
21039,-1.290864760273986,0.046177331005404,2.55,9.744772379290525,91,18,fitted,RED RETROSPOT SHOPPING BAG,Bags,231
23283,-4.261690217166263,0.6166810180313929,7.915714285714286,23.459801249236037,27,22,fitted,DOORMAT VINTAGE LEAF,General Giftware,230
23159,-5.506272849058275,0.2836141757735756,2.08,48.42905262950008,37,23,fitted,SET OF 5 PANCAKE DAY MAGNETS,General Giftware,230
23330,-5.097696932197311,0.22635605816675064,1.265724894514768,94.7975544324853,18,14,fitted,DECORATIVE WICKER HEART MEDIUM,General Giftware,230
51014L,-1.8404456641320148,0.31469005254296156,0.85,18.63123831985133,81,43,fitted,"FEATHER PEN,LIGHT PINK",Lighting & Candles,230
20669,-1.4500462871246311,0.15548135451644474,1.307804347826087,8.125269630417344,78,32,fitted,RED HEART LUGGAGE TAG,General Giftware,230
22405,-2.209622559544079,0.16634125252140797,1.25,14.512509274466032,71,21,fitted,MONEY BOX POCKET MONEY DESIGN,Home Decor,230
22325,-2.0358583563530215,0.20489463765447924,4.95,5.044713591346952,81,19,fitted,MOBILE VINTAGE HEARTS ,General Giftware,230
84659A,-2.582307820826368,0.05833315640322578,2.529230769230769,5.478076101054024,70,25,fitted,WHITE TRAVEL ALARM CLOCK,Home Decor,230
85203,-3.2007966180661565,0.5176067642533058,0.4611111111111111,13.750848626725354,83,35,fitted,HANGING WOOD AND FELT BUTTERFLY ,General Giftware,230
21288,-3.1729400711847844,0.3041414909475909,2.9641666666666673,6.8311564671253695,85,39,fitted,STRIPEY CHOCOLATE NESTING BOXES,General Giftware,229
47570B,-3.8494217813491476,0.40283076879017166,10.65,9.684875168940536,63,28,fitted,TEA TIME TABLE CLOTH,General Giftware,229
23089,-3.3893763928428373,0.346308742800125,1.8686666666666663,51.368213400225635,31,29,fitted,GLASS BON BON JAR,Bottles & Glassware,229
21609,-8.806786673263659,0.17566794696369548,2.95,8.914973698341907,77,19,fitted,SET 12 LAVENDER  BOTANICAL T-LIGHTS,Lighting & Candles,228
21824,-1.597732296942274,0.27728227258332594,1.45,20.128782455557236,41,21,fitted,PAINTED METAL STAR WITH HOLLY BELLS,General Giftware,228
79160,-1.7729121236667147,0.06681648313053501,2.1,7.243047398471218,71,29,fitted,HEART SHAPE WIRELESS DOORBELL,General Giftware,228
22999,-1.7681962808472074,0.004911959705339641,0.42000000000000004,48.73394322379413,43,22,fitted,TRAVEL CARD WALLET VINTAGE LEAF,Cards & Stationery,228
23176,-6.595687642477128,0.42714690141529943,2.25,36.82395941970013,41,24,fitted,ABC TREASURE BOOK BOX ,Storage & Boxes,228
21358,-1.375225665322416,0.06488997435592825,1.25,8.439195349871284,87,28,fitted,TOAST ITS - HAPPY BIRTHDAY,General Giftware,227
23004,-4.195659865094465,0.45575817942092234,0.45037037037037037,41.52624468242147,43,38,fitted,TRAVEL CARD WALLET PANTRY,Cards & Stationery,227
72817,-5.248278500392091,0.6272178037200554,1.279311111111111,19.238125821052023,42,27,fitted,SET OF 2 CHRISTMAS DECOUPAGE CANDLE,Christmas & Seasonal,227
22406,-3.0758725348467024,0.25661038628453947,1.25,13.912666243316881,72,29,fitted,MONEY BOX KINGS CHOICE DESIGN,Home Decor,227
84558A,-2.0903716523396794,0.032652008554125644,2.95,7.644956104046694,74,19,fitted,3D DOG PICTURE PLAYING CARDS,General Giftware,227
21354,-3.757732838960657,0.3585367742843709,1.25,20.797117705065435,68,33,fitted,TOAST ITS - BEST MUM,General Giftware,227
22481,-1.7198631109963343,0.1870586828699886,1.25,9.527898453199706,74,16,fitted,BLACK TEA TOWEL CLASSIC DESIGN,Home Decor,227
85202,-3.274254170437301,0.4548732367011432,0.49,10.862194645817063,73,37,fitted,HANGING WOOD AND FELT HEART,General Giftware,227
21789,-3.165787689743927,0.11069190880931778,0.85,22.35559959975283,82,30,fitted,KIDS RAIN MAC PINK,General Giftware,227
84006,-2.50066788142326,0.21224216411938057,0.85,18.792592054817817,74,27,fitted,MAGIC TREE -PAPER FLOWERS,General Giftware,226
21111,-2.395717795290118,0.520724695178158,2.9500000000000006,10.526381068257564,71,36,fitted,"SWISS ROLL TOWEL, CHOCOLATE  SPOTS",Bath & Body,226
21084,-1.7140793818394935,0.4578403576170723,0.65,10.404064422549604,71,36,fitted,SET/6 COLLAGE PAPER CUPS,General Giftware,226
22997,-4.564584594053326,0.26144447567379514,0.4247071723426213,58.985725093951665,42,24,fitted,TRAVEL CARD WALLET UNION JACK,Cards & Stationery,226
23013,-1.2226285505967023,0.06689158364804504,3.8977407407407414,31.748748115099417,26,25,fitted,GLASS APOTHECARY BOTTLE TONIC,Bottles & Glassware,225
22756,-2.3319160817543523,0.1694151020347754,1.25,11.522462880493935,59,27,fitted,LARGE YELLOW BABUSHKA NOTEBOOK ,Cards & Stationery,225
21809,-2.1695956452325946,0.4423172631377612,1.25,17.93767395863607,45,29,fitted,CHRISTMAS HANGING TREE WITH BELL,Christmas & Seasonal,225
23292,-4.040969151293963,0.46347001018190703,1.2623469387755102,74.13984063087715,26,21,fitted,SPACEBOY CHILDRENS CUP,Kitchen & Dining,224
21059,-3.328538230349204,0.06225276668749602,0.85,12.260244327522901,90,21,fitted,PARTY INVITES DINOSAURS,General Giftware,224
22414,-2.3369599562578993,0.2799303482672606,7.95,4.929578135059031,89,40,fitted,DOORMAT NEIGHBOURHOOD WITCH ,General Giftware,224
21448,-1.762153691014463,0.07101071390182134,1.65,7.23096545329279,80,21,fitted,12 DAISY PEGS IN WOOD BOX,Storage & Boxes,224
18097C,-3.4526157496699423,0.3897940441221196,2.55,11.631502577784548,80,27,fitted,WHITE TALL PORCELAIN T-LIGHT HOLDER,Lighting & Candles,224
21333,-2.5824874436114746,0.09441935779690824,2.9500000000000006,13.589748518835647,61,18,fitted,CLASSIC WHITE FRAME,Home Decor,224
48197,-2.1460241957441295,0.23815479108648596,8.159166666666668,13.112021859242137,34,33,fitted,DOOR MAT BIRD ON THE WIRE,General Giftware,223
21640,-1.5877070363167622,0.06937678292733152,0.8561832061068703,17.767659317541444,80,37,fitted,ASSORTED TUTTI FRUTTI  FOB NOTEBOOK,Cards & Stationery,223
22279,-1.544830394632344,0.23516272167965258,1.5182692307692307,11.61433028172566,78,35,fitted,POCKET BAG BLUE PAISLEY RED SPOT,Bags,223
23242,-2.5827688984064956,,2.08,54.666666666666664,27,18,category_fallback_implausible_fit,TREASURE TIN BUFFALO BILL ,Storage & Boxes,223
21357,-2.365146984119109,0.12731976880670115,1.25,14.604445991925761,54,18,fitted,TOAST ITS - DINOSAUR,General Giftware,222
22947,-2.878003979827109,0.4411365642863071,16.63,11.841101697259845,33,29,fitted,WOODEN ADVENT CALENDAR RED,Christmas & Seasonal,222
22686,-3.0366442220196714,0.47522971052607876,1.3469230769230767,16.497411399607497,65,31,fitted,FRENCH BLUE METAL DOOR SIGN No,Home Decor,222
23286,-4.268819315926183,0.2251705620609613,0.876,82.74667814804818,27,25,fitted,BLUE VINTAGE SPOT BEAKER,General Giftware,222
22715,-5.009165745815404,0.7544167312197874,0.42000000000000004,37.948779174674854,67,26,fitted,CARD WEDDING DAY,Cards & Stationery,221
84459B,-2.845664037989966,0.37034816132797754,1.6338461538461537,15.53809076117434,54,27,fitted,YELLOW METAL CHICKEN HEART ,General Giftware,221
85131B,-2.545193818340723,0.11279103662943235,0.83,9.148436696710535,61,11,fitted,BEADED CRYSTAL HEART GREEN ON STICK,General Giftware,221
82597,-3.6831892028665876,0.2386492172362661,2.1239772727272728,21.954449306225936,46,28,fitted,BOMBS AWAY METAL SIGN,Home Decor,221
22403,-1.282094133648432,0.34465826923290244,1.25,8.417091497498213,70,27,fitted,MAGNETS PACK OF 4 VINTAGE LABELS ,General Giftware,221
23382,-1.845176827833147,0.1749890284611536,4.0848,175.2277286304519,9,9,fitted,BOX OF 6 CHRISTMAS CAKE DECORATIONS,Christmas & Seasonal,221
72008,-2.278947917977102,,0.42,81.27659574468085,47,22,category_fallback_implausible_fit,FROSTED BOX 9 WHITE T-LIGHT CANDLES,Lighting & Candles,221
84598,-4.42305823742469,0.6098777527825219,0.42,12.425720176804461,87,31,fitted,BOYS ALPHABET IRON ON PATCHES,General Giftware,221
23194,-3.8884789931942576,0.17538932397913953,2.25,22.731561347425075,41,24,fitted,GYMKHANA TREASURE BOOK BOX,Storage & Boxes,220
23480,-2.6537745940458115,0.27595368497933004,3.868449616333705,197.11824703639647,8,8,fitted,MINI LIGHTS WOODLAND MUSHROOMS,Lighting & Candles,220
22994,-4.16492099145262,0.2780260944620957,0.43242424242424243,43.29139894923659,43,28,fitted,TRAVEL CARD WALLET RETROSPOT,Cards & Stationery,220
22984,-6.425220436183353,0.5102601947474361,0.42000000000000004,42.19036861508433,63,25,fitted,CARD GINGHAM ROSE ,Cards & Stationery,220
21464,-2.3146812720872716,,4.25,6.133333333333334,90,1,category_fallback_insufficient_price_variation,DISCO BALL ROTATOR BATTERY OPERATED,General Giftware,220
72802B,-2.115739406702371,0.2684462143430617,4.25,7.727474284037364,79,19,fitted,OCEAN SCENT CANDLE IN JEWELLED BOX,Lighting & Candles,220
20960,-3.6177522391951107,0.4675948425426967,1.3520785597381342,24.577483172270593,56,25,fitted,WATERMELON BATH SPONGE,Bath & Body,219
22479,-2.8074353304708604,0.2577309776883995,1.3088095238095239,14.735586065076957,72,29,fitted,DAISY GARDEN MARKER,Garden & Outdoor,219
22957,-6.3502001800014,0.24428967200253104,2.95,66.62400005221036,17,15,fitted,SET 3 PAPER VINTAGE CHICK PAPER EGG,General Giftware,219
23395,-2.375411544782531,,4.336666666666667,49.93333333333333,15,13,category_fallback_implausible_fit,BELLE JARDINIERE CUSHION COVER,Home Decor,219
23101,-2.375411544782531,,0.83,72.75,28,17,category_fallback_implausible_fit,SILVER STARS TABLE DECORATION,Home Decor,219
22217,-1.8559697562828004,0.1699319420106341,1.25,16.000406482002617,83,30,fitted,T-LIGHT HOLDER HANGING LACE,Lighting & Candles,219
22183,-2.0481040661942522,0.33713099037279104,6.2700000000000005,6.063253871490871,61,26,fitted,CAKE STAND VICTORIAN FILIGREE MED,General Giftware,218
23312,-6.280383115292981,0.17488955746697277,4.15,49.449107239509985,22,12,fitted,VINTAGE CHRISTMAS GIFT SACK,Christmas & Seasonal,218
84279B,-2.6285952392546212,0.2015981683114464,3.75,13.340926380445024,49,24,fitted,CHERRY BLOSSOM DECORATIVE FLASK,General Giftware,218
23504,-2.3146812720872716,,1.2615279920152438,139.41666666666666,12,10,category_fallback_insufficient_price_variation,PLAYING CARDS JUBILEE UNION JACK,General Giftware,218
22902,-3.763264626756321,0.4870632117185143,2.1,22.969311174860906,59,37,fitted,TOTE BAG I LOVE LONDON,Bags,218
21161,-2.225261221144337,0.4034939613798685,1.45,9.58233678196541,67,26,fitted,KEEP OUT BOYS DOOR HANGER ,General Giftware,218
22717,-4.1905368300974795,0.705126533661824,0.42992829564258134,28.25807372805433,72,24,fitted,CARD DOG AND BALL ,Cards & Stationery,218
84975,-4.567201270046415,0.15080347781521974,1.6900000000000002,24.617070993764216,48,26,fitted,HEART SHAPED MIRROR,Home Decor,218
22473,-2.2144378787379217,0.4263866114661353,4.95,5.3120299546492316,71,28,fitted,TV DINNER TRAY VINTAGE PAISLEY,General Giftware,218
23091,-1.2338721172386038,0.00861688816866557,6.25,15.903607232169847,27,16,fitted,ZINC HERB GARDEN CONTAINER,Garden & Outdoor,217
23397,-2.1405390520146446,0.27167907701101124,10.517833333333337,27.520322996927856,15,15,fitted,FOOT STOOL HOME SWEET HOME ,General Giftware,217
21619,-2.7765224618132427,0.6196524347319968,3.75,3.235712754683355,58,16,fitted,4 VANILLA BOTANICAL CANDLES,Lighting & Candles,217
21788,-4.373753325946473,0.22087570065697115,0.85,23.726524132726006,85,21,fitted,KIDS RAIN MAC BLUE,General Giftware,217
22691,-2.740442889814067,0.4412636707877102,7.95,7.26351349608061,64,42,fitted,DOORMAT WELCOME SUNRISE,General Giftware,217
84818,-1.5048179587990682,0.37154988202495287,2.5399999999999996,6.502335213781257,79,27,fitted,DANISH ROSE PHOTO FRAME,Home Decor,216
21812,-2.5188256885965874,0.36019595011758465,4.95,7.973871926549665,65,27,fitted,GARLAND WITH HEARTS AND BELLS,General Giftware,216
22308,-1.1792443017604595,0.09416349647132283,3.353333333333333,3.947620456338552,88,28,fitted,TEA COSY BLUE STRIPE,General Giftware,216
21650,-1.6574216281185483,0.510722492166868,0.65,13.562095113695388,70,37,fitted,ASSORTED TUTTI FRUTTI BRACELET,Jewellery & Accessories,216
23215,-6.568674391468612,0.35919697123362215,2.08,67.30243315314065,24,18,fitted,JINGLE BELL HEART ANTIQUE SILVER,General Giftware,216
20986,-2.312798035197323,0.22185590339791805,1.25,8.752801287735148,77,31,fitted,BLUE CALCULATOR RULER,General Giftware,215
22282,-0.4697615409308512,0.01916308319525739,12.75,3.609237790899561,88,30,fitted,12 EGG HOUSE PAINTED WOOD,General Giftware,215
23290,-8.496032476662249,0.7808652318634413,1.2680597014925374,61.51783407277399,26,20,fitted,SPACEBOY CHILDRENS BOWL,Kitchen & Dining,215
23535,-2.3146812720872716,,6.289677419354839,103.54545454545455,11,11,category_fallback_implausible_fit,WALL ART BICYCLE SAFETY,General Giftware,215
22794,-0.8057670665425583,0.018820790227567774,7.95,5.578224858328523,59,20,fitted,SWEETHEART WIRE MAGAZINE RACK,General Giftware,215
84519B,-1.0361490638796365,0.2239417183466802,2.95,4.474147694861897,87,31,fitted,CARROT CHARLIE+LOLA COASTER SET,General Giftware,215
21191,-1.581520451976665,0.10256681832067205,2.250714285714286,11.176870663691588,65,28,fitted,LARGE WHITE HONEYCOMB PAPER BELL  ,General Giftware,215
20735,-0.5058694656668984,0.014054613113777092,1.0509523809523809,7.98727648116539,68,43,fitted,BLACK MINI TAPE MEASURE ,General Giftware,214
21581,-2.404698285768914,0.3904664961389708,2.25,6.621556935699992,74,28,fitted,SKULLS  DESIGN  COTTON TOTE BAG,Bags,214
22515,-1.9000363438337144,0.12461982840001129,2.1,7.400871508809174,68,25,fitted,CHILDS GARDEN SPADE PINK,Garden & Outdoor,213
23014,-2.405804751691305,0.5244029120810441,4.010909090909091,32.672723522642194,25,24,fitted,GLASS APOTHECARY BOTTLE ELIXIR,Bottles & Glassware,213
21626,-2.7720647308911013,0.26173140803126527,1.95,14.79601443809013,74,26,fitted,VINTAGE UNION JACK PENNANT,General Giftware,213
85054,-1.9958942075577444,0.4091120547235999,2.9500000000000006,7.555600905484102,88,29,fitted,FRENCH ENAMEL POT W LID,General Giftware,212
23352,-2.3703417488716974,0.1677787639269167,1.2920799467021986,79.48211341288497,18,14,fitted,ROLL WRAP 50'S RED CHRISTMAS ,Christmas & Seasonal,212
85035C,-2.383325019441196,0.5444527886334587,4.25,3.9260259708161023,64,20,fitted,ROSE 3 WICK MORRIS BOX CANDLE,Lighting & Candles,212
22982,-4.013291477832837,0.4359233762067781,1.343076923076923,24.098468193849673,40,26,fitted,PANTRY PASTRY BRUSH,General Giftware,212
22778,-2.8565270404309535,0.36490255402508787,3.95,14.198595632612909,53,30,fitted,GLASS CLOCHE SMALL,Bottles & Glassware,212
23156,-6.038507930162205,0.10564954723914421,2.08,30.324041694622114,38,20,fitted,SET OF 5 MINI GROCERY MAGNETS,General Giftware,212
85059,-2.0296339221536503,0.3832230094501009,3.75,5.46681408278061,87,27,fitted,FRENCH ENAMEL WATER BASIN,General Giftware,211
21576,-1.1580897278865325,0.06799353353740534,2.25,6.635328747626009,82,23,fitted,LETS GO SHOPPING COTTON TOTE BAG,Bags,211
21944,-3.08404330817519,0.5147689666762476,0.9557931034482757,8.834960052808176,68,34,fitted,KITTENS DESIGN FLANNEL,Home Decor,211
21469,-2.992017073533725,0.2890720194345522,3.75,6.84236618045611,79,21,fitted,POLKA DOT RAFFIA FOOD COVER,General Giftware,211
84459A,-2.0841849467940188,0.33185813421337507,1.7510714285714286,10.336216226901309,70,32,fitted,PINK METAL CHICKEN HEART ,General Giftware,211
21973,-2.288482565659506,0.0839183368187808,1.45,10.583288238930132,75,29,fitted,SET OF 36 MUSHROOM PAPER DOILIES,General Giftware,211
22591,-1.2385587335615185,0.13161424685795553,2.9231187290969896,24.517280298036198,36,20,fitted,CARDHOLDER GINGHAM CHRISTMAS TREE,Christmas & Seasonal,210
21873,-2.1051860300772725,0.2806333929810719,1.25,9.956726073886133,82,33,fitted,IF YOU CAN'T STAND THE HEAT MUG,Kitchen & Dining,210
37340,-1.1846285457123005,0.6331319165295377,0.85,26.51939912122612,83,39,fitted,MULTICOLOUR SPRING FLOWER MUG,Jewellery & Accessories,210
21246,-2.4529194956318796,,4.95,9.753246753246753,77,31,category_fallback_implausible_fit,RED RETROSPOT BIG BOWL,Kitchen & Dining,210
22415,-2.3146812720872716,,7.95,6.392156862745098,51,3,category_fallback_insufficient_price_variation,WHITE TISSUE REAM,General Giftware,210
85034C,-2.444427501034417,0.6974256489187549,4.25,4.778278164886042,53,20,fitted,3 ROSE MORRIS BOXED CANDLES,Lighting & Candles,210
22359,-1.7980375192319829,0.1017850352469597,3.1506564245810056,5.832487949459019,74,29,fitted,GLASS JAR KINGS CHOICE,Bottles & Glassware,209
84596E,-1.8996466469026851,0.2710314650545824,1.25,10.090261281384237,55,22,fitted,SMALL LICORICE DES PINK BOWL,Kitchen & Dining,209
22975,-2.0135259808395096,0.0957762705370514,1.271607142857143,20.00423588468583,49,25,fitted,SPACEBOY CHILDRENS EGG CUP,Kitchen & Dining,209
22789,-3.195839383805312,0.2568198104447732,1.95,18.367858834478348,53,19,fitted,T-LIGHT HOLDER SWEETHEART HANGING,Lighting & Candles,209
22269,-1.3140652903930572,0.36337825906017895,1.25,8.793536650143487,77,37,fitted,EGG CUP NATURAL CHICKEN,Kitchen & Dining,209
22299,-3.803876212451338,0.5271469756431721,1.267547476939772,32.879770790264864,72,29,fitted,PIG KEYRING WITH LIGHT & SOUND ,Lighting & Candles,209
23163,-4.281908712383977,0.6702935438437048,2.5641000000000003,47.15909777224949,33,33,fitted,REGENCY SUGAR TONGS,General Giftware,209
20770,-3.578304518160479,0.204024902649935,2.5349999999999997,5.0336095406385,77,38,fitted,ABSTRACT CIRCLE JOURNAL ,General Giftware,209
21143,-3.589487530907077,0.2794851046214296,1.9500000000000002,32.48966611044019,40,20,fitted,ANTIQUE GLASS HEART DECORATION ,Home Decor,209
22526,-1.3740125636423628,0.04942275733395585,12.75,3.6458208717288305,74,19,fitted,WHEELBARROW FOR CHILDREN ,General Giftware,209
22046,-9.321198568032948,0.2289131146308121,0.42,51.91486910955778,91,5,fitted,TEA PARTY  WRAPPING PAPER ,General Giftware,208
21204,-2.5174305531569217,0.29646640346368447,1.65,12.703298008452528,87,28,fitted,DAISIES  HONEYCOMB GARLAND ,General Giftware,208
22779,-2.278947917977102,,4.25,38.18867924528302,53,11,category_fallback_implausible_fit,WOODEN OWLS LIGHT GARLAND ,Lighting & Candles,208
85185B,-1.322760677710863,0.0640881591646244,2.95,5.92607264812014,80,21,fitted,PINK HORSE SOCK PUPPET,General Giftware,207
84913B,-1.0027461034286267,0.057100405337957016,3.36,5.400220182243894,65,19,fitted,MINT GREEN ROSE TOWEL,Bath & Body,207
84968A,-1.9761483179880128,0.2704505127120972,12.75,4.527589600525851,81,22,fitted,SET OF 16 VINTAGE ROSE CUTLERY,Kitchen & Dining,207
21014,-2.612883432321893,0.6056249849511266,0.8863636363636364,9.686385238274628,45,30,fitted,SWISS CHALET TREE DECORATION ,Home Decor,207
23396,-2.928052990354206,0.23447762640187997,4.3132,36.15258221743802,15,14,fitted,LE JARDIN BOTANIQUE CUSHION COVER,Home Decor,207
23032,-2.859380285054346,0.04608351398656951,1.656119402985075,78.1693572978687,24,20,fitted,DRAWER KNOB CRACKLE GLAZE IVORY,General Giftware,207
23426,-3.5959772800773844,0.38529330230297,2.919252136752136,73.61454938592006,14,14,fitted,METAL SIGN DROP YOUR PANTS,Home Decor,207
84944,-0.994551141131054,0.17468638846464013,4.25,8.512537647586804,48,17,fitted,SET OF 6 KASHMIR FOLKART BAUBLES,General Giftware,207
21643,-2.129097477826696,0.2638047131699184,1.3469230769230767,15.412165459467404,77,38,fitted,ASSORTED TUTTI FRUTTI MIRROR,Home Decor,207
22163,-2.2166864194732843,0.4993731941589852,2.9500000000000006,5.9704326650207395,64,26,fitted,HEART STRING MEMO HOLDER HANGING,Jewellery & Accessories,207
22609,-1.5392901545182125,0.6886873358811476,0.85,25.50883735414405,64,26,fitted,PENS ASSORTED SPACEBALL,General Giftware,207
22559,-2.8277240941366477,0.32094506733167205,1.25,13.942205593837516,72,30,fitted,SEASIDE FLYING DISC,General Giftware,206
22145,-3.949098512130225,0.23815054588297746,2.1,25.154137434961733,29,18,fitted,CHRISTMAS CRAFT HEART STOCKING ,Christmas & Seasonal,206
22955,-3.1884117388230786,0.2084526900531124,2.1,14.231504872267331,48,21,fitted,36 FOIL STAR CAKE CASES ,General Giftware,206
22915,-1.3647942081957456,0.30159278086164754,0.4281889763779527,53.60037618503318,49,29,fitted,ASSORTED BOTTLE TOP  MAGNETS ,Bottles & Glassware,206
23210,-4.948722206211096,0.11410869967354365,1.25,78.60858422514639,26,15,fitted,WHITE ROCKING HORSE HAND PAINTED,General Giftware,205
84559B,-1.754049597325807,0.06265320007991138,0.85,10.469086841000927,75,26,fitted,3D SHEET OF CAT STICKERS,Cards & Stationery,205
22500,-1.2965516096814094,0.13825683644481246,4.95,4.690952420517392,82,16,fitted,SET OF 2 TINS JARDIN DE PROVENCE,General Giftware,205
22986,-2.3146812720872716,,0.42,84.59677419354838,62,2,category_fallback_insufficient_price_variation,GINGHAM ROSE WRAP,General Giftware,204
20615,-0.9418657480247844,0.1782201272346513,2.1,3.63944561422193,80,27,fitted,BLUE POLKADOT PASSPORT COVER,General Giftware,204
85131A,-1.8942005877046386,0.31410489783538387,0.9920595533498759,16.217429541715717,66,37,fitted,BEADED PEARL HEART WHITE ON STICK,General Giftware,204
21330,-1.8994724358925152,0.17960206279888047,1.7449999999999999,20.802574852826368,39,26,fitted,WOODLAND ANIMAL  WRITING SET ,General Giftware,204
84519A,-0.4917946683121624,0.02954834229284009,2.95,5.224476767963504,88,30,fitted,TOMATO CHARLIE+LOLA COASTER SET,General Giftware,204
23190,-6.511217584747558,0.22366154680882422,1.6499999999999997,43.94234770459486,31,21,fitted,BUNDLE OF 3 SCHOOL EXERCISE BOOKS  ,General Giftware,203
23050,-1.5582931294803282,0.04154135066384457,8.25,8.811217189654169,40,16,fitted,RECYCLED ACAPULCO MAT GREEN,General Giftware,203
23494,-2.3146812720872716,,6.174168533034715,56.166666666666664,12,11,category_fallback_implausible_fit,VINTAGE DOILY DELUXE SEWING KIT ,General Giftware,203
22428,-0.6723036174586726,0.01410056582165975,6.95,4.3381930576568015,76,26,fitted,ENAMEL FIRE BUCKET CREAM,General Giftware,203
21214,-3.565078297652874,0.25646799595475744,1.518,33.983788117767574,35,27,fitted,SET OF 72 IVORY PAPER DOILIES,General Giftware,203
84990,-4.934109380554931,0.3896060438948252,0.55,36.4796856583949,45,25,fitted,60 GOLD AND SILVER FAIRY CAKE CASES,General Giftware,203
21743,-3.274708010751032,0.3309925899769788,2.9500000000000006,13.692977799124703,55,20,fitted,STAR PORTABLE TABLE LIGHT ,Lighting & Candles,203
23287,-3.4249738146515933,0.3853013907597743,0.8734023402340233,57.4160619423524,26,24,fitted,RED VINTAGE SPOT BEAKER,General Giftware,202
23497,-2.3146812720872716,,1.431797752808989,365.85714285714283,7,7,category_fallback_insufficient_price_variation,CLASSIC CHROME BICYCLE BELL ,General Giftware,202
22128,-1.593702325217476,0.16355261197145743,1.25,32.194318835437926,78,14,fitted,PARTY CONES CANDY ASSORTED,General Giftware,202
22116,-1.4303565651610586,0.3904451277053982,2.29,3.440856928143872,77,35,fitted,METAL SIGN HIS DINNER IS SERVED,Home Decor,202
47503A,-2.6205165324131716,0.6299040570487004,0.835,11.000839048148356,61,7,fitted,ASS FLORAL PRINT MULTI SCREWDRIVER,General Giftware,202
84509B,-2.068519905541449,0.22089620120890885,3.75,5.860322677238532,87,25,fitted,SET OF 4 FAIRY CAKE PLACEMATS,General Giftware,202
22660,-3.0242692156338884,0.39890385276816986,8.056428571428572,6.6196615066160245,66,39,fitted,DOORMAT I LOVE LONDON,General Giftware,201
23569,-2.3146812720872716,,5.030961803957663,106.625,8,7,category_fallback_insufficient_price_variation,TRADTIONAL ALPHABET STAMP SET,General Giftware,201
22611,-3.4208734804282583,0.23140886863803123,4.95,10.362201428058542,58,20,fitted,VINTAGE UNION JACK SHOPPING BAG,Bags,201
23434,-2.3073704522190805,0.7137777941625885,0.8477341597796143,165.6492984274461,14,14,fitted,3 RAFFIA RIBBONS 50'S CHRISTMAS ,Christmas & Seasonal,201
22925,-2.426146947327692,0.19571326170882597,5.95,9.065833885354914,46,19,fitted,BLUE GIANT GARDEN THERMOMETER,Garden & Outdoor,201
22547,-3.2541314017027334,0.3927520615716028,0.43019856591285166,19.111639176588866,76,33,fitted,MINI JIGSAW DINOSAUR ,General Giftware,200
22905,-2.806698309876698,0.07252891556946439,2.95,9.507539796566743,49,27,fitted,CALENDAR IN SEASON DESIGN,Home Decor,200
21742,-2.3146812720872716,,5.95,5.325301204819277,83,5,category_fallback_implausible_fit,LARGE ROUND WICKER PLATTER ,General Giftware,200
21741,-2.1106760878114157,0.20924183665824503,3.177692307692308,7.274825750464021,63,24,fitted,COSY SLIPPER SHOES LARGE GREEN,General Giftware,200
21541,-4.291122425226583,0.39846703089309876,0.8665306122448978,33.244766229750226,45,29,fitted,DINOSAURS WATER TRANSFER TATTOOS ,General Giftware,200
21813,-2.5298644219550006,0.34360781621497694,4.95,11.535095702266537,43,26,fitted,GARLAND WITH STARS AND BELLS,General Giftware,200
21820,-2.9644529658133085,0.4204735979772397,3.8607956259426848,10.550539245132674,60,22,fitted,GLITTER HEART GARLAND WITH BELLS ,General Giftware,200
20764,-2.0410338481784187,0.3322945425050001,3.75,4.752458364976635,79,28,fitted,ABSTRACT CIRCLES SKETCHBOOK ,General Giftware,200
22410,-2.7854732948472307,0.24828859176141427,1.25,11.208300013220043,71,20,fitted,MONEY BOX HOUSEKEEPING DESIGN,Home Decor,200
20707,-1.798255477285789,0.3248675168213322,1.25,6.528850689668798,74,28,fitted,CRAZY DAISY HEART DECORATION,Home Decor,200
35001W,-2.064502275122936,0.08091830338698591,3.4900000000000007,8.517937924003283,46,25,fitted,HAND OPEN SHAPE DECO.WHITE,Cards & Stationery,199
22450,-2.6604942204048534,0.06239943924216251,3.35,8.874898791841122,61,11,fitted,SILK PURSE BABUSHKA BLUE,General Giftware,199
21616,-2.049318608174213,0.3309569585953258,3.75,4.2531956977094,60,18,fitted,4 PEAR BOTANICAL DINNER CANDLES,Lighting & Candles,199
21454,-2.4048373545290644,0.1067663256395992,0.8499999999999999,8.366365082350438,60,20,fitted,PAINTED PINK RABBIT ,General Giftware,198
35924,-3.8510062950859747,0.6303252842900581,2.1,16.581892602071783,76,38,fitted,HANGING FAIRY CAKE DECORATION,Home Decor,198
22948,-1.2432412285679721,0.2885545125762128,0.85,35.38957632142079,56,29,fitted,METAL DECORATION NAUGHTY CHILDREN ,Home Decor,198
21614,-5.873441395264442,0.24538341843294476,2.9500000000000006,15.029337935192382,56,15,fitted,SET OF 12 ROSE BOTANICAL T-LIGHTS,Lighting & Candles,198
22230,-0.7424638235059622,0.07901144639568136,0.85,8.765321408895556,77,34,fitted,JIGSAW TREE WITH WATERING CAN,Jewellery & Accessories,198
22286,-0.19944970170398507,0.012961820566139592,1.6499999999999997,18.245173221335367,54,30,fitted,"DECORATION , WOBBLY RABBIT , METAL ",Home Decor,198
22673,-3.2625790565324935,0.3494306524840457,1.25,16.813123629527325,61,20,fitted,FRENCH GARDEN SIGN BLUE METAL,Home Decor,198
85068,-2.709867337840102,0.2082240771809537,7.95,14.70357681172523,31,26,fitted,CREAM SWEETHEART SHELF + HOOKS,General Giftware,198
22496,-2.1304412261002907,0.17804388611829336,2.95,5.301600909716378,80,20,fitted,SET OF 2 ROUND TINS DUTCH CHEESE,General Giftware,198
84534B,-2.8866550801667783,0.27257232181837476,0.9512499999999999,11.520667970370381,53,33,fitted,FAIRY CAKE NOTEBOOK A5 SIZE,Cards & Stationery,197
22122,-0.6436343769872954,0.003830713184027501,2.9500000000000006,18.62887758647508,36,18,fitted,SET OF 2 FANCY FONT TEA TOWELS,Bath & Body,197
22540,-5.0513431827356685,0.47919701269542636,0.42000000000000004,40.26617287892452,77,28,fitted,MINI JIGSAW CIRCUS PARADE ,General Giftware,197
20866,-2.2306938948866275,0.3287408111451886,1.25,10.488359345105641,70,26,fitted,BLUE ROSE FABRIC MIRROR,Home Decor,197
23291,-2.062127601684114,0.13124442103588596,1.2881693989071037,48.915017952269054,26,20,fitted,DOLLY GIRL CHILDRENS CUP,Kitchen & Dining,197
21056,-1.1284623632283324,0.02972351157442943,8.95,4.002871243659763,80,15,fitted,DOCTOR'S BAG SOFT TOY,Bags,197
22930,-3.4551270647885546,0.2992086502795125,2.55,15.871889445558763,49,28,fitted,BAKING MOULD HEART MILK CHOCOLATE,Kitchen & Dining,197
23127,-1.9769460668057321,0.07692533326079543,4.95,13.689509870193959,40,12,fitted,FELTCRAFT GIRL NICOLE KIT,General Giftware,196
85116,-0.9943886335251136,0.07304713237132099,1.6599999999999997,8.584462691065601,75,34,fitted,BLACK CANDELABRA T-LIGHT HOLDER,Lighting & Candles,196
21077,-6.004748095259074,0.3760709514052254,0.85,23.99045851746752,39,21,fitted,SET/20 WOODLAND PAPER NAPKINS ,General Giftware,196
20655,-1.556030983454958,0.3103152082825459,1.6118571428571429,3.5519419428886394,82,30,fitted,QUEEN OF SKIES LUGGAGE TAG,General Giftware,196
23002,-4.826864738247134,0.2116047786897487,0.427008547008547,36.91298362307002,43,29,fitted,TRAVEL CARD WALLET SKULLS,Cards & Stationery,196
21112,-2.790333805981957,0.4308597675016801,2.9500000000000006,10.820963121439991,76,35,fitted,"SWISS ROLL TOWEL, PINK  SPOTS",Bath & Body,196
22894,-1.8147660261452199,0.03605369048169271,9.95,5.68651112637538,54,18,fitted,TABLECLOTH RED APPLES DESIGN ,Home Decor,196
22246,-2.2587236212266957,0.36618407671997644,2.022903225806451,12.84820099495435,73,32,fitted,"GARLAND, MAGIC GARDEN 1.8M",Garden & Outdoor,196
22774,-3.19290151376811,0.4001166985211547,1.3122380952380952,40.052364838188176,54,28,fitted,RED DRAWER KNOB ACRYLIC EDWARDIAN,General Giftware,196
23366,-1.4178870745200853,0.0231782484305757,0.7054154583280796,130.35340984550416,12,12,fitted,SET 12 COLOURING PENCILS DOILY,Jewellery & Accessories,196
22396,-1.1987436088772576,0.23347530969165764,1.25,7.510785781638238,74,19,fitted,MAGNETS PACK OF 4 RETRO PHOTO,General Giftware,195
23035,-4.414123647282336,0.26688480132831294,1.4500000000000002,79.3969339587357,26,18,fitted,DRAWER KNOB CERAMIC IVORY,General Giftware,195
22125,-2.799033913318144,0.3034806741249263,6.297727272727272,23.964288749550587,17,15,fitted,UNION JACK HOT WATER BOTTLE ,Bottles & Glassware,194
22615,-2.79984592329057,0.5076847480942299,0.29868852459016393,39.795757320167944,74,34,fitted,PACK OF 12 CIRCUS PARADE TISSUES ,General Giftware,194
22096,-1.6687930869131247,0.4176650126177047,1.25,4.300945381785739,68,17,fitted,PINK PAISLEY SQUARE TISSUE BOX ,Storage & Boxes,194
84670,-3.2246815555671966,0.3333381733910271,0.42,74.71386768637392,46,24,fitted,JAPANESE CROCHETED ANIMAL,General Giftware,194
22454,-4.843497652744512,0.1582881053319245,2.95,11.274461302852897,57,18,fitted,MEASURING TAPE BABUSHKA RED,Jewellery & Accessories,194
21015,-2.5801180635003926,0.712230498524743,0.85,10.06864441676847,42,24,fitted,DARK BIRD HOUSE TREE DECORATION,Home Decor,194
20619,-1.293906197197049,0.2224116340988893,2.1,4.00321756945528,81,29,fitted,TROPICAL PASSPORT COVER ,General Giftware,194
22683,-3.0877412723468134,0.25084732208282423,1.2823076923076921,13.087487126725208,65,27,fitted,FRENCH BLUE METAL DOOR SIGN 8,Home Decor,193
21828,-1.7150046793172147,0.07035555067659816,1.25,6.504661464700559,81,21,fitted,EIGHT PIECE SNAKE  SET,General Giftware,193
23212,-4.132376216078903,0.26789113952532717,1.25,56.149658474787316,27,16,fitted,HEART WREATH DECORATION WITH BELL,Home Decor,193
72802A,-3.4183062271188103,0.2815977454017462,4.25,7.591904168888928,78,19,fitted,ROSE SCENT CANDLE IN JEWELLED BOX,Lighting & Candles,193
82613C,-2.141260791575395,0.4856421611012962,1.67,3.793126894606739,80,32,fitted,"METAL SIGN,CUPCAKE SINGLE HOOK",Home Decor,193
22681,-3.730446149410744,0.6676514427660997,1.3074458874458874,17.06616963060314,64,29,fitted,FRENCH BLUE METAL DOOR SIGN 6,Home Decor,193
84968C,-2.199421172111435,0.3586833152800111,12.75,5.7142781603915695,76,27,fitted,SET OF 16 VINTAGE PISTACHIO CUTLERY,Kitchen & Dining,193
22545,-3.660796197080326,0.3536921979976063,0.42000000000000004,23.523750246433398,77,32,fitted,MINI JIGSAW BUNNIES,General Giftware,193
72799E,-2.9148844417720157,0.3902318934208644,2.9500000000000006,7.544748276618058,67,34,fitted,IVORY PILLAR CANDLE SILVER FLOCK,Lighting & Candles,192
22599,-2.2361082371392595,0.48262421345633455,0.83,35.5008334668198,35,21,fitted,CHRISTMAS MUSICAL ZINC STAR,Christmas & Seasonal,192
21927,-2.375411544782531,,1.25,18.242424242424242,66,8,category_fallback_implausible_fit,BLUE/CREAM STRIPE CUSHION COVER ,Home Decor,192
22247,-3.1922496501513113,0.3204565376050411,0.85,17.242097822933456,47,29,fitted,BUNNY DECORATION MAGIC GARDEN,Home Decor,192
22446,-2.806277322451915,0.47658503603831737,3.35,6.255023506550705,57,22,fitted,PIN CUSHION BABUSHKA PINK,Home Decor,192
15044B,-3.4590841799301058,0.3061359723853043,2.9500000000000006,10.893027128294152,69,26,fitted,BLUE PAPER PARASOL ,General Giftware,192
23285,-3.797899367169152,0.2500415774485545,0.8871428571428571,67.79523217742948,27,24,fitted,PINK VINTAGE SPOT BEAKER,General Giftware,192
22509,-2.091853117132362,0.2516785367190393,16.95,2.804385700803264,71,24,fitted,SEWING BOX RETROSPOT DESIGN ,Home Decor,192
85035A,-2.0117892024400925,0.32596575081515367,4.25,5.53364512721245,67,20,fitted,GARDENIA 3 WICK MORRIS BOXED CANDLE,Lighting & Candles,192
23289,-5.133005277959121,0.48065328793054574,1.30775,48.04030198447235,26,22,fitted,DOLLY GIRL CHILDRENS BOWL,Kitchen & Dining,192
22822,-3.1349535419661776,0.25705644946549755,5.95,8.376815164474557,50,22,fitted,CREAM WALL PLANTER HEART SHAPED,General Giftware,192
22821,-4.311257808745547,0.6203218330885771,0.6588524590163936,23.24657712910615,57,27,fitted,GIFT BAG PSYCHEDELIC APPLES,Bags,191
17084N,-3.869149403171306,0.6683164452176542,0.2557771260997067,24.066174918348604,82,33,fitted,FAIRY DREAMS INCENSE ,General Giftware,191
22343,-1.8237306775294122,0.3855218958788549,0.85,15.769851170908137,80,32,fitted,PARTY PIZZA DISH RED RETROSPOT,General Giftware,191
35832,-2.3333709542503556,0.5193557850568699,2.981471647164717,55.726115824750586,22,15,fitted,WOOLLY HAT SOCK GLOVE ADVENT STRING,Christmas & Seasonal,191
20686,-1.653438885103904,0.11300857631659433,3.25,5.163629711282586,83,16,fitted,DOLLY MIXTURE CHILDREN'S UMBRELLA,General Giftware,190
21807,-3.659553641916757,0.3468531106827023,0.4216929133858268,55.3491532146803,42,20,fitted,WHITE CHRISTMAS STAR DECORATION,Christmas & Seasonal,190
22438,-2.347428854762444,0.31656246950929356,1.95,9.56295158525291,64,17,fitted,BALLOON ART MAKE YOUR OWN FLOWERS,General Giftware,190
23371,-5.903653812483686,0.7110403986397904,1.2764217779503106,109.05460159891092,12,12,fitted,SET 36 COLOUR PENCILS SPACEBOY ,General Giftware,190
21542,-4.116389406919721,0.21385084941653798,0.8670823095823095,37.14900954478296,36,24,fitted,WOODLAND WATER TRANSFER TATTOOS ,General Giftware,190
85216,-0.6950171215632178,0.07550083790966655,0.65,36.55049341767999,56,24,fitted,ASSORTED CAKES FRIDGE MAGNETS,General Giftware,190
21054,-2.4405677367344385,,8.95,5.420289855072464,69,15,category_fallback_implausible_fit,NURSE'S BAG SOFT TOY,Bags,189
22742,-1.8245660799215828,0.17647240892674299,2.9500000000000006,8.939865238749704,59,15,fitted,MAKE YOUR OWN PLAYTIME CARD KIT,Cards & Stationery,189
21465,-1.4808974655554603,0.04320619479253185,3.75,4.964355981753775,84,17,fitted,PINK FLOWER CROCHET FOOD COVER,General Giftware,189
22229,-0.4776541330270378,0.024904894416663992,0.85,10.028043052046973,56,32,fitted,BUNNY WOODEN PAINTED WITH FLOWER ,General Giftware,189
21482,-3.1659770780943273,0.34556683103178154,3.0530591133004927,12.716732365270062,34,19,fitted,MUSHROOM BLUE HOT WATER BOTTLE,Bottles & Glassware,189
22471,-1.9846656707476213,0.29278521348633135,4.95,5.05054001550637,70,25,fitted,TV DINNER TRAY AIR HOSTESS ,General Giftware,189
17091J,-1.5710616669135775,0.37637475730974135,0.4766666666666667,34.64838910080777,81,27,fitted,VANILLA INCENSE IN TIN,Storage & Boxes,189
84569D,-2.6776823670665424,0.46192732861067975,1.25,10.731095185582591,80,23,fitted,PACK 6 HEART/ICE-CREAM PATCHES,General Giftware,189
22780,-2.278947917977102,,4.25,36.27450980392157,51,14,category_fallback_implausible_fit,LIGHT GARLAND BUTTERFILES PINK,Lighting & Candles,188
22340,-1.9159597199908633,0.659563968389371,1.6499999999999997,13.182910229720465,36,25,fitted,NOEL GARLAND PAINTED ZINC ,General Giftware,188
72586,-4.361437435446679,0.577845439649061,0.5690909090909091,8.492153779334643,61,27,fitted,SET OF 6 HALLOWEEN GHOST T-LIGHTS,Christmas & Seasonal,188
22939,-2.4275018671057325,0.3742109738945123,4.95,10.361846520642283,55,21,fitted,APRON APPLE DELIGHT,Lighting & Candles,188
21002,-1.7146021914967602,0.03821025263690747,3.3600000000000003,6.1811041340012265,56,18,fitted,ROSE DU SUD DRAWSTRING BAG,Bags,188
23346,-7.7616928603895605,0.34646400902179697,1.2683333333333335,71.19922487068628,21,16,fitted,SPACEBOY BEAKER,General Giftware,188
22546,-3.893308501641558,0.2590673253009611,0.42,26.819355490046032,68,31,fitted,MINI JIGSAW PURDEY,General Giftware,187
21724,-2.447751219599657,0.20138002187654425,0.85,10.055079702086283,76,24,fitted,PANDA AND BUNNIES STICKER SHEET,Cards & Stationery,187
85206B,-2.7725699812532008,0.08913330165723798,1.6499999999999997,45.37953136398315,17,13,fitted,PINK FELT EASTER EGG BASKET,Christmas & Seasonal,187
22893,-2.6725698387170413,0.3339810873771143,0.502,31.10446131701611,55,34,fitted,MINI CAKE STAND T-LIGHT HOLDER,Lighting & Candles,187
20767,-2.378209896329411,0.26344761481865064,2.55,5.608693697446295,81,23,fitted,BLUE PAISLEY JOURNAL ,General Giftware,186
22172,-0.6272271663960919,0.011123061066489304,8.723157894736843,8.74734750431503,34,18,fitted,METAL SHELF WITH RAIL ,General Giftware,186
22532,-4.563460795769921,0.22552825101579566,0.42,16.221276033282717,67,19,fitted,MAGIC DRAWING SLATE LEAP FROG ,General Giftware,186
23288,-2.0776546913703773,0.045132277914032404,0.9057142857142857,52.78498575275852,27,23,fitted,GREEN VINTAGE SPOT BEAKER,General Giftware,186
21324,-1.8820583733677723,0.1896644550066301,3.1776923076923085,8.289589802192008,61,28,fitted,HANGING MEDINA LANTERN SMALL,Lighting & Candles,186
23239,-1.625303980838493,0.19300491190268454,4.150000000000001,24.64746390141592,27,17,fitted,SET OF 4 KNICK KNACK TINS POPPIES,General Giftware,186
21784,-2.5827688984064956,,9.95,4.205882352941177,68,20,category_fallback_implausible_fit,SHOE SHINE BOX ,Storage & Boxes,186
21391,-1.5423644751678918,0.4019284229848029,2.1,6.511450448074214,75,17,fitted,FRENCH LAVENDER SCENT HEART,General Giftware,185
21157,-1.6173592551331892,0.13772574029352458,2.236466165413534,7.5505250337778795,64,24,fitted,RED SPOTTY WASHBAG,General Giftware,185
22914,-2.068825447803577,0.12805555954739967,4.95,6.906107274341673,51,15,fitted,BLUE COAT RACK PARIS FASHION,General Giftware,185
23007,-2.8141648252805314,0.08462741869884993,15.640476190476189,9.19761178164052,38,28,fitted, SPACEBOY BABY GIFT SET,General Giftware,185
21064,-2.1355902772509294,0.27803972994993065,5.95,4.419923743469258,60,28,fitted,BOOM BOX SPEAKER BOYS,Storage & Boxes,185
20748,-2.9629815695856387,0.3960129936405098,12.75,3.9405000320120207,66,14,fitted,KENSINGTON COFFEE SET,General Giftware,185
23049,-2.5558623621631873,0.1931803260825461,8.25,8.723726589139968,40,11,fitted,RECYCLED ACAPULCO MAT RED,General Giftware,185
23378,-1.3049081412574974,0.011261991780819214,0.39611111111111114,154.5528060249646,15,13,fitted,PACK OF 12 50'S CHRISTMAS TISSUES,Christmas & Seasonal,184
23130,-0.790807816635178,0.0005452286096913062,4.15,17.970786108729428,28,12,fitted,MISTLETOE HEART WREATH GREEN,General Giftware,184
21219,-2.7165328723875666,0.40516007814307364,1.25,11.594056479196354,76,27,fitted,SET/4 BADGES BALLOON GIRL,General Giftware,184
21739,-2.377348040326346,0.2966951317791827,2.95,6.008783541198578,62,25,fitted,COSY SLIPPER SHOES SMALL GREEN,General Giftware,184
22863,-4.812612830236142,0.166028164686433,2.95,12.98192806320059,55,19,fitted,SOAP DISH BROCANTE,Bath & Body,184
84012,-1.9878944882402143,0.47671357722634866,2.55,6.412971687134759,67,15,fitted,MAGIC SHEEP WOOL GROWING FROM PAPER,General Giftware,183
21351,-3.520340034356374,0.6668566296039544,6.75,5.157219662613225,34,12,fitted,CINAMMON & ORANGE WREATH,General Giftware,183
21397,-1.6760778123719708,0.33480158906943147,1.3344,15.652637042276242,58,30,fitted,BLUE  SPOTTY EGG CUP ,Kitchen & Dining,183
21725,-2.9122503102279436,0.35123303037932707,0.8500000000000001,12.938014297575357,80,26,fitted,SWEETIES  STICKERS,Cards & Stationery,183
37501,-2.5827688984064956,,6.95,7.0,70,18,category_fallback_implausible_fit,TEA TIME TEA SET IN GIFT BOX,Storage & Boxes,183
35965,-0.5071097043653895,0.11357041482210783,3.112402597402598,4.857277956046006,72,40,fitted,FOLKART HEART NAPKIN RINGS,General Giftware,183
22682,-3.1804223447930897,0.38778534940427445,1.25,16.3212651903914,64,23,fitted,FRENCH BLUE METAL DOOR SIGN 7,Home Decor,183
85063,-2.220754847994865,0.18776658651827782,16.95,5.807175747225783,47,24,fitted,CREAM SWEETHEART MAGAZINE RACK,General Giftware,182
20684,-1.5696306089072727,0.06216203436896761,3.25,5.657025293436703,68,17,fitted,STRAWBERRY DREAM CHILDS UMBRELLA,General Giftware,182
85036A,-2.305494924416286,0.15977678543700657,4.25,3.893496029809811,80,13,fitted,GARDENIA 1 WICK MORRIS BOXED CANDLE,Lighting & Candles,182
84796B,-1.8124839927803698,0.2538433656347505,8.643198757763974,7.620611870270113,48,22,fitted,BLUE SAVANNAH PICNIC HAMPER FOR 2,General Giftware,182
22843,-2.507058292112989,0.14228685818053732,6.75,6.558648388069103,54,19,fitted,BISCUIT TIN VINTAGE GREEN,Storage & Boxes,181
22442,-2.221061256077538,0.2938756910363812,7.95,4.68433461556537,58,18,fitted,GROW YOUR OWN FLOWERS SET OF 3,General Giftware,181
22949,-2.911091228373906,0.13852882121869248,1.45,15.429535708710622,57,24,fitted,36 DOILIES DOLLY GIRL,General Giftware,181
35095B,-3.4117870910411927,0.6175302815827716,0.4586363636363636,15.03051941729997,78,29,fitted,RED VICTORIAN FABRIC OVAL BOX,Storage & Boxes,181
22248,-3.3296257375480054,0.5105856372374604,0.8500000000000001,14.702946317850596,64,28,fitted,DECORATION  PINK CHICK MAGIC GARDEN,Home Decor,181
22320,-2.70189896239789,0.08344081060883235,5.95,5.184743946888449,81,11,fitted,BIRDS MOBILE VINTAGE DESIGN,Home Decor,180
22182,-1.4812878513560042,0.22011590359094924,4.54,4.236495009946444,69,25,fitted,CAKE STAND VICTORIAN FILIGREE SMALL,General Giftware,180
21462,-1.5194429773043525,0.17668750745983852,6.75,3.509247397333158,82,13,fitted,"NURSERY A,B,C PAINTED LETTERS",General Giftware,180
85067,-3.3579113506758147,0.2662500269688619,18.95,5.47638779029092,50,20,fitted,CREAM SWEETHEART WALL CABINET,General Giftware,180
21794,-2.0025314660293954,0.4206453624607035,6.75,4.61049129640519,70,25,fitted,CLASSIC FRENCH STYLE BASKET NATURAL,Storage & Boxes,180
23193,-5.75117451574312,0.26532324279523156,2.25,20.232966170526524,41,26,fitted,BUFFALO BILL TREASURE BOOK BOX,Storage & Boxes,180
35809A,-1.8722372343233045,0.525702963641709,2.1000000000000005,7.328455892642505,68,39,fitted,ENAMEL PINK TEA CONTAINER,General Giftware,180
21349,-1.5874133304574998,0.07448490967650545,6.75,12.793455361027043,30,20,fitted,IVY HEART WREATH,General Giftware,180
22711,-2.3146812720872716,,0.42,70.61764705882354,68,1,category_fallback_insufficient_price_variation,WRAP CIRCUS PARADE,General Giftware,180
22459,-3.1324691860377287,0.30510103937010724,2.55,15.827465568855018,51,19,fitted,CAST IRON HOOK GARDEN TROWEL,Garden & Outdoor,180
23345,-8.442186890422384,0.3555061076907787,1.2680597014925372,64.00414263311467,21,16,fitted, DOLLY GIRL BEAKER,General Giftware,179
22458,-2.5725099277434564,0.10820827985244619,2.55,16.254961223031618,49,17,fitted,CAST IRON HOOK GARDEN FORK,Garden & Outdoor,179
84993A,-3.1600655737845806,0.23634474872939615,0.42,14.268942942674407,78,27,fitted,75 GREEN PETIT FOUR CASES,General Giftware,179
85017A,-3.114237677208787,,0.8465517241379309,16.333333333333332,45,22,category_fallback_insufficient_price_variation,ENVELOPE 50 ROMANTIC IMAGES,Cards & Stationery,179
47505,-1.9585746063563474,0.020502016491014796,4.949999999999999,22.153713895074418,22,18,fitted,MINATURE COLOURED GARDENING SET,Garden & Outdoor,179
21717,-2.4647498939915597,0.11165051229035139,2.55,18.29849955340438,43,20,fitted,EASTER TIN BUCKET,Christmas & Seasonal,179
22264,-2.5298452976059247,0.48896324104549904,0.87625,13.035207765494869,53,24,fitted,FELT FARM ANIMAL WHITE BUNNY ,General Giftware,179
22416,-2.9940189096784637,0.09315840324227287,1.45,10.507499058912074,82,20,fitted,SET OF 36 DOILIES SPACEBOY DESIGN ,Home Decor,179
22265,-2.3420066206537307,0.1617434755514061,0.65,17.234228603591788,61,16,fitted,EASTER DECORATION NATURAL CHICK,Christmas & Seasonal,179
10125,-2.9391901278954675,0.2575503108051457,0.85,17.73208025219504,71,21,fitted,MINI FUNKY DESIGN TAPES,Home Decor,179
22223,-1.5579404429862893,0.24958604969334464,4.95,5.349178571615733,77,26,fitted,CAKE PLATE LOVEBIRD PINK,Kitchen & Dining,178
23237,-2.3146812720872716,,4.15,39.03703703703704,27,12,category_fallback_implausible_fit,SET OF 4 KNICK KNACK TINS LEAF,General Giftware,178
22319,-1.2294098905828466,0.1935623156159344,0.65,28.389038043363563,75,8,fitted,HAIRCLIPS FORTIES FABRIC ASSORTED,General Giftware,178
85214,-1.1199148619607768,0.03184036750997765,1.65,5.389990247459905,64,18,fitted,TUB 24 PINK FLOWER PEGS,General Giftware,177
21617,-1.965077580511219,0.35853887523641903,3.75,4.660324557469382,69,17,fitted,4 LILY  BOTANICAL DINNER CANDLES,Lighting & Candles,177
20652,-1.7343025217579138,0.1779305656505228,1.25,5.888632054171106,73,23,fitted,BLUE POLKADOT LUGGAGE TAG ,General Giftware,177
20846,-1.327409438085115,0.12033165393523959,1.25,15.873035573775043,78,27,fitted,ZINC HEART LATTICE T-LIGHT HOLDER,Lighting & Candles,177
22129,-1.2576088331280042,0.29728671706693954,0.85,33.5780573485311,72,20,fitted,PARTY CONES CANDY TREE DECORATION,Home Decor,177
22911,-3.1034333908606886,0.21944742091915126,2.9500000000000006,9.934278772497143,55,19,fitted,PAPER CHAIN KIT LONDON,General Giftware,177
37502,-1.965220765884518,0.0452879543904533,2.9500000000000006,16.683050198894012,31,15,fitted,TEA TIME MUG IN GIFT BOX,Kitchen & Dining,176
21580,-1.422768214977295,0.1821352716504615,2.25,6.121267145042729,67,25,fitted,RABBIT  DESIGN  COTTON TOTE BAG,Bags,176
23162,-3.9381751107239045,0.2548431905841182,3.75,31.90010102928322,32,26,fitted,REGENCY TEA STRAINER,General Giftware,176
22513,-1.8870318872699707,0.28012658823630854,3.75,5.617063074005871,65,21,fitted,DOORSTOP FOOTBALL DESIGN,Home Decor,175
84763,-3.0682751402841792,0.24981611137445314,1.25,17.057262989984572,68,19,fitted,ZINC FINISH 15CM PLANTER POTS,General Giftware,175
21707,-2.4628691229368904,0.22386234064274724,4.95,4.945130943877842,72,22,fitted,FOLDING UMBRELLA BLACKBLUE POLKADOT,General Giftware,175
21106,-2.7739842777342796,0.35656490135628327,2.9500000000000006,8.74385272500281,74,29,fitted,CREAM SLICE FLANNEL CHOCOLATE SPOT ,General Giftware,175
22710,-2.3146812720872716,,0.42,101.53521126760563,71,9,category_fallback_implausible_fit,WRAP I LOVE LONDON ,General Giftware,174
21615,-2.328514478987843,0.4850065944470592,3.75,4.605820489122584,50,16,fitted,4 LAVENDER BOTANICAL DINNER CANDLES,Lighting & Candles,174
22266,-0.9135401539588378,0.15292739379485099,0.65,12.893488147578386,58,22,fitted,EASTER DECORATION HANGING BUNNY,Christmas & Seasonal,174
85114C,-0.6212858418193009,0.014337764559106514,1.65,10.58064427561224,66,24,fitted,RED ENCHANTED FOREST PLACEMAT,General Giftware,174
85071B,-1.4705173028841427,0.7363979246745129,0.6244768069039914,28.513503161066282,62,23,fitted,RED CHARLIE+LOLA PERSONAL DOORSIGN,Home Decor,174
22363,-2.3447225726097978,0.2784130143561775,2.9500000000000006,6.6690074940178885,77,27,fitted,GLASS JAR MARMALADE ,Bottles & Glassware,174
22927,-1.3347058287582416,0.06119242253091106,5.95,7.516437643284333,42,13,fitted,GREEN GIANT GARDEN THERMOMETER,Garden & Outdoor,174
20777,-1.1117307555097211,0.028279335850383558,1.65,4.060963829613445,67,26,fitted,CHRYSANTHEMUM NOTEBOOK,Cards & Stationery,174
22304,-3.63589364690081,0.4143689105789411,2.55,13.307061468354842,75,26,fitted,COFFEE MUG BLUE PAISLEY DESIGN,Kitchen & Dining,174
22516,-2.466090478002833,0.27319770431599366,2.1,8.439918214640011,56,22,fitted,CHILDS GARDEN RAKE BLUE,Garden & Outdoor,174
85129D,-2.010068105644001,0.2204628481701375,1.506470588235294,6.2744159213257555,76,27,fitted,BEADED CRYSTAL HEART PINK SMALL,General Giftware,174
16225,-1.933640793616496,0.3219417446749744,1.25,8.47676272920682,61,28,fitted,RATTLE SNAKE EGGS,General Giftware,174
23348,-4.289431987525469,0.7207469460978628,2.2818461538461543,27.28292340519333,24,12,fitted,CHILDRENS TOY COOKING UTENSIL SET,Toys & Games,173
23006,-4.09537253276315,0.24512522090863065,0.42727087256748275,31.09614417387132,42,26,fitted,TRAVEL CARD WALLET FLOWER MEADOW,Cards & Stationery,173
21364,-1.025134350358826,0.03638540975053628,6.75,4.001624931447883,52,12,fitted,PEACE SMALL WOOD LETTERS,General Giftware,173
35810A,-1.7133484497239961,0.5977033389768451,2.1,6.381099836066204,77,31,fitted,ENAMEL PINK COFFEE CONTAINER,General Giftware,173
22608,-1.499789624247107,0.638544695286445,0.24000000000000002,104.21784344121961,56,30,fitted,PENS ASSORTED FUNKY JEWELED ,Jewellery & Accessories,172
47310M,-1.580117416425715,0.20658829198187978,1.27,8.086319839215694,70,28,fitted,SMALL POP BOX FUNKY MONKEY,Storage & Boxes,172
85183B,-1.7323146750542413,0.5441462904537534,1.558867924528302,18.35990973188402,73,16,fitted,CHARLIE & LOLA WASTEPAPER BIN FLORA,General Giftware,172
23129,-2.128471959072329,0.049824513600946085,4.15,19.17646343344162,26,13,fitted,HEART SHAPED HOLLY WREATH,General Giftware,172
22859,-2.634709120513923,0.11297757645891027,1.6499999999999997,26.185571712955305,32,18,fitted,EASTER TIN BUNNY BOUQUET,Christmas & Seasonal,172
21925,-2.375411544782531,,1.25,19.317460317460316,63,9,category_fallback_implausible_fit,UNION STRIPE CUSHION COVER ,Home Decor,171
20703,-2.3146812720872716,,4.25,9.673469387755102,49,5,category_fallback_insufficient_price_variation,BLUE PADDED SOFT MOBILE,General Giftware,171
22306,-1.624059211893171,0.23139402675357323,1.7699999999999998,18.92315333069608,41,19,fitted,SILVER MUG BONE CHINA TREE OF LIFE,Kitchen & Dining,171
21530,-1.2375512416271228,0.45140924123114234,2.95,3.654604986695947,77,20,fitted,DAIRY MAID TOASTRACK,General Giftware,171
21352,-2.2767377154918162,0.4084468691246125,5.88,5.230718989354784,44,27,fitted,EUCALYPTUS & PINECONE  WREATH,General Giftware,171
21455,-1.8626912807744016,0.10207889137398163,0.85,9.36334150088859,57,21,fitted,PAINTED YELLOW WOODEN DAISY,General Giftware,171
23157,-5.344283889803258,0.48492861053929603,2.08,52.041134991385896,25,15,fitted,SET OF 6 NATIVITY MAGNETS ,General Giftware,171
23365,-6.136969815227751,0.1405323689915874,0.6749139818579919,111.33819348911958,12,12,fitted,SET 12 COLOUR PENCILS LOVE LONDON,General Giftware,171
22123,-1.7114063854847084,0.4921645926885072,4.13,3.1662802877846867,75,28,fitted,PING MICROWAVE APRON,Kitchen & Dining,170
23145,-3.435810984210347,0.14103553240168665,0.95,53.2193693309707,34,19,fitted,ZINC T-LIGHT HOLDER STAR LARGE,Lighting & Candles,170
22317,-2.555545623056158,0.4665184610968305,2.9500000000000006,7.687129849264164,76,26,fitted,FIVE CATS HANGING DECORATION,Home Decor,170
85016,-1.7773503911850108,0.37964167994062725,2.5164999999999997,5.736631059344123,66,31,fitted,SET OF 6 VINTAGE NOTELETS KIT,General Giftware,170
23390,-9.617114865849134,0.25321895868719424,4.15,37.1755923368243,14,10,fitted,DOLLY GIRL MINI BACKPACK,Bags,170
22409,-2.6273084499509904,0.19042286590351964,1.25,9.207764172988428,69,22,fitted,MONEY BOX BISCUITS DESIGN,Home Decor,170
22233,-0.9990523611178089,0.16561478507697547,1.6499999999999997,6.082491149738301,68,21,fitted,JIGSAW RABBIT AND BIRDHOUSE,Garden & Outdoor,170
22849,-7.338889223780919,0.1657868886512348,15.921304347826084,7.222153865612629,41,20,fitted,BREAD BIN DINER STYLE MINT,General Giftware,170
21972,-3.1473014772676877,0.2257411954087537,1.45,8.410834044261549,85,21,fitted,SET OF 36 DINOSAUR PAPER DOILIES,General Giftware,170
22204,-0.9672406668334438,0.0802040864966529,3.75,4.120547533801712,72,18,fitted,MILK PAN BLUE POLKADOT,General Giftware,169
21061,-2.489365258266717,0.27980255162662615,0.85,11.09368464749984,82,29,fitted,PARTY INVITES FOOTBALL,General Giftware,169
23404,-4.126508069716357,0.7120218203070183,5.1181175990200085,47.52965830419911,14,14,fitted,HOME SWEET HOME BLACKBOARD,General Giftware,169
35953,-2.35034383594924,0.6197416005256248,1.25,15.909836576755103,33,14,fitted,FOLKART STAR CHRISTMAS DECORATIONS,Christmas & Seasonal,169
22937,-2.450807866493875,0.09023534868304384,2.55,14.363064104380962,41,15,fitted,BAKING MOULD CHOCOLATE CUPCAKES,Kitchen & Dining,169
35957,-1.2949487892627483,0.6798921171226746,0.34725581395348837,96.15375869895043,32,24,fitted,SMALLFOLKART BAUBLE CHRISTMAS DEC,Christmas & Seasonal,169
21821,-1.9456142770164908,0.11324043759352942,3.75,12.46042028822943,40,19,fitted,GLITTER STAR GARLAND WITH BELLS ,General Giftware,168
22944,-1.5858173766683537,0.6696144726258277,1.1920338983050849,58.265978148926145,30,21,fitted,CHRISTMAS METAL POSTCARD WITH BELLS,Christmas & Seasonal,168
22684,-3.4934281160534515,0.5158917752346492,1.2890322580645162,14.631104216970687,61,23,fitted,FRENCH BLUE METAL DOOR SIGN 9,Home Decor,168
72598,-1.8919999545715354,0.21475421731417732,0.9189999999999999,11.581586933186705,70,29,fitted,SET/12 TAPER CANDLES,Lighting & Candles,168
22990,-2.6451973160389577,0.2774314486840437,4.95,8.795675825299622,45,16,fitted,COTTON APRON PANTRY DESIGN,Kitchen & Dining,168
22973,-3.387419994594937,0.27333085935074386,1.65,21.105833831498536,51,26,fitted,CHILDREN'S CIRCUS PARADE MUG,Kitchen & Dining,168
79323LP,-2.278947917977102,,6.000814599646375,65.04545454545455,22,18,category_fallback_implausible_fit,LIGHT PINK CHERRY LIGHTS,Lighting & Candles,168
22703,-2.212587780062899,0.30443979734170934,2.1,4.697875920303863,57,21,fitted,PINK CAT BOWL,Kitchen & Dining,167
35095A,-3.2472320011693925,0.5488196695953534,0.47171590909090905,13.617555043725824,74,30,fitted,BLUE VICTORIAN FABRIC OVAL BOX,Storage & Boxes,167
22201,-1.8718324754953337,0.2228904213258167,4.25,3.9469960228818946,72,24,fitted,FRYING PAN BLUE POLKADOT,General Giftware,167
20772,-2.5945762450203613,0.35844274947551424,2.55,5.810200228937353,68,19,fitted,GARDEN PATH JOURNAL,Garden & Outdoor,167
85217,-1.7383786371484364,0.5671849996975709,0.6819724770642203,67.44122998836905,38,24,fitted,ASSORTED ICE CREAM FRIDGE MAGNETS,General Giftware,166
85078,-1.1062172679011215,0.6069219768992933,0.65,18.456551957254913,63,28,fitted,SCANDINAVIAN 3 HEARTS NAPKIN RING,Jewellery & Accessories,166
21726,-2.1124992467042327,0.05395473352489644,0.85,10.379255004907073,63,18,fitted,MULTI HEARTS  STICKERS,Cards & Stationery,166
21220,-1.6662333713874375,0.19976616178089956,1.25,7.583954295476427,73,26,fitted,SET/4 BADGES DOGS,General Giftware,166
22280,-1.6570250780065667,0.2622803920111365,1.6533333333333333,6.391826658295625,67,20,fitted,POCKET BAG PINK PAISELY BROWN SPOT,Bags,166
23342,-3.884678411520956,0.042488945530072875,8.5,12.279856479010784,25,7,fitted,MINT DINER WALL CLOCK,Home Decor,165
23053,-1.244084967869979,0.04076047654003656,8.894615384615385,7.092167917891816,36,17,fitted,RECYCLED ACAPULCO MAT PINK,General Giftware,165
22166,-0.9340176943445366,0.14642500067509012,12.04,2.267291272743927,80,26,fitted,WALL MIRROR RECTANGLE DIAMANTE PINK,Home Decor,165
85032C,-1.5859961107729799,0.47399298227965625,1.63,5.277891197826045,57,24,fitted,CURIOUS IMAGES GIFT WRAP SET,Cards & Stationery,165
22270,-1.1266989406639758,0.022567438536143847,3.75,6.004809068413791,57,14,fitted,HAPPY EASTER HANGING DECORATION,Christmas & Seasonal,165
85186A,-5.4242599448408,0.7897167320974318,0.4814285714285714,33.81221914588374,39,29,fitted,EASTER BUNNY GARLAND OF FLOWERS,Christmas & Seasonal,165
21082,-2.2739814410738703,0.4148204893381988,0.8811538461538462,12.243643098726842,65,18,fitted,SET/20 FRUIT SALAD PAPER NAPKINS ,General Giftware,165
21884,-2.088321602476928,0.6778173229574022,0.7942857142857144,7.786765788925125,75,21,fitted,CAKES AND BOWS GIFT  TAPE,General Giftware,165
22976,-3.73643927411043,0.3259116088834566,1.25,20.377123669719055,49,20,fitted,CIRCUS PARADE CHILDRENS EGG CUP ,Kitchen & Dining,165
21737,-2.5827688984064956,,19.95,9.279069767441861,43,9,category_fallback_implausible_fit,SET 3 WICKER LOG BASKETS,Storage & Boxes,165
20832,-1.9279395688924388,0.4172396958687783,0.85,10.604047878792926,63,25,fitted,RED FLOCK LOVE HEART PHOTO FRAME,Home Decor,164
21768,-1.0200998712846905,0.06199958464680266,15.049375,7.447073791304898,31,23,fitted,WALL MOUNTED VINTAGE ORGANISER,General Giftware,164
22060,-1.232844382473519,0.20902002934667974,9.95,5.197697446438956,64,25,fitted,LARGE CAKE STAND HANGING HEARTS,General Giftware,164
23489,-5.142657106045472,0.35925283085753046,2.976491228070175,108.63421409791651,8,7,fitted,VINTAGE BELLS GARLAND,General Giftware,163
22194,-1.709761254595061,0.16206021066261522,8.5,4.1051431904271665,71,14,fitted,BLACK DINER WALL CLOCK,Home Decor,163
20766,-1.8775622924700865,0.28414976264789504,3.75,3.7953754846323045,71,17,fitted,GARDEN PATH SKETCHBOOK,Garden & Outdoor,163
21647,-1.5526124644181303,0.04198281517152902,2.1,10.563232416304817,52,16,fitted,ASSORTED TUTTI FRUTTI LARGE PURSE,General Giftware,163
21667,-1.4145571983479361,0.06402461253772296,16.95,5.4233675180370415,48,26,fitted,GLASS CAKE COVER AND PLATE,Kitchen & Dining,163
84985A,-1.4868005972366933,0.08162698532359913,1.45,7.011155310931847,60,21,fitted,SET OF 72 GREEN PAPER DOILIES,General Giftware,163
23297,-2.3146812720872716,,1.65,286.8666666666667,15,12,category_fallback_implausible_fit,SET 40 HEART SHAPE PETIT FOUR CASES,General Giftware,163
22529,-4.3227065977530446,0.3180029441967427,0.42,18.272523180559936,65,16,fitted,MAGIC DRAWING SLATE GO TO THE FAIR ,General Giftware,162
22127,-1.4954392702942985,0.26478151280923545,1.25,38.08166930955085,58,15,fitted,PARTY CONES CARNIVAL ASSORTED,General Giftware,162
84510B,-3.057978262461546,0.14150604312381987,1.292,29.256817830103913,25,19,fitted,SET OF 4 FAIRY CAKES COASTERS ,General Giftware,162
23211,-2.28249832044953,0.06382434000693948,1.25,68.23438816935285,25,17,fitted,RED ROCKING HORSE HAND PAINTED,General Giftware,162
85169A,-2.103005443974999,0.20781214695722372,1.25,9.458223229170775,68,23,fitted,IVORY LOVE BIRD CANDLE,Lighting & Candles,162
23102,-3.243512260593689,0.43972266499994095,0.83,43.48788817841691,27,18,fitted,SILVER HEARTS TABLE DECORATION,Home Decor,162
23152,-2.9327150643727933,0.1737797298864331,3.75,14.108065087218202,33,9,fitted,IVORY SWEETHEART WIRE LETTER RACK ,General Giftware,162
21291,-4.036267675255176,0.3350068947203195,0.85,24.11185979080432,75,20,fitted,SMALL POLKADOT CHOCOLATE GIFT BAG ,Bags,162
22701,-2.0097894680733517,0.4838581808756315,2.95,4.807883299408964,58,29,fitted,PINK DOG BOWL,Kitchen & Dining,161
22685,-3.607384109731034,0.34569165199716667,1.25,15.85877211867218,58,16,fitted,FRENCH BLUE METAL DOOR SIGN 0,Home Decor,161
21248,-1.7045653497070292,0.2002636409551537,1.45,6.505867130572518,75,22,fitted,DOOR HANGER  MUM + DADS ROOM,General Giftware,161
22708,-9.996390466426522,0.27911240213697697,0.42,49.20506770019592,70,4,fitted,WRAP DOLLY GIRL,General Giftware,161
85032A,-1.8216285642650625,0.53206273540945,1.434,8.144696705296031,55,27,fitted,ROMANTIC IMAGES GIFT WRAP SET,Cards & Stationery,161
21187,-2.771414159270893,0.3202124262090956,1.65,14.664621119246787,58,22,fitted,WHITE BELL HONEYCOMB PAPER GARLAND ,General Giftware,161
79191C,-2.088708101654991,0.04379886864458027,0.85,10.133772971750929,76,13,fitted,RETRO PLASTIC ELEPHANT TRAY,General Giftware,161
82607A,-2.229590675952337,0.31606163577659996,1.4438461538461538,12.683572453754385,41,28,fitted,GLASS BONBON JAR PARFUME AUX FLEURE,Bottles & Glassware,161
22852,-0.6926994031536723,0.007455974926074749,4.25,7.307236013155378,55,13,fitted,DOG BOWL VINTAGE CREAM,Kitchen & Dining,160
21822,-1.8193323817205307,0.3528779577076758,1.95,12.945360206584812,33,18,fitted,GLITTER CHRISTMAS TREE WITH BELLS,Christmas & Seasonal,160
84509G,-1.8462859211362772,0.33239953025683955,3.75,4.556763530950422,72,20,fitted,SET OF 4 FAIRY CAKE PLACEMATS ,General Giftware,160
23051,-2.3146812720872716,,8.482777777777777,8.868421052631579,38,13,category_fallback_implausible_fit,RECYCLED ACAPULCO MAT BLUE,General Giftware,160
85204,-1.5492233138559943,0.3796246913928659,0.42,5.971154550181608,77,22,fitted,HANGING WOOD AND FELT FLOWER,General Giftware,160
21676,-2.777316261217155,0.6486819704498981,0.85,11.649784450156568,76,23,fitted,FLOWERS  STICKERS,Cards & Stationery,160
21845,-1.2131162307751695,0.40514184175917045,2.95,9.165740867191664,78,14,fitted,DAIRY MAID STRIPE MUG,Kitchen & Dining,160
20931,-2.1323739760959795,0.3773748367810148,3.75,5.383016954891926,72,25,fitted,BLUE POT PLANT CANDLE ,Lighting & Candles,160
20867,-1.9003210485010182,0.17545828762717897,1.25,9.958430825125502,56,25,fitted,PINK ROSE FABRIC MIRROR,Home Decor,159
21403,-1.3160446419872873,0.3698519989728999,0.42,8.051624236505447,76,29,fitted,BLUE EGG  SPOON,General Giftware,159
23255,-8.726345930488716,0.16052476250238212,4.15,16.752658634119676,36,11,fitted,CHILDRENS CUTLERY CIRCUS PARADE,Kitchen & Dining,159
84923,-2.4405677367344385,,4.130000000000001,3.8153846153846156,65,11,category_fallback_implausible_fit,PINK BUTTERFLY HANDBAG W BOBBLES,Bags,159
21851,-2.3982327749924144,0.5237003302941436,4.21,2.91054310866512,61,25,fitted,LILAC DIAMANTE PEN IN GIFT BOX,Cards & Stationery,159
47591C,-3.631769803630535,0.028262749553460642,1.95,12.873781208317574,34,14,fitted,BLUE FAIRY CAKE CHILD'S APRON,Kitchen & Dining,159
21879,-2.290781626205821,0.604034151961873,0.6500000000000001,12.530980758402356,55,27,fitted,HEARTS GIFT TAPE,General Giftware,159
23280,-5.970109554390424,0.17318035475355764,0.83,41.31627563390744,30,22,fitted,FOLDING BUTTERFLY MIRROR HOT PINK ,Home Decor,159
22221,-2.298356393736551,0.3644759434290109,9.95,4.095527905562465,80,18,fitted,CAKE STAND LOVEBIRD 2 TIER PINK,General Giftware,158
22517,-2.376344746498575,0.18408590880299103,2.1,6.2505323372764865,60,16,fitted,CHILDS GARDEN RAKE PINK,Garden & Outdoor,158
85172,-0.6105233275296349,0.13246446908584908,0.42,43.04178789125186,72,15,fitted,HYACINTH BULB T-LIGHT CANDLES,Lighting & Candles,158
21205,-1.4651233031095017,0.12726150709716633,2.55,6.489588780486488,79,21,fitted,MULTICOLOUR 3D BALLS GARLAND,General Giftware,158
85034B,-2.216358126280823,0.7002626357541506,4.25,6.333333733706673,47,23,fitted,3 WHITE CHOC MORRIS BOXED CANDLES,Lighting & Candles,158
22705,-2.3146812720872716,,0.42,60.671875,64,2,category_fallback_insufficient_price_variation,WRAP GREEN PEARS ,General Giftware,157
23376,-1.576056995568121,0.03345247060939471,0.4149056603773585,140.51665705557207,15,15,fitted,PACK OF 12 VINTAGE CHRISTMAS TISSUE,Christmas & Seasonal,157
23233,-2.375411544782531,,0.42,101.59574468085107,47,2,category_fallback_implausible_fit,WRAP POPPIES  DESIGN,Home Decor,157
21382,-1.0555113899855217,0.32117060323488444,2.95,5.899348075285919,56,17,fitted,SET/4 SPRING FLOWER DECORATION,Jewellery & Accessories,157
22232,-1.3605041187332376,0.3849463982450124,1.65,7.178927781181895,67,21,fitted,JIGSAW TOADSTOOLS 3 PIECE,General Giftware,157
23388,-7.841497710961281,0.11856166605412422,4.174939759036145,39.71273532196163,14,12,fitted,WOODLAND MINI BACKPACK,Bags,156
21529,-3.282638765228138,0.25386172747908164,3.5284848484848492,12.095108205155503,34,22,fitted,RETRO SPOT CERAMIC TOASTRACK,General Giftware,156
90200D,-1.6950974262848952,,4.24,4.422535211267606,71,22,category_fallback_insufficient_price_variation,PINK SWEETHEART BRACELET,Jewellery & Accessories,156
21195,-1.4056262044936834,0.15745856501766176,2.62875,8.18181191763148,58,31,fitted,PINK  HONEYCOMB PAPER BALL ,General Giftware,156
20765,-2.1020475864016865,0.36907749153933467,3.75,3.548812345015019,67,15,fitted,CHRYSANTHEMUM SKETCHBOOK ,General Giftware,156
22337,-3.1210853197384374,0.26815862959541226,0.65,42.97019989280335,36,24,fitted,ANGEL DECORATION PAINTED ZINC ,Home Decor,156
22339,-2.2577990677485924,0.5602700669007956,0.65,24.8495615687264,40,22,fitted,CHRISTMAS TREE PAINTED ZINC ,Christmas & Seasonal,156
85186C,-4.402219276326767,0.6422243924053515,0.4883333333333334,28.206806332220758,39,23,fitted,BUNNY EGG GARLAND,General Giftware,156
23213,-4.0650054468425,0.2762897156603843,1.25,52.5577285621251,24,13,fitted,STAR WREATH DECORATION WITH BELL,Home Decor,156
15058B,-1.3904870075990043,0.14904290257397268,7.95,4.714097045353527,55,27,fitted,PINK POLKADOT GARDEN PARASOL,Garden & Outdoor,156
84989A,-0.8388833644334002,0.008003962837278444,0.55,7.730899296963609,62,23,fitted,75 GREEN FAIRY CAKE CASES,General Giftware,156
23394,-0.14795677371400692,0.0019521260167575383,4.141111111111111,26.123429347188384,15,12,fitted,POSTE FRANCE CUSHION COVER,Home Decor,155
23133,-4.720347280170882,0.6537616957194814,8.25,13.446766348181617,33,21,fitted,LARGE IVORY HEART WALL ORGANISER,General Giftware,155
23031,-0.8400900705020832,0.006052421742582581,1.686463645943098,36.50565907786027,26,16,fitted,DRAWER KNOB CRACKLE GLAZE PINK,General Giftware,155
46776F,-2.375411544782531,,4.21,5.144927536231884,69,16,category_fallback_implausible_fit,WOVEN ROSE GARDEN CUSHION COVER ,Home Decor,155
85170D,-1.6973203064167672,0.3820691191228337,2.46,4.529673786658718,75,32,fitted,SET/6 PINK BIRD T-LIGHT CANDLES,Lighting & Candles,155
46776B,-2.4134383966905206,0.21378580279070702,4.21,2.7636048783662184,68,15,fitted,WOVEN BERRIES CUSHION COVER ,Home Decor,155
20761,-1.847579166044649,0.21510484652438266,3.75,3.514100854629432,72,15,fitted,BLUE PAISLEY SKETCHBOOK,General Giftware,155
21611,-3.7228713845380996,0.01840409404075649,2.95,10.242551153227188,45,10,fitted,SET OF 12 LILY BOTANICAL T-LIGHTS,Lighting & Candles,155
21683,-1.8699120700816494,0.09603132670032055,2.9500000000000006,7.911300430766008,76,17,fitted,MEDIUM MEDINA STAMPED METAL BOWL ,Kitchen & Dining,155
47480,-2.7381921357145607,0.3133328433051584,1.65,15.253117515250283,73,30,fitted,HANGING PHOTO CLIP ROPE LADDER,General Giftware,154
22848,-2.2476869683308354,0.19117504221882609,16.95,4.702178519661081,53,26,fitted,BREAD BIN DINER STYLE PINK,General Giftware,154
23370,-5.609845188100976,0.5525944508780032,1.3303933955929925,92.63090628515478,12,10,fitted,SET 36 COLOURING PENCILS DOILY,Jewellery & Accessories,154
22324,-1.5108297425238217,0.20546924587792836,3.04,4.2503804069074205,71,28,fitted,BLUE POLKADOT KIDS BAG,Bags,154
23029,-2.3146812720872716,,1.65,44.61538461538461,26,14,category_fallback_implausible_fit,DRAWER KNOB CRACKLE GLAZE GREEN,General Giftware,154
23506,-6.935954690562814,0.11826860180048371,0.42159389952153115,161.32880939425442,12,10,fitted,MINI PLAYING CARDS SPACEBOY ,General Giftware,154
21721,-3.10723223361005,0.4440871416368457,0.8702500000000001,18.079985657670694,57,26,fitted,CANDY SHOP  STICKER SHEET,Cards & Stationery,154
47563A,-1.0763126643208247,0.3225093124471977,3.36,2.868265712826639,63,24,fitted,RETRO LONGBOARD IRONING BOARD COVER,General Giftware,154
21765,-1.200432045869432,0.043306245744792804,7.95,6.404846877784374,41,19,fitted,HANGING METAL BIRD BATH,Bath & Body,154
21682,-1.8527987210164576,0.12914853819123506,4.95,4.946443620037673,81,10,fitted,LARGE MEDINA STAMPED METAL BOWL ,Kitchen & Dining,154
85093,-1.3545503934099794,0.22664074174401105,0.83,11.21525782579209,61,24,fitted,CANDY SPOT EGG WARMER HARE,General Giftware,153
23340,-6.5565622708196365,0.2244825816988807,1.65,89.5903906149535,19,14,fitted,VINTAGE CHRISTMAS CAKE FRILL,Christmas & Seasonal,153
85086A,-2.0933678228473402,0.37863693353122274,0.9123076923076923,9.86191610627817,56,20,fitted,CANDY SPOT HEART DECORATION,Home Decor,153
21747,-3.427246315894977,0.2950399912061189,1.25,15.670730268767173,68,22,fitted,SMALL SKULL WINDMILL,General Giftware,153
23132,-4.118277925170688,0.4161673979386973,5.75,16.514486206935757,32,17,fitted,SMALL IVORY HEART WALL ORGANISER,General Giftware,153
85173,-2.1162103676688746,0.44597079698284925,2.55,5.685637266687829,74,26,fitted,SET/6 FROG PRINCE T-LIGHT CANDLES,Lighting & Candles,153
22184,-2.028307883748176,0.40640748393853754,8.5,5.434658627227175,47,21,fitted,CAKE STAND VICTORIAN FILIGREE LARGE,General Giftware,153
23372,-5.673567590885114,0.7551447613357499,1.3044434700485699,99.71268775059826,12,12,fitted,SET 36 COLOUR PENCILS DOLLY GIRL,General Giftware,153
85032B,-1.5216449560738066,0.48384973724011626,1.14,10.042978759065678,53,28,fitted,BLOSSOM IMAGES GIFT WRAP SET,Cards & Stationery,153
22977,-2.455031124769884,0.10965987430791091,1.25,17.74813960106497,43,15,fitted,DOLLY GIRL CHILDRENS EGG CUP,Kitchen & Dining,153
23090,-5.737000020206782,0.635107974060625,0.83,68.36056793719636,28,18,fitted,VINTAGE GLASS T-LIGHT HOLDER,Lighting & Candles,153
21738,-1.2047147579491106,0.04630233860666377,2.95,4.928993972908071,44,13,fitted,COSY SLIPPER SHOES SMALL  RED ,General Giftware,153
21638,-1.2877147100281277,0.02535524102169584,2.1,10.203939773560599,65,16,fitted,ASSORTED TUTTI FRUTTI NOTEBOOK,Cards & Stationery,153
21719,-2.446648249488678,0.23524188979584015,0.85,9.553871891391088,75,24,fitted,LOVELY BONBON STICKER SHEET,Cards & Stationery,152
22461,-1.5326697790443533,0.42653596158946083,12.75,3.576211501074437,59,20,fitted,SAVOY ART DECO CLOCK,Home Decor,152
20768,-3.3075381812581197,0.27246742448749395,2.55,4.484773393933297,70,19,fitted,GREEN FERN JOURNAL ,General Giftware,152
22453,-3.2306852595868505,0.14423792931877533,2.9500000000000006,7.839935315851465,59,16,fitted,MEASURING TAPE BABUSHKA BLUE,Jewellery & Accessories,152
23541,-4.084526343115312,0.3771795013844339,8.196176470588236,52.992254119614316,11,11,fitted,WALL ART CLASSIC PUDDINGS ,General Giftware,152
21402,-1.5652572936497584,0.603916387889718,0.42,6.4900452194136244,68,29,fitted,RED  EGG  SPOON,General Giftware,152
23119,-4.188602546499977,0.5650273260860625,0.638984520123839,66.91284308316501,26,21,fitted,PACK OF 6 LARGE FRUIT STRAWS ,General Giftware,152
22254,-2.472695740773501,0.18961578883977337,1.25,13.1005295489723,69,21,fitted,FELT TOADSTOOL LARGE,General Giftware,151
21688,-2.5029792820946684,0.31887731771103167,2.9500000000000006,11.555186070663403,73,20,fitted,SILVER PLATE CANDLE BOWL SMALL,Lighting & Candles,151
21410,-1.202985257227518,0.14419703411392282,4.852857142857142,5.0362086784158215,48,20,fitted,COUNTRY COTTAGE  DOORSTOP GREEN,General Giftware,151
72816,-3.8346203126368392,0.6538021298675922,1.506315789473684,16.43556790005162,39,23,fitted,SET/3 CHRISTMAS DECOUPAGE CANDLES,Christmas & Seasonal,151
21422,-3.7391269195236143,0.4295023201787268,0.85,28.24547455635018,74,28,fitted,PORCELAIN ROSE SMALL,General Giftware,151
21384,-2.375411544782531,,0.8654123649459782,79.31818181818181,22,18,category_fallback_implausible_fit,IVORY HANGING DECORATION  BUTTERFLY,Home Decor,151
21804,-2.3266419866617944,0.08867622613105064,3.75,11.59980252505717,35,13,fitted,WHITE CHRISTMAS GARLAND STARS TREES,Christmas & Seasonal,151
21445,-1.3871424935110974,0.036319495382133304,1.25,10.664085036972855,61,20,fitted,12 PINK ROSE PEG PLACE SETTINGS,General Giftware,151
85226A,-1.1735759880061898,0.05984980090281655,0.55,20.625228587732096,41,17,fitted,WHITE/BLUE PULL BACK RACING CAR,General Giftware,151
85071A,-1.170441264774272,0.5114959802509932,1.2741721854304635,9.813597429427382,60,17,fitted,BLUE CHARLIE+LOLA PERSONAL DOORSIGN,Home Decor,151
22255,-2.4172064734563405,0.23703603526280526,0.8926315789473684,13.846958846319971,67,28,fitted,FELT TOADSTOOL  SMALL,General Giftware,151
21644,-0.700979969604157,0.009856894234818392,1.25,11.392943833887381,63,13,fitted,ASSORTED TUTTI FRUTTI HEART BOX,Storage & Boxes,150
47585A,-1.872879091677082,0.5840793536018596,3.75,7.102630761012995,65,19,fitted,PINK FAIRY CAKE CUSHION COVER,Home Decor,150
35648,-1.3884085648250084,0.48231123386108654,1.23,14.239154442620698,54,32,fitted,VINTAGE BEAD PINK PURSE ,General Giftware,150
21904,-3.5908808125249276,0.2867665011827776,2.1,4.937303921236086,57,11,fitted,HOUSE WRECKING METAL SIGN ,Home Decor,150
71038,-8.780030700937866,0.19191758718020846,5.45,6.347533215517583,74,5,fitted,WHITE HANGING BEADS CANDLE HOLDER,Lighting & Candles,150
79320,-3.6923499485805573,0.49008145698592465,4.95,16.89499955334476,41,23,fitted,FLAMINGO LIGHTS,Lighting & Candles,150
21808,-3.365836124510146,0.4945342561171877,3.75,9.061079008546338,37,22,fitted,"CHRISTMAS GARLAND STARS,TREES",Christmas & Seasonal,150
22811,-2.430074554795613,0.28138217910701,2.9500000000000006,11.06608976936972,48,26,fitted,SET OF 6 T-LIGHTS CACTI ,Lighting & Candles,149
22281,-2.5565447916340402,,5.950000000000001,8.825,40,20,category_fallback_implausible_fit,EASTER TREE YELLOW BIRDS,Christmas & Seasonal,149
17129F,-2.0951221384816408,0.35456356794094535,1.63,5.9354050709120685,81,31,fitted,BLUE GLASS GEMS IN BAG,Bags,149
22642,-2.1857099419726542,0.15438029940538178,2.55,11.430108014249697,44,17,fitted,SET OF 4 NAPKIN CHARMS STARS   ,General Giftware,149
21943,-2.473515879714985,0.4173981241236302,0.9123076923076923,7.231934038241331,65,19,fitted,CAKES AND RABBITS DESIGN FLANNEL ,Home Decor,149
21618,-1.6224800273903488,0.30210253579156,3.75,4.220703676702013,64,15,fitted,4 WILDFLOWER BOTANICAL CANDLES,Lighting & Candles,149
21817,-1.5490438356231913,0.2023181867560765,0.85,25.525279129801575,32,10,fitted,GLITTER CHRISTMAS TREE,Christmas & Seasonal,149
15058A,-2.0453383819540676,0.3484359775660746,7.95,4.468654283330317,54,24,fitted,BLUE POLKADOT GARDEN PARASOL,Garden & Outdoor,149
23221,-3.410086500006386,0.3664709829933579,0.8669230769230768,46.803766435972726,25,18,fitted,REINDEER HEART DECORATION SILVER,Christmas & Seasonal,149
85194L,-4.51407489837368,0.5766668844255268,0.8566666666666667,42.52385111282144,38,21,fitted,HANGING SPRING FLOWER EGG LARGE,Jewellery & Accessories,149
82616C,-2.7363846768883997,0.43658117926470064,2.51,2.843541301499672,56,23,fitted,MIDNIGHT GLAMOUR SCARF KNITTING KIT,General Giftware,149
21613,-2.26098536845763,0.0697238438951443,2.95,6.097617935403043,71,13,fitted,S/12 VANILLA  BOTANICAL T-LIGHTS,Lighting & Candles,148
23299,-5.1472734974694125,0.6222659947391691,3.9310833333333335,22.65729826203375,30,17,fitted,FOOD COVER WITH BEADS SET 2 ,General Giftware,148
21394,-1.421722174405977,0.43219179447586376,0.3993403489338133,61.9071171490118,52,16,fitted,RED POLKADOT BEAKER ,General Giftware,148
16169E,-2.5565447916340402,,0.42,198.23809523809524,21,2,category_fallback_insufficient_price_variation,WRAP 50'S  CHRISTMAS,Christmas & Seasonal,148
22598,-2.351643649447356,0.5178630727292937,0.8499999999999999,19.2990049280366,32,23,fitted,CHRISTMAS MUSICAL ZINC TREE,Christmas & Seasonal,148
21060,-2.0635964992304743,0.13821967021159853,0.85,10.569034557649445,75,21,fitted,PARTY INVITES BALLOON GIRL,General Giftware,148
21203,-3.733387538308123,0.45978581534108864,1.7183999999999997,32.12652281508632,35,29,fitted,BUTTERFLIES  HONEYCOMB GARLAND,General Giftware,148
23096,-4.28457256354899,0.5109196938893226,1.6912316384180788,27.632128108393545,30,20,fitted,PETIT TRAY CHIC,General Giftware,148
21199,-2.183921204069151,0.5359677003665702,1.65,7.894145298613606,70,26,fitted,PINK  HEART CONFETTI IN TUBE,General Giftware,148
85177,-2.2105010167047405,0.07804405041406282,0.85,14.174252022370736,72,19,fitted,BASKET OF FLOWERS SEWING KIT,Storage & Boxes,148
22853,-1.6035606923753956,0.06104045281549886,3.25,8.57368841999827,54,18,fitted,CAT BOWL VINTAGE CREAM,Kitchen & Dining,147
22687,-1.5401382997276096,0.16845541043956913,8.114776190476189,8.339395776490667,34,24,fitted,DOORMAT CHRISTMAS VILLAGE,Christmas & Seasonal,147
21579,-2.2176285968157834,0.4337261851173597,2.25,6.0599510912037475,70,24,fitted,LOLITA  DESIGN  COTTON TOTE BAG,Bags,147
85032D,-1.0684616495541313,0.13092130422542314,1.643125,7.869700332318359,46,24,fitted,YULETIDE IMAGES GIFT WRAP SET,Cards & Stationery,147
85034A,-2.1297421257290963,0.47840474279009004,4.25,5.294476224164285,57,18,fitted,3 GARDENIA MORRIS BOXED CANDLES,Lighting & Candles,147
21926,-2.375411544782531,,1.25,15.262295081967213,61,6,category_fallback_implausible_fit,RED/CREAM STRIPE CUSHION COVER ,Home Decor,146
21827,-2.225607898054763,0.09031058956312832,1.25,11.46022171438583,46,10,fitted,EIGHT PIECE CREEPY CRAWLIE SET,General Giftware,146
22092,-1.2329248369375103,0.28844233381533035,1.25,4.445549477886691,59,10,fitted,BLUE PAISLEY TISSUE BOX,Storage & Boxes,146
22181,-4.290945221317066,0.6054119036474539,0.8500000000000001,20.931168079573162,62,26,fitted,SNOWSTORM PHOTO FRAME FRIDGE MAGNET,Home Decor,146
21468,-1.6233277950811218,0.09863238898056303,3.75,3.724303561530057,76,12,fitted,BUTTERFLY CROCHET FOOD COVER,General Giftware,145
85087,-1.7112594110267878,0.37196897439939536,3.29,6.6125310945563305,47,14,fitted,CANDY SPOT CUSHION COVER,Home Decor,145
21262,-1.0875238292081544,0.33476976348087906,3.163720159151194,11.904112932663432,48,21,fitted,WHITE GOOSE FEATHER CHRISTMAS TREE ,Christmas & Seasonal,145
21792,-1.9327069833383113,0.27183734821134986,6.75,3.6398776748922543,60,16,fitted,CLASSIC FRENCH STYLE BASKET GREEN ,Storage & Boxes,145
22797,-0.6902407082484735,0.016666811327377462,16.95,3.3924912539904812,48,17,fitted,CHEST OF DRAWERS GINGHAM HEART ,General Giftware,145
22305,-3.290142533408214,0.3626350826683651,2.55,10.018094832228913,81,19,fitted,COFFEE MUG PINK PAISLEY DESIGN,Kitchen & Dining,145
20659,-0.8202318523978271,0.09461549591567364,1.25,4.508771852482336,68,26,fitted,ECONOMY LUGGAGE TAG,General Giftware,145
20671,-1.9680472806233615,0.1973804208820884,1.3131578947368419,11.887427736300758,50,22,fitted,BLUE TEATIME PRINT BOWL ,Kitchen & Dining,145
72818,-3.617486073950324,0.6886429424142178,0.85,19.182700939661622,34,18,fitted,CHRISTMAS DECOUPAGE CANDLE,Christmas & Seasonal,144
20692,-3.878621662624202,0.3674200887706658,4.25,16.063609446972777,32,21,fitted,FLORAL ELEPHANT SOFT TOY,Toys & Games,144
22763,-1.115097433634034,0.06782455049889902,9.95,3.917422239695013,55,15,fitted,KEY CABINET MA CAMPAGNE,General Giftware,144
22313,-1.8508617281191226,0.26413102943026656,3.208787878787879,8.05930601978871,64,24,fitted,OFFICE MUG WARMER PINK,Kitchen & Dining,144
21849,-2.039171953556488,0.5789431736439048,4.403333333333333,2.8706089146806653,61,26,fitted,SILVER DIAMANTE PEN IN GIFT BOX,Cards & Stationery,144
84837,-2.2461497804701622,0.04013007137739821,12.75,5.348092812467676,34,11,fitted,WHITE SWEETHEARTS CABINET 4 DRAWERS,General Giftware,144
84840,-0.16800736696258503,0.0005756736310721378,8.5,5.977722068516186,36,12,fitted,SWEETHEART CARRY-ALL BASKET,Storage & Boxes,144
22100,-1.2679627272187675,0.2990090181754088,1.25,4.54499655456229,63,20,fitted,SKULLS SQUARE TISSUE BOX,Storage & Boxes,143
85071C,-1.046153690725499,0.4112355687751523,2.55,2.809732745007939,63,24,fitted,"CHARLIE+LOLA""EXTREMELY BUSY"" SIGN",Home Decor,143
22831,-3.354404562632077,0.4796626877563297,2.9500000000000006,12.440853023354773,48,16,fitted,WHITE BROCANTE SOAP DISH,Bath & Body,143
21284,-2.277716055020066,0.632337095787744,1.7234000000000003,9.492376272178046,62,28,fitted,RETROSPOT CANDLE  SMALL,Lighting & Candles,143
21656,-1.8418532074755298,0.29035414702420237,1.5915384615384613,11.590061013345501,65,31,fitted,RIDGED GLASS POSY VASE ,Home Decor,143
20771,-2.859891020267162,0.3842726978106784,2.55,4.408635924432964,67,14,fitted,CHRYSANTHEMUM  JOURNAL,General Giftware,143
23093,-1.6954131347961372,0.0916179298474108,2.49,20.59002779378743,31,14,fitted,SMALL PARISIENNE HEART PHOTO FRAME ,Home Decor,142
21424,-1.650813254266193,0.32984297194303114,4.43,5.144090388557165,71,28,fitted,WOODLAND STORAGE BOX LARGE ,Storage & Boxes,142
21096,-1.9104011312586584,0.34000880029724523,0.83,7.791047428472933,57,28,fitted,SET/6 FRUIT SALAD  PAPER PLATES,Kitchen & Dining,142
18098c,-2.3146812720872716,,5.06,10.06060606060606,33,4,category_fallback_insufficient_price_variation,PORCELAIN BUTTERFLY OIL BURNER,General Giftware,142
23526,-3.2254322228633536,0.6847709712259241,7.007023928215354,54.77542521936622,10,10,fitted,WALL ART DOG LICENCE ,General Giftware,142
21645,-1.5551370931820923,0.020992787333906193,1.65,12.945734858923949,45,14,fitted,ASSORTED TUTTI FRUTTI ROUND BOX,Storage & Boxes,142
20762,-2.413893536405555,0.29256379986563186,3.75,3.4387489892456045,65,14,fitted,GREEN FERN SKETCHBOOK ,General Giftware,142
23189,-4.820171357741463,0.5320387149610761,2.89,55.69352883838374,19,16,fitted,SET OF 12 FORK CANDLES,Lighting & Candles,142
21723,-3.097587898066874,0.36235159608298584,0.85,10.677399458607322,71,19,fitted,ALPHABET HEARTS STICKER SHEET,Cards & Stationery,142
21043,-1.8524857699922737,0.6081224445935062,5.95,3.283396934700951,49,21,fitted,APRON MODERN VINTAGE COTTON,Kitchen & Dining,142
21294,-1.069821442370518,0.2691010594971074,1.25,11.947113984848974,68,14,fitted,ETCHED GLASS COASTER,Bottles & Glassware,142
47504H,-1.7580014047414723,0.6121716903877381,1.7166666666666668,7.024802925986556,53,27,fitted,ENGLISH ROSE SPIRIT LEVEL ,General Giftware,142
23128,-2.66373493370047,0.018714663617571348,4.95,8.68853587248496,39,9,fitted,FELTCRAFT BOY JEAN-PAUL KIT,General Giftware,141
22858,-1.4782520148133187,0.031135004031625613,1.65,34.994663738802814,22,14,fitted,EASTER TIN KEEPSAKE,Christmas & Seasonal,141
22031,-3.697743621325525,0.7818004665119634,0.42000000000000004,19.77754774251711,67,15,fitted,BOTANICAL LAVENDER BIRTHDAY CARD,Cards & Stationery,141
23081,-2.352540047352226,0.05590786954314575,8.25,10.081269484113289,31,17,fitted,GREEN METAL BOX ARMY SUPPLIES,Storage & Boxes,140
84596J,-1.609213912124203,0.4728291141962512,1.25,5.377157640318429,54,17,fitted,MIXED NUTS LIGHT GREEN BOWL,Lighting & Candles,140
85035B,-2.463050689695936,0.46482898565723185,4.25,4.842006186525894,52,19,fitted,CHOCOLATE 3 WICK MORRIS BOX CANDLE,Lighting & Candles,140
22042,-4.066531764218611,0.3021139127585458,0.42,19.98069092235712,38,14,fitted,CHRISTMAS CARD SINGING ANGEL,Christmas & Seasonal,139
23028,-2.3146812720872716,,1.6882978723404256,65.47619047619048,21,16,category_fallback_implausible_fit,DRAWER KNOB CRACKLE GLAZE BLUE,General Giftware,139
20618,-0.5394102514055403,0.024555619026451758,2.1,2.766576903037172,74,25,fitted,QUEEN OF THE SKIES PASSPORT COVER ,General Giftware,139
22967,-2.3146812720872716,,2.95,61.73684210526316,19,11,category_fallback_implausible_fit,SET 3 SONG BIRD PAPER EGGS ASSORTED,General Giftware,139
23068,-5.947131378549402,0.17579755142477338,2.49,16.881780348117655,34,11,fitted,ALUMINIUM STAMPED HEART,General Giftware,139
23252,-2.3146812720872716,,3.75,18.925925925925927,27,7,category_fallback_implausible_fit,VINTAGE RED ENAMEL TRIM JUG ,General Giftware,139
85183A,-1.78526801310281,0.4619913706000641,1.396153846153846,16.106442987011206,68,10,fitted,CHARLIE & LOLA WASTEPAPER BIN BLUE,General Giftware,139
23551,-3.948997512946914,0.6883687219202064,0.3972131147540983,116.03700008525023,15,14,fitted,PACK OF 12 PAISLEY PARK TISSUES ,General Giftware,139
23111,-2.8705775551449997,0.09978089386044875,12.5,6.90612750782825,30,16,fitted,PARISIENNE SEWING BOX,Storage & Boxes,139
84673B,-0.6599993800122703,0.03834163818400449,0.776,3.90064906997082,68,21,fitted,BLUE FLY SWAT,General Giftware,139
85232A,-1.7378262755224976,0.14364194440283073,4.95,4.33139694329637,62,13,fitted,SET/3 POLKA DOT STACKING TINS,General Giftware,138
21062,-2.4769528022769576,0.06655824241530828,0.85,9.877827695491758,71,9,fitted,PARTY INVITES SPACEMAN,General Giftware,138
22762,-1.2953845980713579,0.15102449385450523,14.95,3.5188970951551823,51,16,fitted,CUPBOARD 3 DRAWER MA CAMPAGNE,General Giftware,138
21153,-0.6642095101154235,0.011037924611772554,10.65,7.641964933332056,35,13,fitted,RED SPOTTY TABLECLOTH ,General Giftware,138
35964,-2.0427448239139134,0.7288765306040361,1.63,4.425881596677475,36,29,fitted,FOLKART CLIP ON STARS,General Giftware,138
21209,-1.1006893041309889,0.4587957112632557,1.6499999999999997,7.743846919201241,69,32,fitted,MULTICOLOUR HONEYCOMB FAN,General Giftware,138
21222,-1.9117528656852936,0.2959546423207672,1.25,7.754383000328717,68,16,fitted,SET/4 BADGES BEETLES,General Giftware,138
21841,-2.3035084656912983,0.06252222154166442,4.25,5.361328388258011,55,10,fitted,BABY MOUSE RED GINGHAM DRESS,General Giftware,137
22036,-5.2845091762515635,0.7401213383894292,0.42000000000000004,42.879753303557926,36,16,fitted,DINOSAUR BIRTHDAY CARD,Cards & Stationery,137
21442,-2.215207896635297,0.4864982584141412,0.9039999999999999,7.789246791295417,70,25,fitted,GREEN BIRDHOUSE DECORATION,Home Decor,137
21348,-2.855529078646649,0.38295647325943394,2.95,8.216988003609526,47,23,fitted,PINK SPOTS CHOCOLATE NESTING BOXES ,General Giftware,137
23377,-1.5915531484274978,0.24140392571828784,0.43481481481481477,81.94868785361929,15,14,fitted,PACK OF 12 DOLLY GIRL TISSUES,General Giftware,137
22062,-1.0373265716481692,0.2552215604050496,2.95,3.4881318131776706,66,22,fitted,CERAMIC BOWL WITH LOVE HEART DESIGN,Kitchen & Dining,137
23282,-1.7727027579639822,0.388951590749545,0.9232189542483659,23.053120750928848,30,24,fitted,FOLDING BUTTERFLY MIRROR IVORY ,Home Decor,137
84341B,-1.7859745057119352,0.38606232822633313,0.6042869073275862,23.995319501130552,38,22,fitted,SMALL PINK MAGIC CHRISTMAS TREE,Christmas & Seasonal,137
23122,-6.1073690167589625,0.29042296101761433,0.83,48.1142470543801,25,19,fitted,PARTY CHARMS 50 PIECES,General Giftware,137
23155,-0.8953602493475611,0.014266707805132395,0.83,44.573509381632256,37,18,fitted,KNICKERBOCKERGLORY MAGNET ASSORTED ,General Giftware,137
85036C,-2.251376230459902,0.4562159323380919,4.25,2.574478762533123,53,11,fitted,ROSE 1 WICK MORRIS BOXED CANDLE,Lighting & Candles,136
23424,-2.5827688984064956,,5.193333333333334,31.066666666666666,15,12,category_fallback_implausible_fit,GINGHAM RECIPE BOOK BOX,Storage & Boxes,136
22985,-2.375411544782531,,0.42,63.310344827586206,58,1,category_fallback_insufficient_price_variation,"WRAP, BILLBOARD FONTS DESIGN",Home Decor,136
22258,-2.5640018512431717,0.464886427007826,1.25,15.154755307783477,40,23,fitted,FELT FARM ANIMAL RABBIT,General Giftware,136
21651,-4.011073675163726,0.36226293234695395,1.6499999999999997,19.9255047652003,49,18,fitted,HANGING GLASS ETCHED TEALIGHT,Lighting & Candles,136
84951A,-1.3598152422634593,0.44973823233304344,2.46,3.2357797138051163,60,21,fitted,SET OF 4 PISTACHIO LOVEBIRD COASTER,General Giftware,136
22931,-3.70760443316249,0.36634586273129255,2.55,10.682450251473508,41,15,fitted,BAKING MOULD HEART WHITE CHOCOLATE,Kitchen & Dining,136
79190B,-2.32779580376527,0.293291794619448,0.42000000000000004,11.250353890848034,74,23,fitted,RETRO PLASTIC POLKA TRAY,General Giftware,136
22344,-1.6826112231554922,0.46588077496063907,0.85,9.447215243411362,62,18,fitted,PARTY PIZZA DISH PINK POLKADOT,General Giftware,136
82616B,-2.6570118776385794,0.5666630245414,2.51,3.3596814550035496,55,23,fitted,FRAPPUCINO SCARF KNITTING KIT,General Giftware,136
21441,-2.392307710016818,0.5014115582141259,0.8905749999999999,7.560872449459084,68,23,fitted,BLUE BIRDHOUSE DECORATION,Home Decor,135
22124,-0.615494202279287,0.019618703641773094,2.51,2.7468774116991868,67,17,fitted,SET OF 2 TEA TOWELS PING MICROWAVE,Bath & Body,135
21088,-1.268810470514667,0.3043647562396462,0.45600000000000007,13.363810595867553,57,24,fitted,SET/6 FRUIT SALAD PAPER CUPS,General Giftware,135
21066,-2.708877226018213,0.5829968048538199,1.25,6.205912244288032,71,21,fitted,VINTAGE RED MUG,Kitchen & Dining,135
22157,-5.538056353081895,0.30435937580580774,0.85,43.50335477702428,28,8,fitted,ANGEL DECORATION WITH LACE PADDED,Home Decor,134
23092,-3.0724132117443785,0.09697863466068768,7.9,9.655914337697705,29,11,fitted,LARGE ANTIQUE WHITE PHOTO FRAME,Home Decor,134
84968B,-1.868816047218739,0.11884258844518403,12.75,7.745682585106846,36,18,fitted,S/16 VINTAGE IVORY CUTLERY,Kitchen & Dining,134
23334,-4.4143810044021885,0.7664626399364334,0.6706883190080315,114.80121202676753,18,14,fitted,IVORY WICKER HEART SMALL,General Giftware,134
21026,-2.369473348423075,0.44221749703420576,1.3179569892473117,8.398337997381432,52,21,fitted,SPACE OWL,General Giftware,134
23403,-3.2036474646621693,0.37813933685838963,3.9870486815415824,28.956507711851515,14,13,fitted,LETTER HOLDER HOME SWEET HOME,General Giftware,134
85135B,-2.3146812720872716,,7.95,4.142857142857143,42,14,category_fallback_insufficient_price_variation,BLUE DRAGONFLY HELICOPTER,General Giftware,134
22345,-1.8200303261163182,0.5067477163527769,0.85,8.075597919825773,63,19,fitted,PARTY PIZZA DISH BLUE POLKADOT,General Giftware,134
23681,-2.4405677367344385,,1.5988629802928074,262.8333333333333,6,6,category_fallback_insufficient_price_variation,LUNCH BAG RED VINTAGE DOILY,Bags,134
23008,-1.3300955446101321,0.01323307853704303,15.749999999999996,7.2180104772484865,37,19,fitted,DOLLY GIRL BABY GIFT SET,General Giftware,133
85194S,-0.7874938550636585,0.11778487266265047,0.65,13.793232035567396,54,26,fitted,HANGING SPRING FLOWER EGG SMALL,Jewellery & Accessories,133
21251,-1.431928930114184,0.11251973001437299,2.9500000000000006,5.620584040654727,70,18,fitted,DINOSAUR HEIGHT CHART STICKER SET,Cards & Stationery,133
22108,-1.2267788396984365,0.11372273185010051,3.36,3.3947042767143687,59,24,fitted,PING! MICROWAVE PLATE,Kitchen & Dining,133
21188,-1.9903704674466587,0.14514098457655422,2.9500000000000006,9.723632693870549,69,19,fitted,3D HEARTS  HONEYCOMB PAPER GARLAND,General Giftware,133
35241,-0.7469289486418159,0.04397618412681137,4.95,3.930643619408931,59,25,fitted,ENAMEL BLUE RIM BISCUIT BIN,General Giftware,133
84968F,-1.846255772899496,0.27449752568874297,12.75,3.4318322229183753,58,13,fitted,SET OF 16 VINTAGE SKY BLUE CUTLERY,Kitchen & Dining,133
21708,-2.1054582373643114,0.3119092864801587,4.95,4.3449332541284456,65,22,fitted,FOLDING UMBRELLA CREAM POLKADOT,General Giftware,133
20622,-0.7937770653245642,0.04465502852766656,2.1,3.37757714497765,68,23,fitted,VIPPASSPORT COVER ,General Giftware,133
23270,-7.635090316305824,0.21833090934626243,1.45,29.645821803877627,27,10,fitted,SET OF 2 CERAMIC PAINTED HEARTS ,General Giftware,132
23407,-2.3146812720872716,,10.3675,15.933333333333334,15,10,category_fallback_implausible_fit,SET OF 2 TRAYS HOME SWEET HOME,General Giftware,132
85025C,-1.3997784547644592,0.11037001078805264,1.65,6.284069955449248,64,18,fitted,PINK HEART SHAPE PHOTO FRAME,Home Decor,132
47574A,-0.8223342199851068,0.30801796720205743,2.46,5.213730138705352,41,15,fitted,ENGLISH ROSE SCENTED HANGING FLOWER,General Giftware,132
20998,-0.17116775047523705,0.002863742652082224,2.9500000000000006,3.4034787459558635,71,27,fitted,ROSE DU SUD OVEN GLOVE,General Giftware,132
21051,-2.910772007982471,0.2725691774231255,2.1,7.824970664421166,60,15,fitted,RIBBONS PURSE ,Cards & Stationery,132
21693,-3.0124134497764032,0.42660945854160304,2.9500000000000006,12.01691174866668,67,12,fitted,SMALL HAMMERED SILVER CANDLEPOT ,Lighting & Candles,132
84795C,-0.9836281978224319,0.028827625464926232,7.95,7.314272004424186,29,15,fitted,OCEAN STRIPE HAMMOCK ,General Giftware,132
21806,-5.354023482112253,0.6548888494015255,0.43436705882352944,73.8889116106149,32,15,fitted,WHITE CHRISTMAS HEART DECORATION,Christmas & Seasonal,132
84356,-1.7602458806797976,0.2763849637635679,6.95,4.153688400187106,67,18,fitted,POMPOM CURTAIN,General Giftware,132
21555,-1.3767672962641062,0.11865511846697074,2.55,3.7344028196874905,70,17,fitted,CERAMIC STRAWBERRY TRINKET TRAY,General Giftware,132
22043,-2.7449084938716855,0.41832494529715747,0.42,15.267022931110288,40,21,fitted,CHRISTMAS CARD SCREEN PRINT ,Christmas & Seasonal,131
22052,-7.438123512718061,0.09822643076376636,0.42,50.21679594802032,56,5,fitted,VINTAGE CARAVAN GIFT WRAP,Cards & Stationery,131
23374,-8.392228711474136,0.5743872873485802,0.82,97.31271677732975,19,12,fitted,RED SPOT PAPER GIFT BAG,Bags,131
21189,-0.6276041870498033,0.025549289150178844,1.9168487394957983,7.813847928676034,58,25,fitted,WHITE HONEYCOMB PAPER GARLAND ,General Giftware,131
21011,-2.1356841459231,0.416228142395879,0.7971186440677965,45.97730468165247,25,17,fitted,GLITTER SNOW PEAR TREE DECORATION,Home Decor,131
84352,-0.6705376066005296,0.0007838453328361528,16.95,3.761854588246836,33,12,fitted,SILVER CHRISTMAS TREE BAUBLE STAND ,Christmas & Seasonal,131
20871,-2.818071407301848,0.574509993027513,2.1,13.052167464727464,36,21,fitted,OPULENT VELVET SET/3 CANDLES,Lighting & Candles,131
62018,-8.535249114847284,0.7545560672058456,1.95,6.830458689554653,72,17,fitted,SOMBRERO ,General Giftware,130
23054,-2.2533853126072323,0.2821441843961625,8.25,8.104114969971915,35,14,fitted,RECYCLED ACAPULCO MAT LAVENDER,General Giftware,130
23437,-5.5065130514493825,0.11561065811533922,1.2602212893864013,84.28433297782165,16,10,fitted, 50'S CHRISTMAS GIFT BAG LARGE,Christmas & Seasonal,130
22953,-0.9140448527034615,0.013641470723764315,1.25,8.563688876462047,46,17,fitted,BIRTHDAY PARTY CORDON BARRIER TAPE,General Giftware,130
22785,-1.737623711613749,0.1973870179977517,6.75,4.732736628440728,38,12,fitted,SQUARECUSHION COVER PINK UNION FLAG,Home Decor,130
22913,-1.7234898653492534,0.11765926502171042,4.95,5.491887370076649,46,13,fitted,RED COAT RACK PARIS FASHION,General Giftware,130
85136C,-2.3146812720872716,,7.978888888888889,3.9583333333333335,48,16,category_fallback_insufficient_price_variation,RED SHARK HELICOPTER,General Giftware,130
37342,-1.6249624410983143,0.6334626384333484,1.1715555555555555,26.21898344886077,46,29,fitted,POLKADOT COFFEE CUP & SAUCER PINK,Kitchen & Dining,130
72756,-2.278947917977102,,1.49,574.4285714285714,7,4,category_fallback_implausible_fit,FAIRY CAKE CANDLES,Lighting & Candles,130
17012B,-1.8282938490254887,0.5273212301772092,2.46,2.946586589255631,57,23,fitted,ORIGAMI JASMINE INCENSE/CANDLE SET,Lighting & Candles,129
84685,-1.9878097928390779,0.605125106253759,5.04,3.854201422990666,53,19,fitted,BEACH HUT KEY CABINET,General Giftware,129
21398,-1.740997690708431,0.5102681727305849,2.1,9.036120837118148,54,24,fitted,RED POLKADOT COFFEE  MUG,Kitchen & Dining,129
21200,-2.435517127485298,0.4194424972766134,1.65,9.731757113087726,71,24,fitted,MULTICOLOUR HONEYCOMB PAPER GARLAND,General Giftware,129
21379,-1.8111621246625662,0.5244404259863182,1.565,4.922923301819361,69,25,fitted,CAMPHOR WOOD PORTOBELLO MUSHROOM,General Giftware,129
22288,-2.7422264519780986,0.2242362211930854,1.25,15.675057906623936,42,16,fitted,HANGING METAL RABBIT DECORATION,Home Decor,129
23507,-2.3146812720872716,,0.4218303571428572,240.33333333333334,12,11,category_fallback_implausible_fit,MINI PLAYING CARDS BUFFALO BILL ,General Giftware,129
22256,-3.1941352514344237,0.45469041843136837,1.25,17.928087980822575,42,14,fitted,FELT FARM ANIMAL CHICKEN,General Giftware,129
22033,-4.039724599311854,0.5768391704603728,0.42,25.392286641831916,59,17,fitted,BOTANICAL ROSE GREETING CARD,Cards & Stationery,129
16219,-1.3532753010264598,0.77620186658235,0.21,23.638154291420747,61,25,fitted,HOUSE SHAPE PENCIL SHARPENER,General Giftware,129
82605,-1.4581335686170258,0.16491141895977113,2.1,4.338476006605069,52,14,fitted,OLD DOC RUSSEL METAL SIGN,Home Decor,128
21882,-1.8644444980255535,0.36494358478902345,0.65,7.4911717777125135,63,19,fitted,SKULLS TAPE,General Giftware,128
23508,-7.113632444769473,0.28778620761051965,0.42126543209876544,146.37603170256796,12,9,fitted,MINI PLAYING CARDS DOLLY GIRL ,General Giftware,128
84789,-2.7549161159110507,0.2775157906765978,3.75,5.201580799888245,55,15,fitted,ENCHANTED BIRD PLANT CAGE,General Giftware,127
21065,-1.9146347101333474,0.6988862304206338,5.95,2.4614028380811925,54,21,fitted,BOOM BOX SPEAKER GIRLS,Storage & Boxes,127
23369,-5.525506983149591,0.8145098112140495,1.3109562594268478,64.44360638662111,12,12,fitted,SET 36 COLOUR PENCILS LOVE LONDON,General Giftware,127
22706,-2.3146812720872716,,0.42,79.11111111111111,54,5,category_fallback_implausible_fit,WRAP COWBOYS  ,General Giftware,127
35954,-1.2232216562380074,0.47104064678818813,0.44161764705882356,33.692463428807834,38,22,fitted,SMALL FOLKART STAR CHRISTMAS DEC,Christmas & Seasonal,127
20773,-3.114237677208787,,1.65,5.56140350877193,57,9,category_fallback_implausible_fit,BLUE PAISLEY NOTEBOOK,Cards & Stationery,126
20941,-2.4114099740509034,0.46089512068701854,1.3469230769230767,7.213303838261442,57,19,fitted,FROG CANDLE,Lighting & Candles,126
22287,-0.6365267005734384,0.1350438685023463,1.6499999999999997,11.250215047077798,47,23,fitted,"DECORATION , WOBBLY CHICKEN, METAL ",Home Decor,126
47597,-3.718894157466151,0.2808518914059839,2.1126724137931037,7.495043989813176,28,19,fitted,NEW ENGLAND TEATOWELS,Bath & Body,126
23228,-3.9719902124388535,0.7686960555395279,1.343076923076923,50.4029826500438,28,23,fitted,FILIGREE HEART BIRD WHITE ,General Giftware,126
72122,-1.1065245885512673,0.03822083272122756,0.95,6.594213160225203,64,19,fitted,COFFEE SCENT PILLAR CANDLE,Lighting & Candles,126
85132B,-1.7417660222102094,0.6698360343098952,5.040909090909091,7.292990745029925,39,24,fitted,CHARLIE AND LOLA TABLE TINS,General Giftware,126
72232,-2.278947917977102,,0.19000000000000003,98.49230769230769,65,3,category_fallback_insufficient_price_variation,FENG SHUI PILLAR CANDLE,Lighting & Candles,126
21147,-2.917718922871825,0.31685110995521526,2.1,6.196758197966022,39,24,fitted,JINGLE BELLS TREE DECORATION,Home Decor,126
21692,-0.20376606997124577,0.0002746210078860001,3.75,7.449786679267243,46,6,fitted,SILVER LATTICE VANILLA CANDLE POT,Lighting & Candles,126
21253,-1.2582228777575155,0.19260648325415863,5.2675,2.334450805886005,69,17,fitted,SET OF PICTURE FRAME  STICKERS,Home Decor,126
20755,-2.906654946885933,0.11561886720761738,0.85,8.61651465098445,53,15,fitted,BLUE PAISLEY POCKET BOOK,General Giftware,126
20856,-2.3146812720872716,,1.65,7.172413793103448,58,8,category_fallback_insufficient_price_variation,DENIM PATCH PURSE PINK BUTTERFLY,General Giftware,125
21401,-1.2482051988880114,0.3491688818010634,0.42,6.1329001176546365,65,24,fitted,BLUE PUDDING SPOON,General Giftware,125
20774,-0.7996217819238424,0.015615510053088921,1.65,3.807568630933491,54,15,fitted,GREEN FERN NOTEBOOK,Cards & Stationery,125
22829,-1.4102143983375806,0.0880560256842653,9.95,4.197164614734393,46,15,fitted,SWEETHEART WIRE WALL TIDY,General Giftware,125
23559,-2.3146812720872716,,2.3494285714285716,36.285714285714285,14,13,category_fallback_implausible_fit,WOODLAND BUNNIES LOLLY MAKERS,General Giftware,125
22393,-1.6335191030741558,0.4646676677088115,2.55,6.3076310181310715,61,19,fitted,PAPERWEIGHT VINTAGE COLLAGE,General Giftware,125
22543,-3.872370397319271,0.35717941717731727,0.42,20.02563254779885,64,22,fitted,MINI JIGSAW BAKE A CAKE ,General Giftware,125
21427,-1.5869597636703106,0.32924042828520816,2.5554444444444444,4.396191264021081,60,21,fitted,SKULLS STORAGE BOX SMALL,Storage & Boxes,125
85017C,-1.1636894932805948,0.04092828156250705,0.8458704453441295,8.284829265383776,48,20,fitted,ENVELOPE 50 CURIOUS IMAGES,Cards & Stationery,125
22177,-2.3146812720872716,,9.950000000000001,9.478260869565217,23,15,category_fallback_implausible_fit,5 HOOK BLACKBOARD ORGANISER ,General Giftware,125
85212,-1.3359580465060754,0.5527282946002643,0.85,11.933061021256105,67,16,fitted,MINI PAINTED GARDEN DECORATION ,Home Decor,124
20661,-0.9459914719878927,0.087408643523047,2.774,3.7426792924028085,57,18,fitted,BLUE SPOTTY PURSE ,General Giftware,124
79030G,-1.2224575271508042,0.7141068673047604,1.6499999999999997,13.766446668040734,49,16,fitted,"TUMBLER, NEW ENGLAND",General Giftware,124
21924,-2.202245775538786,0.17404376238287433,7.95,5.81541850235481,35,18,fitted,BLUE/CREAM STRIPE FRINGE HAMMOCK,General Giftware,124
22448,-1.655272717235074,0.15089136782012336,3.35,7.19711001503382,59,14,fitted,PIN CUSHION BABUSHKA RED,Home Decor,124
20616,-0.492510782989694,0.08317894035288542,2.1,2.541898596868867,63,22,fitted,CHERRY BLOSSOM PASSPORT COVER,General Giftware,124
22316,-3.407136790287726,0.25176520636884847,1.25,6.848090245577759,69,17,fitted,200 BENDY SKULL STRAWS,General Giftware,124
22760,-1.7945135661213139,0.09501324102465347,12.75,6.312924773614105,41,19,fitted,"TRAY, BREAKFAST IN BED",General Giftware,124
21657,-1.2695884629331116,0.14859501617434245,6.95,4.532107527299789,54,13,fitted,MILK BOTTLE WITH GLASS STOPPER ,Bottles & Glassware,124
23552,-2.3146812720872716,,2.0800000000000005,621.3333333333334,3,3,category_fallback_insufficient_price_variation,BICYCLE PUNCTURE REPAIR KIT ,General Giftware,124
85124C,-1.3762966255964457,0.12140656184823884,2.55,4.769780620644368,62,12,fitted,GREEN JUICY FRUIT PHOTO FRAME,Home Decor,124
47594B,-1.5794716221051723,0.11151133830380766,1.95,4.907718893684493,57,15,fitted,SCOTTIES DESIGN WASHBAG,Home Decor,124
22307,-1.8103924849650108,0.5037571472802238,1.95,15.986012562574537,39,20,fitted,GOLD MUG BONE CHINA TREE OF LIFE,Kitchen & Dining,124
84327A,-2.3146812720872716,,2.1,27.314285714285713,35,12,category_fallback_implausible_fit,PINK JUMPER LARRY THE LAMB,General Giftware,123
40001,-3.0329057289236485,0.35357171624052386,0.85,18.941362802719407,68,24,fitted,WHITE BAMBOO RIBS LAMPSHADE,Lighting & Candles,123
84937,-2.0110419716667165,0.2111272303586632,2.342883787661406,63.32545023157415,22,18,fitted,KASHMIR FOLKART TUMBLERS,General Giftware,123
85135C,-2.3146812720872716,,7.95,3.7291666666666665,48,13,category_fallback_insufficient_price_variation,RED DRAGONFLY HELICOPTER,General Giftware,123
21208,-1.0112197386350579,0.49378037049850454,1.6499999999999997,5.472130970365242,69,19,fitted,PASTEL COLOUR HONEYCOMB FAN,General Giftware,122
22267,-2.5565447916340402,,1.25,30.6875,48,14,category_fallback_implausible_fit,EASTER DECORATION EGG BUNNY ,Christmas & Seasonal,122
15058C,-2.074813185537435,0.512535312298411,7.95,4.347377413694495,51,22,fitted,ICE CREAM DESIGN GARDEN PARASOL,Home Decor,122
23341,-1.3756689621806082,0.07192856544091197,8.9065,10.464991908885136,25,17,fitted,PINK DINER WALL CLOCK,Home Decor,122
79190A,-2.462632684614611,0.4057887725635456,0.42000000000000004,10.507228950113433,75,18,fitted,RETRO PLASTIC 70'S TRAY,General Giftware,122
23510,-4.407902296741964,0.5530814087107168,0.4289391371340524,97.85727708785674,12,10,fitted,MINI PLAYING CARDS GYMKHANA,General Giftware,122
20654,-1.3468920001921418,0.15719828071941133,1.25,4.208874273955859,65,16,fitted,FIRST CLASS LUGGAGE TAG ,General Giftware,121
22933,-2.2587270657020193,0.09138696113792699,3.014253393665159,13.254250571450513,26,18,fitted,BAKING MOULD EASTER EGG MILK CHOC,Christmas & Seasonal,121
23546,-2.3146812720872716,,0.42,155.95238095238096,21,1,category_fallback_insufficient_price_variation,WRAP PAISLEY PARK ,General Giftware,121
21417,-2.5030127263647306,0.6918439972951231,2.912,3.727379349235202,67,20,fitted,COCKLE SHELL DISH,General Giftware,121
15056n,-2.3146812720872716,,12.46,3.4615384615384617,52,3,category_fallback_insufficient_price_variation,EDWARDIAN PARASOL NATURAL,General Giftware,121
23251,-2.215887762878881,0.051176233052817155,1.25,48.183175888195755,26,11,fitted,VINTAGE RED ENAMEL TRIM MUG ,Kitchen & Dining,121
85039C,-1.5717070826802253,0.4489744274324452,1.6349999999999998,3.2318403597198877,62,19,fitted,S/4 BLACK MINI ROSE CANDLE IN BOWL,Lighting & Candles,121
23274,-2.278947917977102,,1.65,46.21739130434783,23,11,category_fallback_implausible_fit,STAR T-LIGHT HOLDER WILLIE WINKIE,Lighting & Candles,121
72349b,-2.278947917977102,,4.13,4.541666666666667,48,4,category_fallback_insufficient_price_variation,SET/6 PURPLE BUTTERFLY T-LIGHTS,Lighting & Candles,121
22216,-2.402129923342672,0.3846426201482921,0.85,17.424689183988015,65,24,fitted,T-LIGHT HOLDER WHITE LACE,Lighting & Candles,121
21547,-1.677562378844956,0.15305498662581962,2.9500000000000006,5.8909683119373835,52,13,fitted,CERAMIC BIRDHOUSE CRESTED TIT SMALL,Garden & Outdoor,121
23380,-8.741898779706718,0.42758733979486985,0.3971517177671227,124.57834769617854,14,12,fitted,PACK OF 12 VINTAGE DOILY TISSUES,General Giftware,120
23505,-2.3146812720872716,,1.25,89.58333333333333,12,8,category_fallback_implausible_fit,PLAYING CARDS I LOVE LONDON ,General Giftware,120
21881,-2.3336802467550446,0.6986980604862245,0.65,10.830340499638034,59,20,fitted,CUTE CATS TAPE,General Giftware,120
21399,-1.734232550795128,0.7274670335729283,2.1,6.625841439660031,53,18,fitted,BLUE POLKADOT COFFEE MUG,Kitchen & Dining,120
20902,-1.1747057272526984,0.3760193975159407,12.72,1.5194850057574294,59,12,fitted,VINTAGE KEEPSAKE BOX PARIS DAYS,Storage & Boxes,120
21653,-3.298495548069817,0.24871475036640467,2.1,19.016542925267814,41,16,fitted,GLASS ETCHED T-LIGHT HOLDER LARGE,Lighting & Candles,120
21923,-2.495128768926168,0.35583730075925435,7.95,8.509039770875683,29,13,fitted,RED/CREAM STRIPE FRINGE HAMMOCK,General Giftware,120
23121,-6.072638214349385,0.2521755286658902,0.42000000000000004,51.165223668329766,25,17,fitted,PACK OF 6 COCKTAIL PARASOL STRAWS,General Giftware,120
17091A,-1.8978907649410732,0.472407112710027,1.25,5.211176584778445,59,17,fitted,LAVENDER INCENSE IN TIN,Storage & Boxes,120
20839,-1.2881300548947723,0.5285819415667204,1.9227586206896552,9.545819835461053,46,24,fitted,FRENCH PAISLEY CUSHION COVER ,Home Decor,120
22252,-1.286981843532477,0.038644041572008736,1.25,9.47399526687981,67,7,fitted,BIRDCAGE DECORATION TEALIGHT HOLDER,Lighting & Candles,120
21627,-0.6538652655489199,0.06525516904162798,22.060000000000002,1.7805521343484738,71,18,fitted,ELEPHANT CARNIVAL POUFFE,General Giftware,120
22928,-2.2366473473461657,,5.95,6.309523809523809,42,17,category_fallback_implausible_fit,YELLOW GIANT GARDEN THERMOMETER,Garden & Outdoor,120
20734,-1.5864663703009871,0.21995396173904147,1.0306,13.141849328874546,58,20,fitted,SILVER MINI TAPE MEASURE ,General Giftware,120
20729,-2.272208794575292,0.11442557352098293,1.25,19.726865689749772,24,14,fitted,RED SPOTTY CANDY BAG,Bags,120
46776A,-2.5817175766211706,0.27045628987610415,4.21,2.7712463949265524,60,12,fitted,WOVEN BUBBLE GUM CUSHION COVER,Home Decor,120
21198,-2.033163265131832,0.47419839786234286,1.6499999999999997,8.30110686499079,66,24,fitted,WHITE HEART CONFETTI IN TUBE,General Giftware,120
22101,-1.9857204212910398,0.18275287859649503,2.4014285714285717,9.307044065126812,63,25,fitted,MIRROR MOSAIC VOTIVE HOLDER,Home Decor,119
21898,-0.09389712398755652,5.2665859520795166e-05,2.95,7.439287145103686,44,12,fitted,POTTING SHED ROSE CANDLE,Lighting & Candles,119
23061,-4.491435610407984,0.621147335705664,1.278139534883721,31.938434885626958,33,16,fitted,VINTAGE EMBOSSED HEART,General Giftware,119
21698,-1.5882847222035401,0.4678490283855111,1.255,2.9160429410737234,63,21,fitted,MOCK LOBSTER FRIDGE MAGNET,General Giftware,119
82613A,-2.375411544782531,,1.25,10.450980392156863,51,18,category_fallback_implausible_fit,"METAL SIGN,CUPCAKE SINGLE HOOK",Home Decor,119
40018F,-3.2601508012156915,0.2565690975444107,1.95,14.835063641083572,35,14,fitted,CHERRY DESIGN PAPERLANTERNS,Lighting & Candles,119
17012D,-2.4055592992080785,0.6469709895604121,2.46,2.2362654627332237,49,17,fitted,ORIGAMI ROSE INCENSE/CANDLE SET ,Lighting & Candles,119
20657,-2.386041674373999,0.42733755180243327,1.25,3.948683801865424,61,12,fitted,TROPICAL LUGGAGE TAG,General Giftware,119
21278,-1.854463509187884,0.21906030888476147,2.8637499999999996,6.080812915344688,48,18,fitted,VINTAGE KITCHEN PRINT PUDDINGS,Kitchen & Dining,119
22049,-1.0457846216067852,0.20895670043196013,0.42,73.20140242014337,27,5,fitted,WRAP CHRISTMAS SCREEN PRINT,Christmas & Seasonal,119
85136A,-2.3146812720872716,,7.95,3.183673469387755,49,14,category_fallback_insufficient_price_variation,YELLOW SHARK HELICOPTER,General Giftware,119
84951B,-1.4696907731598219,0.4241719818870986,2.46,3.3770808417018507,48,21,fitted,SET OF 4 BLACK LOVEBIRD COASTERS,General Giftware,119
23314,-3.0999400852968964,0.04431401456743789,12.5,15.567741074375473,19,9,fitted,VINTAGE CHRISTMAS TABLECLOTH,Christmas & Seasonal,119
20802,-1.3346577340253174,0.2385171685679619,1.65,9.79092037448312,71,22,fitted,SMALL GLASS SUNDAE DISH CLEAR,Bottles & Glassware,118
20801,-1.9580541479703262,0.6780742427314218,2.55,6.271879002587632,45,17,fitted,LARGE PINK GLASS SUNDAE DISH,Bottles & Glassware,118
21709,-1.860671419503341,0.24273238572318423,4.95,3.539750782452619,68,18,fitted,FOLDING UMBRELLA CHOCOLATE POLKADOT,General Giftware,118
85231L,-7.192055082618499,0.1293439774368862,0.85,24.173359128367476,18,9,fitted,LAVENDER SCENTED SET/9 T-LIGHTS,Lighting & Candles,118
35653,-1.8330795408011988,0.32376111617142644,2.9500000000000006,5.675359062756503,52,20,fitted,VINTAGE BEAD NOTEBOOK,Cards & Stationery,118
21190,-2.3649647715152216,0.06889432134669649,1.65,10.334546457988498,41,21,fitted,PINK HEARTS PAPER GARLAND,General Giftware,118
23360,-5.400954653976363,0.6725708949572915,1.95,48.48199626459057,19,9,fitted,SET 8 CANDLES VINTAGE DOILY,Lighting & Candles,118
22912,-0.6692067239910505,0.007227202835866975,4.95,4.197485950570404,45,6,fitted,YELLOW COAT RACK PARIS FASHION,General Giftware,118
21167,-3.4445278365105065,0.5703344645962597,0.22372117400419286,38.52211163511357,66,20,fitted,WHITE SAGE INCENSE,General Giftware,117
35967,-1.1668564571311515,0.3115584668467175,0.43000000000000005,17.174046492280347,50,25,fitted,FOLK ART METAL STAR T-LIGHT HOLDER,Lighting & Candles,117
17012C,-1.6256856674488835,0.40750676595501956,2.46,2.71109738071982,60,22,fitted,ORIGAMI LAVENDER INCENSE/CANDL SET ,General Giftware,117
23227,-4.616243490397522,0.5113114664236105,1.2795121951219512,47.14388747761674,29,19,fitted,FILIGREE HEART BUTTERFLY WHITE ,General Giftware,117
22051,-2.3146812720872716,,0.42,44.48529411764706,68,1,category_fallback_insufficient_price_variation,BLUE SCANDINAVIAN PAISLEY WRAP,General Giftware,117
22058,-1.9038099547192138,0.05757325927620349,1.49,7.958924647017703,35,10,fitted,CERAMIC LOVE HEARTS DESIGN MUG,Kitchen & Dining,117
84569A,-1.6172512093535838,0.15955491200183947,1.25,6.558543110096309,61,16,fitted,PACK 3 IRON ON DOG PATCHES,General Giftware,117
21395,-1.554602721695132,0.5642088545355479,0.4275757575757575,57.95090711919296,47,15,fitted,BLUE POLKADOT BEAKER ,General Giftware,117
22922,-1.4664539066044697,0.5246889892516076,0.85,39.90322964508713,42,16,fitted,FRIDGE MAGNETS US DINER ASSORTED,General Giftware,116
23427,-3.038097283157988,0.12082450352334406,12.5,11.438207856135309,13,7,fitted,STOOL HOME SWEET HOME ,General Giftware,116
21641,-2.3857062469795034,0.5670203576759157,0.954516129032258,9.18381590025282,59,21,fitted,ASSORTED TUTTI FRUTTI KEYRING BALL,Jewellery & Accessories,116
22347,-5.256687550478623,0.4360527973268181,1.25,42.6294549877749,31,20,fitted,PIZZA SLICE DISH,General Giftware,116
22511,-1.7028173358313299,0.4332648597928439,3.75,3.904951983953994,51,15,fitted,RETROSPOT BABUSHKA DOORSTOP,General Giftware,116
23501,-5.777995948244074,0.5948776400412767,1.2581943105110898,153.24710497422257,10,10,fitted,KEY RING BASEBALL BOOT UNION JACK,Jewellery & Accessories,116
22323,-0.929549441285076,0.10066512313364284,2.123846153846154,9.720789680671468,43,23,fitted,PINK POLKADOT KIDS BAG,Bags,116
47566b,-2.3146812720872716,,8.29,6.2,35,3,category_fallback_insufficient_price_variation,TEA TIME PARTY BUNTING,General Giftware,116
23392,-2.3146812720872716,,2.2636229946524065,33.92857142857143,14,14,category_fallback_implausible_fit,SPACEBOY ROCKET LOLLY MAKERS,General Giftware,116
16011,-3.114237677208787,,0.21,58.81818181818182,66,3,category_fallback_insufficient_price_variation,ANIMAL STICKERS,Cards & Stationery,115
23131,-2.3146812720872716,,4.15,28.515151515151516,33,7,category_fallback_implausible_fit,MISTLETOE HEART WREATH CREAM,General Giftware,115
22860,-2.5565447916340402,,1.65,29.523809523809526,21,9,category_fallback_implausible_fit,EASTER TIN CHICKS PINK DAISY,Christmas & Seasonal,115
84578,-3.7574844986078038,,3.829209486166008,12.38888888888889,18,13,category_fallback_implausible_fit,ELEPHANT TOY WITH BLUE T-SHIRT,Toys & Games,115
22504,-2.4477083171381455,0.44872007162105476,29.95,2.907800781599131,47,19,fitted,CABIN BAG VINTAGE RETROSPOT,Bags,115
20775,-0.15458923149385725,0.0007689142115082648,1.65,3.2941737399177278,54,14,fitted,DAISY NOTEBOOK ,Cards & Stationery,115
85055,-1.9511704332415563,0.2767715265311901,3.75,6.345339260666546,52,13,fitted,FRENCH ENAMEL UTENSIL HOLDER,General Giftware,115
21850,-2.0765280782487645,0.5209425889852166,4.95,1.9830778284478778,49,17,fitted,BLUE  DIAMANTE PEN IN GIFT BOX,Cards & Stationery,114
35923,-1.454223167369991,0.48068802418490264,1.25,6.414451379066049,57,21,fitted,CANDY HEART HANGING DECORATION,Home Decor,114
79190D,-2.692155413797099,0.4399685727410937,0.43138888888888893,9.355693166760616,70,20,fitted,RETRO PLASTIC DAISY TRAY,General Giftware,114
23436,-4.648711282882825,0.30929873628532367,1.259453125,73.96181060745647,18,13,fitted,VINTAGE CHRISTMAS GIFT BAG LARGE ,Christmas & Seasonal,114
21612,-3.2711012067668084,0.062049640952012375,2.9500000000000006,15.024591451492757,33,14,fitted,SET 12 WILDFLOWER BOTANICAL T-LIGHT,Lighting & Candles,114
21696,-3.5237366762347415,0.5020317919308568,2.9500000000000006,11.823724687705445,61,9,fitted,SMALL SILVER TRELLIS CANDLEPOT,Lighting & Candles,114
79302M,-3.1279348873470356,0.5125911659045926,2.9500000000000006,7.578888772484486,63,22,fitted,"ART LIGHTS,FUNK MONKEY",Lighting & Candles,114
21710,-2.1274758773021034,0.26583960423542463,4.95,3.3652298913967553,63,17,fitted,FOLDING UMBRELLA PINKWHITE POLKADOT,General Giftware,114
22050,-3.114237677208787,,0.42,42.391304347826086,69,1,category_fallback_insufficient_price_variation,PINK PAISLEY ROSE GIFT WRAP,Cards & Stationery,114
84507B,-2.8099637690563726,0.6329849344485938,2.55,5.2636242520572125,57,15,fitted,STRIPES DESIGN MONKEY DOLL,Home Decor,114
84637,-1.738808030353621,0.6165577025137194,5.331250000000001,3.4738799169965153,51,16,fitted,KITCHEN FLOWER POTS WALL PLAQUE,Kitchen & Dining,114
23499,-2.3146812720872716,,0.4266094850423209,159.0,8,8,category_fallback_insufficient_price_variation,SET 12 VINTAGE DOILY CHALK ,General Giftware,114
21869,-3.515042523994346,0.5779461310756253,1.25,33.42380542154333,22,11,fitted,POTTING SHED COFFEE MUG,Kitchen & Dining,113
21437,-2.5565447916340402,,3.75,27.857142857142858,14,5,category_fallback_insufficient_price_variation,24 HANGING EASTER EGGS FLORAL TUB,Christmas & Seasonal,113
21720,-3.9171754418267226,0.44981126979205566,0.8500000000000001,19.77710920528612,45,22,fitted,CAKE SHOP  STICKER SHEET,Cards & Stationery,113
90114,-2.4405677367344385,,2.46,4.0588235294117645,51,10,category_fallback_insufficient_price_variation,SUMMER DAISIES BAG CHARM,Bags,113
90062,-1.6950974262848952,,12.75,4.3125,48,7,category_fallback_insufficient_price_variation,CARNIVAL BRACELET,Jewellery & Accessories,113
85098B,-1.3872110689234307,0.1477714611142532,3.75,6.205112611670362,43,12,fitted,BLUE FLYING SINGING CANARY,General Giftware,113
20854,-2.3146812720872716,,1.65,8.065217391304348,46,7,category_fallback_insufficient_price_variation,BLUE PATCH PURSE PINK HEART,General Giftware,113
84854,-2.673070315824218,0.3101492220137131,5.659230769230769,6.418635828705133,39,18,fitted,GIRLY PINK TOOL SET,General Giftware,113
85071D,-0.8873474802725091,0.32472100781070534,0.846153846153846,6.609923925665888,50,15,fitted,CHARLIE+LOLA MY ROOM DOOR SIGN,Home Decor,113
23331,-3.4548827006363814,0.23981956782082836,0.6587168141592921,79.585138224353,18,15,fitted,DECORATIVE WICKER HEART SMALL,General Giftware,113
21548,-1.2294825338011381,0.06573978402879377,2.9894545454545454,6.3468206362441055,38,18,fitted,CERAMIC BIRDHOUSE FINCH BLUE ROOF,Garden & Outdoor,113
21520,-3.7675939390909017,0.7434012548637281,0.42000000000000004,18.24709743614075,59,19,fitted,BOOZE & WOMEN GREETING CARD ,Cards & Stationery,113
90167,-5.164564975481846,0.6614033939781114,0.858265306122449,37.48467233154908,40,20,fitted,BEADED LOVE HEART JEWELLERY SET,Jewellery & Accessories,112
23010,-5.642591732400332,0.22011789910488866,16.026923076923076,5.21998334724173,35,19,fitted,CIRCUS PARADE BABY GIFT SET,General Giftware,112
23406,-3.9929859388704,0.7632570591818124,6.751016483516484,16.522072391152545,14,14,fitted,HOME SWEET HOME KEY HOLDER,General Giftware,112
21785,-4.5322805165636035,0.47481853023938336,0.85,22.419633299074697,44,19,fitted,RAIN PONCHO ,General Giftware,112
21221,-1.7794252818626595,0.22602300902452266,1.25,7.424022362975715,58,17,fitted,SET/4 BADGES CUTE CREATURES,General Giftware,112
23531,-5.9502737322385135,0.8876144070595458,6.893083164300203,41.21918892870081,10,10,fitted,WALL ART BIG LOVE ,General Giftware,112
35598D,-2.22159060962422,0.7091271509936218,0.7638914027149322,34.157879192466474,44,20,fitted,PINK/WHITE CHRISTMAS TREE 60CM,Christmas & Seasonal,112
21897,-1.2219141378025677,0.01044845923206017,2.95,8.279424712796187,42,9,fitted,POTTING SHED CANDLE CITRONELLA,Lighting & Candles,112
85187,-1.944518905544409,0.17182381987456052,1.65,7.935092640634908,37,15,fitted,S/12 MINI RABBIT EASTER,Christmas & Seasonal,112
23244,-7.842100903562376,0.3793196060287416,1.95,21.837723096821925,27,13,fitted,ROUND STORAGE TIN VINTAGE LEAF,Storage & Boxes,112
84843,-1.442241549263068,0.19229785377365416,5.95,3.3079735701095747,67,16,fitted,WHITE SOAP RACK WITH 2 BOTTLES,Bath & Body,112
21386,-0.8563786768050291,0.3037146643841554,0.85,12.266423537186105,47,14,fitted,IVORY HANGING DECORATION  EGG,Home Decor,112
84247G,-3.2814871943595154,0.422973378640639,0.42,21.34605506522215,56,9,fitted,"DECOUPAGE,GREETING CARD,",Cards & Stationery,112
23316,-1.9765815258036434,0.14265866604613897,9.95,8.857355085228754,25,14,fitted,RED REFECTORY CLOCK ,Home Decor,111
22263,-2.523790992640384,0.5581717898345815,1.0525,4.901829319416143,57,20,fitted,FELT EGG COSY LADYBIRD ,General Giftware,111
22612,-3.8605245204703067,0.23528071062252298,3.75,19.79796391172692,24,14,fitted,TEA COSY VINTAGE UNION JACK,General Giftware,111
22146,-2.5565447916340402,,1.9499999999999997,72.0,19,11,category_fallback_implausible_fit,EASTER CRAFT IVY WREATH WITH CHICK,Christmas & Seasonal,111
23273,-1.915877614470889,0.11608215506789754,1.65,30.232219097852912,26,11,fitted,HEART T-LIGHT HOLDER WILLIE WINKIE,Lighting & Candles,111
84247L,-2.475651310936918,0.3321919714719501,0.42000000000000004,26.40772039184895,41,15,fitted,FAWN AND MUSHROOM GREETING CARD,Cards & Stationery,111
84508A,-2.375411544782531,,2.55,58.63076923076923,65,18,category_fallback_implausible_fit,CAMOUFLAGE DESIGN TEDDY,Home Decor,111
85130D,-1.2859830898210218,0.2210798256772718,1.65,4.4935430905939215,66,20,fitted,BEADED CRYSTAL HEART PINK LARGE,General Giftware,111
23120,-5.227405824743742,0.2832965357309485,0.42,37.02986766919967,25,12,fitted,PACK OF 6 SMALL FRUIT STRAWS,General Giftware,111
21518,-3.7096285414608197,0.7778141761059465,0.42,20.52128281697453,56,20,fitted,BANK ACCOUNT  GREETING  CARD ,Cards & Stationery,111
72799F,-2.6946070577263654,0.5127027072664456,2.9500000000000006,6.6015578922387075,49,18,fitted,IVORY PILLAR CANDLE GOLD FLOCK,Lighting & Candles,111
21421,-3.086942710930614,0.40002131154931186,1.25,22.383773647316385,48,17,fitted,PORCELAIN ROSE LARGE ,General Giftware,110
16016,-9.825849600096564,0.14757152885966207,0.85,14.198390721599504,69,8,fitted,LARGE CHINESE STYLE SCISSOR,General Giftware,110
21910,-2.829876968265396,0.12352400849208856,1.65,7.922295205790031,46,8,fitted,WAY OUT METAL SIGN ,Home Decor,110
23438,-5.301256723250408,0.258540972741624,1.25,65.71613971272924,19,10,fitted, RED SPOT GIFT BAG LARGE,Bags,110
21687,-1.8218402553986088,0.14885281554624163,3.75,8.924902421573297,37,16,fitted,SILVER PLATE CANDLE BOWL LARGE,Lighting & Candles,110
21662,-1.055046702845272,0.07984933978825748,5.95,3.631459922095035,55,16,fitted,VINTAGE GLASS COFFEE CADDY,Bottles & Glassware,110
85094,-0.8577108445447034,0.33916615855585797,0.83,6.835086692761349,43,26,fitted,CANDY SPOT EGG WARMER RABBIT,General Giftware,110
22820,-4.030199356483681,0.3554874222485356,0.65,18.812609697606312,45,12,fitted,GIFT BAG BIRTHDAY,Bags,110
22777,-2.7852104072480475,0.3038213355359115,8.5,15.074670497795204,23,18,fitted,GLASS CLOCHE LARGE,Bottles & Glassware,110
23267,-2.5565447916340402,,1.25,48.08695652173913,23,8,category_fallback_implausible_fit,SET OF 4 SANTA PLACE SETTINGS,Christmas & Seasonal,110
17012F,-2.1910994911262107,0.5542917212579901,2.46,2.013051040282643,48,16,fitted,ORIGAMI SANDLEWOOD INCENSE/CAND SET,General Giftware,110
84796A,-2.077609448541921,0.30595073626215696,8.47,3.884226108526355,45,12,fitted,PINK HAWAIIAN PICNIC HAMPER FOR 2,General Giftware,110
22032,-3.562461571289413,0.5193141480184218,0.42,15.963068587461988,57,13,fitted,BOTANICAL LILY GREETING CARD,Cards & Stationery,109
20747,-3.122245734066965,0.2049464389014568,13.607627118644066,22.803370269642805,21,17,fitted,PICCADILLY TEA SET,General Giftware,109
35001G,-2.1380434679848728,0.25442335755504764,4.226,4.377702372218569,55,19,fitted,HAND OPEN SHAPE GOLD,Cards & Stationery,109
23250,-2.4529194956318796,,1.25,41.65384615384615,26,9,category_fallback_implausible_fit,VINTAGE RED TRIM ENAMEL BOWL ,Kitchen & Dining,109
79072,-3.8557008198947402,0.3281707225243692,10.819603174603174,13.890101437613412,16,16,fitted,TEATIME CAKE TIN WITH HANDLE,Kitchen & Dining,108
35646,-1.1103463851912556,0.2568601241896399,1.518888888888889,12.764964340686566,39,19,fitted,VINTAGE BEAD PINK EVENING BAG,Bags,108
37424,-2.818680813121372,0.5111481947205052,1.218181818181818,4.81869879058097,43,26,fitted,WHITE WITH BLACK CATS MUG,Kitchen & Dining,108
23214,-3.1896557255634406,0.17666945147357027,2.0800000000000005,25.621578466863962,23,13,fitted,JINGLE BELL HEART ANTIQUE GOLD,General Giftware,108
23235,-3.0595126910011756,0.5049270910612447,2.89,17.46358086954299,25,14,fitted,STORAGE TIN VINTAGE LEAF,Storage & Boxes,108
84674,-2.034831919299204,0.3107156329668578,2.9500000000000006,4.274586367354787,67,12,fitted,FLYING PIG WATERING CAN,Jewellery & Accessories,108
22799,-1.6454060871261134,0.14593344541863817,8.5,3.604412024499684,45,10,fitted,SWEETHEART WIRE FRUIT BOWL,Kitchen & Dining,108
21684,-1.5356481139392064,0.19542372289172294,0.85,10.767963328026138,62,11,fitted,SMALL MEDINA STAMPED METAL BOWL ,Kitchen & Dining,108
22981,-1.8650930573688396,0.16183715449346492,1.5549999999999997,6.983065588868507,35,15,fitted,PANTRY APPLE CORER,General Giftware,108
85231E,-4.799054089512873,0.23377980860552205,0.85,19.76536437803058,23,12,fitted,STRAWBERRY SCENTED SET/9 T-LIGHTS,Lighting & Candles,108
85114A,-1.999949219754126,0.16581085653424887,1.65,14.134695399573156,55,22,fitted,BLACK ENCHANTED FOREST PLACEMAT,General Giftware,107
21009,-4.037134878183536,0.3677471957079017,1.2773096976016682,26.70291215154602,24,10,fitted,ETCHED GLASS STAR TREE DECORATION,Home Decor,107
84791,-0.6840100183881256,0.015645853939949217,3.089561403508772,7.427583480445562,30,18,fitted,GINGHAM HEART DECORATION,Home Decor,107
21274,-1.2079291351699384,0.1445479762470515,12.75,3.6045739760168476,43,6,fitted,EMBOSSED HEART 3 DRAWER SHELF,General Giftware,107
84676,-6.135600139107974,0.2081764460709925,2.95,9.156672566495075,30,12,fitted,BATH DUCK WATERING CAN,Jewellery & Accessories,107
23079,-2.278947917977102,,8.95,7.433333333333334,30,3,category_fallback_insufficient_price_variation,TOADSTOOL BEDSIDE LIGHT ,Lighting & Candles,107
23500,-1.2643883282190904,0.012142986046580595,1.2618913190095384,139.99539597730904,10,9,fitted,KEY RING BASEBALL BOOT ASSORTED ,Jewellery & Accessories,107
23338,-2.3146812720872716,,2.08,12.884615384615385,26,7,category_fallback_implausible_fit,EGG FRYING PAN RED ,General Giftware,107
21629,-2.375411544782531,,9.995,2.80327868852459,61,19,category_fallback_implausible_fit,SQUARE FLOOR CUSHION VINTAGE RED,Home Decor,107
21636,-1.5311821292123018,0.6309737338507602,0.8179032258064516,23.3356807843069,48,7,fitted,MADRAS NOTEBOOK MEDIUM,Cards & Stationery,107
85031C,-2.0178127207154777,0.5898774061458085,3.395,4.603958659743419,38,17,fitted,CURIOUS IMAGES SCRAP BOOK SET,General Giftware,107
22346,-1.8481331500998959,0.5506066083180461,0.85,7.781458733987603,49,18,fitted,PARTY PIZZA DISH GREEN POLKADOT,General Giftware,107
16048,-1.9986636797643524,0.7624733812879447,0.30260330578512395,13.596626838573409,58,20,fitted,TEATIME ROUND PENCIL SHARPENER ,General Giftware,107
16258A,-2.3996369250874383,0.35089620780989605,0.42,10.462325045563356,52,15,fitted,SWIRLY CIRCULAR RUBBERS IN BAG,Bags,107
84968D,-2.2048423733928675,0.19728591899242653,12.75,4.132833941722403,46,17,fitted,SET OF 16 VINTAGE RED CUTLERY,Kitchen & Dining,107
37343,-2.3682465088477724,0.3658277693184807,1.6499999999999997,17.241168341078232,49,22,fitted,SPOTS DESIGN MUG W PINK INSIDE,Kitchen & Dining,107
85170C,-1.988388777846364,0.40775432739708417,2.1,5.9564944148958485,59,19,fitted,SET/6 EAU DE NIL BIRD T-LIGHTS,Lighting & Candles,107
23498,-2.3146812720872716,,1.4499999999999997,548.0,3,3,category_fallback_insufficient_price_variation,CLASSIC BICYCLE CLIPS ,General Giftware,106
20780,-1.2319454858162016,0.10356831199093508,5.49,3.3432398942648054,41,15,fitted,BLACK EAR MUFF HEADPHONES,General Giftware,106
47594A,-1.7072819840830993,0.10574316290685071,1.95,4.192111511731032,57,12,fitted,CAROUSEL DESIGN WASHBAG,Home Decor,106
23400,-3.839155279481621,0.49303332785334697,6.4225,15.648261386479987,14,10,fitted,SHELF WITH 4 HOOKS HOME SWEET HOME,General Giftware,106
85200,-2.5827688984064956,,1.25,39.80769230769231,26,5,category_fallback_insufficient_price_variation,BUNNY EGG BOX,Storage & Boxes,106
23543,-4.552576468641266,0.5727375282981078,8.097619047619048,32.33450032123443,10,10,fitted,WALL ART KEEP CALM ,General Giftware,106
21815,-1.6710031260551899,0.08391790041876779,1.45,13.355672785953587,36,16,fitted,STAR  T-LIGHT HOLDER ,Lighting & Candles,106
35599D,-1.9489078104861202,0.3740951861116316,3.936666666666667,6.126537644085589,37,23,fitted,PINK AND WHITE CHRISTMAS TREE 120CM,Christmas & Seasonal,106
21695,-2.5188465548546204,0.41094700619065316,2.9500000000000006,9.772925148401553,61,14,fitted,SMALL SILVER FLOWER CANDLE POT,Lighting & Candles,106
20990,-3.1118886715485607,0.17893823143561394,1.95,20.414347836954153,26,12,fitted,SPRING FLOWER CHOPSTICKS SET/5,Jewellery & Accessories,106
20617,-0.5624466898711826,0.029190548707557107,2.1,3.2256242707477094,66,17,fitted,FIRST CLASS PASSPORT COVER ,General Giftware,106
90200A,-1.6950974262848952,,4.245,3.490566037735849,53,18,category_fallback_insufficient_price_variation,PURPLE SWEETHEART BRACELET,Jewellery & Accessories,105
22924,-0.25867107921727794,0.0028442537446869975,0.85,23.457625685613916,43,12,fitted,FRIDGE MAGNETS LA VIE EN ROSE,General Giftware,105
84849A,-1.6060706498650146,0.17177228173097647,1.6900000000000002,4.813857668013175,62,15,fitted,HELLO SAILOR BLUE SOAP HOLDER,Bath & Body,105
84247E,-2.5565447916340402,,2.95,13.275862068965518,29,10,category_fallback_implausible_fit,PACK/12 XMAS FUN CARD,Christmas & Seasonal,105
84750A,-1.9036778847087008,0.28340755616710167,2.3121794871794874,16.74718311874949,24,21,fitted,PINK SMALL GLASS CAKE STAND,Bottles & Glassware,105
21289,-2.9858886026424507,0.2480137786636435,1.25,8.76017733721896,64,8,fitted,LARGE STRIPES CHOCOLATE GIFT BAG,Bags,105
23271,-4.226745553861574,0.4838004071139044,0.8781203007518796,58.20070197964495,21,17,fitted,CHRISTMAS TABLE SILVER CANDLE SPIKE,Christmas & Seasonal,105
23461,-0.6304468420685791,0.01573272021082328,4.292758620689655,18.949289628349174,11,10,fitted,SWEETHEART BIRD HOUSE,Garden & Outdoor,105
23048,-3.3209233036925347,0.2701315788275883,4.15,11.08814845510745,29,12,fitted,SET OF 10 LANTERNS FAIRY LIGHT STAR,Lighting & Candles,105
90214A,-1.6950974262848952,,1.04,3.288135593220339,59,15,category_fallback_implausible_fit,"LETTER ""A"" BLING KEY RING",Jewellery & Accessories,104
23357,-4.407361740342789,0.32432855149542383,4.826923076923077,16.663197715299987,16,13,fitted,HOT WATER BOTTLE SEX BOMB,Bottles & Glassware,104
21836,-0.20593820333793286,0.0015738013944311957,3.75,4.948723648387209,39,12,fitted,GINGHAM OVEN GLOVE RED HEART ,General Giftware,104
21814,-2.6597732921628254,0.2731484609675787,1.45,11.752042272334672,41,13,fitted,HEART T-LIGHT HOLDER ,Lighting & Candles,104
20700,-1.4853100010402573,0.5121277608425646,4.13,3.7100747058896113,51,12,fitted,GREEN CAT FLORAL CUSHION COVER ,Home Decor,104
23220,-4.001393643645899,0.38593620974017306,0.8881818181818181,38.06986597079311,19,14,fitted,REINDEER HEART DECORATION GOLD,Christmas & Seasonal,104
84905,-1.732385826095349,0.46540439755793217,5.005,3.4011068598561396,43,10,fitted,PINK BUTTERFLY CUSHION COVER ,Home Decor,104
90209B,-2.2316348529077747,,2.1,7.959183673469388,49,11,category_fallback_implausible_fit,GREEN ENAMEL+GLASS HAIR COMB,Bottles & Glassware,104
23281,-6.11116774358117,0.4172079506604781,0.83,29.03979099897616,28,16,fitted,FOLDING BUTTERFLY MIRROR RED  ,Home Decor,104
85124B,-1.3134361108596717,0.11472712424101106,2.55,4.052997742204435,63,9,fitted,BLUE JUICY FRUIT PHOTO FRAME,Home Decor,104
85188A,-4.546689648721708,0.5968531044487194,0.86,35.19485604367321,25,14,fitted,GREEN METAL SWINGING BUNNY,General Giftware,104
16168M,-2.8181180047671317,0.6128149343224942,0.4471875,12.149446009339009,64,21,fitted,FUNKY MONKEY GIFT BAG MEDIUM,Bags,104
23445,-2.3146812720872716,,0.8299999999999998,168.0,16,6,category_fallback_insufficient_price_variation,ICE CREAM BUBBLES,General Giftware,103
21805,-4.330792253738463,0.45588770549204327,0.4228426970920175,68.0265547239714,24,14,fitted,WHITE CHRISTMAS TREE DECORATION ,Christmas & Seasonal,103
21793,-2.071300489082794,0.27832299241864333,6.35,2.489553373605122,54,12,fitted,CLASSIC FRENCH STYLE BASKET BROWN,Storage & Boxes,103
21440,-4.641979250006467,0.16597701715644397,1.25,13.155115224935198,30,7,fitted,12 MINI TOADSTOOL PEGS,General Giftware,103
90200C,-1.6950974262848952,,4.244166666666667,4.586956521739131,46,18,category_fallback_insufficient_price_variation,BLUE SWEETHEART BRACELET,Jewellery & Accessories,103
23375,-7.568716724917498,0.18679109618758694,0.8386823966065746,63.59175547442153,16,12,fitted,50'S CHRISTMAS PAPER GIFT BAG,Christmas & Seasonal,103
21286,-1.9813105557693984,0.5555685076290137,2.55,8.100114877877688,49,19,fitted,RETROSPOT CANDLE  LARGE,Lighting & Candles,103
84970s,-2.278947917977102,,2.08,7.8979591836734695,49,5,category_fallback_insufficient_price_variation,HANGING HEART ZINC T-LIGHT HOLDER,Lighting & Candles,103
71143,-1.373182917810446,0.29882866525064666,2.46,2.5957330432348367,43,12,fitted,SILVER BOOK MARK WITH BEADS,General Giftware,103
21610,-5.369342126864822,0.1302984472785611,2.95,7.149686023206521,43,10,fitted,SET 12 PEAR BOTANICAL T-LIGHTS,Lighting & Candles,103
23009,-2.2359817242267863,0.15898977531711478,16.72833333333333,4.148315489800893,38,19,fitted,I LOVE LONDON BABY GIFT SET,General Giftware,102
85169B,-1.6582958515331825,0.26229579407829173,1.25,5.379641263919858,50,19,fitted,BLACK LOVE BIRD CANDLE,Lighting & Candles,102
79144C,-1.9186012133668444,0.40940343662294754,0.83,2.306982975935929,60,17,fitted,PAINTED LIGHTBULB RAINBOW DESIGN,Lighting & Candles,102
22700,-2.0895845573394296,0.3950307299844431,2.95,5.994708788363548,44,16,fitted,BLACK AND WHITE DOG BOWL,Kitchen & Dining,102
21426,-2.1452189096253176,0.5975027652354752,2.327692307692308,6.541816100938471,69,22,fitted,WOODLAND STORAGE BOX SMALL,Storage & Boxes,102
21279,-1.366526902248961,0.21333373001240175,2.894285714285714,3.7798300492117747,59,16,fitted,VINTAGE KITCHEN PRINT FRUITS,Kitchen & Dining,102
84872A,-2.879375439864761,0.21813577145972585,11.02,4.075493078222815,34,7,fitted,TEATIME FUNKY FLOWER BACKPACK FOR 2,Bags,102
85031A,-2.0274173788080017,0.6387177253716879,3.36,3.7403147899434837,44,18,fitted,ROMANTIC IMAGES SCRAP BOOK SET,General Giftware,102
22048,-3.114237677208787,,0.42,41.25,64,2,category_fallback_insufficient_price_variation,BIRTHDAY BANQUET GIFT WRAP,Cards & Stationery,102
17021,-2.3146812720872716,,0.3,82.14814814814815,54,7,category_fallback_implausible_fit,NAMASTE SWAGAT INCENSE,General Giftware,102
21285,-2.228916729001003,0.6344473605298171,2.157027027027027,7.88512115187927,49,19,fitted,RETROSPOT CANDLE  MEDIUM,Lighting & Candles,101
21377,-2.0010973753511676,0.5987521411522487,2.665,2.5418813192868908,62,21,fitted,SMALL CAMPHOR WOOD FIELD  MUSHROOM,General Giftware,101
85123a,-2.278947917977102,,6.63,12.4375,48,7,category_fallback_implausible_fit,WHITE HANGING HEART T-LIGHT HOLDER,Lighting & Candles,101
21311,-0.8191992916833228,0.323418643229648,2.1,3.0544449824140587,52,16,fitted,SET/4 BIRD MIRROR MAGNETS ,Home Decor,101
84813,-1.583639114116209,0.42689176521534333,12.75,2.9711530040058687,51,22,fitted,SET OF 4 DIAMOND NAPKIN RINGS,General Giftware,101
90161C,-1.6950974262848952,,4.98,2.7868852459016393,61,17,category_fallback_insufficient_price_variation,ANT COPPER LIME BOUDICCA BRACELET,Jewellery & Accessories,101
84673A,-0.5920565500490473,0.01090577302642215,0.65,3.7478079553818575,47,13,fitted,PINK FLY SWAT,General Giftware,101
84510C,-0.7254427017808256,0.056776538651582165,1.25,2.92179075343099,65,13,fitted,SET OF 4 POLKADOT COASTERS,General Giftware,101
21360,-1.7858316429992525,0.40785084412625505,9.95,2.6805461509561113,48,9,fitted,JOY LARGE WOOD LETTERS,General Giftware,101
22643,-0.879096081750772,0.07213640086763162,2.55,6.683847177304442,42,10,fitted,SET OF 4 NAPKIN CHARMS LEAVES   ,General Giftware,101
16218,-1.2574850921279286,0.7216630323456716,0.16,37.02635372504076,52,16,fitted,CARTOON  PENCIL SHARPENERS,General Giftware,101
20730,-4.658099058840872,0.3408052514714065,1.25,6.509217165917463,24,14,fitted,STRAWBERRY CANDY BAG,Bags,101
18094C,-1.9898889973868898,0.5029811974016727,1.4264285714285716,6.313180194951087,60,21,fitted,WHITE AND BLUE CERAMIC OIL BURNER,General Giftware,100
22104,-2.8789707611056126,0.4753422494316053,1.5621874999999998,4.318979204363678,64,20,fitted,MIRROR MOSAIC CANDLE PLATE,Lighting & Candles,100
23490,-2.278947917977102,,3.75,52.888888888888886,9,5,category_fallback_insufficient_price_variation,T-LIGHT HOLDER HANGING LOVE BIRD,Lighting & Candles,100
23065,-0.6222545635087142,0.005250606292710347,12.5,6.434845288740546,28,7,fitted,LARGE DECO JEWELLERY STAND,Jewellery & Accessories,100
72819,-2.2906370234931064,0.629551472786223,2.55,5.642160936691403,58,17,fitted,CUPID DESIGN SCENTED CANDLES,Lighting & Candles,100
23511,-6.455984709277183,0.8751775235498827,2.1247555766492647,41.313477641886145,12,9,fitted,EMBROIDERED RIBBON REEL EMILY ,Cards & Stationery,100
47592A,-2.3146812720872716,,1.8846808510638298,10.0,33,14,category_fallback_implausible_fit,CAROUSEL DES CHILD'S OVERALL,General Giftware,100
85025B,-2.1792710188348714,0.3362175623213004,1.65,7.219844042726061,52,12,fitted,EAU DE NILE HEART SHAPE PHOTO FRAME,Home Decor,100
21661,-1.2938281078866265,0.06917700326276655,5.95,4.034971668002776,44,15,fitted,VINTAGE GLASS TEA CADDY,Bottles & Glassware,100
85180A,-2.4746995094038846,0.7356318045828105,4.65,5.435896581757748,37,16,fitted,RED HEARTS LIGHT CHAIN ,Lighting & Candles,100
85008,-1.6699471105939483,0.45664580707699876,4.95,3.705068953633737,46,11,fitted,SET OF 3 CONEY ISLAND OVAL BOXES,General Giftware,100
21690,-1.0300360359745473,0.01750237071864824,3.75,3.5747372655725744,44,5,fitted,SILVER  CANDLEPOT JARDIN ,Lighting & Candles,100
23373,-2.204911754058993,0.06868450722049013,0.8298780487804878,57.788617057217955,18,12,fitted,VINTAGE CHRISTMAS PAPER GIFT BAG,Christmas & Seasonal,100
72803A,-1.7048925429465325,0.059635957164263065,4.25,3.3939981281537284,62,3,fitted,ROSE SCENT CANDLE JEWELLED DRAWER,Lighting & Candles,99
22408,-1.8697526611578612,0.17120877445406069,1.25,6.378013471658125,53,11,fitted,MONEY BOX CONFECTIONERY DESIGN,Home Decor,99
72800B,-2.2607287420893862,0.46391878902062955,2.55,3.8455851705030915,52,16,fitted, 4 PURPLE FLOCK DINNER CANDLES,Lighting & Candles,99
21630,-0.6414858259473821,0.07904653785702265,12.329999999999998,2.0541013480054757,59,18,fitted,FLOOR CUSHION ELEPHANT CARNIVAL,Home Decor,99
85041,-3.307342161503383,0.14671008426006538,1.65,17.56162096325455,26,14,fitted,SET/4 PINK ORCHID CANDLES IN BOWL,Lighting & Candles,99
21194,-1.0183808295819037,0.3673809652040374,2.1,4.656739503048088,53,19,fitted,PINK  HONEYCOMB PAPER FAN,General Giftware,99
22702,-1.830646207736828,0.23212748720995047,2.1,6.080508552474022,51,14,fitted,BLACK AND WHITE CAT BOWL,Kitchen & Dining,99
22688,-3.7183215964864402,0.3426445174380074,7.95,5.975221521187591,33,20,fitted,DOORMAT PEACE ON EARTH BLUE,General Giftware,99
23217,-1.2425152978309213,0.048139068410473884,1.25,38.211052379935595,23,17,fitted,LAUREL HEART ANTIQUE SILVER,General Giftware,99
47593A,-0.6096028981668778,0.050502894426543876,1.1736363636363638,3.062955820000559,44,11,fitted,CAROUSEL DESIGN BABY BIB,Home Decor,99
23435,-1.3669032086173465,0.3603489060395403,0.8014285714285714,54.96749557991048,14,14,fitted,3 RAFFIA RIBBONS VINTAGE CHRISTMAS,Christmas & Seasonal,99
23226,-5.627533351117801,0.7480011804091934,1.2668923312296805,45.75592363042302,28,17,fitted,FILIGREE HEART DAISY WHITE,General Giftware,99
22786,-0.9708711365062729,0.18826689714193168,5.95,4.9266937894103355,37,12,fitted,CUSHION COVER PINK UNION JACK,Home Decor,99
84509C,-0.8935407961100953,0.10957926082206937,3.75,3.525324302901573,60,18,fitted,SET OF 4 POLKADOT PLACEMATS ,General Giftware,98
23161,-2.847753584060758,0.40343658229228174,1.2984,47.726259015539476,29,21,fitted,REGENCY CAKE FORK,General Giftware,98
17012A,-1.8713709434861934,0.6063207756594484,2.46,2.6060243591788224,53,15,fitted,ORIGAMI VANILLA INCENSE/CANDLE SET ,Lighting & Candles,98
79144B,-1.8648542615858643,0.3404321525088184,0.5740000000000001,4.113854560503757,56,17,fitted,PAINTED LIGHTBULB STAR+ MOON,Lighting & Candles,98
46776C,-2.0577250557082296,0.21191712249417372,4.21,2.708263197501927,50,11,fitted,WOVEN FROST CUSHION COVER,Home Decor,98
21000,-2.4405677367344385,,3.5933333333333333,3.25,60,14,category_fallback_implausible_fit,ROSE DU SUD COSMETICS BAG,Bags,98
47367B,-2.3146812720872716,,3.36,4.083333333333333,60,16,category_fallback_implausible_fit,PAIR PADDED HANGERS PINK CHECK,General Giftware,98
22923,-2.465880255871408,0.041676088491637175,0.85,27.26246118899507,39,10,fitted,FRIDGE MAGNETS LES ENFANTS ASSORTED,General Giftware,98
20758,-2.3146812720872716,,0.85,12.307692307692308,52,6,category_fallback_implausible_fit,ABSTRACT CIRCLES POCKET BOOK,General Giftware,98
23335,-2.3146812720872716,,2.08,15.12,25,9,category_fallback_implausible_fit,EGG FRYING PAN IVORY ,General Giftware,98
84218,-2.030287251554104,0.032236812437800855,1.95,7.807605889747974,21,6,fitted,BOX/12 CHICK & EGG IN BASKET,Storage & Boxes,98
22034,-4.950468186824053,0.440253438273314,0.42,44.57547067225954,23,7,fitted,ROBIN CHRISTMAS CARD,Christmas & Seasonal,97
37461,-2.9833994212269377,0.3570689092087894,1.25,7.809033217894888,44,18,fitted,FUNKY MONKEY MUG,Kitchen & Dining,97
90134,-1.6950974262848952,,2.9599999999999995,2.1166666666666667,60,8,category_fallback_insufficient_price_variation,OLD ROSE COMBO BEAD NECKLACE,Jewellery & Accessories,97
84819,-2.0923920212305953,0.7747674836319263,4.25,3.5505672549495833,47,9,fitted,DANISH ROSE ROUND SEWING BOX,Storage & Boxes,97
35962,-3.201692679452611,0.4514376953844904,2.246825487944891,21.06488419948455,24,14,fitted,12 ASS ZINC CHRISTMAS DECORATIONS,Christmas & Seasonal,97
23347,-2.9076423769159545,0.13275059702599934,1.2827027027027027,22.03291006851863,21,13,fitted,I LOVE LONDON BEAKER,General Giftware,97
16014,-2.3146812720872716,,0.42,506.1666666666667,60,14,category_fallback_implausible_fit,SMALL CHINESE STYLE SCISSOR,General Giftware,97
72128,-2.7897014523928134,0.3310449950518113,0.85,4.431528427146988,57,12,fitted,COLUMBIAN CANDLE ROUND,Lighting & Candles,97
84795B,-1.9814496546041582,0.22577991461163827,7.95,4.816136320363111,48,15,fitted,SUNSET CHECK HAMMOCK,General Giftware,97
84748,-2.07132479218708,0.6669068601278825,3.75,4.490155894990289,41,14,fitted,FOLK FELT HANGING MULTICOL GARLAND,General Giftware,97
35911A,-0.7289243152210079,0.12140475841596021,0.85,5.947441781675793,44,16,fitted,MULTICOLOUR RABBIT EGG WARMER,General Giftware,97
84968E,-2.0778061121734606,0.13905555148907034,12.75,3.0847798366524235,54,15,fitted,SET OF 16 VINTAGE BLACK CUTLERY,Kitchen & Dining,97
20878,-2.1276066238871842,0.14846675402368203,1.25,30.118357711293893,20,10,fitted,SET/9 CHRISTMAS T-LIGHTS SCENTED ,Christmas & Seasonal,97
17165D,-2.3146812720872716,,1.05,16.357142857142858,42,6,category_fallback_implausible_fit,ASS COL LARGE SAND FROG P'WEIGHT,General Giftware,97
79164,-0.8497815098138508,0.3378340540301492,1.6499999999999997,18.289747574415134,47,23,fitted,BLACK WINE GLASS,Bottles & Glassware,96
21255,-2.051024228399139,0.08241843420316597,1.7601994680851063,15.813868977422764,18,15,fitted,"FRENCH BOTTLE , LAVENDER",Bottles & Glassware,96
23123,-4.788714283216942,0.5085054595473699,0.8437931034482757,26.687860499043563,24,17,fitted,COCKTAIL SWORDS 50 PIECES,General Giftware,96
23269,-3.015510801725179,0.24544167306416864,1.45,20.48630158848885,23,12,fitted,SET OF 2 CERAMIC CHRISTMAS TREES,Christmas & Seasonal,96
21287,-1.664972378141909,0.5968025757600595,0.38000000000000006,72.09377561605686,58,7,fitted,SCENTED VELVET LOUNGE CANDLE ,Lighting & Candles,96
21593,-2.5827688984064956,,1.25,35.47826086956522,23,1,category_fallback_insufficient_price_variation,SWALLOW CIGAR BOX MATCHES ,Storage & Boxes,96
21076,-1.6756669341481223,0.059368829343338425,0.8712499999999999,40.88989793703995,15,11,fitted,SET/20 COLLAGE PAPER NAPKIN ,General Giftware,95
20699,-1.5857843851663267,0.17451628961513044,2.55,5.052208923209722,48,13,fitted,MOUSEY LONG LEGS SOFT TOY,Toys & Games,95
21001,-2.3146812720872716,,4.31875,2.642857142857143,56,14,category_fallback_implausible_fit,ROSE DU SUD WASHBAG ,General Giftware,95
46775D,-0.11974376303484538,0.002258608109919291,11.020000000000001,1.8548972682142695,55,8,fitted,SUNSET COLOUR CHUNKY KNITTED THROW,General Giftware,95
84520D,-2.5928766725029706,0.18247881882565353,0.9491666666666665,38.71474465829537,11,10,fitted,PACK OF 20 FAIRY CAKE PAPER NAPKINS,General Giftware,95
20840,-1.3344727739486446,0.5048795024544157,1.5676470588235294,11.480445774388036,45,18,fitted,FRENCH FLORAL CUSHION COVER ,Home Decor,95
21478,-2.2316348529077747,,3.75,6.310344827586207,29,6,category_fallback_implausible_fit,SILVER SKULL HOT WATER BOTTLE ,Bottles & Glassware,95
85124A,-2.257483580575414,0.3517871076103086,2.55,10.282502375368978,33,16,fitted,PINK JUICY FRUIT PHOTO FRAME,Home Decor,95
23502,-2.3146812720872716,,1.25,58.333333333333336,12,5,category_fallback_implausible_fit,PLAYING CARDS VINTAGE DOILY ,General Giftware,94
90200E,-1.6950974262848952,,4.25,3.392857142857143,56,12,category_fallback_insufficient_price_variation,GREEN SWEETHEART BRACELET,Jewellery & Accessories,94
22389,-1.4103433055473995,0.2774974732081027,2.55,5.914775857774127,52,12,fitted,PAPERWEIGHT SAVE THE PLANET,General Giftware,94
21474,-2.3146812720872716,,19.95,7.777777777777778,27,3,category_fallback_insufficient_price_variation,SWEETHEART CREAM STEEL FOLDIN BENCH,General Giftware,94
84086C,-3.692391797022046,0.3577008754591483,2.9500000000000006,5.205599484496087,49,15,fitted,PINK/PURPLE RETRO RADIO,General Giftware,94
84929,-0.8129203989687068,0.20326785052865837,0.55,22.98984667169853,57,7,fitted,ASSTD FRUIT+FLOWERS FRIDGE MAGNETS,General Giftware,94
22253,-4.045791083482029,0.48593563300364107,1.2752100840336134,36.32062972327911,18,14,fitted,6 CROCHET STRAWBERRIES,General Giftware,94
85208,-2.240550347437927,0.17212266390314224,2.1,4.891829693778939,49,10,fitted,SET/12 FUNKY FELT FLOWER PEG IN BAG,Bags,94
21425,-1.3564413476049397,0.2105418423477019,3.1791851851851853,4.201081027845695,56,21,fitted,SKULLS STORAGE BOX LARGE,Storage & Boxes,94
22040,-5.133369319672781,0.13163174515730458,0.42,35.291985844293244,61,5,fitted,BOTANICAL ROSE GIFT WRAP,Cards & Stationery,94
21318,-1.8027338234369765,0.5562997821388422,1.65,7.311133704575817,46,18,fitted,GLASS CHALICE BLUE SMALL ,Bottles & Glassware,94
17107D,-2.3146812720872716,,2.55,6.588235294117647,51,2,category_fallback_insufficient_price_variation,"FLOWER FAIRY,5 SUMMER B'DRAW LINERS",General Giftware,94
20778,-3.114237677208787,,1.65,6.095238095238095,42,7,category_fallback_implausible_fit,GARDEN PATH NOTEBOOK ,Cards & Stationery,93
21028,-1.9412652780103827,0.40462581114282326,1.25,5.341140595510932,53,16,fitted,NINJA RABBIT BLACK,General Giftware,93
22510,-1.4667550572182173,0.4394299208557658,3.75,2.978252246638907,52,9,fitted,GINGHAM BABUSHKA DOORSTOP,General Giftware,93
21292,-1.9812975938525474,0.5386303161420211,0.85,16.863497786374175,56,15,fitted,SMALL STRIPES CHOCOLATE GIFT BAG ,Bags,93
21532,-1.811424297781073,0.09953477201084049,2.1,5.359815541218178,36,10,fitted,DAIRY MAID SUGAR JAM BOWL,Kitchen & Dining,93
84596K,-1.772157342548539,0.0827270407925963,1.25,6.1871780977513495,36,10,fitted,JELLY BABIES YELLOW SMALL BOWL,Kitchen & Dining,93
15056bl,-2.3146812720872716,,12.46,2.423076923076923,52,3,category_fallback_insufficient_price_variation,EDWARDIAN PARASOL BLACK,General Giftware,93
23164,-3.444137018897286,0.42955170944494603,4.95,13.01196678258397,30,15,fitted,REGENCY CAKE SLICE,General Giftware,92
77101A,-3.599859210183232,0.421415097994133,1.25,12.260550007554754,44,18,fitted,UNION FLAG WINDSOCK,General Giftware,92
21837,-2.375411544782531,,5.950000000000001,11.136363636363637,22,11,category_fallback_implausible_fit,CROSS STITCH ALPHABET CUSHION COVER,Home Decor,92
72800D,-2.3261263497751044,0.4034014504048935,2.55,3.851390392802632,56,11,fitted,4 BLUE DINNER CANDLES SILVER FLOCK,Lighting & Candles,92
23034,-2.5226234681050266,0.35538337937124864,1.4500000000000002,35.2828522282403,25,13,fitted,DRAWER KNOB CERAMIC BLACK,General Giftware,92
37327,-0.9767334953260591,0.30329641507928173,0.5320408163265307,31.947729548751422,39,24,fitted,ASSTD MULTICOLOUR CIRCLES MUG,Kitchen & Dining,92
84251G,-1.5598542854470534,0.6429240828990481,0.2842857142857143,8.08592388932235,47,20,fitted,"GREETING CARD, OVERCROWDED POOL.",Cards & Stationery,92
82615,-3.5775954798085023,0.23606757890527152,2.95,7.518083463061145,33,16,fitted,PINK MARSHMALLOW SCARF KNITTING KIT,General Giftware,92
22640,-1.8148642829894726,0.28115354133448633,2.55,4.07441764625429,51,12,fitted,SET OF 4 NAPKIN CHARMS 3 KEYS ,General Giftware,92
21637,-3.6925119910651345,0.6629730538026924,1.300184921763869,25.763410608766378,44,12,fitted,ASSORTED SANSKRIT MINI NOTEBOOK,Cards & Stationery,92
62096A,-2.106989391242185,0.5475078048025821,1.6602777777777775,7.685215710673055,38,16,fitted,PINK/YELLOW FLOWERS HANDBAG,Bags,92
22044,-1.0946762555550953,0.1580615138053323,0.42,34.757584878969354,27,8,fitted,CHRISTMAS CARD STACK OF PRESENTS,Christmas & Seasonal,92
85130A,-0.7196464900532245,0.0104248821081111,1.65,10.371112214953266,43,9,fitted,BEADED PEARL HEART WHITE LARGE,General Giftware,92
90214S,-0.26737121224753957,0.007879983174619909,0.85,2.57109011616899,49,12,fitted,"LETTER ""S"" BLING KEY RING",Jewellery & Accessories,91
22214,-2.3232903522601553,0.4463954340053037,2.55,6.313078260012364,51,13,fitted,CANDLE PLATE LACE WHITE,Lighting & Candles,91
22788,-3.0985517647408365,0.29862117295723656,9.95,7.21781989192095,32,15,fitted,BROCANTE COAT RACK,General Giftware,91
21400,-1.4653417869725716,0.535374762498992,0.42,5.010260774977488,54,18,fitted,RED PUDDING SPOON,General Giftware,91
17164B,-2.3146812720872716,,0.42,35.42857142857143,42,6,category_fallback_implausible_fit,ASS COL SMALL SAND GECKO P'WEIGHT,General Giftware,91
20894,-1.661405933795942,0.15885063863124171,2.95,4.77489555935619,43,12,fitted,HANGING BAUBLE T-LIGHT HOLDER LARGE,Lighting & Candles,91
20782,-0.666888962434925,0.03953449379791674,5.49,3.417575300175271,36,15,fitted,CAMOUFLAGE EAR MUFF HEADPHONES,General Giftware,91
85014D,-6.048227311907967,0.7826749287025339,5.95,12.094808543055157,14,8,fitted,PINK/BROWN DOTS RUFFLED UMBRELLA,General Giftware,91
84920,-1.3116723429636896,0.204784786187876,3.75,3.6205062657167604,50,15,fitted,PINK FLOWER FABRIC PONY,General Giftware,91
23268,-3.844650760501586,0.3155747465417468,1.45,33.611280199313065,20,11,fitted,SET OF 2 CERAMIC CHRISTMAS REINDEER,Christmas & Seasonal,90
21655,-3.8346859960281523,0.27921771496494063,1.6900000000000002,35.08564144785153,27,16,fitted,HANGING RIDGE GLASS T-LIGHT HOLDER,Lighting & Candles,90
85036B,-1.1280438350181656,0.19676930739275766,4.25,4.697775790690649,43,11,fitted,CHOCOLATE 1 WICK MORRIS BOX CANDLE,Lighting & Candles,90
23223,-3.6793309725315164,0.45854489898578843,0.8801960784313725,35.52115901194205,20,13,fitted,CHRISTMAS TREE HANGING SILVER ,Christmas & Seasonal,90
21017,-2.06621500047043,0.4987653346266535,1.0138461538461538,11.842940776002873,24,14,fitted,RED BIRD HOUSE TREE DECORATION,Home Decor,90
23153,-2.624038639392955,0.2875850391113266,3.75,7.297384025281099,32,11,fitted,ZINC SWEETHEART WIRE LETTER RACK,General Giftware,90
90214J,-1.6950974262848952,,0.85,3.0,50,11,category_fallback_implausible_fit,"LETTER ""J"" BLING KEY RING",Jewellery & Accessories,90
21016,-2.679081547262788,0.4361218428423398,0.85,18.942107749511912,21,12,fitted,LIGHT BIRD HOUSE TREE DECORATION,Lighting & Candles,89
84678,-2.290386634523974,0.6139748493402175,2.55,7.04830805919535,47,16,fitted,CLASSICAL ROSE SMALL VASE,Home Decor,89
84709B,-1.6950974262848952,,5.95,3.297872340425532,47,12,category_fallback_insufficient_price_variation,PINK OVAL JEWELLED MIRROR,Jewellery & Accessories,89
23225,-0.679815121571666,0.01714905524524024,0.8426984126984126,51.690344095957386,19,18,fitted,CHERUB HEART DECORATION SILVER ,Home Decor,89
23391,-4.386698089804596,0.25781212475353366,4.15,24.30303043304712,14,9,fitted, I LOVE LONDON MINI BACKPACK,Bags,89
85169D,-1.894755177967826,0.3579618701944821,1.25,5.85262999682165,55,12,fitted,PINK LOVE BIRD CANDLE,Lighting & Candles,89
84993B,-0.21744578081025842,0.0006243559295217027,0.42,5.993958824513793,46,8,fitted,75 BLACK PETIT FOUR CASES,General Giftware,89
16216,-1.4575885752541748,0.5105249451617233,0.16,20.42050704203903,53,12,fitted,LETTER SHAPE PENCIL SHARPENER,General Giftware,89
21473,-2.3146812720872716,,19.95,3.466666666666667,45,3,category_fallback_insufficient_price_variation,SWEETHEART CREAM STEEL TABLE RECT,General Giftware,89
85127,-0.473576497592922,0.05645314877593477,5.069285714285714,4.622685413077579,52,17,fitted,SMALL SQUARE CUT GLASS CANDLESTICK,Lighting & Candles,89
84997b,-2.4529194956318796,,8.29,10.549019607843137,51,6,category_fallback_implausible_fit,CHILDRENS CUTLERY RETROSPOT RED ,Kitchen & Dining,89
23358,-3.558156114942551,0.3099345943037579,3.75,20.202117062593388,16,11,fitted,HOT STUFF HOT WATER BOTTLE,Bottles & Glassware,89
21628,-1.1282386486756932,0.22489633137680642,22.369999999999997,2.0865940954384468,55,15,fitted,TRIANGULAR POUFFE VINTAGE ,General Giftware,89
23542,-6.799988887251226,0.8568125322846007,8.654095238095238,24.76901011502178,10,10,fitted,WALL ART 70'S ALPHABET ,General Giftware,89
21589,-2.3146812720872716,,2.55,41.44444444444444,27,12,category_fallback_implausible_fit,SWALLOW GIANT TUBE MATCHES,General Giftware,89
84625A,-1.2102178394789103,0.4332788687254626,2.95,4.701324613682379,49,13,fitted,PINK NEW BAROQUECANDLESTICK CANDLE,Lighting & Candles,89
84569C,-2.661715397900051,0.4115672640926066,1.4299999999999997,7.993320499457598,40,13,fitted,PACK 4 FLOWER/BUTTERFLY PATCHES,General Giftware,89
21378,-2.144593541579835,0.5919973882954963,1.65,6.595420389784056,53,19,fitted,SMALL TALL CAMPHOR WOOD TOADSTOOL,General Giftware,89
21415,-2.0218799904705906,0.383759490208477,2.1,4.755942585340157,59,10,fitted,CLAM SHELL SMALL ,General Giftware,88
22053,-2.477753569436888,0.2488771630016231,1.25,8.842679340142796,53,13,fitted,EMPIRE DESIGN ROSETTE,Home Decor,88
47421,-2.3146812720872716,,0.42,28.78846153846154,52,6,category_fallback_implausible_fit,ASSORTED COLOUR LIZARD SUCTION HOOK,General Giftware,88
35958,-4.101292030687785,0.47313712662969665,0.85,33.92234122899607,28,9,fitted,FOLKART ZINC STAR CHRISTMAS DEC,Christmas & Seasonal,88
85060,-3.774128078206793,0.2368090705550948,1.25,29.099393350021852,28,16,fitted,WOOD FAN WITH FLOWER DESIGN,Home Decor,88
20798,-2.3762118303466226,0.5617126084129987,2.4868333333333332,11.336303065473912,42,18,fitted,CLEAR MILKSHAKE GLASS,Bottles & Glassware,88
35972,-0.9979597665616307,0.058445004611803464,1.25,6.596118650624447,41,12,fitted,DAISY FOLKART HEART DECORATION,Home Decor,88
23530,-5.634376844847893,0.7293963192249028,4.356950354609929,93.90743920426598,10,10,fitted,WALL ART ONLY ONE PERSON ,General Giftware,88
23433,-2.3146812720872716,,0.8300000000000001,86.42857142857143,14,9,category_fallback_implausible_fit,HANGING QUILTED PATCHWORK APPLES,General Giftware,88
82494l,-2.375411544782531,,8.29,10.6,40,4,category_fallback_implausible_fit,WOODEN FRAME ANTIQUE WHITE ,Home Decor,88
21540,-0.9554339778655909,0.04329511960593935,4.25,5.101477504831021,35,11,fitted,DAIRY MAID CERAMIC BUTTER DISH,General Giftware,88
85159B,-1.284057716421238,0.6902206566885535,1.95,11.935653009727433,59,7,fitted,"WHITE TEA,COFFEE,SUGAR JARS",General Giftware,87
22832,-1.2684517952386491,0.03878255503201944,10.75,3.4227716658734733,40,9,fitted,BROCANTE SHELF WITH HOOKS,General Giftware,87
85045,-3.8932772419295123,0.03683553455848099,4.95,6.716201150898764,29,11,fitted,GREEN CHRISTMAS TREE STRING 20LIGHT,Christmas & Seasonal,87
23336,-0.3281754890889171,0.0031281891669929784,2.08,5.250580834296376,25,11,fitted,EGG FRYING PAN PINK ,General Giftware,87
85103,-1.6126404687138542,0.1900315181508363,6.75,4.254146393404099,47,15,fitted,SILVER T-LIGHT SETTING,Lighting & Candles,87
71270,-1.2954825784692487,0.1306136515013795,1.25,4.727745709903967,57,9,fitted,PHOTO CLIP LINE,General Giftware,87
21895,-1.6798646432984834,0.10371204207105722,4.25,6.223001829056995,36,11,fitted,POTTING SHED SOW 'N' GROW SET,General Giftware,87
23138,-3.3547268293581043,0.4444429947715889,1.45,15.909428029634364,34,9,fitted,SINGLE WIRE HOOK IVORY HEART,General Giftware,87
21458,-2.307269077474444,0.39059080538800084,1.25,15.556695661032402,30,11,fitted,2 PICTURE BOOK EGGS EASTER BUNNY,Christmas & Seasonal,87
21666,-2.760651441932815,0.46106396866148236,0.65,18.95732446018815,56,12,fitted,RIDGED GLASS T-LIGHT HOLDER,Lighting & Candles,87
20803,-1.7551684586034382,0.6396903287141573,1.65,7.24381800045598,46,15,fitted,SMALL PINK GLASS SUNDAE DISH,Bottles & Glassware,87
23085,-8.117075595724812,0.34793931120011945,10.4,8.175437574126228,21,12,fitted,ANTIQUE SILVER BAUBLE LAMP  ,Lighting & Candles,87
85084,-2.5565447916340402,,0.85,35.8421052631579,19,10,category_fallback_implausible_fit,HOLLY TOP CHRISTMAS STOCKING,Christmas & Seasonal,87
20903,-1.4415253676918214,0.817534782786339,6.35,2.9542782470242637,47,10,fitted,VINTAGE KEEPSAKE BOX TRAVELOGUE,Storage & Boxes,87
85031B,-2.5717902642157298,0.7445956901968525,3.36,3.282915666449552,39,16,fitted,BLOSSOM IMAGES SCRAP BOOK SET,General Giftware,86
84660C,-1.5854548653280902,0.5932414474815676,3.75,2.9271526494933027,45,17,fitted,PINK STITCHED WALL CLOCK,Home Decor,86
90198A,-1.6950974262848952,,4.243333333333333,2.7547169811320753,53,11,category_fallback_insufficient_price_variation,VINTAGE ROSE BEAD BRACELET RASPBERR,Jewellery & Accessories,86
23419,-2.260387361190833,0.175475423213604,2.2372751322751325,28.26880990975111,14,12,fitted,HOME SWEET HOME BOTTLE ,Bottles & Glassware,86
84931B,-1.8326820438369917,0.27470410696385816,2.55,3.609331839883425,52,10,fitted,BLUE SCOTTIE DOG W FLOWER PATTERN,General Giftware,86
37482P,-0.8916569355040654,0.5087409813612243,2.55,7.443449800717467,35,10,fitted,CUBIC MUG PINK POLKADOT,Kitchen & Dining,86
21010,-4.421586540124893,0.6563861399949136,1.25,44.90800407949391,20,6,fitted,ETCHED GLASS BIRD TREE DECORATION,Home Decor,86
84931A,-1.4346201708447368,0.19952894471581684,2.55,3.0652733371195664,51,14,fitted,PINK SCOTTIE DOG W FLOWER PATTERN,General Giftware,86
21293,-1.3455874904461704,0.2146813532616969,2.1,7.403882253144244,45,12,fitted,MIRRORED DOVE WALL DECORATION,Home Decor,86
21027,-1.6930191423912193,0.15548735750385878,1.25,6.434854077287228,41,13,fitted,NINJA RABBIT PINK,General Giftware,86
90214K,-0.4795952366345499,0.025996080806671817,1.25,1.8437859220007766,50,12,fitted,"LETTER ""K"" BLING KEY RING",Jewellery & Accessories,86
90200B,-1.6950974262848952,,4.24,3.381818181818182,55,12,category_fallback_insufficient_price_variation,BLACK SWEETHEART BRACELET,Jewellery & Accessories,86
23452,-3.1122826532529575,0.06020898287956644,1.95,55.323120348591544,9,5,fitted,HEART MINI PORTRAIT FRAME,Home Decor,86
16012,-3.114237677208787,,0.21,58.98,50,3,category_fallback_insufficient_price_variation,FOOD/DRINK SPONGE STICKERS,Cards & Stationery,86
23315,-2.1248753028158043,0.20972384530015986,9.95,7.053147889983488,25,11,fitted,IVORY REFECTORY CLOCK,Home Decor,86
21654,-1.086069679859153,0.3293608386739443,1.45,6.869538076683637,46,20,fitted,RIDGED GLASS FINGER BOWL,Kitchen & Dining,86
22538,-3.9024130249366173,0.4207885138407852,0.42,18.04317055610523,54,12,fitted,MINI JIGSAW GO TO THE FAIR,General Giftware,86
48195,-1.2475963062624775,0.050807094088661464,7.49,4.991726479640568,24,12,fitted,DOOR MAT GREEN PAISLEY ,General Giftware,86
21839,-3.114237677208787,,5.45,5.315789473684211,38,5,category_fallback_insufficient_price_variation,MUMMY MOUSE RED GINGHAM RIBBON,Cards & Stationery,85
20776,-0.7026819355414687,0.014128741538147804,1.65,4.4527933172990455,29,9,fitted,ABSTRACT CIRCLES NOTEBOOK,Cards & Stationery,85
20893,-2.5816789630951407,0.1884739464422972,2.55,5.786923350788322,47,15,fitted,HANGING BAUBLE T-LIGHT HOLDER SMALL,Lighting & Candles,85
85018D,-3.2767771867418305,0.6835865258702056,2.55,5.070420920137776,22,10,fitted,YULETIDE IMAGES S/6 PAPER BOXES,General Giftware,85
85170A,-2.6058740499667103,0.3662042252268597,2.1,9.55168614171171,43,18,fitted,SET/6 IVORY BIRD T-LIGHT CANDLES,Lighting & Candles,85
47422,-2.4529194956318796,,0.42,24.857142857142858,49,7,category_fallback_implausible_fit,ASSORTED MONKEY SUCTION CUP HOOK,Kitchen & Dining,85
21283,-2.5366297523177703,0.2723033913039412,3.25,8.328440900676405,42,13,fitted,NATURAL BARK CANDLE SMALL,Lighting & Candles,85
23066,-2.6476245102523794,0.1442971889931347,8.25,7.370818115272041,24,8,fitted,SMALL DECO JEWELLERY STAND,Jewellery & Accessories,85
23067,-1.9101168360975294,0.022768299673755488,4.15,6.6400225478340715,31,7,fitted,HANGING ENGRAVED METAL HEART,General Giftware,85
85118,-2.069181525163951,0.6656010279605715,0.6534285714285716,31.603443414886172,39,16,fitted,HEART T-LIGHT HOLDER,Lighting & Candles,85
84997d,-2.4529194956318796,,8.29,8.27659574468085,47,7,category_fallback_implausible_fit,CHILDRENS CUTLERY POLKADOT PINK,Kitchen & Dining,85
35471A,-1.8172133401207735,0.24446342453276426,1.289375,7.275814994717951,32,11,fitted,SET OF 3 BIRD L.BLUE FEATHER,General Giftware,85
84313B,-0.4975483074109068,0.09257769213521905,4.25,3.7350351874440864,40,15,fitted,BLUE TV TRAY TABLE ,General Giftware,85
22390,-1.8706742423672178,0.49957623157114484,2.55,7.0287153752820615,50,14,fitted,PAPERWEIGHT CHILDHOOD MEMORIES,General Giftware,85
16008,-2.0608250955240064,0.2783297209213682,0.12000000000000001,61.67558582493953,42,3,fitted,SMALL FOLDING SCISSOR(POINTED EDGE),General Giftware,85
22647,-2.0582131954562666,0.5806978696391771,1.45,7.381622891798751,45,17,fitted,CERAMIC LOVE HEART MONEY BANK,General Giftware,85
21476,-2.3146812720872716,,14.95,3.317073170731707,41,5,category_fallback_implausible_fit,STEEL SWEETHEART ROUND TABLE CREAM,General Giftware,85
23183,-0.23731514599033238,0.0031508844488218335,3.75,5.269650438983076,31,11,fitted,MOTHER'S KITCHEN SPOON REST ,Kitchen & Dining,84
21323,-2.791760941723422,0.2695766319772587,4.633636363636364,8.644091651071555,27,18,fitted,HANGING MEDINA LANTERN LARGE,Lighting & Candles,84
22808,-1.3989008632069757,0.12792868221921472,2.9500000000000006,11.184981434454592,28,14,fitted,SET OF 6 T-LIGHTS EASTER CHICKS,Christmas & Seasonal,84
20757,-3.507156552223067,0.24463764162488366,0.85,5.645643548013531,40,7,fitted,RED DAISY POCKET BOOK ,General Giftware,84
37464,-2.329952956515042,0.3314317927189864,1.41875,6.346020833765058,34,16,fitted,ROBOT MUG IN DISPLAY BOX,Kitchen & Dining,84
20950,-0.7401770565611806,0.10558977566387229,0.42000000000000004,21.007618372352006,24,8,fitted,SET/6  ANGEL T-LIGHTS WHITE/GOLD,Lighting & Candles,84
21722,-1.747389881869824,0.23926139476154606,0.85,5.579811793063931,51,15,fitted,SWEET PUDDING STICKER SHEET,Cards & Stationery,84
21025,-1.967160670933327,0.3312576903763208,1.25,7.327650285162256,36,15,fitted,SPACE FROG,General Giftware,84
22782,-3.1121804097475314,0.7514572294229699,24.95,1.7479153284193503,39,8,fitted,SET 3 WICKER STORAGE BASKETS ,Storage & Boxes,84
23566,-4.024894278692986,0.7910320478506132,1.4384216101694913,81.98631509157046,8,8,fitted,EGG CUP MILKMAID HEIDI,Kitchen & Dining,84
85226C,-2.3146812720872716,,0.55,14.6,35,7,category_fallback_implausible_fit,BLUE PULL BACK RACING CAR,General Giftware,84
35811A,-2.44433591379558,0.6782983239086975,2.5144642857142863,5.754787644154796,36,17,fitted,ENAMEL PINK SUGAR CONTAINER,General Giftware,84
23470,-1.6009626307966527,0.02643952079310341,6.25,15.774314088877718,11,6,fitted,CARD HOLDER LOVE BIRD LARGE ,Cards & Stationery,84
51008,-2.3146812720872716,,3.45,69.8780487804878,41,8,category_fallback_implausible_fit,AFGHAN SLIPPER SOCK PAIR,General Giftware,84
23545,-2.3146812720872716,,0.42,108.57142857142857,21,1,category_fallback_insufficient_price_variation,WRAP RED VINTAGE DOILY,General Giftware,84
71279,-1.3736490251772193,0.25692604836526733,2.9500000000000006,5.338023683756473,53,15,fitted,PINK GLASS CANDLEHOLDER,Lighting & Candles,84
22447,-2.065082313023721,0.4019684215090167,3.35,4.500699740114608,44,11,fitted,PIN CUSHION BABUSHKA BLUE,Home Decor,84
84569B,-2.651802187208236,0.25736814813826414,1.25,7.848322061494895,41,8,fitted,PACK 3 FIRE ENGINE/CAR PATCHES,General Giftware,84
21678,-2.5556900432346485,0.6374047983367865,0.85,7.947734296252619,54,19,fitted,PAISLEY PATTERN  STICKERS,Cards & Stationery,84
21545,-3.2415477085930986,0.4298867046997401,2.9500000000000006,9.422988437687152,30,17,fitted,CERAMIC BIRDHOUSE BUTTERFLY SMALL,Garden & Outdoor,83
23485,-9.627171170755252,0.4003409067763388,23.973333333333333,16.356183779084272,8,8,fitted,BOTANICAL GARDENS WALL CLOCK ,Home Decor,83
79323GR,-7.867424069907855,0.32699625132543475,6.75,9.741595876947896,19,13,fitted,GREEN CHERRY LIGHTS,Lighting & Candles,83
85159A,-1.1424412379613467,0.7223705081722105,1.95,11.271560820801813,53,10,fitted,"BLACK TEA,COFFEE,SUGAR JARS",General Giftware,83
20997,-0.4727640156982135,0.011825425862501238,4.527142857142858,2.9924569963442984,43,12,fitted,ROSE DU SUD CUSHION COVER ,Home Decor,83
84795D,-2.1296021820660016,0.1408082857621542,7.95,6.475228096715039,22,9,fitted,SEASIDE STRIPE HAMMOCK,General Giftware,83
37413,-0.47417929243487217,0.012022250286739422,0.39,10.423478311241421,35,4,fitted,ICON MUG REVOLUTIONARY,Kitchen & Dining,83
20830,-0.44575263863521736,0.024010686671487202,2.204258823529412,4.427967962667599,54,15,fitted,SILVER PHOTO FRAME,Home Decor,83
23401,-5.639819703586493,0.49590803793080207,6.25,13.52690408209926,14,9,fitted,RUSTIC MIRROR WITH LACE HEART,Home Decor,83
23536,-6.653411763396586,0.4043318110211105,6.215825000000001,28.499104665791148,10,9,fitted,WALL ART VILLAGE SHOW ,General Giftware,83
20760,-2.2366473473461657,,0.85,29.38095238095238,42,6,category_fallback_implausible_fit,GARDEN PATH POCKET BOOK,Garden & Outdoor,83
22707,-2.3146812720872716,,0.42,39.94444444444444,54,1,category_fallback_insufficient_price_variation,WRAP MONSTER FUN ,General Giftware,83
22903,-1.4681252102037918,0.04345149387792935,2.95,5.672867666952596,38,16,fitted,CALENDAR FAMILY FAVOURITES,General Giftware,83
23317,-2.306815229588171,0.15246066343864317,9.95,6.374770095504163,25,11,fitted,BLUE REFECTORY CLOCK ,Home Decor,83
21691,-0.9825796075593123,0.02207035917417932,3.75,5.604409133443183,35,5,fitted,SILVER VANILLA FLOWER CANDLE POT,Lighting & Candles,83
21261,-1.1830743973371607,0.23355745277586526,3.617142857142858,5.920240562455103,37,12,fitted,GREEN GOOSE FEATHER CHRISTMAS TREE ,Christmas & Seasonal,83
85130B,-1.845587952032246,0.5045144817725356,1.6499999999999997,5.45916499284083,51,13,fitted,BEADED CRYSTAL HEART GREEN LARGE,General Giftware,83
23075,-2.164388980484444,0.10872557735463062,4.15,10.809582567551951,31,5,fitted,PARLOUR CERAMIC WALL HOOK,General Giftware,82
21825,-2.056174189717859,0.03465984771781028,1.45,15.762928858213389,21,5,fitted,PAINTED METAL TREE WITH HOLLY BELLS,General Giftware,82
62096B,-0.6629437152781197,0.05379724724697177,1.8383653846153845,4.967310766598836,32,16,fitted,PURPLE/TURQ FLOWERS HANDBAG,Bags,82
23249,-2.4529194956318796,,1.6499999999999997,32.84615384615385,26,9,category_fallback_implausible_fit,VINTAGE RED ENAMEL TRIM PLATE,Kitchen & Dining,82
21247,-1.6141559874877787,0.057013977925776116,1.49,7.430070952303796,37,16,fitted,SET OF RED SALAD SERVERS ,General Giftware,82
20932,-1.921096082165814,0.40454808647970464,3.75,3.967101710582098,56,14,fitted,PINK POT PLANT CANDLE,Lighting & Candles,82
85141,-1.0614763847102955,0.2438196468720204,10.75,2.151133390483849,42,5,fitted,JARDIN ETCHED GLASS FRUITBOWL,Kitchen & Dining,82
40018E,-2.0141112549248703,0.1682631457953645,2.306842105263158,10.236236100888833,23,15,fitted,TEA TIME PAPER LANTERNS,Lighting & Candles,82
22106,-2.035800642574669,0.3476836793734219,5.308333333333334,3.5258269817290064,50,13,fitted,MIRROR MOSAIC HURRICANE LAMP ,Lighting & Candles,82
23381,-8.874705041989737,0.7370824546499675,0.39457398231808016,86.32371928038242,14,10,fitted,PACK OF 12 VINTAGE LEAF TISSUES ,General Giftware,82
90013B,-7.2511155530240945,0.14457730260172408,4.24,1.4166863447434597,53,9,fitted,BLACK VINTAGE EARRINGS,Jewellery & Accessories,82
75013B,-0.7912945387224628,0.037944115131746003,1.65,6.789377403771147,39,14,fitted,"STRING OF 8 BUTTERFLIES,PINK",Jewellery & Accessories,82
72800C,-2.240296605925184,0.6135327304630368,2.55,4.125574042926025,49,13,fitted,4 PINK DINNER CANDLE SILVER FLOCK,Lighting & Candles,82
23181,-1.0235377854438574,0.07162764190883097,8.25,4.618675829242864,35,8,fitted,BULL DOG BOTTLE TOP WALL CLOCK,Home Decor,82
85129A,-2.5527882083709756,0.1498507492186525,1.25,8.271671508107495,34,9,fitted,"WHITE PEARL BEADED HEART, SMALL",General Giftware,81
84997a,-2.4529194956318796,,8.29,3.9555555555555557,45,3,category_fallback_implausible_fit,CHILDRENS CUTLERY POLKADOT GREEN ,Kitchen & Dining,81
84688,-2.2598080995401753,0.5904367858015491,4.852857142857142,4.064012916332881,45,15,fitted,BEACH HUT DESIGN BLACKBOARD,Home Decor,81
20769,-2.345334022253949,0.31823080885375,2.55,3.756070988387223,46,13,fitted,DAISY JOURNAL ,General Giftware,81
20831,-1.5469101967230021,0.3471784649677767,2.1,6.462102142341458,53,13,fitted,GOLD PHOTO FRAME,Home Decor,81
84856L,-2.266253493367135,0.3872728566509154,6.1057894736842115,5.3914638470636485,36,12,fitted,LARGE TAHITI BEACH BAG,Bags,81
37476,-0.8385788342974171,0.06761877668994487,9.95,2.3968763541040654,45,17,fitted,CONDIMENT TRAY 4 BOWLS AND 4 SPOONS,Kitchen & Dining,81
20857,-2.3146812720872716,,1.65,6.142857142857143,42,3,category_fallback_insufficient_price_variation,BLUE ROSE PATCH PURSE PINK BUTTERFL,General Giftware,81
84467,-5.073430807270959,0.7385020381620828,39.95,1.7602423914431924,17,8,fitted,ENGLISH ROSE DESIGN QUILTED THROW,Home Decor,81
85213,-1.6097025620470011,0.4012912218781264,0.85,11.454710896293468,46,15,fitted,MINI  ZINC GARDEN DECORATIONS ,Home Decor,81
84562A,-1.4728778071906488,0.19356904640479722,7.95,3.3071267870950822,42,10,fitted,PINK/WHITE RIBBED MELAMINE JUG,General Giftware,81
21366,-1.2082135781223278,0.2215228267001993,7.15125,1.9618802836608236,48,12,fitted,MIRRORED WALL ART PHOTO FRAMES,Home Decor,81
35915C,-2.4752471456665246,0.5978632239871933,1.6499999999999997,6.166931979193208,29,14,fitted,PEACH KNITTED HEN ,General Giftware,81
21681,-7.555929533275681,0.14801273600079845,9.95,3.6598137545884706,38,6,fitted,GIANT MEDINA STAMPED METAL BOWL ,Kitchen & Dining,81
21758,-0.8115226001754661,0.1545271627148609,7.524857142857144,2.1551924177853046,54,9,fitted,VINTAGE SHELLS PRINT,General Giftware,81
85111,-1.3064480976435493,0.4852655659390793,0.29,39.259461681658905,44,9,fitted,SILVER GLITTER FLOWER VOTIVE HOLDER,General Giftware,81
21652,-0.6533564650075159,0.015147001922871883,1.95,27.167470713264155,29,11,fitted,GLASS ETCHED T-LIGHT HOLDER MEDIUM,Lighting & Candles,81
20653,-1.5061714079783808,0.3544625627536756,1.25,3.4398675308815867,45,11,fitted,CHERRY BLOSSOM LUGGAGE TAG,General Giftware,81
22290,-2.3146812720872716,,2.1,27.642857142857142,14,7,category_fallback_implausible_fit,STANDING METAL RABBIT WITH EGG,General Giftware,80
20704,-1.6535572878603668,0.6238868525981268,6.95,2.655321739704611,47,13,fitted,MR ROBOT SOFT TOY,Toys & Games,80
79341,-3.939390865466555,0.4367446520613566,6.9715384615384615,15.672075492372546,19,14,fitted,WILLOW BRANCH LIGHTS.,Lighting & Candles,80
20936,-2.0170572885409817,0.4085644198513526,2.9500000000000006,4.308475055954781,53,12,fitted,FORKED CACTUS CANDLE,Lighting & Candles,80
47578A,-2.15012981574116,0.3222188882705289,0.85,5.780702640260887,48,8,fitted,ENGLISH ROSE SMALL SCENTED FLOWER,General Giftware,80
90161B,-1.6950974262848952,,4.98,2.980392156862745,51,16,category_fallback_insufficient_price_variation,ANT COPPER TURQ BOUDICCA BRACELET,Jewellery & Accessories,80
23418,-5.329263755967911,0.31702395912677905,2.1593154761904763,31.639815673613057,14,12,fitted,LAVENDER TOILETTE BOTTLE,Bottles & Glassware,80
22054,-3.3333814695777613,0.4469005984265332,1.876,18.259490073787585,14,12,fitted,MINI CAKE STAND HANGING HEARTS,General Giftware,80
23359,-1.8954019838302405,0.019056525936250512,1.9499999999999997,38.93674952791177,19,10,fitted,SET OF 12 T-LIGHTS VINTAGE DOILY,Lighting & Candles,80
21365,-0.9439146623795376,0.3408045718624497,2.95,3.5546708479231546,46,16,fitted,MIRRORED WALL ART STARS,Home Decor,80
84817,-1.8060689538509043,0.5337517028867105,2.1,4.771789228694572,49,9,fitted,DANISH ROSE DECORATIVE PLATE,Kitchen & Dining,80
84986B,-0.6301222722039652,0.005675893452906755,1.45,9.253439868309652,30,7,fitted,SET OF 36 SILVER PAPER DOILIES,General Giftware,80
84997c,-2.4529194956318796,,8.29,7.739130434782608,46,8,category_fallback_insufficient_price_variation,CHILDRENS CUTLERY POLKADOT BLUE,Kitchen & Dining,80
23088,-2.9750439846916152,0.4807097979584678,1.2935416666666666,26.54751716291559,26,14,fitted,ZINC HEART FLOWER T-LIGHT HOLDER,Lighting & Candles,79
17096,-4.926090271032489,0.7725054986848593,0.2414285714285714,28.445776778146715,53,16,fitted,ASSORTED LAQUERED INCENSE HOLDERS,General Giftware,79
84508B,-1.027328832876468,0.05655506267639521,2.55,2.409099909579908,56,4,fitted,STRIPES DESIGN TEDDY,Home Decor,79
21317,-1.2750693082041888,0.2907591706656808,5.45,3.785643435877472,52,9,fitted,GLASS SPHERE CANDLE STAND MEDIUM,Lighting & Candles,79
46776E,-2.0536334799630223,0.27021678229599977,4.21,2.2677054361013442,44,9,fitted,WOVEN CANDY CUSHION COVER ,Home Decor,79
90013A,-1.6950974262848952,,3.81,2.2264150943396226,53,11,category_fallback_insufficient_price_variation,MIDNIGHT BLUE VINTAGE EARRINGS,Jewellery & Accessories,79
85088,-1.9128263309701479,0.24035885036508298,2.1,4.48503181279108,49,14,fitted,CANDY SPOT HAND BAG,Bags,79
23491,-2.3146812720872716,,8.25,28.5,8,3,category_fallback_insufficient_price_variation,VINTAGE JINGLE BELLS HEART,General Giftware,79
18007,-3.5699656961184707,0.6209027617809537,0.18,28.363655294632306,43,16,fitted,ESSENTIAL BALM 3.5g TIN IN ENVELOPE,Cards & Stationery,79
85211,-1.1659693346388067,0.20341968725945003,1.65,3.7980258522507406,47,14,fitted,S/4 GROOVY CAT MAGNETS,General Giftware,79
21795,-2.5827688984064956,,12.75,3.9310344827586206,29,4,category_fallback_implausible_fit,SET OF 3 BLUE STRIPE BASKET,Storage & Boxes,79
23094,-1.6595881494193039,0.05733486318833192,12.5,3.7143765254754633,29,3,fitted,LE GRAND TRAY CHIC SET,General Giftware,79
85197,-2.3146812720872716,,2.1,12.185185185185185,27,4,category_fallback_implausible_fit,SET OF 12 MINI BUNNIES IN A BUCKET,General Giftware,78
22638,-1.8060571483480932,0.4628091899876462,2.55,5.796247207959096,35,14,fitted,SET OF 4 NAPKIN CHARMS CROWNS ,General Giftware,78
21173,-2.375411544782531,,1.8206666666666664,22.0,15,11,category_fallback_implausible_fit,LOO ROLL  METAL SIGN ,Home Decor,78
47589,-2.3146812720872716,,5.45,5.411764705882353,34,3,category_fallback_implausible_fit,CONGRATULATIONS BUNTING,General Giftware,78
23444,-2.3146812720872716,,15.0,3.12,25,1,category_fallback_insufficient_price_variation,Next Day Carriage,General Giftware,78
84750B,-0.7634832230005596,0.147212429491412,1.95,9.021013367710763,40,17,fitted,BLACK SMALL GLASS CAKE STAND,Bottles & Glassware,78
21359,-1.105914209732714,0.40008105565604457,15.95,2.036360666155694,48,10,fitted,RELAX LARGE WOOD LETTERS,General Giftware,78
22289,-2.468471944315376,0.21758916788535565,1.25,7.253945450519992,40,10,fitted,"DECORATION , HANGING METAL CHICKEN",Home Decor,78
35969,-1.7820384596606378,0.5671468512408288,1.6514829192546578,6.274941663326223,32,18,fitted,FOLKART CROWN TABLE DECORATIONS,Home Decor,78
84625C,-1.348797660302826,0.39732021739438106,1.620344827586207,9.995973204575645,41,17,fitted,BLUE NEW BAROQUE CANDLESTICK CANDLE,Lighting & Candles,78
47502,-3.569218066747333,0.4299383500097277,11.569166666666668,11.366478659649177,30,19,fitted,POLKADOT CUTLERY 24 PCS IN TRAY,Kitchen & Dining,78
21396,-1.633341839381508,0.09209578165780319,1.25,41.4115709922388,18,12,fitted,RED SPOTTY EGG CUP ,Kitchen & Dining,78
85107,-1.8291174225614948,0.28211505023614236,2.55,10.110828606418046,43,12,fitted,CUT GLASS T-LIGHT HOLDER OCTAGON,Lighting & Candles,78
21665,-3.39528150352172,0.7450413801920213,0.7942857142857144,29.95105701855758,21,18,fitted,TRIANGULAR RIDGED GLASS POSY HOLDER,Bottles & Glassware,78
35004G,-1.9202154437601568,0.5448640115032753,6.35,2.781813092530757,50,15,fitted,SET OF 3 GOLD FLYING DUCKS,General Giftware,78
23431,-2.3467065308267476,0.10677616084143005,0.83,62.885186499697014,15,10,fitted,NATURAL HANGING QUILTED HEARTS ,General Giftware,77
23412,-5.947875590804077,0.4439322708369874,7.4676219512195114,28.531299183945332,6,5,fitted,HEART MIRROR ANTIQUE WHITE,Home Decor,77
23398,-2.412600433177562,0.2841738924392254,0.8680882352941176,35.776894341097325,15,11,fitted,HANGING HEART BONHEUR,General Giftware,77
20976,-2.4873795080881576,0.19085830752425792,0.65,11.149882879615989,34,12,fitted,12 PENCILS SMALL TUBE POSY,General Giftware,77
23160,-3.357014242989792,0.44934656603793355,1.25,44.83829074056594,27,12,fitted,REGENCY TEA SPOON,General Giftware,77
84901,-4.343527827601888,0.06895651161624827,3.75,3.080691172320573,35,9,fitted,BLACK FACE LAMB WITH PANTS,General Giftware,77
22709,-9.791930920222686,0.6396690734543715,0.42,34.688365570783965,50,4,fitted,WRAP WEDDING DAY,General Giftware,77
47570,-2.0459428780931637,0.15045170476874337,10.650000000000002,7.479440189316098,21,12,fitted,ENGLISH ROSE TABLE CLOTH,General Giftware,77
35968,-0.9754588473943647,0.21145093967261208,0.38000000000000006,12.343273793675866,45,14,fitted,FOLK ART METAL HEART T-LIGHT HOLDER,Lighting & Candles,77
85188B,-4.2883239946549185,0.4650931742774077,0.859642857142857,29.091680146067077,21,13,fitted,PINK METAL SWINGING BUNNY,General Giftware,77
22934,-4.76721041260573,0.28994424680090514,2.95,12.131862296866762,25,11,fitted,BAKING MOULD EASTER EGG WHITE CHOC,Christmas & Seasonal,77
23339,-2.3146812720872716,,2.08,7.954545454545454,22,8,category_fallback_implausible_fit,EGG FRYING PAN BLUE ,General Giftware,77
10120,-2.3545309281832996,0.17388897377794654,0.21,9.854065712412437,42,5,fitted,DOGGY RUBBER,General Giftware,77
23432,-0.9582721118728207,0.009099093653735402,0.83,63.3404112931193,15,6,fitted,PRETTY HANGING QUILTED HEARTS,General Giftware,76
90071,-1.6950974262848952,,1.26,1.84,50,6,category_fallback_insufficient_price_variation,RUBY GLASS CLUSTER EARRINGS,Jewellery & Accessories,76
46776D,-2.375411544782531,,4.21,3.642857142857143,42,9,category_fallback_implausible_fit,WOVEN SUNSET CUSHION COVER ,Home Decor,76
20934,-1.3808571181017266,0.133707588831668,5.45,4.094223822920128,38,16,fitted,SET/3 POT PLANT CANDLES,Lighting & Candles,76
47503J,-1.8975486420153254,0.2615702763673222,7.950000000000001,6.780692538528516,37,18,fitted,SET/3 FLORAL GARDEN TOOLS IN BAG,Bags,76
23483,-1.9544928776884587,0.37758277441333177,1.186842105263158,140.24760114178,10,10,fitted,HANGING  BUTTERFLY T-LIGHT HOLDER,Lighting & Candles,76
22407,-1.9426419958835268,0.1744908059267244,1.25,4.348906373716089,48,9,fitted,MONEY BOX FIRST ADE DESIGN,Home Decor,76
85144,-1.9748685604492282,0.6921360679470465,7.25,2.418899858461439,36,6,fitted,JARDIN ETCHED GLASS CHEESE DISH,Bottles & Glassware,76
90161D,-1.6950974262848952,,4.98,2.978723404255319,47,12,category_fallback_insufficient_price_variation,ANT COPPER PINK BOUDICCA BRACELET,Jewellery & Accessories,76
21307,-1.6323149102289927,0.5220194867174642,2.1,4.147590890868523,37,13,fitted,SET/4 BUTTERFLY MIRROR MAGNETS,Home Decor,76
84466,-3.257502534816697,0.15817904634932733,1.25,13.523940209739308,25,10,fitted,TOP SECRET PEN SET,Cards & Stationery,76
22259,-2.5964745442156536,0.5379624513425914,1.25,7.768382820349883,26,13,fitted,FELT FARM ANIMAL HEN,General Giftware,76
90129A,-2.4405677367344385,,1.66,3.627906976744186,43,10,category_fallback_implausible_fit,PINK GLASS TASSLE BAG CHARM ,Bags,76
23222,-2.5565447916340402,,0.862,38.529411764705884,17,13,category_fallback_implausible_fit,CHRISTMAS TREE HANGING GOLD,Christmas & Seasonal,76
84686,-1.6583270813771773,0.5308582114761671,5.7973333333333334,2.525412856241752,38,13,fitted,BEACH HUT MIRROR,Home Decor,76
20897,-0.6724833663258444,0.04997701188487702,2.95,3.4450699976141435,44,13,fitted,VINTAGE NOTEBOOK PARIS DAYS,Cards & Stationery,76
23326,-1.478444008550331,0.044770580823574546,0.6584758364312269,118.54747503947574,17,13,fitted,HANGING MINI COLOURED BOTTLES,Bottles & Glassware,76
84199,-0.8593061351357653,0.013271361664492276,0.21,7.973409382455847,39,7,fitted,GLOW IN DARK DOLPHINS,General Giftware,76
21412,-0.632577081999489,0.23953422235037103,0.49288461538461537,12.344824647592766,20,9,fitted,VINTAGE GOLD TINSEL REEL,General Giftware,76
16207A,-1.7069535708396149,0.0726969419228004,3.018333333333333,2.89805503401853,39,13,fitted,PINK STRAWBERRY HANDBAG ,Bags,76
23379,-2.9036333983490654,0.34601545788367705,0.40654135338345865,54.65425464338005,14,12,fitted,PACK OF 12 RED APPLE TISSUES,General Giftware,76
23020,-6.562407691047242,0.13127595203552744,12.5,4.665789654854794,26,10,fitted,GLASS  SONGBIRD STORAGE JAR,Storage & Boxes,76
22512,-1.4317628591318896,0.3757922684561851,3.75,3.589722101213317,41,15,fitted,DOORSTOP RACING CAR DESIGN,Home Decor,75
16045,-1.4640811031759755,0.3747333556888617,0.04,250.41402964953085,36,2,fitted,POPART WOODEN PENCILS ASST,General Giftware,75
85131C,-1.498055694076425,0.17740758888518804,0.83,4.466737398589069,49,11,fitted,BEADED CRYSTAL HEART BLUE ON STICK,General Giftware,75
23564,-2.850503914491796,0.21359243631389468,1.3522535211267606,50.3586909569845,9,9,fitted,EGG CUP MILKMAID INGRID,Kitchen & Dining,75
84821,-1.7272716437291538,0.4956606175346029,0.85,11.649298170914832,51,6,fitted,DANISH ROSE DELUXE COASTER,General Giftware,75
84584,-1.9721809579018017,0.238605687679196,2.55,4.506714746600072,46,9,fitted,PINK GINGHAM CAT WITH SCARF,General Giftware,75
23033,-2.1035634585927063,0.2244999900716672,1.45,20.361997666412098,25,14,fitted,DRAWER KNOB CERAMIC RED,General Giftware,75
20763,-2.312699641597698,0.44746754712940795,3.75,2.3278879768100698,47,10,fitted,DAISY SKETCHBOOK ,General Giftware,75
46118,-0.8862951454762446,0.4495627644236424,1.3966666666666665,6.3407028947252035,43,19,fitted,FUNKY MONKEY CUSHION COVER,Home Decor,74
23187,-1.1278398098444127,0.24844214196350367,0.29,93.519120869252,21,3,fitted,FRENCH STYLE STORAGE JAR BONBONS,Storage & Boxes,74
22932,-4.776278626532695,0.24151783556210282,2.55,7.502092005643661,38,11,fitted,BAKING MOULD TOFFEE CUP CHOCOLATE,Kitchen & Dining,74
84509a,-2.3146812720872716,,7.46,2.9210526315789473,38,3,category_fallback_insufficient_price_variation,SET OF 4 ENGLISH ROSE PLACEMATS,General Giftware,74
47591d,-2.4529194956318796,,4.96,7.25,40,3,category_fallback_insufficient_price_variation,PINK FAIRY CAKE CHILDRENS APRON,Kitchen & Dining,74
20738,-3.7311826078141817,0.2917727919576216,0.85,21.471266474495618,37,14,fitted,GREEN MINI TAPE MEASURE ,General Giftware,74
23514,-5.183662627781607,0.26547296152811595,2.1245652173913046,32.942624712388344,11,9,fitted,EMBROIDERED RIBBON REEL SALLY ,Cards & Stationery,74
84687,-1.7585819511726906,0.5114899297275379,5.95,2.88021727311106,47,17,fitted,BEACH HUT SHELF W 3 DRAWERS,General Giftware,74
90170,-2.3146812720872716,,1.65,3.4318181818181817,44,7,category_fallback_insufficient_price_variation,DAISY HAIR BAND,General Giftware,74
21562,-1.3686554089050105,0.16319923685663618,1.25,9.736096013469508,51,10,fitted,HAWAIIAN GRASS SKIRT ,General Giftware,74
85179A,-1.114879457992312,0.3675194850432072,3.594782608695652,4.019866049678761,26,14,fitted,GREEN BITTY LIGHT CHAIN,Lighting & Candles,74
35647,-2.7407364518790036,0.41168702220405406,1.502,6.657257160476136,35,8,fitted,VINTAGE BEAD PINK SHADE ,General Giftware,74
23405,-2.318070370396386,0.36530122587390845,4.95,18.894630851032264,14,10,fitted,HOME SWEET HOME 2 DRAWER CABINET,General Giftware,73
23107,-1.7298438940706466,0.18666954483904608,2.89,8.246329507489067,27,11,fitted,WHITE HEARTS WIRE PLANT POT HOLDER,Garden & Outdoor,73
22103,-1.980970594386774,0.28472698045378453,1.6499999999999997,10.577662367768012,51,14,fitted,MIRROR MOSAIC T-LIGHT HOLDER ROUND,Lighting & Candles,73
22143,-2.3522375251181034,0.23474776933297348,2.1,9.698611052831113,26,12,fitted,CHRISTMAS CRAFT HEART DECORATIONS,Christmas & Seasonal,73
90214C,-0.6379999807957689,0.028955913987462667,1.05,2.2560602400955103,42,11,fitted,"LETTER ""C"" BLING KEY RING",Jewellery & Accessories,73
47021G,-1.2016207086322053,0.45176820528881645,1.25,5.897727288538643,42,13,fitted,SET/6 BEAD COASTERS GAUZE BAG GOLD,Bags,73
23486,-3.503967090107684,0.2996552502930083,16.8956,15.122621516282047,8,8,fitted,ANTIQUE HEART SHELF UNIT,General Giftware,73
35981C,-0.860540765162475,0.14838025503072438,0.38000000000000006,15.075952819977708,21,7,fitted,WHITE SNOW SCANDINAVIAN STOCKING ,General Giftware,73
72127,-2.731061169469339,0.07622340207034262,1.25,4.4478873579546745,44,8,fitted,COLUMBIAN CANDLE ROUND ,Lighting & Candles,73
20731,-2.553521394202572,0.36882276908361733,1.25,4.61089573097359,42,13,fitted,POSY CANDY BAG,Bags,73
21694,-3.2512341928216446,0.3769687058614709,2.9500000000000006,8.536257413890077,47,9,fitted,SMALL REGAL  SILVER CANDLEPOT ,Lighting & Candles,73
21711,-1.3918918920691,0.12647729148367381,4.95,3.185939830568473,48,14,fitted,FOLDING UMBRELLA WHITE/RED POLKADOT,General Giftware,73
21633,-1.4443152619300816,0.5372540656761331,12.75,2.3994282279162795,43,12,fitted,SUNFLOWER DECORATIVE PARASOL,General Giftware,73
82011C,-0.3879703542810839,0.029120473851704465,3.75,2.467290220503833,43,10,fitted,BATHROOM SCALES FOOTPRINTS IN SAND,Bath & Body,73
20943,-2.495183606820661,0.26748022924228587,1.25,16.862411136380757,21,9,fitted,SET/6 GINGERBREAD STAR T-LIGHTS,Lighting & Candles,73
21550,-1.9179823991426237,0.3098109105873933,5.95,6.985362993757032,22,9,fitted,CERAMIC BIRDHOUSE CRESTED TIT LARGE,Garden & Outdoor,72
84507C,-2.532970812936197,0.6262254607867013,2.55,2.8345506107539302,51,8,fitted,BLUE CIRCLES DESIGN MONKEY DOLL,Home Decor,72
21664,-2.5827688984064956,,3.75,5.760869565217392,46,9,category_fallback_implausible_fit,RIDGED GLASS STORAGE JAR CREAM LID,Storage & Boxes,72
23469,-5.777220560567436,0.505234320481142,4.322500000000001,22.31292050997102,11,10,fitted,CARD HOLDER LOVE BIRD SMALL,Cards & Stationery,72
37475,-0.7552221881817962,0.05867094398512407,9.95,1.9263624216777122,47,14,fitted,SET/4 COLOURFUL MIXING BOWLS,Kitchen & Dining,72
21847,-2.1305427205001806,0.621610098260597,4.21,1.7486149611947994,39,16,fitted,GREEN  DIAMANTE PEN IN GIFT BOX,Cards & Stationery,72
85230B,-2.8413831638634557,0.1393679700832361,0.29,30.35320559515586,46,7,fitted,CINNAMON SCENTED VOTIVE CANDLE,Lighting & Candles,72
21306,-1.0889684782610862,0.5352063136822818,2.1,2.235761756245384,45,11,fitted,SET/4 DAISY MIRROR MAGNETS,Home Decor,72
84313C,-1.1538724392690325,0.19787278645681816,4.25,2.8685980001556044,43,10,fitted,ORANGE TV TRAY TABLE ,General Giftware,72
85014C,-4.000129974618633,0.3922834804650581,5.95,5.438462967331202,21,6,fitted,BLUE/BROWN DOTS RUFFLED UMBRELLA,General Giftware,72
84795A,-1.1153349007363347,0.0336606356954845,7.95,6.019012881981495,22,12,fitted,PASTEL STRIPE HAMMOCK ,General Giftware,72
37422,-0.9445851665499677,0.10864219756073867,1.3136363636363635,6.617420900176119,23,11,fitted,WHITE WITH BLACK CATS BOWL,Kitchen & Dining,72
17084P,-4.0147826873220644,0.7733587801619917,0.34753521126760567,4.549271324039733,46,12,fitted,DRAGONS BLOOD INCENSE,General Giftware,72
72815,-1.7635184142451603,0.12481193744056474,3.75,10.35278361090245,20,8,fitted,3 WICK CHRISTMAS BRIAR CANDLE ,Christmas & Seasonal,72
90214E,-0.6956960617349625,0.07314140382316225,1.1833333333333333,2.131318025690042,42,11,fitted,"LETTER ""E"" BLING KEY RING",Jewellery & Accessories,71
85196,-2.420036969488266,0.1294534438603363,0.55,93.48799672036998,12,8,fitted,EASTER BUNNIES ON A STICK,Christmas & Seasonal,71
21004,-0.3707813602400868,0.007979797106168363,4.25,2.910799692953268,37,10,fitted,ROSE DU SUD CHILDS APRON,Kitchen & Dining,71
84970l,-2.278947917977102,,2.08,6.333333333333333,39,2,category_fallback_insufficient_price_variation,SINGLE HEART ZINC T-LIGHT HOLDER,Lighting & Candles,71
79191B,-1.078621679497219,0.05092209821050575,0.85,5.32261433126562,45,12,fitted,RETRO PLASTIC POLKA TRAY,General Giftware,71
22770,-2.375411544782531,,14.95,2.5609756097560976,41,6,category_fallback_implausible_fit,MIRROR CORNICE,Home Decor,71
21282,-1.8392382736072292,0.14933355309608165,4.25,6.164434551136795,38,9,fitted,NATURAL BARK CANDLE LARGE,Lighting & Candles,71
23224,-2.9070778219159252,0.18063471732409653,0.8490476190476189,28.776021299557915,17,13,fitted,CHERUB HEART DECORATION GOLD,Home Decor,71
21374,-1.102123937339684,0.3179941604877141,1.4984,6.932287517506652,49,9,fitted,MIRRORED WALL ART SKULLS,Home Decor,71
71403,-1.7583757028698013,0.38526728452279735,5.316666666666666,1.7121519250752797,46,11,fitted,"PINK/WHITE ""KEEP CLEAN"" BULLET BIN",General Giftware,71
21634,-1.978551945075756,0.5887763127230272,1.25,15.094457444335504,46,9,fitted,ASSORTED MINI MADRAS NOTEBOOK,Cards & Stationery,71
72800F,-3.288276184835647,0.5197980290936992,2.55,4.738777567808777,34,7,fitted,4 IVORY DINNER CANDLES GOLD FLOCK,Lighting & Candles,71
23515,-5.247884682277862,0.4909340485092566,2.08,33.47978879201194,12,9,fitted,EMBROIDERED RIBBON REEL DAISY ,Cards & Stationery,71
85180B,-2.020265561632411,0.573621205772195,4.65,3.6232033117045557,37,12,fitted,PINK HEARTS LIGHT CHAIN ,Lighting & Candles,70
85185D,-1.2457170425027346,0.13825320600180724,2.9500000000000006,4.028385730152635,38,11,fitted,FROG SOCK PUPPET,General Giftware,70
21740,-2.3146812720872716,,2.9500000000000006,25.5,8,5,category_fallback_implausible_fit,COSY SLIPPER SHOES LARGE RED,General Giftware,70
85189,-8.436936088230812,0.031764809970273755,0.85,15.662829812202956,21,9,fitted,HANGING BUTTERFLY  EGG,General Giftware,70
84658,-1.4768106317041083,0.3315771372956491,6.95,3.22089204090501,45,8,fitted,WHITE STITCHED CUSHION COVER,Home Decor,70
37423,-2.3386561411665543,0.7725871539773709,1.0525,5.637665482167057,39,15,fitted,WHITE WITH BLACK CATS PLATE,Kitchen & Dining,70
23253,-3.5357060965531,0.1917586866426646,15.95,4.8529028890947,30,12,fitted,16 PIECE CUTLERY SET PANTRY DESIGN,Kitchen & Dining,70
35915B,-1.401744944073076,0.07174861022080659,1.6499999999999997,5.008156711880562,26,10,fitted,BLUE KNITTED HEN ,General Giftware,70
21264,-1.3122872679342181,0.46869258072403486,1.95,11.45610498086006,33,10,fitted,WHITE GOOSE FEATHER TREE 60CM ,General Giftware,70
21281,-2.4345368618057717,0.7386757839648981,2.55,5.751640784389203,40,14,fitted,VINTAGE KITCHEN PRINT SEAFOOD,Kitchen & Dining,70
21280,-2.534711204610494,0.7585069543040153,2.55,4.919419258808464,48,13,fitted,VINTAGE KITCHEN PRINT VEGETABLES,Kitchen & Dining,70
20868,-1.1664969886591576,0.22551633592702092,0.85,4.8446851625800536,41,14,fitted,SILVER FABRIC MIRROR,Home Decor,70
85096,-2.3146812720872716,,3.75,3.7111111111111112,45,5,category_fallback_implausible_fit,HILDA CANDY SPOT RABBIT,General Giftware,70
22641,-0.9116664844595957,0.05343407628920138,2.55,4.478493737306966,38,10,fitted,SET OF 4 NAPKIN CHARMS INSTRUMENT,General Giftware,70
47591A,-2.4529194956318796,,1.6500000000000001,4.9393939393939394,33,12,category_fallback_insufficient_price_variation,CAROUSEL DES CHILD'S APRON,Kitchen & Dining,70
23178,-2.4565341615935297,0.3107922834794159,2.89,8.117356976202537,29,11,fitted,JAM CLOCK MAGNET,Home Decor,70
75131,-3.966045248179397,0.32979685302527006,1.69,5.511895754268109,46,10,fitted,METAL TUBE CHIME ON BAMBOO,General Giftware,70
85130C,-1.0772005382991605,0.13542352860595308,1.6499999999999997,5.366152179547252,45,9,fitted,BEADED CRYSTAL HEART BLUE  LARGE,General Giftware,70
23513,-7.079495076409201,0.2068817333042734,2.1069736842105264,20.05500971663527,12,9,fitted,EMBROIDERED RIBBON REEL SUSIE ,Cards & Stationery,70
21040,-2.0535836970387047,0.4410020379638806,2.55,4.797314753703424,32,10,fitted,MODERN VINTAGE COTTON SHOPPING BAG,Bags,70
47471,-1.3453919677384003,0.1825844566132483,0.65,4.980027969943724,49,10,fitted,RAINBOW PEGS PHOTO CLIP STRING,Jewellery & Accessories,70
85215,-1.1294861203488773,0.5555552658579772,0.65,18.461568164171815,43,11,fitted,ASSORTED CHEESE FRIDGE MAGNETS,General Giftware,70
23186,-2.5827688984064956,,0.29,78.8,25,5,category_fallback_implausible_fit,FRENCH STYLE STORAGE JAR CAFE ,Storage & Boxes,70
44234,-0.9775370158207488,0.22462707075631494,0.21,13.056841840566427,42,9,fitted,ASSORTED CIRCULAR MOBILE,General Giftware,70
85169C,-1.4618976432750783,0.12580963915033871,1.25,4.156123022989323,45,10,fitted,EAU DE NIL LOVE BIRD CANDLE,Lighting & Candles,70
90214L,-1.6950974262848952,,0.85,3.7872340425531914,47,9,category_fallback_implausible_fit,"LETTER ""L"" BLING KEY RING",Jewellery & Accessories,69
35833P,-0.14302678429005422,0.004186337597951506,1.25,4.636731138278344,29,10,fitted,4 PINK FLOCK CHRISTMAS BALLS,Christmas & Seasonal,69
35810B,-1.0971053372433675,0.27789761274456604,2.1,4.649997707405327,39,12,fitted,ENAMEL BLUE RIM COFFEE CONTAINER,General Giftware,69
23337,-2.3146812720872716,,2.08,7.5,24,7,category_fallback_implausible_fit,EGG FRYING PAN MINT ,General Giftware,69
22857,-2.036180741418988,0.22129463396167293,0.85,45.303513079781105,22,6,fitted,ASSORTED EASTER GIFT TAGS,Christmas & Seasonal,69
21202,-2.1108826970476433,0.25012167574820077,1.65,6.456001721604692,50,11,fitted,DOLLY HONEYCOMB GARLAND,General Giftware,69
23087,-4.048089545263756,0.5097505771023162,1.25,31.345929434261627,25,12,fitted,ZINC  HEART T-LIGHT HOLDER,Lighting & Candles,69
23553,-2.375411544782531,,12.47671875,71.125,8,7,category_fallback_implausible_fit,LANDMARK FRAME CAMDEN TOWN ,Home Decor,69
90208,-2.3146812720872716,,2.54,2.9069767441860463,43,8,category_fallback_insufficient_price_variation,PAIR OF PINK FLOWER CLUSTER SLIDE,General Giftware,69
17033,-6.754368976941766,0.18310763105487715,0.29,55.447330671270485,26,6,fitted,"BROCADE PURSE,SMALL ARCH BUTTON",General Giftware,69
22391,-1.5586053748816422,0.5163870585817016,2.55,4.36303083221966,41,9,fitted,PAPERWEIGHT HOME SWEET HOME,General Giftware,68
85129C,-2.734962627264581,0.46189886831163707,1.25,8.101866284080508,43,7,fitted,BEADED CRYSTAL HEART BLUE SMALL,General Giftware,68
20901,-0.8733543420508234,0.24331460392255688,11.8625,1.7107922790186212,34,11,fitted,VINTAGE KEEPSAKE BOX PINK FLOWER,Storage & Boxes,68
90209C,-2.2316348529077747,,2.1,8.73913043478261,46,11,category_fallback_implausible_fit,PINK ENAMEL+GLASS HAIR COMB,Bottles & Glassware,68
17181,-1.8687373182723273,0.6887188845639092,3.554,4.075800447887225,27,15,fitted,CIRCLE OF FRIENDS CANDLE HOLDER,Lighting & Candles,68
23509,-3.661385541226991,0.23085216078018012,0.4304096436953275,45.945213727477984,12,10,fitted,MINI PLAYING CARDS FUN FAIR ,General Giftware,68
62094B,-1.86330162574578,0.5620239873918662,4.759,1.9561345105235384,38,11,fitted,TURQ ICE CREAM BUM BAG ,Bags,68
23402,-2.1805800352246,0.37319973391808337,3.75,18.243782950602228,14,7,fitted,HOME SWEET HOME 3 PEG HANGER ,General Giftware,68
22541,-3.076404571150284,0.2645369141659806,0.42,11.326313003765867,46,12,fitted,MINI JIGSAW LEAP FROG,General Giftware,68
22935,-2.905724918222802,0.23011326864188075,3.25,9.32119102808397,35,14,fitted,BAKING MOULD ROSE MILK CHOCOLATE,Kitchen & Dining,68
21418,-1.620372265132874,0.4957840052650485,2.55,3.8822949995282072,50,6,fitted,STARFISH SOAP DISH,Bath & Body,68
84638,-1.7608108600428276,0.630643908855226,6.95,2.2442188028031,40,14,fitted,SMALL KITCHEN FLOWER POTS PLAQUE,Kitchen & Dining,68
84663A,-1.0380060372383801,0.4347493659592909,5.91,1.8637516530861358,43,11,fitted,GRASS HOPPER WOODEN WALL CLOCK ,Home Decor,68
17084R,-4.447380638333415,0.20367566068672494,0.21,114.86099941598987,47,5,fitted,ASSORTED INCENSE PACK,General Giftware,68
22802,-1.5071281960929,0.15434451956708184,19.95,2.602332045591945,28,6,fitted,FAUX FUR CHOCOLATE THROW,General Giftware,68
21659,-2.2316348529077747,,14.95,4.033333333333333,30,9,category_fallback_implausible_fit,GLASS CAKE STAND,Bottles & Glassware,67
85184D,-3.132525008260201,0.6505208876976412,2.95,6.5921277096567685,33,14,fitted,S/4 BLUE ROUND DECOUPAGE BOXES,General Giftware,67
21946,-2.7571699511638803,0.5132199186425604,0.85,5.567685653985486,41,12,fitted,PARTY TIME DESIGN FLANNEL,Home Decor,67
21085,-2.7885169399201,0.16984514238356918,0.65,17.369445750240384,23,7,fitted,SET/6 WOODLAND PAPER CUPS,General Giftware,67
79071B,-0.4700827918725649,0.005054483158989931,2.95,2.703917942226237,38,7,fitted,ENGLISH ROSE METAL WASTE BIN,General Giftware,67
84457,-2.419903456319228,0.24191116466401374,0.9130157342657341,7.421365112047277,28,14,fitted,SET/3 RABBITS FLOWER SKIPPPING ROPE,General Giftware,67
21269,-0.19796086278292283,0.0036775615917601367,8.5,2.4217527135990453,42,6,fitted,ANTIQUE CREAM CUTLERY SHELF ,Kitchen & Dining,67
47503H,-0.3755302529421588,0.057534103182576346,1.95,2.395843293461663,39,9,fitted,ASS FLORAL PRINT SPIRIT LEVEL ,General Giftware,67
20781,-1.0410995681721062,0.2709212595849978,5.49,2.3348958690989985,38,11,fitted,GOLD EAR MUFF HEADPHONES,General Giftware,67
72801G,-2.690854276732497,0.5732517583294259,1.25,6.269625458575241,40,11,fitted,4 BURGUNDY WINE DINNER CANDLES,Lighting & Candles,67
85224,-1.6342367623565237,0.8233103731235834,1.895,7.353539054257403,38,16,fitted,ASSORTED COLOUR SILK GLASSES CASE,General Giftware,67
10123C,-1.5762341411910004,0.37729473259095947,0.65,5.137089855289649,35,14,fitted,HEARTS WRAPPING TAPE ,General Giftware,67
90214M,-1.6950974262848952,,0.9783333333333333,3.325,40,8,category_fallback_implausible_fit,"LETTER ""M"" BLING KEY RING",Jewellery & Accessories,66
21796,-2.5827688984064956,,12.75,3.2758620689655173,29,1,category_fallback_insufficient_price_variation,SET OF 3 RED STRIPE BASKETS,Storage & Boxes,66
37467,-0.8981371309827302,0.4667321379664048,2.06,2.830072673728795,41,13,fitted,PIG MUG IN TWO COLOUR DESIGNS,Kitchen & Dining,66
16015,-5.746688006880407,0.18812884730893498,0.5,12.049062569380533,54,5,fitted,MEDIUM CHINESE STYLE SCISSOR,General Giftware,66
16046,-2.0782904238648277,0.6094549071446993,0.85,6.635034124938013,42,14,fitted,TEATIME PEN CASE & PENS,Cards & Stationery,66
85230E,-3.1745930275448426,0.4376400973607142,0.29,33.75399716855909,47,5,fitted,STRAWBRY SCENTED VOTIVE CANDLE,Lighting & Candles,66
85106,-1.665834352387016,0.18749094673491695,2.55,9.48900681249883,34,16,fitted,CUT GLASS HEXAGON T-LIGHT HOLDER,Lighting & Candles,66
72484,-2.27049039290325,0.6104731655250446,0.6190322580645161,120.0215542285793,11,10,fitted,ROSES IN WHITE HEART CANDLE ,Lighting & Candles,66
85125,-1.1572050513786425,0.11436365421656425,4.95,5.064124653995628,42,14,fitted,SMALL ROUND CUT GLASS CANDLESTICK,Lighting & Candles,66
79163,-0.9162267171165703,0.5353975925715257,1.6499999999999997,13.37900888971866,41,8,fitted,BLACK CHAMPAGNE GLASS,Bottles & Glassware,66
23423,-3.768844280008656,0.6730190818544717,3.9542708333333336,15.901818024730773,14,9,fitted,PANTRY 3 HOOK ROLLING PIN HANGER,General Giftware,66
84707A,-1.2942058180905,0.4280363593725597,9.95,2.438212088008484,38,13,fitted,SILVER JEWELLED MIRROR TRINKET TRAY,Jewellery & Accessories,66
90116,-2.06489561777549,0.187188167063151,2.46,1.513729583334915,44,9,fitted,FRUIT SALAD BAG CHARM,Bags,65
85164B,-1.332232527108957,0.30506877294319923,12.75,4.213057759280449,29,14,fitted,BLACK BAROQUE CUCKOO CLOCK,Home Decor,65
84924A,-1.477714440914803,0.2783800323373835,3.75,3.517931150854228,39,10,fitted,WAKE UP COCKEREL CALENDAR SIGN ,Home Decor,65
21319,-1.7026356968284337,0.337210754906314,1.6499999999999997,6.996354280132691,42,14,fitted,GLASS CHALICE GREEN  SMALL ,Bottles & Glassware,65
35651,-1.0965050159704905,0.427219714822063,1.65,16.22488455752454,27,9,fitted,VINTAGE BEAD PINK SCARF ,General Giftware,65
20819,-1.8187677431976117,0.33893691142985316,3.75,2.3828061789316624,43,11,fitted,SILVER TEDDY BEAR,General Giftware,65
85163B,-1.1779543977863072,0.303805029306053,12.75,1.7955780895704752,41,8,fitted,BLACK BAROQUE WALL CLOCK ,Home Decor,65
21457,-3.276802329746331,0.44625756222307067,1.25,13.341224527867961,27,10,fitted,2 PICTURE BOOK EGGS EASTER DUCKS,Christmas & Seasonal,65
21456,-3.6176690169080046,0.5471504529817002,1.25,19.378140255647597,23,8,fitted,2 PICTURE BOOK EGGS EASTER CHICKS,Christmas & Seasonal,65
23026,-2.4226908386711004,0.28532418687809646,2.08,20.039093934830174,25,11,fitted,DRAWER KNOB VINTAGE GLASS STAR,Bottles & Glassware,65
21375,-1.0087837679329281,0.3520683169465295,8.080277777777779,1.978661706895018,42,12,fitted,LARGE CAMPHOR WOOD FIELD MUSHROOM ,General Giftware,65
90158,-1.6950974262848952,,4.98,1.7173913043478262,46,7,category_fallback_insufficient_price_variation,ST TROPEZ NECKLACE,Jewellery & Accessories,65
84826,-1.445018630316074,0.2522514096647154,0.85,12.278793335986121,35,7,fitted,ASSTD DESIGN 3D PAPER STICKERS,Home Decor,65
21256,-2.1389095896896957,0.30963840533135356,1.7751219512195118,25.1023884887678,11,9,fitted,"FRENCH BOTTLE, BRASSERIE DES ARTIST",Bottles & Glassware,65
84927F,-0.785775831182087,0.3782661660752896,2.1,2.484330486384193,42,9,fitted,PSYCHEDELIC TILE HOOK,General Giftware,65
46000R,-2.3146812720872716,,1.45,5.790697674418604,43,2,category_fallback_insufficient_price_variation,POLYESTER FILLER PAD 45x30cm,General Giftware,64
21003,-2.375411544782531,,5.79,3.2058823529411766,34,6,category_fallback_insufficient_price_variation,ROSE DU SUD CUSHION COVER,Home Decor,64
85135A,-2.3146812720872716,,7.95,2.7941176470588234,34,6,category_fallback_insufficient_price_variation,YELLOW DRAGONFLY HELICOPTER,General Giftware,64
79030D,-0.9026614334800686,0.5421180431215218,0.8048351648351648,14.81947880399569,38,16,fitted,TUMBLER BAROQUE,General Giftware,64
21367,-0.8193701898824222,0.29770869393139976,2.55,2.2136778400448844,36,13,fitted,MIRRORED WALL ART GENTS,Home Decor,64
72130,-2.0078180824676584,0.48127018796785503,0.65,5.4472840768189075,42,10,fitted,COLUMBIAN CANDLE ROUND,Lighting & Candles,64
35598B,-1.37900890842941,0.5497496438266546,1.265409836065574,15.531055332900353,29,13,fitted,BLACK CHRISTMAS TREE 60CM,Christmas & Seasonal,64
21689,-2.033867408163513,0.16286618416201415,3.75,4.741538611922675,42,5,fitted,SILVER VANILLA  FLOWER CANDLE POT,Lighting & Candles,64
20759,-8.815470973963203,0.34094202893445646,0.85,4.04618860453735,36,5,fitted,CHRYSANTHEMUM POCKET BOOK ,General Giftware,64
84535A,-1.1701671446591189,0.0594794648794994,0.6500000000000001,11.03571458839352,19,8,fitted,ENGLISH ROSE NOTEBOOK A6 SIZE,Cards & Stationery,64
90129B,-2.4405677367344385,,1.66,3.5714285714285716,42,11,category_fallback_implausible_fit,TURQUOISE GLASS TASSLE BAG CHARM ,Bags,64
84761,-1.2918593340340563,0.12040668910448526,2.55,8.09113407197076,29,11,fitted,IVORY HANGING BIRD PLANTER ,General Giftware,63
17165B,-2.3146812720872716,,1.05,26.17241379310345,29,6,category_fallback_implausible_fit,ASS COL LARGE SAND GECKO P'WEIGHT,General Giftware,63
84563B,-1.0661698873386616,0.37662414468860494,5.95,2.4844861522565287,34,11,fitted,BLUE & WHITE BREAKFAST TRAY,General Giftware,63
84916,-1.6532856476406768,0.44688354922530826,4.79,2.2273544745665643,35,11,fitted,HAND TOWEL PALE BLUE W FLOWERS,Bath & Body,63
84918,-2.1471973970594895,0.42982568536026433,6.291333333333333,4.683490654213647,24,10,fitted,CREAM CUSHION COVER WITH FLOWERS,Home Decor,63
84563A,-1.4107518107247685,0.42184262651973503,5.95,2.6135200133383427,34,13,fitted,PINK & WHITE BREAKFAST TRAY,General Giftware,63
84249D,-3.114237677208787,,0.42000000000000004,29.307692307692307,26,7,category_fallback_implausible_fit,FAIRY CAKE GREETINGS CARD,Cards & Stationery,63
84251B,-0.8172408692930762,0.15680793782686098,0.19000000000000003,9.819053405651452,30,11,fitted,"GREETING CARD, STICKY GORDON",Cards & Stationery,63
23550,-2.3146812720872716,,0.42,82.75,20,1,category_fallback_insufficient_price_variation,WRAP ALPHABET POSTER  ,General Giftware,63
84051,-1.6972675230776049,0.062120214755406855,0.85,10.11841950748963,42,6,fitted,ASS COLOUR GLOWING TIARAS,General Giftware,63
21371,-1.2227272795465594,0.6068929517390687,2.55,3.5480011421475464,43,9,fitted,MIRRORED WALL ART POPPIES,Home Decor,63
20838,-1.1834709058280848,0.33983322166750984,1.2682857142857142,9.713748018903006,34,15,fitted,FRENCH LATTICE CUSHION COVER ,Home Decor,63
21536,-2.4910732896706906,0.08390346397780524,2.1,10.977348002569544,14,4,fitted,DAIRY MAID  SMALL  MILK JUG,General Giftware,63
72131,-2.275176438179128,0.5107207594107818,1.95,3.8152690612531033,34,9,fitted,COLUMBIAN CANDLE RECTANGLE,Lighting & Candles,63
72801D,-1.8350574572600626,0.3573719865375806,1.25,5.035670555337426,42,11,fitted,S/4 SKY BLUE DINNER CANDLES,Lighting & Candles,63
23565,-1.6064961747681148,0.09938186513253078,1.4462162162162164,38.887559869986575,9,9,fitted,EGG CUP MILKMAID HELGA ,Kitchen & Dining,63
21750,-1.3100099304073454,0.08364406486129716,2.1,4.571890720189972,42,8,fitted,LARGE SKULL WINDMILL,General Giftware,63
23414,-2.375411544782531,,9.95,10.0,14,4,category_fallback_insufficient_price_variation,ZINC BOX SIGN HOME,Home Decor,63
23524,-4.850349969510436,0.3277300190326766,3.75,20.787537301419373,11,9,fitted,WALL ART HORSE & PONY ,General Giftware,63
85167B,-1.9279953170636641,0.644115241026088,4.25,5.091886941556723,34,13,fitted,BLACK GRAND BAROQUE PHOTO FRAME,Home Decor,63
23219,-2.3146812720872716,,1.25,26.8125,16,10,category_fallback_implausible_fit,LAUREL STAR ANTIQUE SILVER ,General Giftware,63
90115,-1.7977512758552725,0.23424041842371768,2.51,3.5030958797766543,28,9,fitted,SUMMER BUTTERFLIES BAG CHARM,Bags,63
20756,-4.312685594178482,0.3102150453088841,0.85,4.889485602393546,32,6,fitted,GREEN FERN POCKET BOOK,General Giftware,63
85230F,-4.07440816662102,0.29326129597292583,0.29,33.61922823556319,40,6,fitted,JASMINE VOTIVE CANDLE,Lighting & Candles,63
21503,-2.3146812720872716,,0.42,37.23255813953488,43,1,category_fallback_insufficient_price_variation,TOYBOX  WRAP ,General Giftware,63
21263,-1.6683640409925882,0.47080918867423593,1.95,11.258738963978837,25,7,fitted,GREEN GOOSE FEATHER TREE 60CM,General Giftware,62
84971L,-4.24680558955941,0.09933609492048756,1.2596923076923077,27.40616672448422,16,10,fitted,LARGE HEART FLOWERS HOOK   ,General Giftware,62
79051A,-1.0317408117575007,0.49500812912292047,0.45072727272727275,16.348884715581473,38,9,fitted,SMOKEY GREY COLOUR D.O.F. GLASS,Bottles & Glassware,62
84660B,-1.7322320480873195,0.6806254214276763,3.75,2.6963891355712386,38,12,fitted,BLACK STITCHED WALL CLOCK,Home Decor,62
23547,-2.3146812720872716,,0.42,78.75,20,1,category_fallback_insufficient_price_variation,WRAP FLOWER SHOP  ,General Giftware,62
20804,-1.1100524887030878,0.06799027154722925,2.0245714285714285,8.102754369740552,16,12,fitted,GLASS CHICKEN BUTTER DISH,Bottles & Glassware,62
90175A,-1.6950974262848952,,9.15,2.4318181818181817,44,9,category_fallback_insufficient_price_variation,WHITE GLASS CHUNKY CHARM BRACELET,Jewellery & Accessories,62
85049e,-3.114237677208787,,3.2900000000000005,8.428571428571429,35,4,category_fallback_insufficient_price_variation,SCANDINAVIAN REDS RIBBONS,Cards & Stationery,62
23073,-2.5827688984064956,,12.5,5.76,25,5,category_fallback_implausible_fit,GEORGIAN TRINKET BOX,Storage & Boxes,62
51020B,-1.8273050748305315,0.527975142794114,1.25,3.1155188475307254,41,5,fitted,STRIPY DESIGN SHOWER CAP,Home Decor,62
21144,-0.5869002134384363,0.08521821500036464,0.41490909090909095,12.668620902803118,24,12,fitted,PINK POODLE HANGING DECORATION ,Home Decor,62
20695,-1.5957009440825078,0.24096113497757488,4.25,3.2540565859279336,30,8,fitted,FLORAL BLUE MONSTER,General Giftware,62
23517,-5.029833766858017,0.687057825037301,3.166818181818182,18.162645278796788,12,10,fitted,EMBROIDERED RIBBON REEL REBECCA ,Cards & Stationery,62
85170B,-1.7845533805069584,0.3614443200416,2.1,3.693193599327912,41,14,fitted,SET/6 BLACK BIRD T-LIGHT CANDLES,Lighting & Candles,62
40046A,-2.122982651991462,0.32257549874724023,1.283157894736842,7.769258957575202,38,12,fitted,RED DAISY PAPER LAMPSHADE,Lighting & Candles,62
22102,-2.190202401633362,0.5101548089053602,1.6499999999999997,8.57168204685542,44,11,fitted,MIRROR MOSAIC T-LIGHT HOLDER ,Lighting & Candles,62
85205B,-1.8579819268315054,0.22591856563631507,2.55,9.694922379212349,24,12,fitted,PINK FELT EASTER RABBIT GARLAND,Christmas & Seasonal,61
85117,-3.1865593604360662,0.3087532829214036,1.7924999999999998,11.255426929028996,19,14,fitted,NIGHTINGALE COATHOOK WHITE,General Giftware,61
21732,-4.391287589412612,0.17609120494370678,3.75,8.222994636726845,28,9,fitted,RED HANGING METAL STAR TLIGHT HLDR,Lighting & Candles,61
85020,-1.8390369316073703,0.18529365131876696,2.1,4.338792748641338,42,10,fitted,ROUND PINK HEART MIRROR,Home Decor,61
16169K,-1.821089539187171,0.43775871683268297,0.42,34.15247045211153,34,3,fitted,WRAP FOLK ART,General Giftware,61
72801d,-2.278947917977102,,2.46,2.575,40,4,category_fallback_insufficient_price_variation,4 SKY BLUE DINNER CANDLES,Lighting & Candles,61
20696,-1.3160211020021997,0.21698153116468566,3.75,3.1967490373734666,41,10,fitted,FLORAL SOFT CAR TOY,Toys & Games,61
90147,-1.6950974262848952,,9.95,2.261904761904762,42,6,category_fallback_insufficient_price_variation,CHUNKY SILVER NECKLACE PASTEL FLOWE,Jewellery & Accessories,61
37333,-2.3146812720872716,,4.95,4.0,37,13,category_fallback_implausible_fit,"RETRO ""TEA FOR ONE"" ",General Giftware,61
90129E,-2.4405677367344385,,1.66,3.0930232558139537,43,7,category_fallback_implausible_fit,PURPLE GLASS TASSLE BAG CHARM,Bags,61
79323G,-2.839385652171988,0.25185759249244966,6.75,10.032904708260986,18,11,fitted,GOLD  CHERRY LIGHTS,Lighting & Candles,61
84675,-0.917799270088249,0.04955784446864886,2.9500000000000006,3.3480906592076174,29,11,fitted,FROG KING WATERING CAN,Jewellery & Accessories,61
85104,-0.8833997129038775,0.04413683661499268,2.95,4.128162202961774,36,7,fitted,SILVER GLASS T-LIGHT SET,Lighting & Candles,60
23413,-2.3368664776609727,0.4440221877111268,4.950000000000001,12.452628455307805,14,10,fitted,VINTAGE COFFEE GRINDER BOX,Storage & Boxes,60
40003,-2.5986207372036003,0.25981234382067464,1.25,11.368121088134414,41,12,fitted,WHITE BAMBOO RIBS LAMPSHADE,Lighting & Candles,60
21129,-1.6673564766797757,0.31844082149314745,6.950000000000001,3.161068749572005,40,10,fitted,SILVER FISHING GNOME ,General Giftware,60
21373,-1.3609813892838847,0.26813229876485234,0.75,15.761250836348395,30,7,fitted,MIRRORED WALL ART SNOWFLAKES,Home Decor,60
84974,-2.375411544782531,,9.95,2.0,43,1,category_fallback_insufficient_price_variation,S/2 ZINC HEART DESIGN PLANTERS,Home Decor,60
84016,-0.39969518794116926,0.39689986131966193,0.42000000000000004,27.99928911123416,22,11,fitted,FLAG OF ST GEORGE CAR FLAG,General Giftware,60
84859A,-1.3100605839077375,0.44737944756874903,2.148181818181818,5.2435400994305414,39,9,fitted,SILVER DISCO HANDBAG,Bags,60
22806,-2.9683830769158326,0.6105752808898788,2.9500000000000006,9.093054509836831,33,9,fitted,SET OF 6 T-LIGHTS WEDDING CAKE ,Lighting & Candles,60
84712B,-1.6950974262848952,,7.95,2.475,40,8,category_fallback_insufficient_price_variation,PINK JEWELLED PHOTO FRAME,Jewellery & Accessories,60
22257,-2.198186161418588,0.44157036262275906,1.25,6.014978972770723,26,10,fitted,FELT FARM ANIMAL SHEEP,General Giftware,60
20980,-1.5149383724553764,0.14578956833589807,1.25,4.445033398561456,33,7,fitted,36 PENCILS TUBE POSY,General Giftware,60
90013C,-8.22958695663762,0.3701713465521652,4.15,1.549861353194466,42,8,fitted,GREEN VINTAGE EARRINGS ,Jewellery & Accessories,60
90120C,-1.6950974262848952,,4.243333333333334,2.775,40,9,category_fallback_insufficient_price_variation,GREEN MURANO TWIST BRACELET,Jewellery & Accessories,60
16169M,-1.8259787557418319,0.5594379702622154,0.42,27.630878506086034,43,2,fitted,WRAP DAISY CARPET ,General Giftware,60
85129B,-1.975235775895945,0.3297769404087204,1.25,4.7942067181644274,42,6,fitted,BEADED CRYSTAL HEART GREEN SMALL,General Giftware,60
90005A,-2.3146812720872716,,2.11,3.176470588235294,34,11,category_fallback_implausible_fit,JADE GREEN ENAMEL HAIR COMB,General Giftware,59
37444C,-1.031795385855791,0.49253694665771697,4.577999999999999,2.4108329920068576,32,13,fitted,PINK BREAKFAST CUP AND SAUCER ,Kitchen & Dining,59
23408,-2.375411544782531,,2.08,22.142857142857142,14,1,category_fallback_insufficient_price_variation,PHOTO FRAME LINEN AND LACE SMALL,Home Decor,59
72051S,-0.798614137766576,0.05662840017124526,0.83,3.3264395280126053,39,10,fitted,BAG OF SILVER STONES,Bags,59
21128,-1.1828411612687189,0.6209797374169039,9.705,1.7080362740676183,45,10,fitted,GOLD FISHING GNOME,General Giftware,59
21250,-2.37873793403327,0.20789428467631021,2.95,4.323462185128126,40,7,fitted,SET OF SKULL WALL STICKERS,Cards & Stationery,59
23554,-2.375411544782531,,12.5,53.0,8,7,category_fallback_implausible_fit,LANDMARK FRAME OXFORD STREET,Home Decor,59
21413,-0.9127227681925244,0.0613687337398926,1.25,4.941367995277962,32,9,fitted,PERIWINKLE T-LIGHT HOLDER,Lighting & Candles,59
21146,-4.435347517318546,0.523915082627211,1.95,34.726360407613036,17,9,fitted,ANTIQUE GLASS RIDGED HANGING BALL,Bottles & Glassware,59
23099,-2.278947917977102,,6.65,5.48,25,8,category_fallback_implausible_fit,FRENCH CARRIAGE LANTERN,Lighting & Candles,59
90018A,-1.6950974262848952,,4.24,2.0256410256410255,39,7,category_fallback_insufficient_price_variation,SILVER M.O.P ORBIT DROP EARRINGS,Jewellery & Accessories,59
21160,-1.9787814639047043,0.384543607535225,1.45,5.344763133637131,28,12,fitted,KEEP OUT GIRLS DOOR HANGER ,General Giftware,59
84873a,-2.4405677367344385,,11.02,8.0,11,5,category_fallback_insufficient_price_variation,FUNKY FLOWER PICNIC BAG FOR 4,Bags,59
84510a,-2.3146812720872716,,2.46,2.303030303030303,33,3,category_fallback_insufficient_price_variation,SET OF 4 ENGLISH ROSE COASTERS,General Giftware,59
84846A,-1.933846316331037,0.3202053759603287,2.1,6.221356882523036,37,4,fitted,SCENTED CANDLE IN DIGITALIS TIN,Lighting & Candles,59
35914,-1.072470212706177,0.27554493721309414,2.1,3.983346896400257,25,10,fitted,PINK CHICK EGG WARMER + EGG CUP,Kitchen & Dining,59
90206C,-1.6950974262848952,,4.996666666666667,2.1025641025641026,39,8,category_fallback_insufficient_price_variation,CRYSTAL DIAMANTE STAR BROOCH,Jewellery & Accessories,59
23695,-7.17728168049884,0.8545202594235075,0.42000000000000004,171.04342813530974,5,5,fitted,DOILY THANK YOU CARD,Cards & Stationery,59
21480,-5.866060896801141,0.989451483578081,3.190560995184591,84.57723411507098,4,4,fitted,PINK STRIPE HOT WATER BOTTLE,Bottles & Glassware,59
79323B,-3.2093411349547853,0.4828588145810344,6.75,8.834680019436723,20,11,fitted,BLACK CHERRY LIGHTS,Lighting & Candles,59
23512,-8.658557466684135,0.6987089139451204,2.128809523809524,24.683334584794093,12,10,fitted,EMBROIDERED RIBBON REEL ROSIE,Cards & Stationery,58
90214H,-0.5553816558459577,0.04901897885532136,0.85,1.952390893759431,36,7,fitted,"LETTER ""H"" BLING KEY RING",Jewellery & Accessories,58
85163A,-1.3832793733664865,0.30337123181463155,12.75,1.7003393598360173,39,9,fitted,WHITE BAROQUE WALL CLOCK ,Home Decor,58
84989B,-3.228221536352399,0.23811861172700655,0.55,19.81272740354035,26,15,fitted,75 BLACK FAIRY CAKE CASES,General Giftware,58
90201D,-1.6950974262848952,,2.9500000000000006,3.116279069767442,43,10,category_fallback_insufficient_price_variation,GREEN ENAMEL FLOWER RING,Jewellery & Accessories,58
23454,-2.375411544782531,,4.15,19.375,8,5,category_fallback_implausible_fit,THREE MINI HANGING FRAMES,Home Decor,58
22765,-4.717671773167877,0.4726533302137125,14.95,9.94376857687247,10,9,fitted,NEWSPAPER STAND,General Giftware,57
22105,-2.3162245683158758,0.47380725865556816,4.214,3.8817489171775867,40,9,fitted,MIRROR MOSAIC GOBLET CANDLE HOLDER,Lighting & Candles,57
22503,-1.3394813484886277,0.21938823543058217,29.95,2.125830571792083,36,10,fitted,CABIN BAG VINTAGE PAISLEY,Bags,57
23113,-3.4725215697478813,0.1814308167869897,5.080912863070539,20.941675835942284,13,11,fitted,PANTRY CHOPPING BOARD,General Giftware,57
22394,-1.6261147311667927,0.6246178716022049,2.55,3.992767739820584,38,8,fitted,PAPERWEIGHT KINGS CHOICE ,General Giftware,57
47504G,-1.2588544352135544,0.2097047958106113,1.25,7.595395307278912,20,7,fitted,ENGLISH ROSE TAPE MEASURE,General Giftware,57
47579,-0.748393041889525,0.02803594243697549,2.1,3.9350461495288167,33,9,fitted,TEA TIME BREAKFAST BASKET,Storage & Boxes,57
85165,-1.5878045951740165,0.36231035937482003,9.95,3.104317812367837,22,8,fitted,CANDY PINK FRENCH BOUDOIR CLOCK,Home Decor,57
23411,-4.679101567306237,0.3962104857987597,5.401904761904762,9.27568911432948,14,12,fitted, TRELLIS COAT RACK,General Giftware,57
21490,-0.7250345549777899,0.018272849443686234,1.95,12.152468518800369,6,3,fitted,SET OF THREE 50'S GIFT WRAPS ,Cards & Stationery,57
21275,-1.8743738193717578,0.7639059688011812,16.95,2.0508583185074447,32,8,fitted,ZINC TOP  2 DOOR WOODEN SHELF ,General Giftware,57
35991,-0.948678237537834,0.30165355050076537,0.42,14.418953844318326,22,5,fitted,SET/6 BLACK SNOWFLAKE T-LIGHTS ,Lighting & Candles,57
22869,-1.1260243830538406,0.149321950207857,2.3563333333333336,2.6377052916061294,38,8,fitted,NUMBER TILE COTTAGE GARDEN 1,Garden & Outdoor,57
16169N,-1.4021541005106006,0.3038978321468103,0.42,39.678703539034046,29,3,fitted,WRAP BLUE RUSSIAN FOLKART,General Giftware,57
72801C,-2.426814201123231,0.4802029326437277,1.25,5.55724344483809,38,8,fitted,4 ROSE PINK DINNER CANDLES,Lighting & Candles,57
90201B,-1.6950974262848952,,2.950384615384616,3.391304347826087,46,7,category_fallback_insufficient_price_variation,BLACK ENAMEL FLOWER RING,Jewellery & Accessories,56
84815,-1.947224741867423,0.44840482316694463,4.695444444444444,4.884676038410605,24,10,fitted,SET OF 3 DANISH ROSE PLANTERS,General Giftware,56
79191D,-1.4098163076301635,0.22084085813151333,1.1199999999999999,2.2953154649883842,40,13,fitted,RETRO PLASTIC DAISY TRAY,General Giftware,56
35160,-2.3146812720872716,,0.85,62.285714285714285,35,11,category_fallback_implausible_fit,BUDDHA INCENSE HOLDER ASSORTED,General Giftware,56
79323S,-3.02319608502271,0.39583561492256003,6.75,8.684405525976135,17,9,fitted, SILVER CHERRY LIGHTS,Lighting & Candles,56
84976,-1.9372831122013303,0.616158581014922,1.6900000000000002,5.909850755573437,37,10,fitted,RECTANGULAR SHAPED MIRROR,Home Decor,56
17038,-1.7471939099869604,0.6881263078546502,0.10702970297029704,41.894950354435764,45,11,fitted,PORCELAIN BUDAH INCENSE HOLDER,General Giftware,56
90173,-2.3146812720872716,,3.81,2.5428571428571427,35,9,category_fallback_insufficient_price_variation,PAIR BUTTERFLY HAIR CLIPS,General Giftware,56
21320,-2.3550252474489732,0.5385811504767908,2.55,7.660123392999186,34,12,fitted,GLASS CHALICE GREEN  LARGE ,Bottles & Glassware,56
20694,-2.141107872846183,0.6618797033396129,3.75,4.481541206261773,37,8,fitted,FLORAL PINK MONSTER,General Giftware,56
16156N,-2.3146812720872716,,0.42,64.1304347826087,23,1,category_fallback_insufficient_price_variation,"WRAP, FRIENDSHIP ON GREEN",General Giftware,56
22395,-1.525437805090851,0.6827809091316468,2.55,4.338179538922093,33,10,fitted,PAPERWEIGHT VINTAGE PAISLEY,General Giftware,56
20783,-0.6690482572389552,0.023945335752261654,5.49,3.4982054555452535,22,9,fitted,HEART EAR MUFF HEADPHONES,General Giftware,56
20989,-3.1063480518484923,0.21110260756039778,1.9500000000000002,15.144076183324467,14,9,fitted,URBAN CHIC CHOPSTICKS SET/5,General Giftware,56
90098,-5.268603752904545,0.35579532000567815,2.55,2.367573521584931,28,7,fitted,NECKLACE+BRACELET PINK BUTTERFLY,Jewellery & Accessories,56
90082D,-1.6950974262848952,,6.35,3.264705882352941,34,6,category_fallback_insufficient_price_variation,DIAMANTE BOW BROOCH BLACK COLOUR,Jewellery & Accessories,56
23425,-1.6104905065795188,0.17618032778101578,2.49,12.330423238418366,15,9,fitted,STORAGE TIN HOME SWEET HOME,Storage & Boxes,56
90192,-1.6950974262848952,,4.98,2.6944444444444446,36,9,category_fallback_insufficient_price_variation,JADE DROP EARRINGS W FILIGREE,Jewellery & Accessories,56
10134,-4.64265924428154,0.24689345083379477,1.25,9.644926451803233,29,3,fitted,COLOURING PENCILS BROWN TUBE,Jewellery & Accessories,55
21632,-1.8781321549972079,0.47809462946406456,12.75,2.112348650988175,28,8,fitted,VINTAGE PINK DECORATIVE PARASOL,General Giftware,55
20898,-2.6349148119334105,0.3228135179392848,2.95,4.061319108063714,32,9,fitted,VINTAGE NOTEBOOK TRAVELOGUE,Cards & Stationery,55
84820,-1.5468389069642248,0.7061190553309534,5.95,2.79511317206022,39,6,fitted,DANISH ROSE TRINKET TRAYS,General Giftware,55
84898F,-2.4405677367344385,,2.1,5.666666666666667,30,2,category_fallback_implausible_fit,YELLOW FLOWERS FELT HANDBAG KIT,Bags,55
84917,-1.7525916257811307,0.38877747259244966,4.21,2.9852299915902543,30,9,fitted,WHITE HAND TOWEL WITH BUTTERFLY,Bath & Body,55
72728,-2.278947917977102,,0.85,27.956521739130434,23,4,category_fallback_implausible_fit,ROSE SCENT CANDLES IN GLASS,Lighting & Candles,55
72814,-3.06077783567368,0.06455975845611583,3.75,7.114049113145446,20,3,fitted,SET OF 3 CHRISTMAS BRIAR CANDLES,Christmas & Seasonal,55
37441,-1.2798931305133694,0.4594782781807878,2.1,20.920250708769508,26,12,fitted,ASSORTED WHITE EMBOSSED CHINA MUGS,Kitchen & Dining,55
90087,-2.2613683292229396,0.5861778465266415,1.63,1.5617325160894246,38,9,fitted,CRYSTAL SEA HORSE PHONE CHARM,General Giftware,55
23558,-2.375411544782531,,12.5,52.25,8,6,category_fallback_implausible_fit,LANDMARK FRAME LONDON BRIDGE ,Home Decor,55
23556,-2.375411544782531,,12.5,54.75,8,4,category_fallback_implausible_fit,LANDMARK FRAME COVENT GARDEN ,Home Decor,55
84247N,-0.1283790305577163,0.004624295537513534,2.95,1.8527522031309123,38,6,fitted,PACK/12 BLUE FOLKART CARDS,General Giftware,55
20753,-0.14283726915050765,0.000103642967674622,2.297003484320558,9.189199189247962,6,5,fitted,RETRO PINK SPOT WASHING UP GLOVES,General Giftware,55
16259,-0.39498037011817466,0.026901677021968107,0.21,82.99244487501134,37,4,fitted,PIECE OF CAMO STATIONERY SET,General Giftware,55
21631,-2.414373397974201,0.662628172725015,12.75,2.1314823965861467,33,7,fitted,HIPPY CHIC DECORATIVE PARASOL,General Giftware,54
85090,-0.5500994054035397,0.024063309973458402,4.65,2.85805976009918,28,8,fitted,CANDY SPOT APRON,Kitchen & Dining,54
90096,-1.8902436985488793,0.12005492072354595,2.485,2.1767147794618027,34,9,fitted,NECKLACE+BRACELET SET BLUE BLOSSOM,Jewellery & Accessories,54
84926E,-1.4202150674323246,0.6366079725602936,0.835,10.121298600050874,34,9,fitted,FLOWERS TILE COASTER,General Giftware,54
84926A,-1.3338661619277257,0.6451301535511164,1.25,3.9884937219225245,35,7,fitted,WAKE UP COCKEREL TILE COASTER,General Giftware,54
21816,-2.5565447916340402,,1.45,17.75,24,5,category_fallback_implausible_fit,CHRISTMAS TREE T-LIGHT HOLDER,Christmas & Seasonal,54
84251C,-0.9486000922849988,0.26447566148712787,0.19000000000000003,10.366979021817007,24,8,fitted,"GREETING CARD, TWO SISTERS.",Cards & Stationery,54
35637A,-0.9190007243170712,0.3477610417374918,5.95,3.7226393979968684,35,10,fitted,IVORY STRING CURTAIN WITH POLE ,Jewellery & Accessories,54
21030,-0.8647488657565393,0.024952138158284454,1.25,5.098584562897682,31,8,fitted,SPACE CADET RED,General Giftware,54
23025,-2.2316348529077747,,2.08,17.5,20,5,category_fallback_implausible_fit,DRAWER KNOB VINTAGE GLASS BALL,Bottles & Glassware,54
23041,-1.5243043128139413,0.0876517019831673,4.15,8.353881433656491,25,6,fitted,PAPER LANTERN 9 POINT SNOW STAR,Lighting & Candles,54
90201A,-1.6950974262848952,,2.9500000000000006,3.0232558139534884,43,6,category_fallback_insufficient_price_variation,PURPLE ENAMEL FLOWER RING,Jewellery & Accessories,54
23555,-2.375411544782531,,12.5,53.0,8,5,category_fallback_implausible_fit,LANDMARK FRAME NOTTING HILL ,Home Decor,54
20869,-0.5751231655249331,0.10570957887574661,0.85,3.875707106923304,37,14,fitted,GOLD FABRIC MIRROR,Home Decor,54
22655,-0.2940735610317715,0.049327859568746524,125.0,2.094814145865416,31,6,fitted,VINTAGE RED KITCHEN CABINET,Kitchen & Dining,54
35599B,-0.9645401243988152,0.34418223195411024,6.426,3.602868987151186,29,10,fitted,BLACK CHRISTMAS TREE 120CM,Christmas & Seasonal,54
22936,-2.148272596714063,0.3272307447577022,3.25,6.582396116056768,29,9,fitted,BAKING MOULD ROSE WHITE CHOCOLATE,Kitchen & Dining,54
21372,-0.25673234045752363,0.05033128996685232,0.85,3.137912531688479,35,12,fitted,MIRRORED WALL ART TABLE LAMP,Lighting & Candles,53
21038,-0.6392834277020012,0.14189775767225976,2.95,3.063175889933846,32,5,fitted,SET/4 MODERN VINTAGE COTTON NAPKINS,General Giftware,53
84910A,-2.400522539006181,0.5507999041198464,5.95,2.5445423198647794,39,7,fitted,PINK PAISLEY CUSHION COVER ,Home Decor,53
90214R,-0.5110024723638239,0.05795486580613074,0.85,1.912386271686676,38,9,fitted,"LETTER ""R"" BLING KEY RING",Jewellery & Accessories,53
21032,-1.6997123176792357,0.23240140309624924,1.25,4.20983543603009,33,9,fitted,SPACE CADET WHITE,General Giftware,53
23451,-0.6588054795720649,0.002932904724527008,1.9882456140350875,24.635550801675773,9,8,fitted,SQUARE MINI PORTRAIT FRAME,Home Decor,53
23106,-1.2525254131491483,0.2651107193858838,2.89,9.109383793158752,25,6,fitted,ZINC HEARTS PLANT POT HOLDER,Garden & Outdoor,53
85198,-2.110127897500124,0.13449514825966513,0.85,16.542695527108933,26,12,fitted,ASSORTED FARMYARD ANIMALS IN BUCKET,General Giftware,53
23179,-2.8712438194009677,0.3860086446732406,2.89,8.033559577168901,27,9,fitted,CLOCK MAGNET MUM'S KITCHEN,Kitchen & Dining,53
23003,-3.114237677208787,,0.42000000000000004,32.375,16,2,category_fallback_insufficient_price_variation,TRAVEL CARD WALLET VINTAGE ROSE ,Cards & Stationery,53
90214D,-0.6814822016974673,0.07568519102933047,0.85,1.8504127518028266,39,8,fitted,"LETTER ""D"" BLING KEY RING",Jewellery & Accessories,53
20705,-1.8667381322387306,0.6421350252871509,6.95,1.934754733812993,40,8,fitted,MRS ROBOT SOFT TOY,Toys & Games,53
35649,-2.4405677367344385,,3.35,2.8,35,7,category_fallback_implausible_fit,VINTAGE BEAD COSMETIC BAG ,Bags,53
84708B,-0.9825967540345065,0.052803881103551276,4.95,2.5865176036808037,41,4,fitted,PINK JEWELLED PHOTO FRAME ,Jewellery & Accessories,53
85121C,-1.6627456274321084,0.3891371677279356,8.5,3.6597219084079153,27,5,fitted,RETRO LAUNDRY TUB PISTACHIO,General Giftware,53
90104,-2.3146812720872716,,0.83,4.962962962962963,27,7,category_fallback_insufficient_price_variation,PURPLE FRANGIPANI HAIRCLIP,General Giftware,53
23525,-8.199881912548681,0.4253795734168898,3.75,19.014138445752792,11,8,fitted,WALL ART BUFFALO BILL ,General Giftware,53
84625D,-1.8701388820182012,0.6414125735706435,1.330219298245614,18.705732380753737,26,12,fitted,WHITE NEWBAROQUE CANDLESTICK CANDLE,Lighting & Candles,53
85049a,-2.5565447916340402,,3.2900000000000005,17.20689655172414,29,5,category_fallback_insufficient_price_variation,TRADITIONAL CHRISTMAS RIBBONS,Christmas & Seasonal,53
84899F,-1.6111353296726472,0.3596691969619207,1.6800000000000002,3.2932920337135685,28,8,fitted,YELLOW PURPLE DAISY FELT PURSE KIT,General Giftware,53
84902,-3.7574844986078038,,3.75,3.652173913043478,23,8,category_fallback_implausible_fit,PINK KNITTED COW STUFFED TOY,Toys & Games,53
21268,-0.42760294587593684,0.07660640832412258,0.42,9.65061200253388,25,10,fitted,VINTAGE BLUE TINSEL REEL,General Giftware,53
85222,-2.870931460514924,0.6735901638730856,2.1,13.81293219238622,22,10,fitted,ASSORTED COLOUR SILK COSMETIC PURSE,General Giftware,52
21270,-1.3965256211768606,0.12215965596924572,12.75,1.8850071336023275,26,5,fitted,ANTIQUE CREAM CUTLERY CUPBOARD,Kitchen & Dining,52
84865,-0.41042116029269327,0.06893713467009532,8.5,2.1160346787750397,28,9,fitted,NEW BAROQUE BLACK PHOTO ALBUM,General Giftware,52
21538,-0.6033600298116458,0.015291301830156034,3.75,3.7227880914844143,26,4,fitted,DAIRY MAID  PUDDING BOWL,Kitchen & Dining,52
51020A,-2.017323923384779,0.6173414587209174,1.25,2.3973369444354793,38,5,fitted,SUMMER FUN DESIGN SHOWER CAP,Home Decor,52
84741C,-1.4867202971469655,0.06536503978129304,1.95,4.71264511048462,30,6,fitted,CITRUS GARLAND FELT FLOWERS ,General Giftware,52
84600,-1.0833451850813183,0.13735773994949896,7.95,2.468420618439309,36,11,fitted,NEW BAROQUE JEWELLERY BOX ,Jewellery & Accessories,52
84707B,-0.9022421141821683,0.1607147620025411,8.47,1.6331828711541987,37,9,fitted,PINK JEWELLED MIRROR TRINKET TRAY,Jewellery & Accessories,52
90019A,-3.2414023020450604,0.12156505603682,5.4,1.370510846114226,42,6,fitted,SILVER M.O.P ORBIT BRACELET,Jewellery & Accessories,52
85049g,-3.114237677208787,,2.46,3.108108108108108,37,3,category_fallback_implausible_fit,CHOCOLATE BOX RIBBONS ,Cards & Stationery,52
17091B,-2.569253678060872,0.17172015032801902,1.25,5.185986397631949,30,10,fitted,JASMINE TEA INCENSE IN TIN,Storage & Boxes,52
84661B,-1.2852899714774808,0.40946514699125114,2.55,3.2783795650873664,37,13,fitted,BLACK SQUARE TABLE CLOCK,Home Decor,52
90129C,-2.4405677367344385,,1.6942857142857142,3.142857142857143,35,10,category_fallback_implausible_fit,GREEN GLASS TASSLE BAG CHARM,Bags,52
44230,-0.41861351612609893,0.007713821336435833,7.95,6.693044981210532,26,14,fitted,SQUARE MIRROR CURTAIN,Home Decor,52
85168B,-3.249437359349257,0.1522156123330176,9.95,1.361828987424775,30,7,fitted,BLACK BAROQUE CARRIAGE CLOCK,Home Decor,52
20933,-1.9204476962049601,0.2018710355075698,3.75,3.686022065553728,32,11,fitted,YELLOW POT PLANT CANDLE,Lighting & Candles,52
23549,-2.2366473473461657,,0.42,68.6842105263158,19,2,category_fallback_insufficient_price_variation,WRAP BIRD GARDEN ,Garden & Outdoor,52
37494A,-3.7496313369887346,0.7223779138491214,3.5542727272727275,15.447637103424862,12,10,fitted,FAIRY CAKE CERAMIC BUTTER DISH,General Giftware,52
20863,-2.128565565477153,0.2337226512972016,2.1,6.240490884499846,26,8,fitted,BLUE PATCH PENCIL CASE PINK HEART,General Giftware,52
82616A,-2.6874750790393027,0.5379740099905733,2.95,3.7079634766210257,26,10,fitted,BUBBLE GUM SCARF KNITTING KIT,General Giftware,52
85033S,-2.5565447916340402,,0.6500000000000001,23.636363636363637,11,6,category_fallback_implausible_fit,SET/6 SILVER REINDEER T-LIGHTS,Christmas & Seasonal,52
90184C,-1.6950974262848952,,9.010357142857142,2.0833333333333335,36,8,category_fallback_insufficient_price_variation,BLACK CHUNKY BEAD BRACELET W STRAP,Jewellery & Accessories,51
84664,-2.0533511102062985,,4.95,11.352941176470589,17,3,category_fallback_insufficient_price_variation,CHERRY BLOSSOM BATHROOM CABINET,Bath & Body,51
22882,-1.022084984655928,0.2664486528503961,2.5858333333333334,2.19019874356403,34,10,fitted,NUMBER TILE VINTAGE FONT 3,General Giftware,51
84660A,-1.8029012311418358,0.7329560397508876,2.3202380952380954,6.139042875194425,28,10,fitted,WHITE STITCHED WALL CLOCK,Home Decor,51
21549,-4.769250310562193,0.48470263942942715,2.9500000000000006,10.127544426847244,17,11,fitted,CERAMIC BIRDHOUSE RED ROOF SMALL,Garden & Outdoor,51
72023F,-2.723742858063052,0.1754145071161607,1.25,12.129113203588847,19,7,fitted,RED ORGANIC CANDLE IN GLASS,Lighting & Candles,51
84631,-1.7258800994335404,0.7118887179021254,7.95,3.2961142426502934,30,11,fitted,FRUIT TREE AND BIRDS WALL PLAQUE,General Giftware,51
46000U,-2.3146812720872716,,1.25,5.976190476190476,42,1,category_fallback_insufficient_price_variation,POLYESTER FILLER PAD 30CMx30CM,General Giftware,51
46775E,-1.8605953868920195,0.26274643030110656,15.220416666666669,3.4888789439192123,14,9,fitted,CANDY POP CHUNKY KNITTED THROW ,General Giftware,51
22954,-2.2281831485847343,0.25413579438278844,1.25,4.654138347606239,35,8,fitted,HEN PARTY CORDON BARRIER TAPE,General Giftware,51
84231,-1.1823321834243858,0.12772913374468653,0.65,8.794038820635134,23,11,fitted,EASTER BUNNY WITH BASKET ON BACK,Christmas & Seasonal,51
23140,-2.3056024992307633,0.31522211098647834,4.15,5.3003626751573165,25,7,fitted,TRIPLE WIRE HOOK IVORY HEART,General Giftware,51
90130B,-1.6950974262848952,,2.95,1.8333333333333333,36,8,category_fallback_insufficient_price_variation,TURQ STONE/CRYSTAL EARRINGS,Jewellery & Accessories,51
20662,-1.5538755766124503,0.5436454167545719,2.51,3.138789953420422,33,12,fitted,FIRST CLASS HOLIDAY PURSE ,General Giftware,51
84683,-2.9794282816362214,0.7280692158894443,1.25,9.290964914019627,32,13,fitted,CLASSICAL ROSE CANDLESTAND,Lighting & Candles,51
90214G,-0.48973982439009595,0.03514020157237474,0.882,1.9554101916829192,34,8,fitted,"LETTER ""G"" BLING KEY RING",Jewellery & Accessories,51
90197B,-1.6950974262848952,,5.048,1.8823529411764706,34,6,category_fallback_insufficient_price_variation,BLACK GLASS BRACELET W HEART CHARMS,Jewellery & Accessories,51
21277,-2.3146812720872716,,21.95,1.4615384615384615,39,6,category_fallback_implausible_fit,FRENCH STYLE EMBOSSED HEART CABINET,General Giftware,51
23473,-2.3146812720872716,,0.8454645873944118,60.875,8,7,category_fallback_insufficient_price_variation,WOODLAND SMALL RED FELT HEART,General Giftware,51
90198B,-1.6950974262848952,,4.25,2.9444444444444446,36,7,category_fallback_insufficient_price_variation,VINTAGE ROSE BEAD BRACELET BLACK,Jewellery & Accessories,51
21127,-1.3898409855397666,0.1579073659467305,5.95,3.9779524373176414,24,10,fitted,COLOURFUL FISHING GNOME,General Giftware,50
84251F,-1.245850874084037,0.3406110154235682,0.2293684210526316,9.58803957996331,28,10,fitted,"GREETING CARD, RITA",Cards & Stationery,50
85019A,-1.6154179534732753,0.4454147180983775,1.25,13.187924079275222,41,6,fitted,ROMANTIC IMAGES NOTEBOOK SET,Cards & Stationery,50
21392,-1.7373170288254223,0.7254498506686771,2.1,6.624394665543641,35,10,fitted,RED SPOTTY PUDDING BOWL,Kitchen & Dining,50
84682,-2.396266213736612,0.6037913176469039,2.95,3.8481964958612433,32,11,fitted,CLASSICAL ROSE DISH,General Giftware,50
46000P,-2.3146812720872716,,4.25,7.413793103448276,29,1,category_fallback_insufficient_price_variation,POLYESTER FILLER PAD 65CMx65CM,General Giftware,50
21131,-1.6294257503382783,0.33982562838690766,4.25,3.3982859860313903,40,8,fitted,GOLD STANDING GNOME,General Giftware,50
35096A,-4.021668735658805,0.7567808361944295,0.592,11.398163489901702,13,11,fitted,BLUE VICTORIAN FABRIC HEART BOX,Storage & Boxes,50
90059A,-2.3146812720872716,,1.6899999999999997,2.742857142857143,35,5,category_fallback_insufficient_price_variation,DIAMANTE HAIR GRIP PACK/2 CRYSTAL,General Giftware,50
20906,-3.114237677208787,,2.95,3.9615384615384617,26,7,category_fallback_implausible_fit,VINTAGE NOTEBOOK BEAUTY GIRL,Cards & Stationery,50
84396,-2.8048439013861626,0.8379328000836707,3.256666666666667,26.567868330054647,11,10,fitted,6 HOOK JEWELLERY STAND BLACK DRESS,Jewellery & Accessories,50
84030e,-1.2964304731223042,0.032219702916583604,8.47,3.08231232680993,27,7,fitted,ENGLISH ROSE HOT WATER BOTTLE,Bottles & Glassware,50
21769,-7.752269811261183,0.8163237482772983,79.95,1.3804919302091254,34,6,fitted,VINTAGE POST OFFICE CABINET,General Giftware,50
84033,-3.031706277144718,0.12028059914479072,1.65,8.933473452996799,25,6,fitted,FLAG OF ST GEORGE ,General Giftware,50
21018,-2.5565447916340402,,0.85,13.11111111111111,18,4,category_fallback_implausible_fit,BIRD BOX CHRISTMAS TREE DECORATION,Christmas & Seasonal,50
16033,-9.209512763662294,0.45215280415917425,0.11999999999999998,138.56749229481798,36,4,fitted,MINI HIGHLIGHTER PENS,Lighting & Candles,50
84926D,-1.2066833221741116,0.48282110233680897,0.8457731958762886,7.452609168164553,34,11,fitted,LA PALMIERA TILE COASTER,General Giftware,50
20701,-2.429963724278078,0.49836654469013364,3.8259999999999996,3.243005035686486,21,10,fitted,PINK CAT FLORAL CUSHION COVER ,Home Decor,50
22164,-1.418724645155663,0.07796067913116667,2.9500000000000006,6.132468529245848,31,8,fitted,STRING OF STARS CARD HOLDER,Jewellery & Accessories,50
84620,-0.9154173134939381,0.13699336549572916,5.95,3.204105140925378,30,3,fitted,BLUE GINGHAM ROSE CUSHION COVER,Home Decor,50
84847,-2.1635982309033484,0.7137622521431974,3.75,2.8568642883419226,35,6,fitted,FLORAL BATHROOM SET,Bath & Body,50
22824,-2.2366473473461657,,35.95,2.032258064516129,31,4,category_fallback_insufficient_price_variation,3 TIER SWEETHEART GARDEN SHELF,Garden & Outdoor,50
22861,-3.5904492378492168,0.6578314628652346,1.65,22.14125672153469,15,9,fitted,EASTER TIN CHICKS IN GARDEN,Christmas & Seasonal,50
21332,-1.5934909290511574,0.47808000444725873,12.75,2.063419990538589,32,10,fitted,MOROCCAN BEATEN METAL MIRROR,Home Decor,50
84773,-2.3146812720872716,,2.95,6.655172413793103,29,3,category_fallback_insufficient_price_variation,RED ROSE AND LACE C/COVER,General Giftware,50
35921,-0.8727188305153072,0.20409751594262837,1.5396022727272727,5.741999107830767,24,10,fitted,EASTER BUNNY HANGING GARLAND,Christmas & Seasonal,50
84872a,-2.4405677367344385,,11.02,3.5555555555555554,18,4,category_fallback_insufficient_price_variation,TEATIME FUNKY FLOWER BACKPACK FOR 2,Bags,50
23528,-3.7282946394541914,0.7395140243652065,3.87,23.540327230203193,10,10,fitted,WALL ART SPACEBOY,General Giftware,50
71101E,-7.387489035413243,0.37319023604343016,0.85,14.08327084065417,37,3,fitted,STANDING FAIRY POLE SUPPORT ,General Giftware,49
82095,-0.9463473297638928,0.07376941100527246,7.65,1.8214841341784682,33,4,fitted,HEART BUTTONS JEWELLERY BOX,Jewellery & Accessories,49
82585,-2.635308881772453,0.5534710280635577,1.8319999999999999,6.320612666634534,12,9,fitted,SWEET VALENCIA CANDLE+CUP,Lighting & Candles,49
20855,-2.3146812720872716,,1.65,5.576923076923077,26,2,category_fallback_insufficient_price_variation,PINK PATCH PURSE BLUE HEART,General Giftware,49
20910,-0.6839573338713709,0.08377767737883979,6.35,2.1915992820675663,35,9,fitted,VINTAGE PHOTO ALBUM PARIS DAYS,General Giftware,49
23180,-1.0679168960616479,0.15843213203289275,4.95,3.2262062497710007,28,8,fitted,MUM'S KITCHEN CLOCK,Kitchen & Dining,49
21145,-0.8986010305903492,0.391092337193347,1.25,21.90231463939889,32,9,fitted,ANTIQUE GLASS PLACE SETTING,Bottles & Glassware,49
21130,-2.960025604723162,0.2959240395724455,3.4500000000000006,8.81554736351553,22,9,fitted,COLOURFUL STANDING GNOME,General Giftware,49
84405A,-2.6426231669310893,0.7365801629943655,12.75,1.7100042567548837,26,5,fitted,S/3 PINK COL METAL BASKET W HANDLE,Storage & Boxes,49
21376,-1.5215105136215785,0.4091924573207856,5.45,3.0646734681194436,35,10,fitted,LARGE  TALL CAMPHOR WOOD TOADSTOOL ,General Giftware,49
23150,-1.6701974646235165,0.11347690725488135,2.49,5.159291008840507,25,8,fitted,IVORY SWEETHEART SOAP DISH,Bath & Body,49
20935,-3.1405950782522574,0.552058321104675,2.95,3.8007839185759167,25,7,fitted,ROUND CACTUS CANDLE,Lighting & Candles,49
23453,-2.375411544782531,,1.95,35.0,9,3,category_fallback_insufficient_price_variation,OVAL  MINI PORTRAIT FRAME,Home Decor,49
23136,-2.234025465874448,0.2171336886149512,3.75,5.271128583226819,22,6,fitted,IVORY WIRE SWEETHEART LETTER TRAY,General Giftware,49
72800A,-2.740355814633856,0.6808809423786012,2.55,5.743899179034213,19,8,fitted,S/4 BLACK DINNER CANDLE SILVER FLOC,Lighting & Candles,49
21132,-0.8006119163883271,0.20097309149420217,4.25,2.5532677485562267,35,8,fitted,SILVER STANDING GNOME   ,General Giftware,49
23074,-1.7816852598694612,0.3090163849260835,2.1483333333333334,16.841604107674566,14,10,fitted,EMBOSSED HEART TRINKET BOX,Storage & Boxes,49
85095,-1.901605537173835,0.7083333314102469,1.95,4.80963875307182,21,9,fitted,THREE CANVAS LUGGAGE TAGS,General Giftware,49
37444A,-0.9047115794525522,0.4395177114248887,2.95,2.1599342633246077,35,10,fitted,YELLOW BREAKFAST CUP AND SAUCER,Kitchen & Dining,49
21316,-1.7520603691012158,0.6288269114948664,2.95,6.193437348733063,31,10,fitted,SMALL CHUNKY GLASS ROMAN  BOWL,Kitchen & Dining,49
22870,-1.434013681617325,0.23609459310198178,2.495,2.96657451499207,33,7,fitted,NUMBER TILE COTTAGE GARDEN 2,Garden & Outdoor,49
84531A,-0.8706267986096946,0.43838909156311123,1.95,3.360878205090054,22,7,fitted,PINK KNITTED EGG COSY,General Giftware,49
20794,-2.476947812101064,0.6605403874455038,2.55,6.493443127722789,40,8,fitted,BLUE  TILE HOOK,General Giftware,49
81952V,-0.8779716020245498,0.3158420689044026,0.85,3.55642932798859,31,7,fitted,ROUND PURPLE CLOCK WITH SUCKER,Home Decor,48
23527,-2.3146812720872716,,3.75,34.9,10,5,category_fallback_implausible_fit,WALL ART ANIMALS AND NATURE ,General Giftware,48
84762B,-4.722459461242427,0.48321649837365377,8.56,2.579379761854625,22,12,fitted,PINK PICNIC BARBECUE BUCKET,General Giftware,48
82011B,-1.3901940170157372,0.3166598314005459,3.75,2.1226015989552116,37,4,fitted,BATHROOM SCALES RUBBER DUCKS,Bath & Body,48
84029C,-5.664501764212002,0.26353565821279956,3.75,32.28241157241991,5,5,fitted,BROWN FURRY HOT WATER BOTTLE,Bottles & Glassware,48
21007,-1.8733927771377026,0.679133757342116,0.38481981981981983,109.65920546914411,17,10,fitted,ETCHED GLASS DROPLET DECORATION,Home Decor,48
21368,-0.9227241556238702,0.36496181956474527,0.85,4.322298483838071,34,5,fitted,MIRRORED WALL ART LADIES,Home Decor,48
21134,-2.5565447916340402,,1.65,18.9,20,3,category_fallback_insufficient_price_variation,VICTORIAN METAL POSTCARD CHRISTMAS,Christmas & Seasonal,48
46126A,-1.5281574739155694,0.07164496729455039,1.25,5.60598980290788,30,7,fitted,ELVIS WALLHANGING / CURTAIN,General Giftware,48
72799C,-2.0874135834209637,0.4745335843344467,2.95,4.242940829455168,28,10,fitted,PINK PILLAR CANDLE SILVER FLOCK,Lighting & Candles,48
16169P,-1.465731801333793,0.3737897556208233,0.42,30.60266771327675,31,2,fitted,WRAP GREEN RUSSIAN FOLKART ,General Giftware,48
23598,-6.952326328501763,0.20852476109293128,3.0068,51.993717285762294,5,5,fitted,PAPER BUNTING VINTAGE PARTY,General Giftware,48
22783,-2.4033239119338234,0.3079254801460378,16.95,5.807793826110069,19,10,fitted,SET 3 WICKER OVAL BASKETS W LIDS,Storage & Boxes,48
23568,-3.487002603902161,0.21390527142426963,1.3906976744186046,37.597623382098675,9,9,fitted,EGG CUP HENRIETTA HEN CREAM ,Kitchen & Dining,48
85230G,-1.5810162869023494,0.14992917011418372,0.29,31.594798813239827,38,4,fitted,ORANGE VOTIVE CANDLE,Lighting & Candles,48
90086,-3.324471167602471,0.6771831507399915,1.63,1.309861204196004,34,8,fitted,CRYSTAL FROG PHONE CHARM,General Giftware,48
23086,-3.9679641283090947,0.41893853087262,1.25,35.660838621961155,23,9,fitted,ZINC  STAR T-LIGHT HOLDER ,Lighting & Candles,48
23058,-0.7673171882141424,0.07550723909997437,0.7900000000000001,29.5029322909742,13,9,fitted,CHRISTMAS HANGING SNOWFLAKE,Christmas & Seasonal,48
23057,-2.6296930951709845,0.6059882281347688,4.95,6.559968130003774,23,10,fitted,BEADED CHANDELIER T-LIGHT HOLDER,Lighting & Candles,48
85113,-3.28115188939229,0.4399401250972197,2.1,11.76353581726424,17,5,fitted,POLKA DOT PISTACHIO PAIL,General Giftware,48
90184B,-1.6950974262848952,,9.05,2.1142857142857143,35,8,category_fallback_insufficient_price_variation,AMETHYST CHUNKY BEAD BRACELET W STR,Jewellery & Accessories,48
85121B,-0.3373081091304283,0.015967164166826975,10.196000000000002,3.2661773476187155,21,9,fitted,RETRO LAUNDRY TUB PINK,General Giftware,48
85221,-2.461520932673639,0.7089712411869611,0.536603448275862,144.90541379141249,18,10,fitted,ASSORTED COLOUR SILK COIN PURSE,General Giftware,48
85230A,-2.388264574752937,0.28391475745209316,0.29,32.86945007950508,37,5,fitted,OPIUM SCENTED VOTIVE CANDLE,Lighting & Candles,48
23422,-3.799563089808584,0.5393064952071569,2.250833333333333,14.998132323478098,13,9,fitted,PANTRY HOOK BALLOON WHISK ,General Giftware,47
84592,-1.887009426827774,0.3013080092565813,2.9500000000000006,4.307735986580524,37,6,fitted,CROCHET ROSE PURSE WITH SUEDE BACK,General Giftware,47
84665,-2.3146812720872716,,5.95,6.9393939393939394,33,2,category_fallback_insufficient_price_variation,SQUARE CHERRY BLOSSOM CABINET,General Giftware,47
84509c,-2.3146812720872716,,7.62,2.4827586206896552,29,3,category_fallback_insufficient_price_variation,SET OF 4 POLKADOT PLACEMATS ,General Giftware,47
84877D,-0.8814178687802837,0.12081372713427607,3.36,1.9702271877673103,34,7,fitted,BLUE ROUND COMPACT MIRROR,Home Decor,47
72267,-3.490447936494565,0.3249937643748756,2.1,14.420498732206633,9,4,fitted,PREMIUM CHURCH CANDLE,Lighting & Candles,47
72529W,-2.6304502324458454,0.18937627552714353,2.12,16.482608930677124,15,10,fitted,WHITE ADVENT CANDLE,Christmas & Seasonal,47
37474,-0.6945861565476525,0.04565612935759067,9.95,1.720508603641506,31,7,fitted,SET/4 2 TONE EGG SHAPE MIXING BOWLS,Kitchen & Dining,47
85019B,-1.7623849598034258,0.43699919926811637,1.25,16.39975710058167,34,6,fitted,BLOSSOM  IMAGES NOTEBOOK SET,Cards & Stationery,47
90214N,-0.42047970612892527,0.03956580131678944,0.85,1.661034190508727,37,6,fitted,"LETTER ""N"" BLING KEY RING",Jewellery & Accessories,47
21197,-0.6271402190705248,0.03231861851808204,1.6499999999999997,9.03801766467218,32,8,fitted,MULTICOLOUR  CONFETTI IN TUBE,General Giftware,47
21393,-1.2281411823332262,0.41134566398871697,2.1,7.216451380115567,30,9,fitted,BLUE  SPOTTY PUDDING BOWL,Kitchen & Dining,47
23415,-1.816890759535587,0.5475545261827546,1.6499999999999997,14.23214228234353,13,7,fitted,HOME SWEET HOME HOOK,General Giftware,47
20670,-1.665531272965932,0.6493641391191252,2.598,2.5073865779672997,31,10,fitted,VIP HOLIDAY PURSE,General Giftware,47
84228,-2.555410941314486,0.3666355543598656,0.5606862745098039,4.882020272411571,24,11,fitted,HEN HOUSE W CHICK STANDING,General Giftware,47
47504E,-0.8156947899654201,0.08862975952893182,1.25,4.476948035602208,27,6,fitted,ENGLISH ROSE SCISSORS,General Giftware,47
21842,-5.305436507610784,0.4800640557504513,2.55,26.09355317295786,10,7,fitted,PINK HEART CANDY BUTTON CALCULATOR,General Giftware,47
85039a,-2.278947917977102,,3.29,2.09375,32,4,category_fallback_insufficient_price_variation,SET/4 RED MINI ROSE CANDLE IN BOWL,Lighting & Candles,47
37508,-2.3146812720872716,,2.55,3.3703703703703702,27,1,category_fallback_insufficient_price_variation,NEW ENGLAND CERAMIC CAKE SERVER,General Giftware,47
85136B,-2.3146812720872716,,7.95,2.107142857142857,28,5,category_fallback_insufficient_price_variation,BLUE SHARK HELICOPTER,General Giftware,47
84952B,-2.1002121732475594,0.7482507714220168,3.75,3.302873205032133,25,11,fitted,BLACK LOVE BIRD T-LIGHT HOLDER,Lighting & Candles,47
90195A,-0.13294896342928397,0.0030818704500898964,9.005714285714285,2.2097601667572055,25,12,fitted,PURPLE GEMSTONE BRACELET,Jewellery & Accessories,46
35916B,-1.3121699323660958,0.30225663958428783,0.85,3.5544167710518697,27,5,fitted,BLUE FELT HANGING HEART WITH FLOWER,General Giftware,46
23104,-3.8951367293136983,0.11705977864510053,12.5,2.8139790129016786,24,6,fitted,IVORY CAFE HANGING LAMP ,Lighting & Candles,46
23462,-2.375411544782531,,19.95,10.0,8,5,category_fallback_implausible_fit,ROCOCO WALL MIRROR WHITE,Home Decor,46
90160C,-1.6950974262848952,,6.95,2.3902439024390243,41,6,category_fallback_insufficient_price_variation,TURQ+RED BOUDICCA LARGE BRACELET,Jewellery & Accessories,46
84508C,-1.0181800877704807,0.10462830160708847,2.55,2.324353306616857,38,4,fitted,BLUE CIRCLES DESIGN TEDDY,Home Decor,46
84531B,-0.947758985946698,0.4560824225805382,1.95,2.9497451104513637,24,4,fitted,BLUE KNITTED EGG COSY,General Giftware,46
84715,-2.8452191626835446,0.4004075846895234,2.95,7.780273645203885,27,5,fitted,SET OF 6 ICE CREAM SKITTLES,General Giftware,46
90201C,-1.6950974262848952,,2.9500000000000006,3.3055555555555554,36,8,category_fallback_insufficient_price_variation,RED ENAMEL FLOWER RING,Jewellery & Accessories,46
84952C,-1.9060640965290976,0.7432441095275981,3.75,5.400240486121144,22,7,fitted,MIRROR LOVE BIRD T-LIGHT HOLDER,Lighting & Candles,46
23115,-0.8477420081457139,0.030627879863329266,4.950000000000001,9.157270786857616,11,6,fitted,RED APPLES CHOPPING BOARD   ,General Giftware,46
47559b,-2.3146812720872716,,3.2900000000000005,5.029411764705882,34,6,category_fallback_implausible_fit,TEA TIME OVEN GLOVE,General Giftware,46
84972L,-2.3146812720872716,,3.95,10.636363636363637,11,3,category_fallback_insufficient_price_variation,GIANT PINK HEART MEMO HOLDER,General Giftware,46
21223,-3.5201711655761505,0.12045974598267428,1.25,11.146304262870009,18,6,fitted,SET/4 BADGES WOODLAND ANIMAL,General Giftware,46
85179B,-3.6018976239363267,0.2495146701459141,4.65,5.515981115611871,22,7,fitted,WHITE BITTY LIGHT CHAIN ,Lighting & Candles,46
85024C,-1.6950974262848952,,1.65,3.0303030303030303,33,2,category_fallback_insufficient_price_variation,PINK SMALL JEWELLED PHOTOFRAME,Jewellery & Accessories,46
21091,-3.3757797919576764,0.3032933846900874,0.85,28.510273608971612,14,9,fitted,SET/6 WOODLAND PAPER PLATES,Kitchen & Dining,46
22769,-2.3435416248319187,0.6213406909223371,28.67428571428571,5.446405144574861,12,10,fitted,CHALKBOARD KITCHEN ORGANISER,Kitchen & Dining,46
90145,-1.6950974262848952,,5.95,2.0,38,5,category_fallback_insufficient_price_variation,SILVER HOOP EARRINGS WITH FLOWER,Jewellery & Accessories,46
35951,-2.056907752581608,0.5718072417658655,0.530140056022409,44.92986894356259,22,10,fitted,FOLKART BAUBLE CHRISTMAS DECORATION,Christmas & Seasonal,45
85162C,-1.9760449400550366,0.7798844716422499,1.95,45.322595211055386,19,6,fitted,WHITE RETRODISC LAMPSHADE,Lighting & Candles,45
90161A,-1.6950974262848952,,4.98,2.057142857142857,35,6,category_fallback_insufficient_price_variation,ANT COPPER RED BOUDICCA BRACELET,Jewellery & Accessories,45
90129F,-2.4405677367344385,,2.305,2.806451612903226,31,7,category_fallback_implausible_fit,RED GLASS TASSLE BAG CHARM,Bags,45
82587,-0.4924585647177502,0.0068469618775032215,1.25,5.026481170095376,19,6,fitted,TEXRIO TOMATOES CANDLE+CUP,Lighting & Candles,45
84192,-9.635482451129914,0.19037956055943028,1.25,5.180093528597857,28,3,fitted,ASSORTED COLOUR METAL CAT ,General Giftware,45
20666,-1.6126629725113228,0.6287736022991564,2.53,2.63149873627635,28,10,fitted,ECONOMY HOLIDAY PURSE,General Giftware,45
47481,-1.120213601948862,0.17569871178630503,0.85,3.8563610462960924,36,5,fitted,50CM METAL STRING WITH  7 CLIPS,Jewellery & Accessories,45
20663,-1.9920398092314378,0.748340355228378,2.51,2.0726947994738967,29,10,fitted,QUEEN OF THE SKIES HOLIDAY PURSE ,General Giftware,45
16207B,-3.033665422874753,0.4767699633975023,2.46,4.661720117027206,19,7,fitted,PINK HEART RED HANDBAG,Bags,45
21477,-4.2027524390210695,0.04722925378013998,12.62923076923077,9.137053092770511,8,6,fitted,STRING OF 20 ROSE LIGHTS,Lighting & Candles,45
22878,-2.609928217312224,0.6334492961111156,4.13,1.206561144640788,31,9,fitted,NUMBER TILE COTTAGE GARDEN No,Garden & Outdoor,45
84509F,-2.3146812720872716,,3.75,3.774193548387097,31,4,category_fallback_implausible_fit,SET OF 4 NEW ENGLAND PLACEMATS,General Giftware,45
23117,-0.6272797683581752,0.017047860829409456,4.950000000000001,7.266367163389285,11,6,fitted,POPPY FIELDS CHOPPING BOARD,General Giftware,45
23135,-6.199401563238382,0.7019316566528309,5.75,4.091712778028163,23,9,fitted,SMALL ZINC HEART WALL ORGANISER,General Giftware,45
72789,-2.278947917977102,,3.75,5.761904761904762,21,1,category_fallback_insufficient_price_variation,BASKET/8 SCENTED LOVE TOKEN CANDLES,Lighting & Candles,45
23216,-3.70222608014119,0.2911486188393938,1.25,17.804937414853086,21,10,fitted,LAUREL HEART ANTIQUE GOLD,General Giftware,45
35916A,-1.3599558680290689,0.31373836245326314,0.85,3.3580748847219355,29,6,fitted,YELLOW FELT HANGING HEART W FLOWER,General Giftware,45
23516,-3.114237677208787,,3.75,26.636363636363637,11,3,category_fallback_implausible_fit,EMBROIDERED RIBBON REEL SOPHIE  ,Cards & Stationery,44
47503K,-2.3601781013893213,0.22685880256400448,1.95,6.861280579176526,24,9,fitted,ASSORTED FLORAL SECATEURS,General Giftware,44
90143,-1.6950974262848952,,7.661666666666667,2.5625,32,6,category_fallback_insufficient_price_variation,SILVER BRACELET W PASTEL FLOWER,Jewellery & Accessories,44
23562,-3.114237677208787,,2.9241176470588233,64.33333333333333,3,3,category_fallback_insufficient_price_variation,SET OF 6 RIBBONS PERFECTLY PRETTY  ,Cards & Stationery,44
23070,-2.1988979232268857,0.3793596623367238,4.15,6.300120136909407,25,7,fitted,EDWARDIAN HEART PHOTO FRAME,Home Decor,44
84977,-2.278947917977102,,1.25,6.96875,32,2,category_fallback_implausible_fit,WIRE FLOWER T-LIGHT HOLDER,Lighting & Candles,44
23114,-0.5522973794237067,0.01061705106329669,4.950000000000001,9.223045754119859,11,5,fitted,VINTAGE LEAF CHOPPING BOARD  ,General Giftware,44
21336,-1.575023757731189,0.7021106906284265,2.95,2.9880520488486,28,10,fitted,GOLD WASHBAG,General Giftware,44
22803,-2.3146812720872716,,39.95,4.277777777777778,18,5,category_fallback_implausible_fit,IVORY EMBROIDERED QUILT ,General Giftware,44
23487,-3.0872890882343937,0.07071660467116292,9.95,8.562062611249939,8,5,fitted,SWEET HEART CAKE CARRIER,General Giftware,44
16212,-0.8348347472561718,0.2841939551423599,0.65,9.86823172492048,27,6,fitted,FUNKY GIRLZ ASST MAGNETIC MEMO PAD,General Giftware,44
23324,-3.4999106648842893,0.3685483808418637,2.08,18.12784373190977,16,6,fitted,RUSTIC STRAWBERRY JAM POT LARGE ,General Giftware,44
23479,-5.436845399674293,0.8681338293672655,7.85,13.46877287671851,8,6,fitted,WIRE EGG BASKET ,Storage & Boxes,44
22038,-3.114237677208787,,0.42,30.405405405405407,37,1,category_fallback_insufficient_price_variation,BOTANICAL LAVENDER GIFT WRAP ,Cards & Stationery,44
72780,-9.219668300325925,0.19785270992926096,0.85,8.246790055274671,37,3,fitted,BLACK SILOUETTE CANDLE PLATE,Lighting & Candles,44
21350,-2.3146812720872716,,2.9500000000000006,11.0,17,2,category_fallback_insufficient_price_variation,GINGHAM HEART WREATH,General Giftware,44
84469,-2.6595582718212967,0.6257183849225618,6.95,7.579351585824294,13,8,fitted,ROSE DES PADDED FLOOR CUSHION,Home Decor,44
84597C,-2.0232576628594625,0.12692254649089807,1.25,7.175098181825201,29,6,fitted,RETRO PINK BALL ASHTRAY ,General Giftware,44
35916C,-1.172233393766375,0.1817135872824479,1.63,1.839796456281456,30,7,fitted,PINK FELT HANGING HEART W FLOWER,General Giftware,44
21635,-1.4507872530585388,0.33020174135621216,3.75,4.100955007573503,30,3,fitted,MADRAS NOTEBOOK LARGE ,Cards & Stationery,44
23518,-4.736480004961122,0.47968422029024016,2.89,16.287496259174503,11,6,fitted,EMBROIDERED RIBBON REEL RACHEL ,Cards & Stationery,44
84452,-1.6760362864681262,0.21373223079001646,0.85,8.079567956801652,22,8,fitted,METAL RABBIT LADDER EASTER ,Christmas & Seasonal,44
23060,-2.164838850567536,0.2206939073004125,2.08,9.103864947140599,22,3,fitted,HEART BEADED TRELLIS DECORATION,Home Decor,44
23272,-2.0172447862902034,0.5526773688583979,1.6499999999999997,16.568125954286316,18,8,fitted,TREE T-LIGHT HOLDER WILLIE WINKIE,Lighting & Candles,44
23521,-3.0846057325977467,0.8999740060676655,3.387142857142857,13.903934742779814,10,10,fitted,WALL ART CAT AND BIRD ,General Giftware,44
84429A,-1.3566177722514272,0.22251957452267856,2.9500000000000006,3.199000295684684,31,10,fitted,MEDIUM PINK BUDDHA HEAD ,General Giftware,44
72807c,-2.278947917977102,,8.47,2.4,25,4,category_fallback_insufficient_price_variation,SET/3 VANILLA SCENTED CANDLE IN BOX,Lighting & Candles,44
21757,-1.1397413120711393,0.1296904021291,4.95,3.798853842298304,20,10,fitted,LIGHTHOUSE PRINTED METAL SIGN,Lighting & Candles,43
85114c,-2.3146812720872716,,3.29,5.696969696969697,33,5,category_fallback_insufficient_price_variation,RED ENCHANTED FOREST PLACEMAT,General Giftware,43
84797A,-3.651705613661634,0.7741595737754294,9.463589743589745,16.005148145939604,8,6,fitted,PINK HAWAIIAN PICNIC HAMPER FOR 4,General Giftware,43
23056,-2.631846338097077,0.5322352305845326,6.25,4.850812348497025,23,7,fitted,FLOWERS CHANDELIER T-LIGHT HOLDER,Lighting & Candles,43
21185,-2.3146812720872716,,6.35,7.714285714285714,14,7,category_fallback_implausible_fit, HOME SWEET HOME  BLACKBOARD,General Giftware,43
35004P,-0.832718229703768,0.035563806160244904,5.45,3.865263292022228,17,8,fitted,SET OF 3 PINK FLYING DUCKS,General Giftware,43
17039,-4.764119068249113,0.6468432575589753,0.29,36.20707606866718,28,12,fitted,INLAID WOOD INCENSE HOLDER,General Giftware,43
84762C,-4.291528299421871,0.45093151814450827,8.47,2.8811798032737643,18,8,fitted,GREEN PICNIC BARBECUE BUCKET,General Giftware,43
23548,-2.3146812720872716,,0.42,59.72222222222222,18,1,category_fallback_insufficient_price_variation,WRAP MAGIC FOREST ,General Giftware,43
84870C,-1.1316918121881527,0.043794631317789046,3.75,2.746267290172083,23,5,fitted,GREEN GEISHA GIRL ,General Giftware,43
37492B,-2.5705166701322884,0.734836118886529,4.65,1.8255739303174177,27,7,fitted,BLUE YELLOW FLOWER PIGGY BANK,General Giftware,43
22137,-1.693337707506334,0.2172424308601607,2.9500000000000006,4.527552589310234,31,8,fitted,BATHROOM SET LOVE HEART DESIGN,Home Decor,43
16169C,-2.5565447916340402,,0.42,112.5,12,1,category_fallback_insufficient_price_variation,WRAP BLUE REINDEER,Christmas & Seasonal,43
22889,-2.6538008869629293,0.7497779511061131,4.13,1.2386988736040605,26,8,fitted,NUMBER TILE VINTAGE FONT No ,General Giftware,43
82607C,-1.6013560521693504,0.1705029915673264,1.4492857142857143,7.75619358868124,12,11,fitted,GLASS BONBON JAR. SUPERFINES,Bottles & Glassware,43
21133,-2.5565447916340402,,1.69,26.4375,16,2,category_fallback_insufficient_price_variation,PAINTED BIRD ASSORTED CHRISTMAS,Christmas & Seasonal,43
21459,-0.5456366977689978,0.01174024419236519,1.95,5.81125371997843,23,8,fitted,YELLOW EASTER EGG HUNT START POST,Christmas & Seasonal,43
90120B,-1.6950974262848952,,4.2492857142857146,3.34375,32,8,category_fallback_insufficient_price_variation,BLUE MURANO TWIST BRACELET,Jewellery & Accessories,42
90119,-2.4405677367344385,,2.46,2.9393939393939394,33,5,category_fallback_insufficient_price_variation,METALIC LEAVES BAG CHARMS,Bags,42
90120A,-1.6950974262848952,,4.25,3.4814814814814814,27,6,category_fallback_insufficient_price_variation,PINK MURANO TWIST BRACELET,Jewellery & Accessories,42
85097B,-2.3146812720872716,,3.75,5.631578947368421,19,4,category_fallback_implausible_fit,BLUE ROCKING SINGING CANARY,General Giftware,42
84595E,-2.162317508872373,0.434430893498048,3.52,2.2031210123889156,34,8,fitted,LARGE TORTILLA DESIGN RED BOWL,Kitchen & Dining,42
82553,-0.7475951805147374,0.020877172418562684,2.0949999999999998,4.9752127995573865,9,7,fitted,POP'S GREASY SPOON METAL SIGN,Home Decor,42
90175D,-1.6950974262848952,,9.15,1.7647058823529411,34,5,category_fallback_insufficient_price_variation,TIGRIS EYE CHUNKY CHARM BRACELET,Jewellery & Accessories,42
21031,-0.9093191469468934,0.060073285059799475,1.25,3.010057218260668,30,7,fitted,SPACE CADET BLACK,General Giftware,42
23409,-2.375411544782531,,3.75,16.46153846153846,13,3,category_fallback_insufficient_price_variation,PHOTO FRAME LINEN AND LACE LARGE,Home Decor,42
47562,-2.3146812720872716,,3.75,6.5,16,1,category_fallback_insufficient_price_variation,ENGLISH ROSE IRONING BOARD COVER,General Giftware,42
20913,-0.621370291129542,0.08144238428439687,3.30104621309371,15.71789439844776,6,5,fitted,SET/5 BLUE SPOTTY LID GLASS BOWLS,Kitchen & Dining,42
21095,-1.804036495751421,0.23629057588312474,0.85,8.375600585099397,31,6,fitted,SET/6 POSIES PAPER PLATES,Kitchen & Dining,42
84989a,-2.3146812720872716,,2.08,2.027027027027027,37,3,category_fallback_implausible_fit,75 GREEN FAIRY CAKE CASES,General Giftware,42
84661A,-1.6253570574638785,0.720577231513208,2.55,2.837647013231162,30,9,fitted,WHITE SQUARE TABLE CLOCK,Home Decor,42
84877B,-1.8898840603851017,0.453489543519486,3.29,2.057597128857983,30,10,fitted,GREEN ROUND COMPACT MIRROR,Home Decor,42
84876B,-1.4482869020337685,0.42960460678328816,1.25,11.125428502159723,26,7,fitted,GREEN HEART COMPACT MIRROR,Home Decor,42
84559a,-3.114237677208787,,1.69,2.36,25,3,category_fallback_insufficient_price_variation,3D SHEET OF DOG STICKERS,Cards & Stationery,42
84870B,-1.5488931587098944,0.20771466504662983,3.75,2.5811103956066574,26,5,fitted,BLUE GEISHA GIRL ,General Giftware,42
23539,-4.891443067315403,0.42455994183976886,5.95,10.47539074797738,11,9,fitted,WALL ART LOVES' SECRET ,General Giftware,42
23327,-4.4730777583339165,0.4197826047653327,0.63,65.13564250956814,14,9,fitted,HANGING CLEAR MINI BOTTLE,Bottles & Glassware,42
23124,-2.775208165706434,0.35254708684111613,1.518888888888889,16.914257349146524,15,9,fitted,18PC WOODEN CUTLERY SET DISPOSABLE,Kitchen & Dining,42
23040,-1.4901526920035149,0.07042959163597318,5.75,4.845654717374499,21,5,fitted,PAPER LANTERN 9 POINT SNOW STAR ,Lighting & Candles,42
84360,-2.1890371713496477,0.2762742383229102,5.95,3.354424338821423,34,3,fitted,TABLE LAMP WHITE SHADE WOOD BASE,Lighting & Candles,42
23660,-3.271607929629065,0.5309577373421129,1.7104878048780487,45.10462406298799,7,6,fitted,HENRIETTA HEN MUG ,Kitchen & Dining,42
84926F,-1.4539714918538982,0.7016650197063623,1.25,4.3418127171336645,32,12,fitted,PSYCHEDELIC TILE COASTER,General Giftware,42
23460,-2.3146812720872716,,9.95,9.5,8,2,category_fallback_insufficient_price_variation,SWEETHEART WALL TIDY ,General Giftware,42
85027L,-1.4801696290146713,0.797911022366457,7.95,1.7152931294250269,25,5,fitted,FRENCH CHATEAU LARGE PLATTER ,General Giftware,41
23523,-9.024254326481062,0.2889079004629659,3.75,11.150274594505271,10,6,fitted,WALL ART TREASURE AHOY ,General Giftware,41
90059D,-2.3146812720872716,,1.67,2.03125,32,6,category_fallback_insufficient_price_variation,DIAMANTE HAIR GRIP PACK/2 PERIDOT,General Giftware,41
21226,-2.3147637655355786,0.09522991878219489,1.25,4.372601177559744,23,4,fitted,POCKET MIRROR WOODLAND,Home Decor,41
21089,-0.8234443589971535,0.32055706307250753,0.65,4.776510742363863,29,6,fitted,SET/6 GREEN SPRING PAPER CUPS,Jewellery & Accessories,41
22486,-1.1779880859197294,0.2581853523717499,12.75,1.9625874488027297,26,5,fitted,PLASMATRONIC LAMP,Lighting & Candles,41
21728,-4.1061809200647295,0.3115094471371751,12.75,3.1436179019891286,22,7,fitted,METAL MEDINA LANTERN ,Lighting & Candles,41
90214B,-1.6950974262848952,,0.85,2.2333333333333334,30,4,category_fallback_implausible_fit,"LETTER ""B"" BLING KEY RING",Jewellery & Accessories,41
23495,-1.4598236613480722,0.01921351302816976,1.343076923076923,22.416298106230634,7,6,fitted,SET OF 3 PANTRY WOODEN SPOONS,General Giftware,41
85044,-1.320761383746199,0.1316690762323729,4.95,6.056520579862524,17,9,fitted,RED REINDEER STRING OF 20 LIGHTS,Christmas & Seasonal,41
90094,-1.6950974262848952,,2.55,3.3043478260869565,23,4,category_fallback_insufficient_price_variation,NECKLACE+BRACELET SET FRUIT SALAD ,Jewellery & Accessories,41
15056p,-2.3146812720872716,,12.46,1.7241379310344827,29,3,category_fallback_insufficient_price_variation,EDWARDIAN PARASOL PINK,General Giftware,41
17109D,-2.052335061596092,0.6680781320169438,1.69,3.1799617747025146,29,8,fitted,FLOWER FAIRY INCENSE BOUQUET,General Giftware,41
84915,-2.023629234688303,0.5887987260993304,4.21,2.268480264999824,28,6,fitted,HAND TOWEL PINK FLOWER AND DAISY,Bath & Body,41
84919,-0.6169639701083246,0.017236538733200857,6.95,2.442570983528556,31,5,fitted,BLUE CUSHION COVER WITH FLOWER,Home Decor,41
84499,-2.9009224362170567,0.5850116070660972,1.0525,6.760507147581114,25,10,fitted,BLACK FLOWER CANDLE PLATE,Lighting & Candles,41
22884,-1.1509426770939777,0.4257230291145192,4.13,1.2317390643894346,33,8,fitted,NUMBER TILE VINTAGE FONT 5,General Giftware,41
84875B,-1.209389087243253,0.2337583790137241,1.25,8.474840817041512,20,5,fitted,GREEN SQUARE COMPACT MIRROR,Home Decor,41
22826,-0.6427218618028561,0.17139684143771716,85.0,2.3793591455263954,24,3,fitted,LOVE SEAT ANTIQUE WHITE METAL,General Giftware,41
84684,-2.5949192768083704,0.7628946448542896,2.55,6.473254695050701,19,12,fitted,BEACH HUT PHOTO FRAME,Home Decor,40
84007,-0.3217044183133909,0.0017840376043974926,2.55,3.739932938756243,23,3,fitted,MAGIC GARDEN MOUNT FUJI,Garden & Outdoor,40
84689,-1.9900711509974167,0.6634011902983157,5.95,2.5369467197580855,23,7,fitted,S/2 BEACH HUT TREASURE CHESTS,General Giftware,40
16254,-0.11848860786549001,0.001749615624132228,0.85,2.050166169619602,24,6,fitted,TRANSPARENT ACRYLIC TAPE DISPENSER,General Giftware,40
90014A,-0.6156527155423209,0.11943711995389072,9.95,1.3125501529378112,34,7,fitted,SILVER/MOP ORBIT NECKLACE,Jewellery & Accessories,40
85119,-1.574789817516876,0.06772931890404232,1.69,5.902419440293194,25,4,fitted,WATERING CAN SINGLE HOOK PISTACHIO,Jewellery & Accessories,40
20892,-1.1722689358840341,0.48704471031857666,12.75,2.498136162750338,29,9,fitted,SET/3 TALL GLASS CANDLE HOLDER PINK,Lighting & Candles,40
23055,-2.5127945851971147,0.6822541979026264,6.25,3.966894698354927,20,4,fitted,IVORY CHANDELIER T-LIGHT HOLDER,Lighting & Candles,40
85179C,-1.2149991658639612,0.45671795424892847,2.485,5.059086198271829,16,9,fitted,PINK BITTY LIGHT CHAIN,Lighting & Candles,40
84859C,-1.2340677399122677,0.2637014507911223,1.95,6.1655453500094985,26,7,fitted,PINK DISCO HANDBAG,Bags,40
23218,-3.909561385067643,0.7538992326768867,1.2725884647534134,26.868481405549545,14,9,fitted,LAUREL STAR ANTIQUE GOLD,General Giftware,40
21553,-1.119859344681681,0.1441627592498449,6.83125,5.495491032512834,10,7,fitted,CERAMIC BIRDHOUSE FINCH BLUE  LARGE,Garden & Outdoor,40
16020C,-2.5827688984064956,,0.85,6.666666666666667,24,4,category_fallback_insufficient_price_variation,CLEAR STATIONERY BOX SET ,Storage & Boxes,40
84744,-0.784313898297228,0.0034727748701972594,1.25,3.8145110856965654,25,3,fitted,S/6 SEW ON CROCHET FLOWERS,General Giftware,40
84497,-1.2222863152072545,0.09840354359926518,3.75,3.1852428336511474,26,3,fitted,BUTTONS AND STRIPES NOTEBOOK ,Cards & Stationery,40
84952A,-1.4281473962010043,0.44395893113711427,3.75,3.6918045333757674,21,8,fitted,CLEAR LOVE BIRD T-LIGHT HOLDER,Lighting & Candles,40
47420,-2.4529194956318796,,0.19,13.814814814814815,27,2,category_fallback_insufficient_price_variation,ASSORTED COLOUR SUCTION CUP HOOK,Kitchen & Dining,40
23694,-3.114237677208787,,0.4544320388349514,76.0,4,4,category_fallback_insufficient_price_variation,PAISLEY PARK CARD,Cards & Stationery,40
35594,-0.9438912284686615,0.30533289663315377,0.5153846153846153,5.548092531821676,25,10,fitted,WOODEN CHRISTMAS TREE 3 HANGING,Christmas & Seasonal,40
84461,-2.5827688984064956,,2.55,5.5,18,5,category_fallback_implausible_fit,12 PINK HEN+CHICKS IN BASKET,Storage & Boxes,40
47469,-8.275906851473614,0.5766666663569671,0.65,8.847139811938192,23,5,fitted,ASSORTED SHAPES PHOTO CLIP SILVER ,General Giftware,40
20689,-1.8919075464170636,0.3880256808585322,5.95,2.9565865825841713,19,8,fitted,RETRO SISTERS EXPRESSO CUPS,General Giftware,40
23142,-1.8302483371883185,0.10310576360880885,10.4,3.2162640476472157,20,6,fitted,IVORY WIRE KITCHEN ORGANISER,Kitchen & Dining,40
72803B,-2.278947917977102,,4.25,3.9166666666666665,24,3,category_fallback_implausible_fit,OCEAN SCENT CANDLE JEWELLED DRAWER,Lighting & Candles,40
84510F,-1.5162617496513873,0.17971802266109893,1.25,3.6165570833554397,24,7,fitted,SET OF 4 NEW ENGLAND COASTERS ,General Giftware,39
22880,-1.4457177634086522,0.6044795683329256,4.13,1.579834239057492,25,8,fitted,NUMBER TILE VINTAGE FONT 1,General Giftware,39
72750B,-1.5546245863729047,0.3694758758319231,1.95,15.59244649438111,26,6,fitted,FLOWER FAIRY SET 3 CANDLES LAVENDER,Lighting & Candles,39
90120D,-1.6950974262848952,,4.25,4.75,28,8,category_fallback_implausible_fit,WHITE MURANO TWIST BRACELET,Jewellery & Accessories,39
23482,-2.3146812720872716,,1.65,52.25,8,6,category_fallback_implausible_fit,PEARLISED IVORY HEART LARGE ,General Giftware,39
48173c,-2.3146812720872716,,16.98,3.391304347826087,23,5,category_fallback_implausible_fit,DOORMAT BLACK FLOCK ,General Giftware,39
17129D,-0.5981134829021071,0.01572620171023975,0.9400000000000001,37.829649536642926,11,11,fitted,CLEAR COLOUR GLASS GEMS IN BAG,Bags,39
16054,-2.3054551762229902,0.5529722419310912,0.12000000000000001,42.738784559419265,26,3,fitted,POPART RECT PENCIL SHARPENER ASST,General Giftware,39
22872,-1.4322762758575391,0.24500342063446,2.192222222222222,3.3650887690832048,28,6,fitted,NUMBER TILE COTTAGE GARDEN 4,Garden & Outdoor,39
35240,-2.3146812720872716,,8.49,2.45,20,1,category_fallback_insufficient_price_variation,ENAMEL BLUE RIM OVAL TRAY SET/2,General Giftware,39
16161M,-2.3146812720872716,,0.42,36.206896551724135,29,1,category_fallback_insufficient_price_variation,WRAP  PINK FLOCK,General Giftware,39
84884a,-2.3146812720872716,,8.29,2.24,25,2,category_fallback_insufficient_price_variation,ANT WHITE WIRE HEART SPIRAL,General Giftware,39
84422,-1.445910846473185,0.26902551713405154,0.85,6.20205002150397,33,7,fitted,PINK/BLUE DISC/MIRROR STRING,Jewellery & Accessories,39
23474,-2.6288938636406907,0.10691172149908867,0.868095238095238,43.064419752395864,7,7,fitted,WOODLAND SMALL BLUE FELT HEART,General Giftware,38
84874B,-2.3146812720872716,,1.65,2.806451612903226,31,3,category_fallback_insufficient_price_variation,BLUE TRAVEL FIRST AID KIT,General Giftware,38
90204,-2.3146812720872716,,3.35,1.9615384615384615,26,6,category_fallback_insufficient_price_variation,PAIR OF ENAMEL BUTTERFLY HAIRCLIP,General Giftware,38
85014b,-2.3146812720872716,,12.46,1.9130434782608696,23,2,category_fallback_insufficient_price_variation,RED RETROSPOT UMBRELLA,General Giftware,38
79026B,-2.3146812720872716,,1.25,3.6842105263157894,19,7,category_fallback_implausible_fit,"S/4 ICON COASTER,ELVIS LIVES",General Giftware,38
84882,-0.7346839599123286,0.1558099474363297,3.75,2.0320047214728105,32,4,fitted,GREEN WIRE STANDING CANDLE HOLDER,Lighting & Candles,38
72225C,-3.616770889199697,0.25432659427449344,0.29,24.96734014210009,33,4,fitted,LAVENDER SCENT CAKE CANDLE,Lighting & Candles,38
23567,-3.142315545732314,0.5335186683829345,1.4516666666666669,19.312696467501553,9,8,fitted,EGG CUP HENRIETTA HEN PINK,Kitchen & Dining,38
90040B,-7.447605413704552,0.2560927870162051,3.66,1.9058484458764378,31,5,fitted,MURANO STYLE GLASS BRACELET BLACK,Jewellery & Accessories,38
84800L,-2.929457141642126,0.4778436019422396,2.12,7.0580977750704434,31,6,fitted,LARGE WHITE/PINK ROSE ART FLOWER,General Giftware,38
84609,-1.8684726518004708,0.6032857239407764,8.5,4.8826807561230865,31,7,fitted,TALL ROCOCO CANDLE HOLDER,Lighting & Candles,38
90190C,-1.6950974262848952,,2.95,2.375,24,5,category_fallback_insufficient_price_variation,SILVER/AMETHYST DROP EARRINGS LEAF,Jewellery & Accessories,38
35015,-2.3146812720872716,,0.060000000000000005,98.28571428571429,21,4,category_fallback_insufficient_price_variation,JACOBS LADDER SMALL,General Giftware,38
22825,-2.2366473473461657,,7.95,3.5384615384615383,26,3,category_fallback_implausible_fit,DECORATIVE PLANT POT WITH FRIEZE,Garden & Outdoor,38
84827,-1.2927549298269119,0.13702105019775856,0.65,14.091492862413647,23,4,fitted,ASS DES PHONE SPONGE CRAFT STICKER,Cards & Stationery,38
84760S,-2.043381767716686,0.38526622312379033,1.45,7.542295914889037,31,4,fitted,SMALL HANGING GLASS+ZINC LANTERN,Lighting & Candles,38
21752,-0.14685279914784502,0.0013547296680493925,14.95,3.193776108914623,16,8,fitted,GLASS CAKE STAND MIRRORED BASE,Home Decor,38
85166B,-2.187150560001487,0.727944093286151,3.75,3.82198283830251,27,9,fitted,BLACK METAL BAROQUE PHOTO FRAME,Home Decor,38
85023B,-1.6950974262848952,,2.55,9.451612903225806,31,2,category_fallback_implausible_fit,EAU DE NILE JEWELLED PHOTOFRAME,Jewellery & Accessories,38
37479P,-0.497018914027843,0.31393908381596547,0.39,6.161396067106756,27,8,fitted,CUBIC MUG FLOCK PINK ON BROWN,Kitchen & Dining,38
22827,-6.032242682830222,0.39971085224760305,165.0,1.4085491861058563,23,4,fitted,RUSTIC  SEVENTEEN DRAWER SIDEBOARD,General Giftware,37
23529,-5.480791715307728,0.6765052965727449,3.75,21.506551032601454,10,8,fitted,WALL ART DOLLY GIRL ,General Giftware,37
71406C,-2.4004722155049,0.17820799078357807,0.42,5.49718867771281,29,5,fitted,BLACK ORANGE SQUEEZER,General Giftware,37
90186A,-1.6950974262848952,,2.9507142857142865,3.5,22,10,category_fallback_insufficient_price_variation,AMETHYST HOOP EARRING FLORAL LEAF,Jewellery & Accessories,37
23134,-2.3146812720872716,,8.25,62.588235294117645,17,7,category_fallback_implausible_fit,LARGE ZINC HEART WALL ORGANISER,General Giftware,37
23576,-2.3146812720872716,,2.0589999999999997,50.0,3,3,category_fallback_implausible_fit,SNACK TRAY RED VINTAGE DOILY,General Giftware,37
84875D,-2.0626327893090073,0.4100026800939319,1.25,13.035509927071109,16,4,fitted,BLUE SQUARE COMPACT MIRROR,Home Decor,37
84948,-2.278947917977102,,1.6499999999999997,21.23076923076923,13,3,category_fallback_implausible_fit,SILVER HANGING T-LIGHT HOLDER DOME,Lighting & Candles,37
85142,-1.1270116990003982,0.18533202794072967,7.95,2.500792511050724,22,5,fitted,JARDIN ETCHED GLASS GINGER JAR,Bottles & Glassware,37
85160B,-0.9260146232370121,0.37471051324521576,1.25,7.150267194565785,27,7,fitted,BLACK BIRD GARDEN DESIGN MUG,Kitchen & Dining,37
90057,-1.2357361271496539,0.21249752246602338,1.25,61.03874044232111,21,4,fitted,DIAMANTE RING ASSORTED IN BOX.,Jewellery & Accessories,37
79403,-1.8761937236057074,0.2653174573804479,0.85,7.120308267677432,27,10,fitted,FROSTED WHITE BASE ,General Giftware,37
90030B,-1.1359847939608567,0.7531014616379067,5.94,1.3389387995841515,29,7,fitted,RED KUKUI COCONUT SEED NECKLACE,Jewellery & Accessories,37
23691,-2.3146812720872716,,0.42,162.5,6,1,category_fallback_insufficient_price_variation,WRAP KEEP CALM BIRTHDAY,General Giftware,37
90022,-1.6950974262848952,,3.7900000000000005,1.826086956521739,23,7,category_fallback_insufficient_price_variation,EDWARDIAN DROP EARRINGS JET BLACK,Jewellery & Accessories,37
17136A,-2.583334502235826,0.7574411069313943,0.08,30.153396504130985,28,4,fitted,BLUE STONES ON WIRE FOR CANDLE,Lighting & Candles,37
47581B,-0.09101079734210363,0.0016096938845628905,12.75,1.6600693411982588,22,6,fitted,FAIRY CAKE WICKER PICNIC BASKET ,Storage & Boxes,37
90081C,-1.6950974262848952,,4.98,1.7586206896551724,29,7,category_fallback_insufficient_price_variation,LILY BROOCH OLIVE COLOUR,Jewellery & Accessories,37
23125,-1.5902079264043154,0.17387151808538448,1.7877777777777777,5.0884489372992725,17,8,fitted,6PC WOOD PLATE SET DISPOSABLE,Kitchen & Dining,37
84529C,-1.393303688178376,0.20480489491953024,5.903333333333332,4.463068197109818,13,5,fitted,YELLOW KNITTED KIDS RUCKSACK,General Giftware,37
85126,-0.4635108778708212,0.011593773931948381,6.75,3.723859894336451,29,3,fitted,LARGE ROUND CUTGLASS CANDLESTICK,Lighting & Candles,36
23579,-2.3146812720872716,,1.95,24.6,5,4,category_fallback_implausible_fit,SNACK TRAY I LOVE LONDON,General Giftware,36
20862,-1.9494657202550998,0.10990220653773053,2.1,10.702212431964005,15,5,fitted,PINK PATCH PENCIL CASE BLUE HEART,General Giftware,36
90002D,-1.6950974262848952,,3.75,2.3076923076923075,26,5,category_fallback_insufficient_price_variation,FLOWER BURST SILVER RING CRYSTAL,Jewellery & Accessories,36
22885,-1.257250677757872,0.42729636172867436,2.6766666666666663,2.12831046350815,27,9,fitted,NUMBER TILE VINTAGE FONT 6 ,General Giftware,36
20785,-6.1144000361043735,0.2517327816890501,35.96666666666667,2.8596036017304693,26,7,fitted,FUSCHIA RETRO BAR STOOL,General Giftware,36
90199C,-1.6950974262848952,,6.35,2.3333333333333335,24,4,category_fallback_insufficient_price_variation,5 STRAND GLASS NECKLACE CRYSTAL,Jewellery & Accessories,36
16156L,-2.3146812720872716,,0.42,28.78787878787879,33,1,category_fallback_insufficient_price_variation,"WRAP, CAROUSEL",General Giftware,36
16256B,-4.132729198932855,0.7593833549384833,0.43560000000000004,27.03779615942997,22,9,fitted,FLOWER PENCIL/RUBBER+5 MINI PENCILS,General Giftware,36
22761,-9.290558659020252,0.3759448898200273,24.95,1.474074772623391,24,4,fitted,CHEST 7 DRAWER MA CAMPAGNE,General Giftware,36
90129D,-2.4405677367344385,,2.107777777777778,2.76,25,7,category_fallback_implausible_fit,AMBER GLASS TASSLE BAG CHARM,Bags,36
84876D,-1.6850774574737495,0.6692870231201715,3.75,3.3370194825274315,27,8,fitted,BLUE HEART COMPACT MIRROR,Home Decor,36
90019C,-0.5424689643725962,0.0028248570972747578,5.51,1.302120441309439,28,7,fitted,SILVER BLACK ORBIT BRACELET,Jewellery & Accessories,36
84842,-2.0830729857242933,0.7918174782397356,3.75,2.5553496670836218,29,7,fitted,HELLO SAILOR BATHROOM SET,Bath & Body,36
90125D,-1.7761139387507607,0.6879016275257965,3.237222222222222,1.8688065106028564,22,9,fitted,PURPLE BERTIE GLASS BEAD BAG CHARM,Bags,36
81950B,-1.2900955846881927,0.37739546949760716,0.85,3.310288735627171,27,6,fitted,FLOWER BLUE CLOCK W/SUCKER,Home Decor,36
90133,-1.6950974262848952,,4.990833333333334,2.1363636363636362,22,8,category_fallback_insufficient_price_variation,TEAL/FUSCHIA COL BEAD NECKLACE,Jewellery & Accessories,36
20784,-6.6432287418795095,0.29747750450881383,34.0,4.0575808638357636,23,5,fitted,RED RETRO BAR STOOL,General Giftware,36
35819B,-1.5498951685518068,0.6673487940690268,0.38000000000000006,22.80330047355523,21,6,fitted,"ACRYLIC HANGING JEWEL,BLUE",Jewellery & Accessories,36
21414,-1.7330068474009572,0.23366246497435972,2.1,4.825161856211264,24,7,fitted,SCALLOP SHELL SOAP DISH,Bath & Body,36
23455,-2.375411544782531,,2.89,23.0,9,4,category_fallback_insufficient_price_variation,SMALL PARLOUR PICTURE FRAME,Home Decor,36
21438,-2.5565447916340402,,3.75,12.384615384615385,13,1,category_fallback_insufficient_price_variation,TUB 24 HANGING EASTER EGGS SPOTTY,Christmas & Seasonal,36
23456,-2.375411544782531,,4.15,19.75,8,3,category_fallback_insufficient_price_variation,MEDIUM PARLOUR PICTURE FRAME ,Home Decor,36
72801c,-2.278947917977102,,2.46,2.6956521739130435,23,3,category_fallback_insufficient_price_variation,4 ROSE PINK DINNER CANDLES,Lighting & Candles,36
90010B,-4.631149997610559,0.08929215583228589,9.067142857142857,2.5369693190641702,23,8,fitted,BLACK/WHITE GLASS/SILVER BRACELET,Jewellery & Accessories,36
90185D,-1.6950974262848952,,4.2492857142857146,3.227272727272727,22,8,category_fallback_insufficient_price_variation,CRYSTAL DIAMANTE EXPANDABLE RING,Jewellery & Accessories,36
84510c,-2.3146812720872716,,2.46,2.4583333333333335,24,2,category_fallback_insufficient_price_variation,SET OF 4 POLKADOT COASTERS,General Giftware,36
85006,-2.1102651411390863,0.6099358568368616,2.95,3.2844650995360047,27,4,fitted,SET 4 NURSERY DES ROUND BOXES,General Giftware,36
23533,-1.8039023827784735,0.4442218746840858,6.275500000000001,7.103618370435723,10,8,fitted,WALL ART GARDEN HAVEN ,Garden & Outdoor,36
21552,-2.419812818263699,0.21304997062286624,5.95,6.408100496424903,9,5,fitted,CERAMIC BIRDHOUSE BLACK ROSE  LARGE,Garden & Outdoor,36
16052,-2.8283681265921934,0.6156474854603469,0.42,19.082990099626404,27,8,fitted,TEATIME PUSH DOWN RUBBER,General Giftware,36
84925F,-2.27037967938622,0.5138370242232948,2.55,2.7840673619700818,27,6,fitted,PSYCHEDELIC WALL THERMOMETER,General Giftware,36
84908A,-3.3071322555845177,0.7928644986784514,5.91,2.209757989578855,22,5,fitted,PINK 5 PATCH FLOWER CUSHION COVER ,Home Decor,36
84907,-2.0841126760429702,0.6562304403170534,5.79,2.999045363997003,27,6,fitted,PINK YELLOW PATCH CUSHION COVER,Home Decor,36
90003C,-2.3146812720872716,,3.75,1.8571428571428572,28,4,category_fallback_insufficient_price_variation,MIDNIGHT BLUE PAIR HEART HAIR SLIDE,General Giftware,36
23484,-3.2464414488208586,0.7228921046544201,3.021818181818182,15.927928928165235,11,8,fitted,HEART TRELLIS TRIPLE T-LIGHT HOLDER,Lighting & Candles,36
22656,-2.4529194956318796,,210.0,1.8333333333333333,24,2,category_fallback_implausible_fit,VINTAGE BLUE KITCHEN CABINET,Kitchen & Dining,36
20672,-2.067632048282964,0.26236666054716196,1.4385714285714286,10.1803451103421,11,8,fitted,PINK TEATIME PRINT BOWL,Kitchen & Dining,36
90000D,-1.6950974262848952,,6.23,2.0,27,7,category_fallback_insufficient_price_variation,COPPER/OLIVE GREEN FLOWER NECKLACE,Jewellery & Accessories,36
21265,-1.5163884468282285,0.49529169951496466,1.95,11.053135478776486,25,7,fitted,PINK GOOSE FEATHER TREE 60CM,General Giftware,36
90073,-1.6950974262848952,,4.98,1.7586206896551724,29,3,category_fallback_insufficient_price_variation,VINTAGE ENAMEL & CRYSTAL EARRINGS,Jewellery & Accessories,35
22883,-1.4609198851544989,0.6142683180691929,4.13,1.2927032744816327,27,9,fitted,NUMBER TILE VINTAGE FONT 4,General Giftware,35
22881,-1.3562726041380357,0.5853198009912426,4.13,1.2250615618111331,29,7,fitted,NUMBER TILE VINTAGE FONT 2,General Giftware,35
84671B,-5.077815257977364,0.9100640367291528,2.891739130434783,20.882615670832955,5,5,fitted,CROCHET BEAR WITH BLUE STRIPES,General Giftware,35
90070,-1.6950974262848952,,6.23,2.032258064516129,31,5,category_fallback_insufficient_price_variation,RUBY GLASS CLUSTER BRACELET,Jewellery & Accessories,35
35833G,-0.5550703758315163,0.06625536348058347,1.25,6.501728295302091,16,6,fitted,4 GOLD FLOCK CHRISTMAS BALLS,Christmas & Seasonal,35
21444,-0.8297533460220166,0.10585747077907293,3.965,4.7225028995386715,16,7,fitted,BLUE CHALET BIRDFEEDER,General Giftware,35
21099,-2.027956856354901,0.10562243826020645,0.65,10.882790470570942,17,6,fitted,SET/6 STRAWBERRY PAPER CUPS,General Giftware,35
90185C,-1.6950974262848952,,4.25,2.9565217391304346,23,6,category_fallback_insufficient_price_variation,BLACK DIAMANTE EXPANDABLE RING,Jewellery & Accessories,35
90185B,-1.6950974262848952,,4.245,2.8333333333333335,24,7,category_fallback_insufficient_price_variation,AMETHYST DIAMANTE EXPANDABLE RING,Jewellery & Accessories,35
47503G,-3.9641583668538933,0.6447664501514878,1.2706557377049181,17.827577704781508,14,7,fitted,ASS FLORAL PRINT TAPE MEASURE,General Giftware,35
90010E,-1.6950974262848952,,8.95,2.0344827586206895,29,6,category_fallback_insufficient_price_variation,AMBER GLASS/SILVER BRACELET,Jewellery & Accessories,35
84908B,-3.331664955846449,0.7670586427644457,5.91,2.20692293423175,22,4,fitted,BLUE 5 PATCH FLOWER CUSHION COVER,Home Decor,35
90164B,-0.6494507644420877,0.2518396059474637,7.64,1.3845270689450428,32,5,fitted,WHITE  ROSEBUD PEARL BRACELET,Jewellery & Accessories,35
90165B,-1.6950974262848952,,2.54,1.8571428571428572,28,7,category_fallback_insufficient_price_variation,WHITE ROSEBUD  PEARL EARRINGS,Jewellery & Accessories,35
23325,-5.316996037431076,0.19364243460671537,1.6499999999999997,21.839606401299942,15,9,fitted,RUSTIC STRAWBERRY JAM POT SMALL,General Giftware,35
84450B,-2.4862963050989975,0.34750500890613534,0.7463382352941177,5.326892819809976,12,9,fitted,PINK/YELLOW RABBIT SAT EASTER,Christmas & Seasonal,35
90059E,-2.3146812720872716,,1.6749999999999998,2.0357142857142856,28,5,category_fallback_insufficient_price_variation,DIAMANTE HAIR GRIP PACK/2 RUBY,General Giftware,35
23697,-0.12101060296932165,0.00010657241639200343,0.4332258064516129,55.435783526015456,5,5,fitted,A PRETTY THANK YOU CARD,Cards & Stationery,35
90203,-1.6950974262848952,,7.5,3.3181818181818183,22,6,category_fallback_insufficient_price_variation,SILVER CHARM NECKLACE 70CM,Jewellery & Accessories,35
79192A,-0.520219497520025,0.01448842004339912,1.25,3.099632931802911,25,4,fitted,RETRO PLASTIC 70'S TRAY,General Giftware,34
72133,-0.12220235903589917,0.0009867498913052053,1.25,2.969180306742167,24,4,fitted,COLUMBIAN CANDLE RECTANGLE,Lighting & Candles,34
90040A,-3.718002148931401,0.22037263497931636,4.24,1.3325607474761707,25,7,fitted,MURANO STYLE GLASS BRACELET RED,Jewellery & Accessories,34
35922,-0.9429641020029312,0.15438756403847032,4.95,3.4447549447419044,21,4,fitted,EASTER BUNNY WREATH,Christmas & Seasonal,34
90214P,-1.2689655269504165,0.18937158324568082,1.25,1.276109606011,25,5,fitted,"LETTER ""P"" BLING KEY RING",Jewellery & Accessories,34
23472,-0.9113643803813273,0.031188459792043433,14.95,4.174524758742995,11,6,fitted, NINE DRAWER OFFICE TIDY,General Giftware,34
22056,-3.3077085496739187,0.7005926026346923,1.49,15.027794986778177,17,9,fitted,CERAMIC PLATE LOVE HEART DESIGN,Kitchen & Dining,34
47518F,-0.7372393527846239,0.21467384045936388,0.12,18.132151071750236,27,4,fitted,ICON PLACEMAT POP ART ELVIS,General Giftware,34
84927A,-0.9808914677467161,0.6916716574331232,2.1,2.181446770266976,27,7,fitted,WAKE UP COCKEREL TILE HOOK,General Giftware,34
17164D,-2.3146812720872716,,0.42,105.36363636363636,11,5,category_fallback_implausible_fit,ASS COL SMALL SAND FROG P'WEIGHT,General Giftware,34
17012E,-3.1527257401505455,0.7413594981708922,2.5270588235294116,2.447151086209173,16,6,fitted,ORIGAMI OPIUM INCENSE/CANDLE SET ,Lighting & Candles,34
23537,-1.8727511324702153,0.22521335770274176,5.004736842105263,8.63062504767041,10,8,fitted,WALL ART I LOVE LONDON ,General Giftware,34
82011A,-0.4289085678316758,0.0311932845993117,3.75,1.5842702658849912,29,4,fitted,"BATHROOM SCALES, TROPICAL BEACH",Bath & Body,34
46307,-0.1446872855440314,0.007597273420575368,5.91,2.2633443065640493,17,4,fitted,ROSES BLUE BASE CUSHION COVER ,Home Decor,34
23421,-3.014156481647799,0.24579411306049337,2.08,11.6143150430851,13,7,fitted,PANTRY HOOK SPATULA,General Giftware,34
85112,-2.375411544782531,,1.2746728971962615,29.666666666666668,6,4,category_fallback_implausible_fit,S/3 TEAR DROP CUT GLASS DECORATION,Home Decor,34
16169F,-2.3146812720872716,,0.42,88.63636363636364,11,1,category_fallback_insufficient_price_variation,WRAP BLIZZARD,General Giftware,34
84249A,-4.024874284210142,0.9159923522961525,0.6407692307692308,3.099125239831565,26,5,fitted,"GREETING CARD,SQUARE, DOUGHNUTS",Cards & Stationery,34
85040a,-2.278947917977102,,3.29,1.9615384615384615,26,5,category_fallback_insufficient_price_variation,S/4 PINK FLOWER CANDLES IN BOWL,Lighting & Candles,34
23661,-2.8274740143834167,0.41239992461833497,1.716133333333333,21.51664844702251,9,6,fitted,MILK MAIDS MUG ,Kitchen & Dining,34
84932C,-1.3608859562666549,0.6359465568985155,1.95,15.467916116984131,19,4,fitted,SMALL ORIENTAL BLUE FOLDING STOOL,General Giftware,34
84526,-2.3146812720872716,,1.95,21.52,25,5,category_fallback_implausible_fit,GIANT BLACK SUNGLASSES,General Giftware,34
35645,-0.637858743349845,0.07727547581539196,4.25,2.3457144523647138,24,6,fitted,VINTAGE BEAD PINK JEWEL BOX,Jewellery & Accessories,34
23046,-2.278947917977102,,6.65,5.142857142857143,21,2,category_fallback_insufficient_price_variation,PAPER LANTERN 9 POINT DELUXE STAR,Lighting & Candles,34
90018B,-1.6950974262848952,,4.24,1.4137931034482758,29,4,category_fallback_insufficient_price_variation,GOLD M.O.P ORBIT DROP EARRINGS,Jewellery & Accessories,33
37410,-1.6508174274254797,0.80119567398039,1.25,62.565533232758526,13,12,fitted,BLACK AND WHITE PAISLEY FLOWER MUG,Kitchen & Dining,33
23420,-3.7994837189859396,0.3603815378128603,2.08,14.039256850013048,11,4,fitted,PANTRY HOOK TEA STRAINER ,General Giftware,33
20621,-0.3764184337015705,0.004198600824543264,2.1,4.108677052431576,19,2,fitted,ECONOMY PASSPORT COVER ,General Giftware,33
90042A,-1.6950974262848952,,2.54,3.0,21,7,category_fallback_insufficient_price_variation,FRESHWATER PEARL BRACELET GOLD,Jewellery & Accessories,33
84797B,-2.129604136568085,0.7102824290309357,5.734259259259259,41.004933841160394,7,6,fitted,BLUE SAVANNAH PICNIC HAMPER FOR 4,General Giftware,33
45008C,-1.4789287136217695,0.3126546206724282,9.838,3.681549296708591,18,8,fitted,DECORATIVE NET CANOPY CREAM,General Giftware,33
16161G,-2.3146812720872716,,0.1,34.82142857142857,28,1,category_fallback_insufficient_price_variation,WRAP BAD HAIR DAY,General Giftware,33
20865,-3.7586372879474195,0.11537003874563478,2.1,4.752564518230989,18,5,fitted,PATCHWORK PENCIL CASE BUTTERFLY ,General Giftware,33
23597,-2.3146812720872716,,2.95,50.2,5,5,category_fallback_implausible_fit,PAPER BUNTING PAISLEY PARK,General Giftware,33
90082A,-1.6950974262848952,,6.35,2.2222222222222223,27,7,category_fallback_insufficient_price_variation,DIAMANTE BOW BROOCH GREEN COLOUR,Jewellery & Accessories,33
85033G,-0.66055985648279,0.2744294129149887,1.64588779956427,29.133695043698726,6,5,fitted,SET/6 GOLD REINDEER T-LIGHT CANDLES,Christmas & Seasonal,33
79030A,-1.2031502733372985,0.6805290413029487,2.367085020242915,13.883822220021516,12,8,fitted,"TUMBLER, ENGLISH ROSE",General Giftware,33
78124,-1.4733691671866016,0.1862210164870418,1.25,13.174671874191784,26,5,fitted,MAGAZINE RACK GEBRA ASSORTED ,General Giftware,33
85028S,-2.2558745177504664,0.7688317072238781,3.621428571428571,3.7834046054129153,18,6,fitted,FRENCH CHATEAU SMALL FRUITBOWL,Kitchen & Dining,33
90144,-1.6950974262848952,,3.75,1.8928571428571428,28,7,category_fallback_insufficient_price_variation,SILVER DROP EARRINGS WITH FLOWER,Jewellery & Accessories,33
21420,-1.5278550376237214,0.3194781867448624,3.25,2.3351462902329527,27,4,fitted,OYSTER TRINKET BOX,Storage & Boxes,33
90174,-2.3146812720872716,,2.54,1.8888888888888888,27,4,category_fallback_insufficient_price_variation,BUTTERFLY HAIR BAND,General Giftware,33
23575,-2.3146812720872716,,2.1556603773584904,43.666666666666664,3,3,category_fallback_implausible_fit,SNACK TRAY PAISLEY PARK,General Giftware,33
85026B,-1.529120421061705,0.16129121839448002,0.85,6.845138175743646,27,4,fitted,EAU DE NILE JEWELLED T-LIGHT HOLDER,Lighting & Candles,33
47369B,-0.7092495271467679,0.1767083526476504,2.95,2.402705132344554,18,5,fitted,BLUE GREEN EMBROIDERY COSMETIC BAG,Bags,33
84482,-1.111947952864888,0.04840004524653585,3.75,2.721757324500356,21,3,fitted,BUTTONS DESIGN JEWELLERY BOX,Jewellery & Accessories,33
37479B,-0.5632914094483668,0.13046507892425618,0.85,7.842113251187715,25,11,fitted,CUBIC MUG FLOCK BLUE ON BROWN,Kitchen & Dining,33
21299,-2.06771657470726,0.6706276041522035,12.75,2.5577882954021205,14,6,fitted,EDWARDIAN TOILET ROLL UNIT ,General Giftware,33
77081,-2.9587853279390153,0.5264062431981253,1.3154885654885653,9.156299791954735,20,9,fitted,FLOWER WINDMILL,General Giftware,33
84666,-2.3146812720872716,,3.9500000000000006,14.125,16,3,category_fallback_insufficient_price_variation,SQUARE CHERRY BLOSSOM CABINET,General Giftware,33
21087,-0.6891714569011578,0.13425883297414343,0.65,7.60196914710834,22,9,fitted,SET/6 POSIES PAPER CUPS,General Giftware,33
22873,-1.4063544303937128,0.25264659386167865,1.95,3.300471857693833,27,4,fitted,NUMBER TILE COTTAGE GARDEN 5,Garden & Outdoor,32
23069,-2.375411544782531,,6.25,4.238095238095238,21,1,category_fallback_insufficient_price_variation,EDWARDIAN PHOTO FRAME,Home Decor,32
90166,-1.6950974262848952,,4.24,1.7083333333333333,24,6,category_fallback_insufficient_price_variation,PINK & WHITE ROSEBUD RING,Jewellery & Accessories,32
90122A,-1.6950974262848952,,4.968999999999999,2.1538461538461537,26,6,category_fallback_insufficient_price_variation,PINK CRYSTAL+GLASS BRACELET,Jewellery & Accessories,32
37462B,-3.4397357438994067,0.6469846756622953,0.84,1.7080086164983768,21,5,fitted,"PET MUG, BUDGIE",Kitchen & Dining,32
84926C,-1.6803221520384934,0.14000653095255944,1.25,8.59254820722081,14,6,fitted,FAIRY CAKES TILE COASTER,General Giftware,32
90183A,-1.6950974262848952,,2.9464285714285716,2.25,24,8,category_fallback_insufficient_price_variation,AMBER DROP EARRINGS W LONG BEADS,Jewellery & Accessories,32
85160A,-1.390723048341938,0.627970282931994,1.25,14.632658521444196,23,8,fitted,WHITE BIRD GARDEN DESIGN MUG,Kitchen & Dining,32
79342B,-1.9592407825554643,0.27552546412335377,6.75,5.911988846761316,13,5,fitted,BROWN FLOWER LIGHTS,Lighting & Candles,32
90199B,-1.6950974262848952,,6.35,1.6818181818181819,22,10,category_fallback_insufficient_price_variation,5 STRAND GLASS NECKLACE AMETHYST,Jewellery & Accessories,32
46775A,-2.365687604797277,0.5130077952014933,16.95,5.700560363666471,6,4,fitted,BUBBLE GUM CHUNKY KNITTED THROW ,General Giftware,32
20787,-0.5255860628098739,0.009645091732188193,34.4875,2.6616285971128564,16,6,fitted,BLUE RETRO BAR STOOL,General Giftware,32
22856,-1.0010930731705387,0.07254682749562369,1.25,20.550395887018947,21,4,fitted,ASSORTED EASTER DECORATIONS  BELLS,Christmas & Seasonal,32
23520,-1.844333118192324,0.03821266848272353,3.75,5.109954587894588,11,3,fitted,EMBROIDERED RIBBON REEL RUBY ,Cards & Stationery,32
23428,-2.4529194956318796,,8.432666666666666,16.75,4,3,category_fallback_implausible_fit,IVORY RETRO KITCHEN WALL CLOCK,Kitchen & Dining,32
35809B,-0.9761544889329032,0.06133562395220993,2.1,2.840628626578885,22,6,fitted,ENAMEL BLUE RIM TEA CONTAINER,General Giftware,32
85161,-1.6830029770778636,0.290451572545938,18.95,1.3762555125615068,25,6,fitted,ACRYLIC GEOMETRIC LAMP,Lighting & Candles,32
84856S,-3.623352201319213,0.20666710088195617,4.65,6.45640358339363,21,7,fitted,SMALL TAHITI BEACH BAG,Bags,32
23557,-2.375411544782531,,12.5,43.75,8,4,category_fallback_implausible_fit,LANDMARK FRAME BAKER STREET ,Home Decor,32
23522,-2.7132494309047397,0.6407323557312279,3.0265714285714287,11.872896211721331,10,9,fitted,WALL ART DOG AND BALL ,General Giftware,32
84799,-1.4618830336374855,0.461719157382265,1.25,11.329592015054684,25,3,fitted,SPRIG LAVENDER ARTIFICIAL FLOWER,General Giftware,32
90003D,-2.3146812720872716,,3.75,2.5,24,8,category_fallback_insufficient_price_variation,CRYSTAL PAIR HEART HAIR SLIDES,General Giftware,32
84559D,-1.7244392631999426,0.03478888495576027,0.85,4.828894783297869,22,4,fitted,3D SHEET OF SEA WORLD STICKERS,Cards & Stationery,32
47598,-1.1706772544769959,0.18510770089216644,0.55,7.437189094562435,17,7,fitted,NEW ENGLAND EGG WARMER,General Giftware,32
23538,-3.8452761412808156,0.6015669907938703,4.950000000000001,13.483288855117951,9,7,fitted,WALL ART VINTAGE HEART,General Giftware,32
16049,-2.091400689123342,0.7701227980471494,0.42,28.924902767464314,20,10,fitted,TEATIME GEL PENS ASST,General Giftware,32
35607A,-0.7764167175444734,0.12819660835138014,0.19000000000000003,15.948215594651472,20,5,fitted,PINK FLUFFY CHRISTMAS DECORATION,Christmas & Seasonal,32
90186B,-1.6950974262848952,,2.95,2.4166666666666665,24,9,category_fallback_insufficient_price_variation,CRYSTAL HOOP EARRING FLORAL LEAF,Jewellery & Accessories,32
21686,-2.3146812720872716,,39.95,2.3703703703703702,27,4,category_fallback_implausible_fit,MEDINA STAMPED METAL STOOL,General Giftware,32
90085,-2.9806577580596736,0.44674717245964213,0.85,11.217209011155587,20,6,fitted,CRYSTAL STILETTO PHONE CHARM,General Giftware,31
35912B,-1.111185777404298,0.18757024955355117,1.25,5.5916589122364755,25,5,fitted,WHITE/PINK CHICK DECORATION,Home Decor,31
23185,-2.5827688984064956,,0.29,15.55,20,3,category_fallback_implausible_fit,FRENCH STYLE STORAGE JAR JAM,Storage & Boxes,31
21663,-0.8837791662499778,0.06193450958508828,5.95,3.199177940391875,15,7,fitted,VINTAGE GLASS SUGAR CADDY,Bottles & Glassware,31
72132,-2.1651655434806147,0.5047078670044598,1.95,3.541941488083596,20,5,fitted,COLUMBIAN CUBE CANDLE,Lighting & Candles,31
72134,-1.7913035391938266,0.6525455485915056,0.85,3.7480743228065485,24,7,fitted,COLUMBIAN  CUBE CANDLE ,Lighting & Candles,31
20786,-5.854664564749621,0.12719684067715753,34.0,4.4358411482611215,17,8,fitted,BLACK RETRO BAR STOOL,General Giftware,31
17013D,-1.7788728998504049,0.7314534054807957,1.6499999999999997,5.869082048536689,26,7,fitted,ORIGAMI ROSE INCENSE IN TUBE,General Giftware,31
84660c,-2.375411544782531,,7.46,1.4782608695652173,23,2,category_fallback_insufficient_price_variation,PINK STITCHED WALL CLOCK,Home Decor,31
22875,-1.2779841483051262,0.17175372032722247,1.95,3.783107406373883,23,5,fitted,NUMBER TILE COTTAGE GARDEN 7,Garden & Outdoor,31
17090D,-2.5827688984064956,,1.25,3.4583333333333335,24,1,category_fallback_insufficient_price_variation,VANILLA INCENSE 40 CONES IN TIN,Storage & Boxes,31
85014a,-2.3146812720872716,,12.72,1.7619047619047619,21,3,category_fallback_insufficient_price_variation,BLACK/BLUE POLKADOT UMBRELLA,General Giftware,31
90082B,-1.6950974262848952,,6.35,3.090909090909091,22,2,category_fallback_insufficient_price_variation,DIAMANTE BOW BROOCH RED COLOUR,Jewellery & Accessories,31
84806B,-1.4777907307588016,0.1191943169253804,1.45,9.138833267796928,27,4,fitted,WHITE CANDYSTUFT ARTIFICIAL FLOWER,General Giftware,31
84824,-2.3146812720872716,,15.95,2.125,16,6,category_fallback_implausible_fit,DANISH ROSE UMBRELLA STAND,General Giftware,31
16047,-2.4916142514113617,0.6434394221950352,0.85,7.393466640516297,22,4,fitted,POP ART PEN CASE & PENS,Cards & Stationery,31
90124B,-1.6950974262848952,,9.96,1.7391304347826086,23,5,category_fallback_insufficient_price_variation,BLUE MURANO TWIST NECKLACE,Jewellery & Accessories,31
35980C,-2.3146812720872716,,0.38,21.22222222222222,18,4,category_fallback_insufficient_price_variation,REDWHITE STRIPE SCANDINAVIAN HEART ,General Giftware,31
21734,-0.2026801314858099,0.005572612488102591,5.651755555555556,6.06361443835774,12,9,fitted,SMALL MARAKESH LANTERN ON STICK,Lighting & Candles,31
23475,-2.3146812720872716,,0.83,40.857142857142854,7,5,category_fallback_insufficient_price_variation,WOODLAND SMALL PINK FELT HEART,General Giftware,31
21780,-2.3146812720872716,,8.06904761904762,48.75,4,4,category_fallback_implausible_fit,MA CAMPAGNE 4 DRAWER WALL SHELF,General Giftware,31
23457,-2.375411544782531,,4.95,12.333333333333334,9,3,category_fallback_insufficient_price_variation,LARGE PARLOUR PICTURE FRAME,Home Decor,31
85089,-1.557898559084963,0.25881875776281393,2.9500000000000006,4.7556413939007545,19,6,fitted,CANDY SPOT BUNNY,General Giftware,31
84576,-1.3331775120878822,0.5283037313739523,5.95,1.8476272895365566,21,7,fitted,BLUE CAT BISCUIT BARREL PINK HEART,General Giftware,31
21228,-2.375411544782531,,1.25,4.173913043478261,23,1,category_fallback_insufficient_price_variation,"POCKET MIRROR ""GLAMOROUS""",Home Decor,31
23496,-2.4529194956318796,,1.25,16.0,7,4,category_fallback_implausible_fit,PANTRY KITCHEN THERMOMETER ,Kitchen & Dining,31
47586A,-3.4485421793974584,0.7580579358013899,2.55,2.2164159622695587,22,3,fitted,PINK FAIRY CAKE CUSHION COVER,Home Decor,31
90190A,-1.6950974262848952,,2.95,2.2,20,7,category_fallback_insufficient_price_variation,SILVER/CRYSTAL DROP EARRINGS W LEAF,Jewellery & Accessories,31
23532,-2.300941345074107,0.29979891318268415,4.95,7.074002053754702,10,7,fitted,WALL ART WORK REST AND PLAY  ,General Giftware,31
85145,-0.9001754090560231,0.27630988034947546,12.75,2.317562770786811,21,4,fitted,JARDIN ETCHED GLASS LARGE BELL JAR,Bottles & Glassware,31
85030,-1.411864583740184,0.43930710966725584,7.95,1.7280430467762302,17,4,fitted,FRENCH CHATEAU OVAL PLATTER,General Giftware,31
84509E,-1.2213899941758148,0.4698050490243372,3.75,2.122327572957609,24,10,fitted,SET OF 4 CAROUSEL PLACEMATS ,General Giftware,31
84532B,-2.3146812720872716,,6.293333333333333,3.857142857142857,14,8,category_fallback_implausible_fit,FAIRY CAKES RECTANGLUAR BOXES,General Giftware,31
20664,-2.3146812720872716,,2.95,2.375,24,3,category_fallback_implausible_fit,TROPICAL HOLIDAY PURSE ,General Giftware,31
20993,-2.3502695456992098,0.8576320953834884,0.8500000000000001,11.557454103725917,12,10,fitted,JAZZ HEARTS MEMO PAD,General Giftware,31
20991,-4.052927203650803,0.6063125146246884,0.78,17.718782264691022,9,9,fitted,JAZZ HEARTS MAGNETIC MEMO PAD,General Giftware,31
23458,-2.3146812720872716,,14.95,6.375,8,2,category_fallback_insufficient_price_variation,DOLLY CABINET 3 DRAWERS ,General Giftware,30
23027,-2.2316348529077747,,2.08,16.38888888888889,18,3,category_fallback_insufficient_price_variation,DRAWER KNOB VINTAGE GLASS HEXAGON,Bottles & Glassware,30
22039,-4.784712044290443,0.08478166641476304,0.42,30.974134208846326,23,2,fitted,BOTANICAL LILY GIFT WRAP,Cards & Stationery,30
23481,-2.3146812720872716,,1.25,25.375,8,1,category_fallback_insufficient_price_variation,PEARLISED IVORY HEART SMALL ,General Giftware,30
84927E,-1.0390580607995692,0.524612698952954,2.1,2.7308914669418627,24,7,fitted,FLOWERS TILE HOOK,General Giftware,30
21331,-1.4405360768490294,0.3918915038632905,12.75,2.1590119345924212,25,7,fitted,MOROCCAN BEATEN METAL DISH LARGE,General Giftware,30
84927D,-1.283255773558214,0.7375924638031057,2.1,2.9391711973675285,20,7,fitted,LA PALMIERA TILE HOOK,General Giftware,30
22871,-2.267402130579468,0.610364440164155,4.13,1.1449618105450674,26,4,fitted,NUMBER TILE COTTAGE GARDEN 3 ,Garden & Outdoor,30
90058B,-1.6950974262848952,,0.38,50.81818181818182,22,2,category_fallback_implausible_fit,CRYSTAL STUD EARRINGS ASSORTED COL ,Jewellery & Accessories,30
21729,-2.713087004621438,0.8171518729964575,3.69,13.374459211517769,7,6,fitted,SMALL MARAKESH METAL  LANTERN ,Lighting & Candles,30
84725,-0.6271849768964839,0.13336143082393404,1.65,2.6809572460514275,22,4,fitted,FREESTYLE CANVAS ART PICTURE,General Giftware,30
90214F,-0.9313071278821164,0.18902931551695268,0.84,1.6882530818183135,22,5,fitted,"LETTER ""F"" BLING KEY RING",Jewellery & Accessories,30
90212B,-1.6950974262848952,,3.81,1.8636363636363635,22,6,category_fallback_insufficient_price_variation,JET BLACK LAS VEGAS BRACELET ROUND,Jewellery & Accessories,30
72812,-1.6416313818899093,0.3995652920197693,4.13,1.7550424212456641,25,5,fitted,LARGE ZINC GLASS CANDLEHOLDER,Lighting & Candles,30
37462E,-1.1897786217816935,0.3157816759534391,0.83,1.5335694337883103,23,7,fitted,"PET MUG, GOLDFISH",Kitchen & Dining,30
84909A,-2.3399154034414833,0.5640215798477719,13.106989247311828,19.117508685394395,7,4,fitted,PINK PAISLEY QUILT ,General Giftware,30
21493,-2.375411544782531,,0.8791984732824427,68.0,4,3,category_fallback_implausible_fit, VINTAGE DESIGN GIFT TAGS,Home Decor,30
84306,-0.22068394447354908,0.0072461879927160355,10.95,2.0675618291107374,19,6,fitted,S/3 PINK SQUARE PLANTERS ROSES,General Giftware,30
85146,-1.6197125070795826,0.33739761631234844,5.95,4.073296899654216,19,6,fitted,JARDIN ETCHED GLASS SMALL BELL JAR,Bottles & Glassware,30
90010A,-5.679362580635482,0.11955300585691153,9.431666666666667,1.445621109600427,24,5,fitted,MIDNIGHT BLUE GLASS/SILVER BRACELET,Jewellery & Accessories,30
90016B,-1.6950974262848952,,8.5,1.5416666666666667,24,4,category_fallback_insufficient_price_variation,GOLD/M.O.P PENDANT ORBIT NECKLACE,Jewellery & Accessories,30
72351a,-2.278947917977102,,4.21,1.6,25,2,category_fallback_insufficient_price_variation,SET/6 TURQUOISE BUTTERFLY T-LIGHTS,Lighting & Candles,30
84219,-2.5827688984064956,,2.55,15.444444444444445,9,4,category_fallback_implausible_fit,BOX/12 MOTHER & CHICK IN BASKET/BOW,Storage & Boxes,30
84247K,-0.16568777906085103,0.001311077785046244,2.95,1.8134896123654634,24,5,fitted,"FOLK ART GREETING CARD,pack/12",Cards & Stationery,30
84858C,-1.9910752720548257,0.8455229172790856,5.95,2.0518798568126195,22,6,fitted,PINK RIVIERA HANDBAG,Bags,30
90072,-5.555264066529518,0.27776598431644084,4.15,1.225743808767167,27,6,fitted,RUBY DROP CHANDELIER EARRINGS,Jewellery & Accessories,30
20818,-1.2678245910063244,0.3268330473051101,3.75,2.509904932953755,20,6,fitted,GOLD TEDDY BEAR,General Giftware,30
84993a,-2.3146812720872716,,0.83,1.8888888888888888,27,2,category_fallback_insufficient_price_variation,75 GREEN PETIT FOUR CASES,General Giftware,30
84711B,-2.5827688984064956,,9.95,1.56,25,6,category_fallback_implausible_fit,PINK OVAL SHAPE TRINKET BOX,Storage & Boxes,30
20660,-2.3146812720872716,,1.25,6.083333333333333,12,1,category_fallback_insufficient_price_variation,VIP LUGGAGE TAG ,General Giftware,29
21117,-1.1759722856215977,0.43820542636960425,1.25,11.64805883056735,24,3,fitted,BLOND DOLL DOORSTOP,Toys & Games,29
82001s,-2.375411544782531,,7.46,7.352941176470588,17,3,category_fallback_insufficient_price_variation,SILVER RECORD COVER FRAME,Home Decor,29
22874,-2.396469450651432,0.6093290512353844,2.192222222222222,6.254153730760406,17,7,fitted,NUMBER TILE COTTAGE GARDEN 6,Garden & Outdoor,29
90122C,-1.6950974262848952,,4.978,2.3043478260869565,23,5,category_fallback_insufficient_price_variation,TURQUOISE CRYSTAL+GLASS BRACELET,Jewellery & Accessories,29
84762A,-1.8607490016203925,0.10960914759338447,9.61,2.2310221720206544,15,7,fitted,WHITE PICNIC BARBECUE BUCKET,General Giftware,29
90014B,-1.6950974262848952,,9.95,1.36,25,5,category_fallback_implausible_fit,GOLD M PEARL  ORBIT NECKLACE,Jewellery & Accessories,29
21388,-3.5073795961904275,0.4905592170784495,0.85,20.921230889842363,12,3,fitted,IVORY HANGING DECORATION  CHICKEN,Home Decor,29
85185C,-2.3146812720872716,,2.95,3.2222222222222223,18,3,category_fallback_insufficient_price_variation,COW  SOCK PUPPET,General Giftware,29
23072,-1.83021298328899,0.733474041690766,12.5,3.855928013789422,16,6,fitted,MARIE ANTOINETTE TRINKET BOX SILVER,Storage & Boxes,29
47592B,-3.271704166888766,0.15233239560483824,2.1,3.4282385211603104,13,3,fitted,SCOTTIES DESIGN CHILD'S OVERALL,Home Decor,29
90101,-1.6950974262848952,,2.54,2.08,25,4,category_fallback_insufficient_price_variation,WHITE FRANGIPANI NECKLACE,Jewellery & Accessories,29
20864,-6.280332297522184,0.2262243315223471,2.1,4.953856119212231,18,4,fitted,DENIM PATCH PENCIL CASE BUTTERFLY,General Giftware,29
47574B,-2.3146812720872716,,4.25,2.5,20,1,category_fallback_insufficient_price_variation,ENGLISH ROSE SCENTED HANGING HEART,General Giftware,29
16162L,-2.6040180129616273,0.8421436670464195,0.65,5.211886938215532,25,7,fitted,THE KING GIFT BAG,Bags,29
22886,-1.3500695962276108,0.515910405809543,2.6766666666666663,1.859286070561559,25,8,fitted,NUMBER TILE VINTAGE FONT 7,General Giftware,29
90019B,-1.8454335994040119,0.051414629140781765,5.4,1.2361029391345653,24,3,fitted,GOLD M.O.P ORBIT BRACELET,Jewellery & Accessories,29
72140E,-4.174626857028688,0.27702301286762965,0.85,3.1009573497104874,24,5,fitted,BEST DAD CANDLE LETTERS,Lighting & Candles,29
21303,-1.8360725731852185,0.5580901285110612,16.95,3.244487521220064,11,6,fitted,FILIGREE WALL MIRROR  ANTIQUE WHITE,Home Decor,29
90103,-1.6950974262848952,,2.54,2.0476190476190474,21,6,category_fallback_insufficient_price_variation,PURPLE FRANGIPANI NECKLACE,Jewellery & Accessories,29
23139,-1.5096761933513416,0.2556650007431849,1.45,6.636594541448635,22,7,fitted,SINGLE WIRE HOOK PINK HEART,General Giftware,29
84358,-0.8781777345808397,0.2481316731907136,9.95,2.3398373074368464,26,5,fitted,FLOOR LAMP SHADE WOOD BASE,Lighting & Candles,29
37444B,-1.7727445591042155,0.9167614269094211,2.95,3.1409607741359826,21,6,fitted,BLUE BREAKFAST CUP AND SAUCER ,Kitchen & Dining,29
21649,-6.040607529861123,0.5424356238600488,2.9500000000000006,56.297596892402964,5,5,fitted,ASSORTED TUTTI FRUTTI PHOTO FRAME,Home Decor,29
84823,-0.8257299747183174,0.2012231003547148,7.950000000000002,6.378708908582108,9,3,fitted,DANISH ROSE FOLDING CHAIR,General Giftware,29
90180A,-1.6950974262848952,,9.95,1.95,20,5,category_fallback_insufficient_price_variation,BLACK+WHITE NECKLACE W TASSEL,Jewellery & Accessories,28
44235,-2.3146812720872716,,0.42,43.36842105263158,19,4,category_fallback_implausible_fit,ASS COL CIRCLE MOBILE ,General Giftware,28
84766,-2.0220744414085354,0.6780916506261754,5.95,2.7326297626746396,21,4,fitted,SILVER ROCOCO CANDLE STICK,Lighting & Candles,28
23019,-1.6950974262848952,,8.25,4.5,18,5,category_fallback_implausible_fit,SMALL APOTHECARY MEASURING JAR ,Jewellery & Accessories,28
47343A,-1.0126300194297508,0.08441762760228244,1.49,4.567819749972978,20,3,fitted,FUSCHIA FLOWER PURSE WITH BEADS,General Giftware,28
17090A,-6.4848433849973794,0.4492786698142148,1.25,2.9071973351726177,24,3,fitted,LAVENDER INCENSE 40 CONES IN TIN,Storage & Boxes,28
90089,-1.7031055505441233,0.5199571518155393,1.63,1.3335847253431439,23,7,fitted,PINK CRYSTAL SKULL PHONE CHARM,General Giftware,28
20795,-1.3304886951173143,0.2895530907647281,2.1,4.420314527878069,24,5,fitted,LARGE BLUE PROVENCAL CERAMIC BALL,General Giftware,28
20714,-2.673271553141177,0.8200351978974416,0.39289473684210524,355.01272075098717,5,4,fitted,POSY SHOPPER BAG,Bags,28
51012C,-2.3146812720872716,,1.25,21.375,8,1,category_fallback_insufficient_price_variation,"FEATHER DUSTER, COAL BLACK",General Giftware,28
22868,-2.3691869215461208,0.6080007700363392,2.4477777777777776,3.7707971035707284,22,5,fitted,NUMBER TILE COTTAGE GARDEN 0 ,Garden & Outdoor,28
35933,-1.1834182658019718,0.4761477481714569,0.38,14.948595757277555,18,4,fitted,PINK STOCKING CHRISTMAS DECORATION,Christmas & Seasonal,28
21736,-0.678198680713948,0.014658957534472106,2.1,6.230059995733004,22,3,fitted,GOLD SCROLL GLASS T-LIGHT HOLDER,Lighting & Candles,28
47013C,-0.2883534480925222,0.027979430925000104,0.29,4.302772173471213,23,6,fitted,WINE BOTTLE DRESSING DARK BLUE,Bottles & Glassware,28
16244B,-3.6015806182572048,0.5168913629439844,4.21,2.525223995084401,14,8,fitted,MAXWELL 2 TONE BLUE 60 PAGE PHOTO A,General Giftware,28
16244A,-3.985307072348332,0.6500031228430602,4.21,3.47805992821095,12,6,fitted,MAXWELL 2 TONE PINK 60 PAGE PHOTO A,General Giftware,28
82093,-2.235801446781805,0.5718777232763221,2.60125,13.033054912979942,6,6,fitted,HEART SHAPE BUTTON FRAME ,Home Decor,28
84619,-2.153720047039118,0.8323616512339224,45.95,2.145439094140707,9,4,fitted,BLUE GINGHAM ROSE QUILT ,General Giftware,28
47369A,-0.4444697514401076,0.05633596283343567,2.95,2.3068737943588573,17,7,fitted,PINK GREEN EMBROIDERY COSMETIC BAG,Bags,28
21341,-0.14764285712779074,0.004107427358783777,4.65,3.5079326456614712,11,6,fitted,KASBAH LANTERN WITH GLASS ,Lighting & Candles,28
21276,-3.511942167861033,0.9275952526819887,6.95,2.5550397854378475,9,5,fitted,TWO EMBOSSED HEART MINI DRAWERS,General Giftware,28
35979,-2.821711617468137,0.1808557593433413,3.488409090909091,6.627973997218282,6,6,fitted,SIX STRING SCANDINAVIAN HEART DECS,Jewellery & Accessories,28
84472,-3.1840798265066446,0.2747949317900513,45.95,2.0773875728634312,17,5,fitted,PINK AND LILAC QUILTED THROW ,General Giftware,28
22887,-1.5748008884583655,0.6750086297852431,4.13,0.9219982257046179,25,6,fitted,NUMBER TILE VINTAGE FONT 8,General Giftware,28
90036E,-2.2316348529077747,,7.95,1.9565217391304348,23,6,category_fallback_insufficient_price_variation,"FLOWER GLASS GARLD NECKL36""AMETHYST",Bottles & Glassware,28
90099,-1.6950974262848952,,2.55,2.7222222222222223,18,4,category_fallback_implausible_fit,NECKLACE+BRACELET SET BLUE HIBISCUS,Jewellery & Accessories,28
23039,-3.5319236441650688,0.6960272279600016,1.95,14.11547271865893,14,7,fitted,T-LIGHT HOLDER SILVER HEART HANDLE,Lighting & Candles,28
23417,-1.8480387837158745,0.7195061527670338,1.65,7.5322561709125075,10,8,fitted,BATHROOM HOOK,Bath & Body,28
22877,-1.6633365054949714,0.3113893192357625,1.95,5.43017879182269,19,4,fitted,NUMBER TILE COTTAGE GARDEN 9,Garden & Outdoor,28
90195B,-1.6950974262848952,,8.95,3.588235294117647,17,3,category_fallback_insufficient_price_variation,BLACK GEMSTONE BRACELET,Jewellery & Accessories,28
90118,-2.4405677367344385,,2.46,1.9523809523809523,21,5,category_fallback_insufficient_price_variation,PINK DAISY BAG CHARM,Bags,28
90211B,-1.6950974262848952,,5.942500000000001,1.95,20,8,category_fallback_insufficient_price_variation,JET BLACK LAS VEGAS NECKLACE 45CM,Jewellery & Accessories,28
90214I,-0.5552582964271314,0.0504043193460505,0.85,2.062628049444011,21,6,fitted,"LETTER ""I"" BLING KEY RING",Jewellery & Accessories,28
23042,-1.6749088003740147,0.20472704860929347,6.65,4.76180127993164,18,5,fitted,PAPER LANTERN 7 POINT SNOW STAR,Lighting & Candles,28
10080,-2.492287770201656,0.5212850385840276,0.38999999999999996,15.119052598738495,20,4,fitted,GROOVY CACTUS INFLATABLE,General Giftware,28
21460,-0.43926912081994457,0.008918026594518791,1.95,3.613564719195108,18,7,fitted,GREEN EASTER EGG HUNT START POST,Christmas & Seasonal,27
23471,-5.420964746709421,0.38310168054363414,9.95,4.194798129323551,10,4,fitted,SIX DRAWER OFFICE TIDY,General Giftware,27
72739B,-2.139187237954532,0.780753674338662,1.3770588235294117,18.891656013681835,8,7,fitted,WHITE CHOCOLATE SCENT CANDLE,Lighting & Candles,27
15030,-2.375411544782531,,0.29,10.583333333333334,24,1,category_fallback_insufficient_price_variation,FAN BLACK FRAME ,Home Decor,27
90160B,-1.6950974262848952,,6.95,3.0,23,3,category_fallback_insufficient_price_variation,RED BOUDICCA LARGE BRACELET,Jewellery & Accessories,27
90165A,-1.6950974262848952,,2.54,1.9090909090909092,22,5,category_fallback_insufficient_price_variation,PINK ROSEBUD PEARL EARRINGS,Jewellery & Accessories,27
23044,-2.278947917977102,,4.15,6.0588235294117645,17,2,category_fallback_insufficient_price_variation,PAPER LANTERN 9 POINT HOLLY STAR S,Lighting & Candles,27
90210B,-1.3296534486622678,0.30445155187186035,2.9500000000000006,2.9888961940572054,19,7,fitted,CLEAR ACRYLIC FACETED BANGLE,General Giftware,27
20847,-0.7367238844428029,0.07581810019164559,3.75,2.6389513264366085,25,4,fitted,ZINC HEART LATTICE CHARGER LARGE,General Giftware,27
75178,-2.7251424883347917,0.7016655989070024,1.25,4.314666015723383,20,8,fitted,ASSTD COL BUTTERFLY/CRYSTAL W/CHIME,General Giftware,27
90185A,-1.6950974262848952,,4.24,2.4347826086956523,23,5,category_fallback_insufficient_price_variation,AMBER DIAMANTE EXPANDABLE RING,Jewellery & Accessories,27
35818P,-1.059769997021815,0.3949858071004251,0.38,18.95766803674793,19,4,fitted,"ACRYLIC JEWEL ICICLE, PINK",Jewellery & Accessories,27
84510E,-0.6794278152231622,0.2426559482330698,1.88,1.61026986874747,24,7,fitted,SET OF 4 GREEN CAROUSEL COASTERS,General Giftware,27
20851,-2.3146812720872716,,5.95,2.0,23,1,category_fallback_insufficient_price_variation,ZINC HEART LATTICE TRAY OVAL ,General Giftware,27
21312,-1.899333316919756,0.5897417315694209,6.75,3.624071293671218,17,6,fitted,LARGE CHUNKY GLASS ROMAN BOWL,Kitchen & Dining,27
21335,-0.4727137755684211,0.030028702414059527,21.95,2.123018756290565,17,5,fitted,LIBRARY LAMP,Lighting & Candles,27
84925D,-4.860009494003086,0.6637426926684687,2.55,2.032218141853337,20,3,fitted,LA PALMIERA WALL THERMOMETER,General Giftware,27
90171,-1.6950974262848952,,1.2600000000000002,4.2727272727272725,11,5,category_fallback_insufficient_price_variation,DAISY RING,Jewellery & Accessories,27
23023,-5.95612364824691,0.19359363047262235,1.6499999999999997,14.06671981167366,15,5,fitted,RIDGED BONNE JAM JAR T-LIGHT HOLDER,Lighting & Candles,27
23021,-2.2064004414911835,0.44314336822379075,4.15,5.990411663212958,16,3,fitted,GLASS BONNE JAM JAR,Bottles & Glassware,27
21092,-3.169657480798079,0.3237264197417171,0.9123076923076923,15.279691431007784,13,9,fitted,SET/6 STRAWBERRY PAPER PLATES,Kitchen & Dining,27
37506,-2.5827688984064956,,5.95,1.4782608695652173,23,1,category_fallback_insufficient_price_variation,NEW ENGLAND MILK JUG W GIFT BOX,Storage & Boxes,27
90175B,-1.6950974262848952,,9.15,1.565217391304348,23,5,category_fallback_insufficient_price_variation,PINK GLASS CHUNKY CHARM BRACELET,Jewellery & Accessories,27
90177D,-1.6950974262848952,,2.95,2.526315789473684,19,5,category_fallback_insufficient_price_variation,DROP DIAMANTE EARRINGS PURPLE,Jewellery & Accessories,27
90177C,-1.6950974262848952,,2.95,2.0,20,7,category_fallback_insufficient_price_variation,DROP DIAMANTE EARRINGS CRYSTAL,Jewellery & Accessories,27
23492,-2.3146812720872716,,8.25,9.375,8,1,category_fallback_insufficient_price_variation,VINTAGE JINGLE BELLS WREATH,General Giftware,27
85028L,-1.2510864063190121,0.4920356448778034,7.95,1.7098764625373497,20,4,fitted,FRENCH CHATEAU LARGE FRUIT BOWL ,Kitchen & Dining,26
21761,-2.2316348529077747,,29.95,3.35,20,2,category_fallback_implausible_fit,WOOD AND GLASS MEDICINE CABINET,Bottles & Glassware,26
35913B,-2.5565447916340402,,0.85,6.0588235294117645,17,2,category_fallback_implausible_fit,WHITE/PINK CHICK EASTER DECORATION,Christmas & Seasonal,26
90122B,-1.6950974262848952,,4.95,2.0,23,5,category_fallback_insufficient_price_variation,JADE CRYSTAL+GLASS BRACELET,Jewellery & Accessories,26
84522,-0.9773971890089591,0.005230156125189511,1.95,2.325253297983103,21,4,fitted,PINK PARTY SUNGLASSES,General Giftware,26
23047,-2.278947917977102,,5.75,3.0526315789473686,19,1,category_fallback_insufficient_price_variation,PAPER LANTERN 5 POINT SEQUIN STAR,Lighting & Candles,26
84559b,-3.114237677208787,,1.66,1.8333333333333333,18,3,category_fallback_insufficient_price_variation,3D SHEET OF CAT STICKERS,Cards & Stationery,26
22876,-2.4427134394105803,0.6132446616513995,2.192222222222222,5.481809739082766,19,6,fitted,NUMBER TILE COTTAGE GARDEN 8,Garden & Outdoor,26
37489A,-0.17660576596458266,0.09439438040758485,0.39,2.076637328132796,23,4,fitted,YELLOW/PINK FLOWER DESIGN BIG MUG,Kitchen & Dining,26
90184A,-1.6950974262848952,,9.15,2.1363636363636362,22,5,category_fallback_insufficient_price_variation,AMBER CHUNKY BEAD BRACELET W STRAP,Jewellery & Accessories,26
84800M,-6.2526895974581365,0.34914177133638,1.6900000000000002,4.837506542562315,20,4,fitted,MEDIUM WHITE/PINK ROSE ART FLOWER,General Giftware,26
85019C,-2.06111950655898,0.5811019146356844,4.25,2.0661660965055297,21,5,fitted,CURIOUS  IMAGES NOTEBOOK SET,Cards & Stationery,26
90042C,-1.6950974262848952,,2.54,3.1052631578947367,19,5,category_fallback_insufficient_price_variation,FRESHWATER PEARL BRACELET IVORY,Jewellery & Accessories,26
84782A,-1.8138099462251427,0.490861608791061,12.75,2.093097034079962,16,5,fitted,PINK 3 TIER GLASS PLATE STAND,Kitchen & Dining,26
35966,-1.611396576766761,0.566976848784995,0.38000000000000006,13.068479862133108,18,5,fitted,FOLKART CHRISTMAS TREE T-LIGHT HOLD,Christmas & Seasonal,26
37492D,-2.7179351606491653,0.7473487703237663,4.65,2.4542560249642387,15,7,fitted,PURPLE GREEN FLOWER PIGGY BANK,General Giftware,26
90059F,-2.3146812720872716,,1.65,1.9583333333333333,24,4,category_fallback_insufficient_price_variation,DIAMANTE HAIR GRIP PACK/2 LT ROSE,General Giftware,26
23580,-2.3146812720872716,,2.0073684210526315,39.0,3,3,category_fallback_insufficient_price_variation,SNACK TRAY HAPPY FOREST  ,General Giftware,26
23560,-3.114237677208787,,3.08016393442623,37.666666666666664,3,3,category_fallback_implausible_fit,SET OF 6 RIBBONS COUNTRY STYLE,Cards & Stationery,26
37330,-3.673163377083057,0.703596287608452,1.95,20.316218742750415,18,7,fitted,SPOTS MUG,Kitchen & Dining,26
82607E,-2.2316348529077747,,1.25,7.214285714285714,14,1,category_fallback_insufficient_price_variation,GLASS BONBON JAR. D'AMANDES,Bottles & Glassware,26
90028,-1.6950974262848952,,8.49,1.631578947368421,19,3,category_fallback_insufficient_price_variation,NEW BAROQUE LARGE NECKLACE BLK/WHIT,Jewellery & Accessories,26
90202C,-2.3146812720872716,,2.96,1.4545454545454546,22,6,category_fallback_insufficient_price_variation,GREEN ENAMEL FLOWER HAIR TIE,General Giftware,26
21443,-0.9297197589741387,0.10324554162972566,3.75,3.5007178142625786,13,5,fitted,OLIVE CHALET BIRDFEEDER,General Giftware,26
90003B,-2.3146812720872716,,3.75,2.0952380952380953,21,4,category_fallback_insufficient_price_variation,ROSE COLOUR PAIR HEART HAIR SLIDES,General Giftware,26
84597B,-2.3146812720872716,0.38918946590625114,1.25,7.68094222018447,21,3,fitted,RETRO BROWN BALL ASHTRAY ,General Giftware,26
35096B,-2.5827688984064956,,0.42000000000000004,15.4,10,4,category_fallback_implausible_fit,RED VICTORIAN FABRIC HEART BOX,Storage & Boxes,26
23466,-1.191222909175472,0.17941265496899372,8.25,5.568845882147172,9,5,fitted,TUSCAN VILLA DOVECOTE BIRD FEEDER,General Giftware,26
90214V,-1.6950974262848952,,0.85,1.3181818181818181,22,3,category_fallback_implausible_fit,"LETTER ""V"" BLING KEY RING",Jewellery & Accessories,26
84869,-2.2610699303600637,0.8306321638334999,2.9628571428571426,14.215150711449091,14,10,fitted,CANDY BUTTON PHOTO ALBUM,General Giftware,26
85099f,-2.4405677367344385,,5.06,12.117647058823529,17,2,category_fallback_insufficient_price_variation,JUMBO BAG STRAWBERRY,Bags,26
90157,-1.6950974262848952,,4.95,2.7,20,6,category_fallback_insufficient_price_variation,RIVIERA NECKLACE,Jewellery & Accessories,25
47587A,-1.6015502903622494,0.47874865645347275,1.66,3.659768776498036,14,7,fitted,PINK FAIRY CAKE COASTER,General Giftware,25
84881,-0.9616843771205053,0.09979929311716862,6.35,2.4008158461379208,21,4,fitted,BLUE WIRE SPIRAL CANDLE HOLDER,Lighting & Candles,25
35838B,-2.278947917977102,,0.85,10.0,10,2,category_fallback_insufficient_price_variation,S/6 SILVER ORNAMENETAL CANDLE,Lighting & Candles,25
84802A,-2.3146812720872716,,1.6900000000000002,10.45,20,2,category_fallback_insufficient_price_variation,WHITE ANEMONE ARTIFICIAL FLOWER,General Giftware,25
72801F,-2.278947917977102,,1.25,39.0,6,1,category_fallback_insufficient_price_variation,S/4 FESTIVE RED DINNER CANDLES,Lighting & Candles,25
85099b,-2.4405677367344385,,5.06,41.9,10,4,category_fallback_implausible_fit,JUMBO BAG RED RETROSPOT,Bags,25
90164A,-1.3531091463081995,0.6881184057432921,7.64,1.3569657278767937,20,6,fitted,PINK ROSEBUD PEARL BRACELET,Jewellery & Accessories,25
90169,-2.3146812720872716,,2.54,2.3333333333333335,18,4,category_fallback_insufficient_price_variation,DAISY HAIR COMB,General Giftware,25
84661C,-1.382950331014886,0.6583652853633536,2.55,2.5512310701904313,19,9,fitted,PINK SQUARE TABLE CLOCK,Home Decor,25
20799,-0.5782666570869658,0.076187860439901,2.4014285714285717,5.719632613762214,15,7,fitted,PINK MILKSHAKE GLASS,Bottles & Glassware,25
90168,-2.3146812720872716,,2.9500000000000006,2.263157894736842,19,6,category_fallback_insufficient_price_variation,2 DAISIES HAIR COMB,General Giftware,25
37492C,-2.8802457613493355,0.8307472090638274,4.65,1.7990707254373293,15,6,fitted,GREEN BLUE FLOWER PIGGY BANK,General Giftware,25
90181B,-1.6950974262848952,,9.34,1.2380952380952381,21,3,category_fallback_insufficient_price_variation,AMETHYST GLASS/SHELL/PEARL NECKLACE,Jewellery & Accessories,25
84388,-0.8125097833987832,0.1938574107377271,1.65,3.2488114163883384,11,3,fitted,WISE MAN STAR SHAPE EGG PAN,General Giftware,25
90183B,-1.6950974262848952,,2.9,1.380952380952381,21,4,category_fallback_insufficient_price_variation,AMETHYST DROP EARRINGS W LONG BEADS,Jewellery & Accessories,25
84616,-1.6517610110516658,0.5184445113921591,29.95,2.10619712433248,17,5,fitted,SILVER ROCCOCO CHANDELIER,General Giftware,25
35603C,-2.3146812720872716,,0.42,5.1875,16,4,category_fallback_implausible_fit,SET/16 WHITE SHINY & MATT BAUBLES,General Giftware,25
90090,-2.4142865284676716,0.15339006920631626,0.85,9.30322045835203,13,5,fitted,PINK CRYSTAL HEART PHONE CHARM,General Giftware,25
90093,-1.8841124594975411,0.45165717183934806,0.85,6.069482497326544,19,5,fitted,CLEAR CRYSTAL STAR PHONE CHARM,General Giftware,25
75149N,-1.6950974262848952,,1.25,19.428571428571427,14,1,category_fallback_insufficient_price_variation,STRING CRYSTALS NATURAL,Jewellery & Accessories,25
23045,-2.1590279895508786,0.13620340406624787,4.15,4.899620250810079,16,3,fitted,PAPER LANTERN 5 POINT STAR MOON ,Lighting & Candles,25
20697,-6.116124096699698,0.35217377522290094,2.55,1.8299290411735363,17,2,fitted,LITTLE GREEN MONSTER SOFT TOY,Toys & Games,25
23141,-1.453995636482533,0.3537642971298708,4.15,3.1502142436417904,16,8,fitted,TRIPLE WIRE HOOK PINK HEART,General Giftware,25
90081A,-1.6950974262848952,,4.95,2.380952380952381,21,1,category_fallback_insufficient_price_variation,LILY BROOCH AMETHYST COLOUR,Jewellery & Accessories,25
90040D,-5.085289598702815,0.14737327869138728,3.6999999999999997,1.9186385925519565,17,5,fitted,MURANO STYLE GLASS BRACELET PINK,Jewellery & Accessories,25
45016,-2.2266440409803496,0.4282275462547217,7.62,1.2537660752270672,17,7,fitted,DECORATIVE NET CANOPY LEOPARD,General Giftware,25
90039D,-1.6950974262848952,,3.7800000000000002,2.0,22,5,category_fallback_insufficient_price_variation,FIRE POLISHED GLASS BRACELET GREEN,Jewellery & Accessories,25
47013A,-2.2316348529077747,,0.29,7.05,20,2,category_fallback_implausible_fit,WINE BOTTLE DRESSING LT.BLUE,Bottles & Glassware,25
46138B,-0.3012345267789414,0.0951083900140991,1.95,2.2674841678365785,22,5,fitted,BLUE CHENILLE SHAGGY CUSHION COVER ,Home Decor,25
21344,-2.0173715783847195,0.7236548118840214,9.95,1.7334443508815163,22,3,fitted,MOROCCAN BEATEN METAL DISH,General Giftware,25
90130C,-1.6950974262848952,,2.95,1.2380952380952381,21,5,category_fallback_insufficient_price_variation,GREEN STONE/CRYSTAL EARRINGS,Jewellery & Accessories,25
84288B,-2.5827688984064956,,1.95,4.428571428571429,14,1,category_fallback_insufficient_price_variation,SET/2 BLUE  NOODLE BASKETS,Storage & Boxes,25
20952,-2.3146812720872716,,0.42,19.41176470588235,17,4,category_fallback_implausible_fit,PORCELAIN CHERUB BELL SMALL,General Giftware,25
23416,-1.8995224138427216,0.4514635331215108,1.65,6.414874186684331,12,7,fitted,CHAMBRE HOOK,General Giftware,25
20667,-2.3146812720872716,,2.46,2.2222222222222223,18,3,category_fallback_implausible_fit,CHERRY BLOSSOM PURSE,General Giftware,24
21369,-1.0970381582323532,0.3871128943393981,1.25,7.388662341197939,19,4,fitted,MIRRORED WALL ART SPLODGES,Home Decor,24
84985B,-2.3073316480536143,0.342005278170445,1.45,9.92712781960937,11,6,fitted,SET OF 72 BLACK PAPER DOILIES ,General Giftware,24
20821,-0.5036213871320959,0.0847380308241783,7.5600000000000005,1.4027009788308331,22,2,fitted,GOLDIE LOOKING MIRROR,Home Decor,24
22764,-2.2316348529077747,,23.85909090909091,22.625,8,5,category_fallback_implausible_fit,"RUSTIC WOODEN CABINET, GLASS DOORS",Bottles & Glassware,24
17178,-2.278947917977102,,1.25,6.8125,16,1,category_fallback_insufficient_price_variation,FLAT PALM T-LIGHT HOLDER,Lighting & Candles,24
21461,-1.508558284123147,0.18669182014466223,1.95,4.770874514922397,14,6,fitted,BLUE EASTER EGG HUNT START POST,Christmas & Seasonal,24
84932A,-1.0420617152307814,0.34532035770735325,1.95,16.049482866725974,14,5,fitted,SMALL GREEN PEONY FOLDING STOOL,General Giftware,24
35609A,-0.6866856245538264,0.31529044374707726,0.19000000000000003,24.946891147010245,15,8,fitted,PINK FEATHER CHRISTMAS DECORATION,Christmas & Seasonal,24
35004c,-2.3146812720872716,,12.72,2.0,13,1,category_fallback_insufficient_price_variation,SET OF 3 COLOURED  FLYING DUCKS,General Giftware,24
84753A,-2.2316348529077747,,0.85,13.857142857142858,7,5,category_fallback_implausible_fit,PINK EAU DE COLOGNE BOTTLE,Bottles & Glassware,24
35004S,-2.0643533787896238,0.5037340939826008,4.622619047619048,17.779060986472256,4,4,fitted,SET OF 3 SILVER FLYING DUCKS,General Giftware,24
62086A,-2.4405677367344385,,1.95,5.947368421052632,19,2,category_fallback_insufficient_price_variation,PINK RETRO BIG FLOWER BAG,Bags,24
47503E,-2.3146812720872716,,1.25,9.733333333333333,15,1,category_fallback_insufficient_price_variation,ASS FLORAL PRINT SCISSORS,General Giftware,24
23022,-2.278947917977102,,2.08,28.133333333333333,15,4,category_fallback_implausible_fit,SMALL BONNE JAM JAR  T-LIGHT HOLDER,Lighting & Candles,24
23519,-5.853841021757607,0.36489591601715765,3.75,13.814324970577694,9,7,fitted,EMBROIDERED RIBBON REEL CLAIRE,Cards & Stationery,24
21416,-2.3146812720872716,,3.75,1.9411764705882353,17,4,category_fallback_implausible_fit,CLAM SHELL LARGE,General Giftware,24
23016,-1.6448352687168062,0.08468250196764893,7.85,4.054508056563838,15,7,fitted,GLASS TWIST BON BON JAR,Bottles & Glassware,24
90160D,-1.6950974262848952,,6.95,3.260869565217391,23,2,category_fallback_insufficient_price_variation,PINK BOUDICCA LARGE BRACELET,Jewellery & Accessories,24
90059C,-2.3146812720872716,,1.65,2.0,21,5,category_fallback_insufficient_price_variation,DIAMANTE HAIR GRIP PACK/2 MONTANA,General Giftware,24
90202D,-2.3146812720872716,,2.9500000000000006,2.1818181818181817,22,6,category_fallback_insufficient_price_variation,PINK ENAMEL FLOWER HAIR TIE,General Giftware,24
84711A,-0.43829368474400987,0.02642299473160392,9.95,2.0127909596891076,18,4,fitted,SILVER OVAL SHAPE TRINKET BOX,Storage & Boxes,24
90205A,-2.3146812720872716,,1.67,1.9090909090909092,22,4,category_fallback_insufficient_price_variation,LARGE MINT DIAMANTE HAIRSLIDE,General Giftware,24
90163A,-1.6950974262848952,,7.64,1.6818181818181819,22,4,category_fallback_insufficient_price_variation,PINK ROSEBUD & PEARL NECKLACE,Jewellery & Accessories,24
84533B,-1.0823109069337598,0.14435322464510225,5.95,3.860163226234568,13,7,fitted,FAIRY CAKES ROUND NESTING BOXES,General Giftware,24
20845,-0.7777787905770666,0.016186191548183126,6.35,2.5058095564829714,18,5,fitted,ZINC HEART LATTICE 2 WALL PLANTER,General Giftware,24
85081,-2.5565447916340402,,0.42,10.4,10,2,category_fallback_insufficient_price_variation,PADDED HOLLY CHRISTMAS DECORATION ,Christmas & Seasonal,24
90160A,-1.6950974262848952,,6.95,2.4285714285714284,21,2,category_fallback_insufficient_price_variation,PURPLE BOUDICCA LARGE BRACELET,Jewellery & Accessories,24
90210D,-2.0750181863871955,0.4698181043895693,2.95,2.1967298555544517,16,8,fitted,PURPLE ACRYLIC FACETED BANGLE,General Giftware,24
72801E,-2.8861636841605853,0.5546050735262176,1.25,4.7196081583288665,13,2,fitted,S/4 FESTIVE GREEN DINNER CANDLES,Lighting & Candles,23
90003E,-2.3146812720872716,,3.75,2.0,17,3,category_fallback_insufficient_price_variation,GREEN PAIR HEART HAIR SLIDES,General Giftware,23
35920,-0.6139896613670472,0.05844232568874108,1.25,6.30036435100691,15,3,fitted,FOUR RABBIT EASTER DECORATIONS,Christmas & Seasonal,23
90211A,-1.6950974262848952,,5.94,1.7222222222222223,18,6,category_fallback_insufficient_price_variation,DIAMOND LAS VEGAS NECKLACE 45CM,Jewellery & Accessories,23
21196,-1.8462229124354603,0.18973660338790832,1.6499999999999997,7.150971905166838,20,3,fitted,ROUND WHITE CONFETTI IN TUBE,General Giftware,23
84247C,-2.5565447916340402,,2.95,5.214285714285714,14,2,category_fallback_insufficient_price_variation,PACK/12 BLUE REINDEER CARD,Christmas & Seasonal,23
90177E,-1.6950974262848952,,2.96,1.45,20,6,category_fallback_insufficient_price_variation,DROP DIAMANTE EARRINGS GREEN,Jewellery & Accessories,23
23071,-2.093148923265232,0.5742753547973907,12.5,2.904547657273657,14,4,fitted,MARIE ANTOINETTE TRINKET BOX GOLD,Storage & Boxes,23
90024B,-1.6950974262848952,,8.49,1.368421052631579,19,5,category_fallback_insufficient_price_variation,NEW BAROQUE B'FLY NECKLACE RED,Jewellery & Accessories,23
90032,-1.6950974262848952,,6.25,2.2941176470588234,17,3,category_fallback_insufficient_price_variation,IVORY SHELL HEART NECKLACE,Jewellery & Accessories,23
90205C,-2.3146812720872716,,1.65,2.1,20,4,category_fallback_insufficient_price_variation,LARGE CRYSTAL DIAMANTE HAIRSLIDE,General Giftware,23
82081,-1.8575132564102057,0.7913659716611773,2.6185185185185187,17.067647593409408,10,6,fitted,PINK HEARTS PHOTO ALBUM,General Giftware,23
90202A,-2.3146812720872716,,2.95,1.631578947368421,19,4,category_fallback_insufficient_price_variation,PURPLE ENAMEL FLOWER HAIR TIE,General Giftware,23
21543,-2.3146812720872716,,0.9869186046511629,21.0,4,4,category_fallback_implausible_fit,BUTTERFLY WATER TRANSFER TATTOOS ,General Giftware,23
85092,-2.4088876116430282,0.7159096663119475,3.35,5.647292296704611,14,7,fitted,CANDY SPOT TEA COSY,General Giftware,23
85080,-0.9105716295592826,0.08367226032495878,0.42,7.248158769734749,11,4,fitted,PADDED RED HEART DECORATION,Home Decor,23
35911B,-1.0991216812076865,0.17159964343071898,2.1,3.9100500993100877,14,2,fitted,PINK/FLOWER RABBIT EGG WARMER ,General Giftware,23
17108D,-2.3146812720872716,,0.42,29.583333333333332,12,2,category_fallback_insufficient_price_variation,FLOWER FAIRY SUMMER BOUQUET SACHET,General Giftware,23
20849,-2.2756365142515005,0.2759259500681459,3.75,2.8218350832681223,19,5,fitted,ZINC HEART LATTICE DOUBLE PLANTER,General Giftware,23
46115B,-2.375411544782531,,0.19,18.25,16,3,category_fallback_insufficient_price_variation,GREEN POP ART MAO CUSHION COVER ,Home Decor,23
85205A,-2.5565447916340402,,2.55,8.25,8,1,category_fallback_insufficient_price_variation,IVORY FELT EASTER RABBIT GARLAND,Christmas & Seasonal,23
23429,-2.4529194956318796,,8.476153846153847,15.666666666666666,3,3,category_fallback_insufficient_price_variation,RED RETRO KITCHEN WALL CLOCK,Kitchen & Dining,23
22888,-1.419438809699952,0.6994503432661687,4.13,1.0237402742935606,20,5,fitted,NUMBER TILE VINTAGE FONT 9 ,General Giftware,23
84465,-2.5827688984064956,,2.95,2.0,16,3,category_fallback_insufficient_price_variation,15 PINK FLUFFY CHICKS IN BOX,Storage & Boxes,23
84527,-1.9695733801387378,0.15361280174863023,1.95,2.9608848242129353,16,3,fitted,FLAMES SUNGLASSES PINK LENSES,General Giftware,23
23043,-1.6361270393342167,0.2869519319908659,6.25,5.91883214020991,13,3,fitted,PAPER LANTERN 9 POINT HOLLY STAR L,Lighting & Candles,23
23137,-1.2783699036740386,0.12791628148907563,3.75,3.094272115539421,14,6,fitted,ZINC WIRE SWEETHEART LETTER TRAY,General Giftware,23
17001,-4.846919776766163,0.383997972441672,0.29,34.66302979837623,16,3,fitted,HEAVENS SCENT FRAGRANCE OILS ASSTD,General Giftware,23
16202B,-1.2415348775044375,0.7880419899125304,4.199999999999999,3.9281615960434966,20,8,fitted,PASTEL BLUE PHOTO ALBUM ,General Giftware,22
85110,-2.162239847337763,0.8933923737076828,0.19000000000000003,281.9248831601569,17,5,fitted,BLACK SILVER FLOWER T-LIGHT HOLDER,Lighting & Candles,22
79337,-1.2643898529630644,0.2654541129841864,0.38000000000000006,33.764529573240935,19,7,fitted,BLUE FLOCK GLASS CANDLEHOLDER,Lighting & Candles,22
21370,-0.4759552892444383,0.16655838142079604,6.35,1.6137763471474205,17,7,fitted,MIRRORED WALL ART FOXY,Home Decor,22
21193,-2.3146812720872716,,2.1,5.583333333333333,12,5,category_fallback_implausible_fit,WHITE HONEYCOMB PAPER FAN ,General Giftware,22
21779,-3.6377913515657765,0.7597224418478006,5.253731343283582,16.933597322274927,5,4,fitted,MA CAMPAGNE MINI WOODEN CHEST,General Giftware,22
90023,-1.6950974262848952,,4.25,1.6842105263157894,19,6,category_fallback_insufficient_price_variation,FILIGREE DIAMANTE EARRINGS,Jewellery & Accessories,22
20940,-2.278947917977102,,2.9153234265734262,59.0,2,2,category_fallback_insufficient_price_variation,SET/6 GARDEN GNOME T-LIGHT CANDLES,Lighting & Candles,22
90178A,-1.6950974262848952,,11.95,1.8666666666666667,15,4,category_fallback_insufficient_price_variation,AMBER CHUNKY GLASS+BEAD NECKLACE,Jewellery & Accessories,22
20987,-5.13985842452885,0.9505102094281553,3.3023584905660375,6.846441467250387,4,3,fitted,GEISHA GIRL CHOPSTICKS SET/5,General Giftware,22
23476,-2.3146812720872716,,1.25,29.285714285714285,7,4,category_fallback_implausible_fit,WOODLAND LARGE RED FELT HEART,General Giftware,22
20850,-2.4529194956318796,,2.9500000000000006,8.266666666666667,15,2,category_fallback_insufficient_price_variation,ZINC HEART LATTICE PLANTER BOWL,Kitchen & Dining,22
20698,-6.4270422875449835,0.33045779908133466,2.55,1.7227305378235713,19,2,fitted,LITTLE PINK MONSTER SOFT TOY,Toys & Games,22
23151,-1.9157735610135345,0.5175732961117288,2.49,2.9712940608489093,12,4,fitted,ZINC SWEETHEART SOAP DISH,Bath & Body,22
90175C,-1.6950974262848952,,8.95,2.2941176470588234,17,2,category_fallback_insufficient_price_variation,BLUE GLASS CHUNKY CHARM BRACELET,Jewellery & Accessories,22
72811,-1.9949042331078242,0.6473553287374169,1.49,6.4887096274778795,20,6,fitted,SMALL ZINC/GLASS CANDLEHOLDER,Lighting & Candles,22
20836,-0.07834848199654804,0.0042420114997615554,0.83,10.536707961613834,19,4,fitted,FRENCH PAISLEY CUSHION COVER,Home Decor,22
37489D,-0.269785793870212,0.11462649247747425,0.39,2.3398616255173734,19,3,fitted,PINK/GREEN FLOWER DESIGN BIG MUG,Kitchen & Dining,22
84809A,-6.555383956155911,0.2080236838924634,2.1,8.667945119492739,18,3,fitted,WHITE CHRYSANTHEMUMS ART FLOWER,General Giftware,22
84596e,-2.4529194956318796,,2.51,2.9166666666666665,12,2,category_fallback_insufficient_price_variation,SMALL LICORICE DES PINK BOWL,Kitchen & Dining,22
23064,-2.4443362011517866,0.8284769161142851,49.95,1.9796637842146458,15,5,fitted,CINDERELLA CHANDELIER ,General Giftware,22
90000B,-2.3146812720872716,,6.225,1.5789473684210527,19,5,category_fallback_insufficient_price_variation,MIDNIGHT BLUE COPPER FLOWER NECKLAC,General Giftware,22
21554,-2.3780307964586926,0.09090147328121756,5.950000000000001,8.594379401439115,5,4,fitted,CERAMIC BIRDHOUSE RED ROOF LARGE,Garden & Outdoor,22
23116,-2.2366473473461657,,4.95,3.8181818181818183,11,3,category_fallback_implausible_fit,VEGETABLE GARDEN CHOPPING BOARD,Garden & Outdoor,22
90188,-1.6950974262848952,,2.54,1.6666666666666667,15,4,category_fallback_insufficient_price_variation,DROP EARRINGS W FLOWER & LEAF,Jewellery & Accessories,22
72739C,-1.898856583918014,0.7464038735087338,1.166,22.5865867664141,8,6,fitted,DARK CHOCOLATE SCENTCANDLE,Lighting & Candles,22
90038A,-1.6950974262848952,,3.75,1.7142857142857142,21,4,category_fallback_insufficient_price_variation,GLASS AND PAINTED BEADS BRACELET TO,Jewellery & Accessories,22
90214T,-1.6950974262848952,,0.85,2.3157894736842106,19,3,category_fallback_implausible_fit,"LETTER ""T"" BLING KEY RING",Jewellery & Accessories,22
90194,-1.6950974262848952,,4.25,1.8823529411764706,17,4,category_fallback_insufficient_price_variation,SILVER LARIAT BLACK STONE EARRINGS,Jewellery & Accessories,21
90108,-1.6856018013486318,0.33917499710291266,1.05,5.076356898475528,18,3,fitted,BLUE BLOSSOM HAIR CLIP,General Giftware,21
10138,-2.9829658408080766,0.21321268832384777,0.42,16.01466780673251,9,4,fitted,ASSORTED COLOUR JUMBO PEN,Cards & Stationery,21
84804B,-1.6911294266119856,0.5457500605745023,2.9500000000000006,7.238806701916187,14,5,fitted,BLUE DELPHINIUM ARTIFICIAL FLOWER,General Giftware,21
22330,-2.3146812720872716,,1.45,14.11111111111111,9,4,category_fallback_implausible_fit,72 ROUND PINK DOILIES,General Giftware,21
90210A,-3.058889134188048,0.3391249171307952,2.95,2.3635575742282477,15,7,fitted,GREY ACRYLIC FACETED BANGLE,General Giftware,21
90112,-2.3146812720872716,,1.05,4.9411764705882355,17,3,category_fallback_implausible_fit,PINK DOLLY HAIR CLIPS,General Giftware,21
22879,-1.6192526269129817,0.6862503877020291,4.13,0.9450129906024806,19,6,fitted,NUMBER TILE VINTAGE FONT 0,General Giftware,21
85232b,-3.7574844986078038,,10.17,1.8461538461538463,13,1,category_fallback_insufficient_price_variation,SET/3 RUSSIAN DOLL STACKING TINS,Toys & Games,21
84899E,-1.8597520077511545,0.4048834660512066,1.25,3.87569030359533,13,4,fitted,YELLOW + BROWN BEAR FELT PURSE KIT,General Giftware,21
90000A,-2.3146812720872716,,5.95,1.736842105263158,19,4,category_fallback_insufficient_price_variation,RASPBERRY ANT COPPER FLOWER NECKLAC,General Giftware,21
84906,-0.7485555109804363,0.2680936529704395,5.95,2.352158045049348,19,2,fitted,PINK B'FLY C/COVER W BOBBLES,General Giftware,21
84558a,-2.3146812720872716,,5.91,1.9166666666666667,12,3,category_fallback_insufficient_price_variation,3D DOG PICTURE PLAYING CARDS,General Giftware,21
21551,-2.2366473473461657,,5.95,10.833333333333334,6,4,category_fallback_implausible_fit,CERAMIC BIRDHOUSE BUTTERFLY LARGE,Garden & Outdoor,21
84932D,-1.4331966327831482,0.666970524224441,1.95,23.709751566513553,11,4,fitted,SMALL ORIENTAL RED FOLDING STOOL,General Giftware,21
17011F,-1.5069902354738598,0.5097367697866638,2.1,3.919806704793695,19,4,fitted,ORIGAMI SANDLEWOOD INCENSE+FLOWER,General Giftware,21
84615,-2.009578514265503,0.5878532559698518,6.145384615384615,4.857531159503149,9,6,fitted,PINK ROUND BUTTERFLY MIRROR ,Home Decor,21
16202A,-1.1920298912926648,0.6446911646916743,5.55,1.4954714186180067,17,5,fitted,PASTEL PINK PHOTO ALBUM ,General Giftware,21
23149,-2.491680748558695,0.270367170782688,2.49,5.526638079056509,14,3,fitted,ANTIQUE IVORY WIRE BOWL SMALL,Kitchen & Dining,21
16239,-4.045817422457831,0.652067090900186,2.8957142857142864,2.7503580065259032,9,8,fitted,BALLERINA HEART DECORATION.,Home Decor,21
90040C,-1.6950974262848952,,3.5,2.411764705882353,17,4,category_fallback_insufficient_price_variation,MURANO STYLE GLASS BRACELET GOLD,Jewellery & Accessories,21
20796,-1.911761842175895,0.5148122459064751,1.65,5.481230492829774,19,4,fitted,SMALL BLUE PROVENCAL CERAMIC BALL,General Giftware,21
17084J,-2.3146812720872716,,0.21,25.31578947368421,19,1,category_fallback_insufficient_price_variation,LOVE POTION MASALA INCENSE,General Giftware,21
84751B,-0.5112736039017121,0.18384439692884003,3.75,1.9134126972130228,15,2,fitted,BLACK MEDIUM GLASS CAKE STAND,Bottles & Glassware,21
90162B,-1.6950974262848952,,2.95,3.7333333333333334,15,2,category_fallback_insufficient_price_variation,ANT SILVER LIME GREEN BOUDICCA RING,Jewellery & Accessories,21
84984D,-1.5332501655213235,0.43182555128160094,4.65,3.3096886701788444,17,6,fitted,ORIENTAL RED C/COVER ,General Giftware,21
79406,-1.3656532011344584,0.5054109164218157,0.22,11.819310636094484,20,4,fitted,FROSTED WHITE BASE ,General Giftware,21
84627,-2.3146812720872716,,5.95,3.4,15,1,category_fallback_insufficient_price_variation,CANDY STRIPE ROSE C/COVER ,General Giftware,21
23017,-1.6950974262848952,,12.5,4.0,16,4,category_fallback_implausible_fit,APOTHECARY MEASURING JAR,Jewellery & Accessories,21
85007,-1.3082375692323807,0.41529991645076314,3.5250000000000004,10.807548858532257,8,6,fitted,SET OF 3 VINTAGE TEA TIME BOXES,General Giftware,21
21252,-2.765717291979511,0.5305160951207861,2.95,9.705480433540624,8,7,fitted,SET OF MEADOW  FLOWER STICKERS,Cards & Stationery,21
35271S,-2.4405677367344385,,0.19,36.5,12,3,category_fallback_implausible_fit,GOLD PRINT PAPER BAG,Bags,21
90191,-1.3239028660118386,0.7196825333777659,12.75,1.1711397522424796,19,4,fitted,SILVER LARIAT 40CM,General Giftware,20
85024B,-1.6950974262848952,,1.65,4.111111111111111,18,2,category_fallback_insufficient_price_variation,EAU DE NILE JEWELLED PHOTOFRAME,Jewellery & Accessories,20
21102,-3.9433062148458573,0.7510396575004175,2.607241379310344,8.465249210916383,11,6,fitted,"CANDLE IN JAR COLLAGE , VANILLA",Lighting & Candles,20
23544,-2.3146812720872716,,8.01,20.5,8,5,category_fallback_implausible_fit,WALL ART MID CENTURY MODERN ,General Giftware,20
23018,-1.6950974262848952,,12.5,4.166666666666667,12,4,category_fallback_implausible_fit,LARGE APOTHECARY MEASURING JAR ,Jewellery & Accessories,20
84081,-2.6227360259250476,0.3133425441482435,4.25,4.072903181919411,12,6,fitted,WHITE CERAMIC PARTY SET (5PCS),General Giftware,20
79336,-1.5596090545210552,0.6765403649797196,0.38263485477178427,43.27913912534342,18,7,fitted,LIGHT PINK FLOCK GLASS CANDLEHOLDER,Lighting & Candles,20
22830,-2.3146812720872716,,26.95,38.125,8,4,category_fallback_implausible_fit,UTILTY CABINET WITH HOOKS,General Giftware,20
20793,-0.6128129033616602,0.10517716305775937,6.75,1.9312794182663078,19,3,fitted,BLUE TILED TRAY,General Giftware,20
85109,-1.9681922228121087,0.8637120897277025,0.85,11.404715953829955,16,6,fitted,PINK BOUDOIR T-LIGHT HOLDER,Lighting & Candles,20
71496A,-2.165107228955442,0.4606167793853052,1.055,3.8057429141539605,16,4,fitted,A4 WALL TIDY BLUE OFFICE,General Giftware,20
81952B,-1.4394192281970177,0.6165644973394875,0.85,4.431170784641667,12,6,fitted,ROUND BLUE CLOCK W/SUCKER,Home Decor,20
71495A,-2.7050400605814886,0.4095523923518384,0.504,4.254196171662187,17,5,fitted,CD WALL TIDY BLUE OFFICE,General Giftware,20
84745B,-2.5565447916340402,,0.42,5.0,17,2,category_fallback_insufficient_price_variation,BLUE HANGING GINGHAM EASTER HEN,Christmas & Seasonal,20
20968,-3.024428722851681,0.8891457889450572,4.433660714285715,10.704032895135956,4,4,fitted,GREEN FLORAL FELTCRAFT SHOULDER BAG,Bags,20
62095B,-5.199138421789849,0.7370250954418545,1.69,3.3548974014350232,12,6,fitted,TURQOISE ICE CREAM SUNHAT,General Giftware,20
20823,-0.5713815582478748,0.20374958472514637,4.25,7.262998408669671,13,4,fitted,GOLD WINE GOBLET,General Giftware,20
85185F,-2.3146812720872716,,2.95,4.625,8,2,category_fallback_insufficient_price_variation,LION SOCK PUPPET,General Giftware,20
84247H,-0.16484826132275573,0.011262163471582043,2.95,1.8612097182041993,15,3,fitted,PACK/12 DECOUPAGE CARD,Cards & Stationery,20
90155,-1.6950974262848952,,7.5,1.7058823529411764,17,5,category_fallback_insufficient_price_variation,RESIN NECKLACE W PASTEL BEADS,Jewellery & Accessories,20
84800S,-3.5994287261360105,0.5407088771939956,1.25,6.093428262352267,17,3,fitted,SMALL WHITE/PINK ROSE ART FLOWER,General Giftware,20
84657,-2.6249820726482644,0.8563441804163807,4.012499999999999,7.261687755542508,8,6,fitted,GREEN ROSE CUSHION COVER,Home Decor,20
84458,-2.3146812720872716,,0.85,17.714285714285715,7,2,category_fallback_insufficient_price_variation,S/3 RABBIT FLOWER/EGG/CARROT ROPE,General Giftware,20
84806A,-2.2553844004776504,0.46565371706376046,1.45,5.385901493396457,16,3,fitted,PINK CANDYSTUFT ARTIFICIAL FLOWER,General Giftware,20
84816,-7.586400848884127,0.4369706107459297,39.95,1.4505099141396074,18,2,fitted,DANISH ROSE BEDSIDE CABINET,General Giftware,20
84447,-1.1954283928920373,0.2987493250280935,1.012,9.47759360525937,7,5,fitted,6 RABBIT CHAIN EASTER,Christmas & Seasonal,20
18096C,-2.1347545041864158,0.3221741100380009,2.625,9.313093809101822,8,5,fitted,WHITE ROUND PORCELAIN TLIGHT HOLDER,Lighting & Candles,20
90018C,-1.6950974262848952,,4.24,1.5555555555555556,18,4,category_fallback_insufficient_price_variation,SILVER BLACK ORBIT DROP EARRINGS,Jewellery & Accessories,20
84796a,-2.3146812720872716,,8.29,1.8666666666666667,15,2,category_fallback_insufficient_price_variation,PINK HAWAIIAN PICNIC HAMPER FOR 2,General Giftware,20
84455,-0.7680301550700214,0.02314967760438158,0.85,5.084999303083512,12,4,fitted,SET OF 3 RABBIT CARROTS EASTER,Christmas & Seasonal,20
85091,-2.3075412866495792,0.9123564168569763,4.95,5.717161754576732,13,5,fitted,CANDY SPOT BREAD BASKETS,Storage & Boxes,20
90036A,-1.6950974262848952,,7.95,1.8,15,3,category_fallback_insufficient_price_variation,FLOWER GARLAND NECKLACE RED,Jewellery & Accessories,20
35838A,-2.278947917977102,,0.85,25.571428571428573,7,3,category_fallback_implausible_fit,S/6 MULTICOLOUR ORNAMENETAL CANDLE,Lighting & Candles,20
90059B,-2.3146812720872716,,1.65,2.066666666666667,15,3,category_fallback_insufficient_price_variation,DIAMANTE HAIR GRIP PACK/2 BLACK DIA,General Giftware,19
23037,-3.6546464277313038,0.5191427826474186,1.6499999999999997,13.970396777977795,12,5,fitted,CANDLE HOLDER SILVER MADELINE,Lighting & Candles,19
84745A,-2.5565447916340402,,0.42,4.933333333333334,15,2,category_fallback_insufficient_price_variation,PINK HANGING GINGHAM EASTER HEN,Christmas & Seasonal,19
90033,-1.6950974262848952,,2.54,1.4375,16,4,category_fallback_insufficient_price_variation,IVORY SHELL HEART EARRINGS,Jewellery & Accessories,19
71495B,-3.6696564564206264,0.6162095551450752,0.42,10.525597306824672,17,5,fitted,CD WALL TIDY RED FLOWERS,General Giftware,19
84255B,-0.12529772284925392,0.003152014431666905,2.1,4.709650598011458,9,5,fitted,ORANGE COCKTAIL GLASS LAMP,Lighting & Candles,19
23015,-2.2316348529077747,,8.25,3.076923076923077,13,1,category_fallback_insufficient_price_variation,CORDIAL GLASS JUG,Bottles & Glassware,19
79303D,-1.0656573976198442,0.09147545252904776,4.43,2.870701473894108,11,5,fitted,LILAC FLOWER BLOCK TABLE LAMP,Lighting & Candles,19
82076,-3.560449827059,0.9633308305125133,1.4040798611111112,54.120905280882525,6,6,fitted,BEECH WOOD PHOTO FRAME ,Home Decor,19
90014C,-1.6950974262848952,,9.95,1.6470588235294117,17,5,category_fallback_insufficient_price_variation,SILVER/BLACK ORBIT NECKLACE,Jewellery & Accessories,19
90123A,-1.6950974262848952,,5.95,2.4,15,1,category_fallback_insufficient_price_variation,PINK HEART OF GLASS BRACELET,Jewellery & Accessories,19
90054,-1.6950974262848952,,2.54,1.3571428571428572,14,6,category_fallback_insufficient_price_variation,CRACKED GLAZE EARRINGS RED,Jewellery & Accessories,19
90124A,-1.6950974262848952,,9.95,1.7058823529411764,17,3,category_fallback_insufficient_price_variation,PINK MURANO TWIST NECKLACE,Jewellery & Accessories,19
84797b,-2.3146812720872716,,11.02,3.5,6,3,category_fallback_insufficient_price_variation,BLUE SAVANNAH PICNIC HAMPER FOR 4,General Giftware,19
85114b,-2.3146812720872716,,3.29,3.5,16,4,category_fallback_insufficient_price_variation,IVORY ENCHANTED FOREST PLACEMAT,General Giftware,19
84313A,-0.292077599269298,0.06752963767469777,4.25,1.888175022589804,18,2,fitted,PINK TV TRAY TABLE ,General Giftware,19
85162A,-2.1615409748836103,0.5329633379123011,1.95,34.75178207345532,13,5,fitted,SILVER RETRODISC LAMPSHADE,Lighting & Candles,19
90177B,-1.6950974262848952,,2.955,1.8235294117647058,17,6,category_fallback_insufficient_price_variation,DROP DIAMANTE EARRINGS BLACK DIAMON,Jewellery & Accessories,19
85147,-2.278947917977102,,4.95,10.166666666666666,6,3,category_fallback_insufficient_price_variation,JARDIN ETCHED GLASS CANDLEHLDR LONG,Lighting & Candles,19
90060F,-2.2316348529077747,,5.94,1.9333333333333333,15,4,category_fallback_insufficient_price_variation,FIRE POLISHED GLASS NECKL GREEN,Bottles & Glassware,19
90146,-1.6950974262848952,,7.5,2.0,16,3,category_fallback_insufficient_price_variation,FINE SILVER NECKLACE W PASTEL FLOWE,Jewellery & Accessories,19
84529A,-1.9638607222060769,0.38435525304973017,6.75,2.7359107641544633,11,3,fitted,PINK KNITTED KIDS RUCKSACK,General Giftware,19
90159,-1.6950974262848952,,4.95,1.9473684210526316,19,3,category_fallback_insufficient_price_variation,COTE D'AZURE NECKLACE,Jewellery & Accessories,19
10124A,-2.3146812720872716,,0.42,3.875,16,2,category_fallback_insufficient_price_variation,SPOTS ON RED BOOKCOVER TAPE,General Giftware,19
90002C,-1.6950974262848952,,3.75,2.5384615384615383,13,6,category_fallback_insufficient_price_variation,FLOWER BURST SILVER RING MIDN'T BLU,Jewellery & Accessories,19
20736,-2.3146812720872716,,0.85,23.875,8,3,category_fallback_insufficient_price_variation,PINK MINI TAPE MEASURE ,General Giftware,19
84437A,-2.5565447916340402,,0.85,11.666666666666666,9,1,category_fallback_insufficient_price_variation,S/6 PINK EASTER DECS IN BOX,Christmas & Seasonal,19
84859B,-1.6497094129104173,0.32003247412176783,1.95,5.980598378095697,15,7,fitted,BLUE DISCO HANDBAG,Bags,19
72807b,-2.278947917977102,,8.47,2.888888888888889,9,4,category_fallback_insufficient_price_variation,SET/3 OCEAN SCENT CANDLE JEWEL BOX,Lighting & Candles,19
20861,-2.4405677367344385,,2.1,4.0,12,1,category_fallback_insufficient_price_variation,GOLD COSMETIC BAG PINK STAR,Bags,19
20888,-2.10688911289603,0.781344078537892,3.75,4.728354442961902,11,9,fitted,SET 3 JARDIN DE FEMME SCENT CANDLES,Lighting & Candles,19
21893,-2.5827688984064956,,4.25,5.777777777777778,9,5,category_fallback_implausible_fit,POTTING SHED SEED TIN,Storage & Boxes,19
23459,-2.3146812720872716,,12.5,3.6666666666666665,9,1,category_fallback_insufficient_price_variation,DOLLY CABINET 2 DRAWERS ,General Giftware,19
90214Z,-0.09782931133628735,0.0022665230519434143,0.85,1.247322926128877,15,3,fitted,"LETTER ""Z"" BLING KEY RING",Jewellery & Accessories,18
84802B,-2.434716597249184,0.36093521638589354,1.6900000000000002,8.09264508171285,14,3,fitted,PURPLE ANEMONE ARTIFICIAL FLOWER,General Giftware,18
84804A,-0.5993189147803856,0.03753706230392262,2.95,5.448212079112596,14,3,fitted,CREAM DELPHINIUM ARTIFICIAL FLOWER,General Giftware,18
35637C,-0.838170120657313,0.3375053834681203,5.95,2.190535315614402,17,4,fitted,PINK STRING CURTAIN WITH POLE,Jewellery & Accessories,18
72129,-2.278947917977102,,0.65,5.285714285714286,14,2,category_fallback_insufficient_price_variation,COLUMBIAN CANDLE ROUND ,Lighting & Candles,18
20693,-0.6865654898216098,0.10217702789565508,4.25,3.4839197683933576,9,4,fitted,FLORAL DINOSAUR GREEN,General Giftware,18
84454,-2.009564205671371,0.13889866404479645,0.8500000000000001,7.4997235571979886,9,6,fitted,WOBBLING METAL CHICKEN EASTER,Christmas & Seasonal,18
21321,-2.3614483118360905,0.5506574450390396,2.55,7.67834799446503,13,5,fitted,GLASS CHALICE BLUE  LARGE ,Bottles & Glassware,18
90125A,-1.842335507686143,0.5453744840059231,2.1,2.892850785998124,14,6,fitted,PINK BERTIE GLASS BEAD BAG CHARM,Bags,18
84921,-2.3146812720872716,,3.75,2.2142857142857144,14,1,category_fallback_insufficient_price_variation,CREAM AND PINK FLOWERS PONY ,General Giftware,18
90199A,-1.6950974262848952,,6.35,1.7857142857142858,14,4,category_fallback_insufficient_price_variation,5 STRAND GLASS NECKLACE BLACK,Jewellery & Accessories,18
90065B,-1.6950974262848952,,6.75,2.0,12,5,category_fallback_insufficient_price_variation,BLACK VINT ART DEC CRYSTAL BRACELET,Jewellery & Accessories,18
72799A,-4.175614409424609,0.758912443103548,2.95,4.4482436568071035,12,6,fitted,BLACK PILLAR CANDLE SILVER FLOCK,Lighting & Candles,18
72799D,-0.1556755495495314,0.001942344599492274,2.95,2.5900369995177677,12,5,fitted,BLUE PILLAR CANDLE SILVER FLOCK,Lighting & Candles,18
90148,-1.6950974262848952,,12.75,1.6875,16,1,category_fallback_insufficient_price_variation,LONG SILVER NECKLACE PASTEL FLOWER,Jewellery & Accessories,18
72606A,-2.278947917977102,,0.42,17.384615384615383,13,2,category_fallback_insufficient_price_variation,BROWN ANTIQUE CUBE CANDLE,Lighting & Candles,18
20837,-0.3811147833224973,0.29269130187392,0.83,12.256274008015179,14,3,fitted,FRENCH FLORAL CUSHION COVER ,Home Decor,18
21304,-2.703992576129391,0.6249203745270042,12.75,1.638769692239579,10,3,fitted,ARCHED GREY MIRROR,Home Decor,18
84782C,-1.8133887869953462,0.6488924953008983,12.75,1.491389856880485,15,4,fitted,GREEN 3 TIER GLASS PLATE STAND,Kitchen & Dining,18
35973,-2.375411544782531,,1.25,8.5,6,1,category_fallback_insufficient_price_variation,GERANIUM FOLKART HEART DECORATION,Home Decor,18
90141A,-2.6894347620101517,0.09155625847272209,5.4,1.1284938694238869,16,4,fitted,GREEN PENDANT TRIPLE SHELL NECKLACE,Jewellery & Accessories,18
37489B,-0.3032222144768568,0.2002485862680765,0.39,2.420808150838691,17,3,fitted,BLUE/YELLOW FLOWER DESIGN BIG MUG,Kitchen & Dining,18
23410,-2.3146812720872716,,8.15,4.0,9,4,category_fallback_implausible_fit,CURIO CABINET LINEN AND LACE ,General Giftware,18
90139,-1.6950974262848952,,5.18625,3.8333333333333335,6,4,category_fallback_insufficient_price_variation,FLOWER BROOCH 4 ASSORTED COLOURS,Jewellery & Accessories,18
22823,-9.03202052183355,0.7568196440689303,125.0,1.0144965023611343,15,3,fitted,CHEST NATURAL WOOD 20 DRAWERS,General Giftware,18
79532,-2.278947917977102,,1.25,7.461538461538462,13,1,category_fallback_insufficient_price_variation,MOSAIC GLASS BALL CANDLEHOLDER,Lighting & Candles,18
17084A,-2.3146812720872716,,0.21,26.0,17,1,category_fallback_insufficient_price_variation,TRANQUILITY MASALA INCENSE,General Giftware,18
90138,-3.9870107926419736,0.1540495957825745,5.4,1.1977465463207262,17,3,fitted,WHITE/PINK MINI CRYSTALS NECKLACE,Jewellery & Accessories,18
44089C,-2.278947917977102,,0.42,4.533333333333333,15,2,category_fallback_insufficient_price_variation,LILAC GAUZE BUTTERFLY LAMPSHADE,Lighting & Candles,18
85190,-2.3146812720872716,,0.85,23.333333333333332,6,2,category_fallback_implausible_fit,PINK FLOWER HANGING HEART ,General Giftware,18
79534,-2.4529194956318796,,0.55,8.285714285714286,14,1,category_fallback_insufficient_price_variation,MULTICOLOUR GLASS PLATE,Kitchen & Dining,18
84706F,-2.375411544782531,,2.95,2.0,17,3,category_fallback_implausible_fit,RED PEONY TABLE CLOCK,Home Decor,18
90214O,-1.6950974262848952,,1.25,1.5625,16,3,category_fallback_implausible_fit,"LETTER ""O"" BLING KEY RING",Jewellery & Accessories,18
17014A,-1.1080337599088315,0.4240903310180265,1.075,6.174013779336838,14,7,fitted,ORIGAMI VANILLA INCENSE CONES,General Giftware,17
84680,-3.3479879224191396,0.9130125474440131,7.95,1.4114500924746234,12,4,fitted,CLASSICAL ROSE URN,General Giftware,17
84746,-1.669894889536988,0.29833859192180134,3.75,1.4671520797641326,11,3,fitted,PINK EASTER HENS+FLOWER,Christmas & Seasonal,17
16258B,-2.2139314511746133,0.8061426541130833,0.24031648351648355,218.08624490968808,4,4,fitted,DAISY ERASERS IN BAG,Bags,17
21582,-2.3146812720872716,,1.65,39.0,3,2,category_fallback_insufficient_price_variation,KINGS CHOICE SMALL TUBE MATCHES,General Giftware,17
84801B,-2.3146812720872716,,2.1,9.466666666666667,15,1,category_fallback_insufficient_price_variation,WHITE HYDRANGEA ART FLOWER,General Giftware,17
21419,-1.9957883856720717,0.33257198331467774,3.75,3.8822728830747453,12,5,fitted,CONCH SHELL,General Giftware,17
90065A,-1.6950974262848952,,6.75,2.8,10,3,category_fallback_insufficient_price_variation,WHITE VINTAGE CRYSTAL BRACELET,Jewellery & Accessories,17
44091C,-0.589808544468278,0.03818875896416185,0.42,2.954098085593044,14,4,fitted,MULTICOLOUR CRUSOE CHECK LAMPSHADE,Lighting & Candles,17
90179C,-1.6950974262848952,,5.95,1.5384615384615385,13,4,category_fallback_insufficient_price_variation,BLACK FINE BEAD NECKLACE W TASSEL,Jewellery & Accessories,17
90002A,-1.6950974262848952,,3.75,3.5454545454545454,11,1,category_fallback_insufficient_price_variation,FLOWER BURST SILVER RING OPAL,Jewellery & Accessories,17
23430,-2.4529194956318796,,8.15,8.75,4,1,category_fallback_insufficient_price_variation,BLUE RETRO KITCHEN WALL CLOCK,Kitchen & Dining,17
84625B,-1.1649208199779086,0.5328896582768856,2.9499999999999997,6.4507692279966955,11,6,fitted,BLCK NEW BAROQUE CANDLESTICK CANDLE,Lighting & Candles,17
84797a,-2.3146812720872716,,11.02,2.25,8,3,category_fallback_insufficient_price_variation,PINK HAWAIIAN PICNIC HAMPER FOR 4,General Giftware,17
84251J,-4.232578436525602,0.9363422220762971,0.84,1.173671525030487,11,5,fitted,"GREETING CARD, THE BLACK CAT",Cards & Stationery,17
84803A,-2.3146812720872716,,1.6900000000000002,8.0,14,2,category_fallback_insufficient_price_variation,PINK ALLIUM  ARTIFICIAL FLOWER,General Giftware,17
47348A,-0.480463441312915,0.13646785544094275,0.39,6.311937033051866,12,3,fitted,FUSCHIA VOILE POINTY SHOE DEC,General Giftware,17
21950,-0.835593254319403,0.05333051514851639,2.55,2.5944140431534093,8,5,fitted,SET OF 6 DOTS CHOPSTICKS,General Giftware,17
84226,-2.3146812720872716,,0.85,3.0714285714285716,14,1,category_fallback_insufficient_price_variation,HEN HOUSE W FAMILY IN BARN & NEST,General Giftware,17
22929,-8.166087596384687,0.2611039221571887,65.0,1.4620173856346537,12,3,fitted,SCHOOL DESK AND CHAIR ,General Giftware,17
71510,-5.632068358514924,0.6128483471255022,0.85,3.074034082066292,15,3,fitted,SQUARE METAL CANDLEHOLDER BASE,Lighting & Candles,17
84932B,-1.5297893798118563,0.6610930900208146,1.95,16.279982856126807,11,3,fitted,SMALL PINK PEONY FOLDING STOOL,General Giftware,17
84873A,-5.111321406899431,0.8762405503847321,16.95,1.1794190881758606,8,4,fitted,FUNKY FLOWER PICNIC BAG FOR 4,Bags,17
84795b,-2.3146812720872716,,16.63,1.3571428571428572,14,2,category_fallback_insufficient_price_variation,SUNSET CHECK HAMMOCK,General Giftware,17
90125E,-0.7653792604914982,0.41326610466846936,2.1,1.5506770295380188,12,6,fitted,AMBER BERTIE GLASS BEAD BAG CHARM,Bags,17
84877A,-2.0493481699278853,0.47701528046138775,3.75,1.73017491041795,16,4,fitted,PINK ROUND COMPACT MIRROR,Home Decor,17
37509,-2.4529194956318796,,2.55,2.5833333333333335,12,1,category_fallback_insufficient_price_variation,NEW ENGLAND MUG W GIFT BOX,Kitchen & Dining,17
79328,-1.79106849138908,0.9484200994716602,0.38000000000000006,67.72880264748295,13,6,fitted,BLUE FLOCK GLASS CANDLEHOLDER,Lighting & Candles,17
35937,-2.5565447916340402,,0.38,18.8,10,3,category_fallback_insufficient_price_variation,CERISE+GOLD CHRISTMAS STOCKING DEC,Christmas & Seasonal,17
90013D,-8.28722070939712,0.3681401343758527,3.9990000000000006,1.9772066162521507,16,4,fitted,PURPLE VINTAGE EARRINGS,Jewellery & Accessories,17
79066k,-2.3146812720872716,,1.645,1.6875,16,2,category_fallback_insufficient_price_variation,RETRO MOD TRAY,General Giftware,17
10123G,-2.169600382806435,0.8840921795016875,0.65,5.354788715623226,10,5,fitted,ARMY CAMO WRAPPING TAPE,General Giftware,16
84984A,-2.204473285597961,0.7193199221299246,4.65,2.724668971886198,14,2,fitted,GREEN PEONY CUSHION COVER,Home Decor,16
90030C,-0.8996775142671373,0.5455478894231924,3.41,2.9006309268647974,12,4,fitted,BROWN KUKUI COCONUT SEED NECKLACE,Jewellery & Accessories,16
84706D,-1.2156650086552825,0.4651192638392633,1.95,16.560477282367135,13,3,fitted,CHERRY BLOSSOM TABLE CLOCK ,Home Decor,16
85114a,-2.3146812720872716,,3.29,3.8461538461538463,13,3,category_fallback_insufficient_price_variation,BLACK ENCHANTED FOREST PLACEMAT,General Giftware,16
90187B,-1.6950974262848952,,3.37,1.5714285714285714,14,4,category_fallback_insufficient_price_variation,GREEN DROP EARRINGS W BEAD CLUSTER,Jewellery & Accessories,16
72779,-2.278947917977102,,1.69,4.083333333333333,12,2,category_fallback_insufficient_price_variation,SET/6 BLACK ROSE T-LIGHT CANDLES,Lighting & Candles,16
20896,-3.114237677208787,,2.95,3.6363636363636362,11,2,category_fallback_insufficient_price_variation,VINTAGE NOTEBOOK PINK FLOWER,Cards & Stationery,16
90035A,-2.3146812720872716,,10.75,1.8461538461538463,13,4,category_fallback_insufficient_price_variation,"PEARL & SHELL 42""NECKL. GREEN",General Giftware,16
21763,-9.62334612895015,0.8168049565141974,29.95,1.305636609075134,14,3,fitted,VINTAGE WOODEN BAR STOOL,General Giftware,16
35793,-2.6745208335505715,0.9569480185060428,4.5568,4.9337666355977206,4,3,fitted,S/3 PUPPIES CHRISTMAS DECORATIONS,Christmas & Seasonal,16
84456,-0.07706770863381474,0.00039203189619485546,0.85,2.109743646404087,13,2,fitted,SET OF 3 RABBIT EGG EASTER,Christmas & Seasonal,16
23143,-1.4271220970219798,0.5142327009576603,10.4,2.470161322890707,8,4,fitted,ZINC WIRE KITCHEN ORGANISER,Kitchen & Dining,16
90162C,-1.6950974262848952,,2.95,2.625,16,2,category_fallback_insufficient_price_variation,ANT SILVER FUSCHIA BOUDICCA RING,Jewellery & Accessories,16
90162D,-1.6950974262848952,,2.95,2.727272727272727,11,2,category_fallback_insufficient_price_variation,ANT SILVER PURPLE BOUDICCA RING,Jewellery & Accessories,16
84984B,-2.9513585853560187,0.8102558617120729,4.65,2.873129783356105,13,3,fitted,RED PEONY CUSHION COVER ,Home Decor,16
72799B,-2.4149898215098458,0.43359079709452997,1.7436281745170392,35.43575432312619,4,4,fitted,PURPLE PILLAR CANDLE BLACK FLOCK,Lighting & Candles,16
72750A,-2.628968945248106,0.43729758897858895,1.95,23.582506037373207,11,4,fitted,"F.FAIRY S/3 CANDLE/GLASS,LILY/VALLY",Lighting & Candles,16
90067A,-1.6950974262848952,,2.95,2.357142857142857,14,4,category_fallback_insufficient_price_variation,PINK VINTAGE VICTORIAN EARRINGS,Jewellery & Accessories,16
90036D,-2.2316348529077747,,7.95,2.7142857142857144,14,2,category_fallback_insufficient_price_variation,"FLOWER GLASS GARLAND NECKL.36""BLACK",Bottles & Glassware,16
90036F,-2.2316348529077747,,8.07,2.0833333333333335,12,3,category_fallback_insufficient_price_variation,"FLOWER GLASS GARLD NECKL36""TURQUOIS",Bottles & Glassware,16
35607B,-2.5565447916340402,,0.19,22.142857142857142,14,2,category_fallback_insufficient_price_variation,BLACK FEATHER CHRISTMAS DECORATION,Christmas & Seasonal,16
84925A,-1.0526925621661518,0.14158187655601062,2.55,2.104380959948454,13,2,fitted,WAKE UP COCKEREL WALL THERMOMETER,General Giftware,16
84555A,-2.5827688984064956,,2.95,3.5,10,2,category_fallback_insufficient_price_variation,YELLOW VW BEETLE CERAMIC MONEY BOX,Storage & Boxes,16
84922,-1.196734550302986,0.219932179179122,4.25,2.7342322702853994,14,5,fitted,PINK BUTTERFLY WASHBAG,General Giftware,16
90125B,-1.2614175261326646,0.3474236891688719,2.1,2.5374382885719817,11,6,fitted,AQUA BERTIE GLASS BEAD BAG CHARM,Bags,16
84855,-1.4662569918173243,0.08789218648217723,4.95,3.8973262605815235,7,3,fitted,BLOKEY SILVER TOOL SET,General Giftware,16
84857C,-1.4047288168091179,0.705824731839189,1.95,16.07550208298238,12,5,fitted,PINK MONTE CARLO HANDBAG,Bags,16
23611,-2.3146812720872716,,2.49,3.3333333333333335,12,1,category_fallback_insufficient_price_variation,SET 10 CARDS RED RIDING HOOD 17214,General Giftware,16
37379A,-0.736816031887709,0.8041143214531896,11.02,1.334633428111361,12,5,fitted,PINK CHERRY BLOSSOM CUP & SAUCER,Kitchen & Dining,16
84595B,-4.002380710258563,0.9068207298852919,3.75,1.360790000174378,14,2,fitted,LARGE TRIFLE DESIGN L BLUE BOWL,Kitchen & Dining,16
23036,-2.278947917977102,,1.25,15.25,12,1,category_fallback_insufficient_price_variation,T-LIGHT HOLDER SILVER PETIT FOUR ,Lighting & Candles,16
23626,-2.3146812720872716,,2.49,4.777777777777778,9,1,category_fallback_insufficient_price_variation,SET 10 CARDS DINKY TREE 17076,General Giftware,16
79161A,-2.278947917977102,,2.95,3.642857142857143,14,3,category_fallback_insufficient_price_variation,ST GEORGE SET OF 10 PARTY LIGHTS,Lighting & Candles,16
84770,-2.3352930828120977,0.7624003550268091,2.9500000000000006,24.18534194783668,6,3,fitted,ROUND GEORGIAN SILVER MIRROR,Home Decor,16
35963,-2.3146812720872716,,0.38,10.4,10,2,category_fallback_insufficient_price_variation,FOLKART ZINC CLIP ON ANGEL WINGS,General Giftware,16
90199D,-1.6950974262848952,,6.35,1.4666666666666666,15,4,category_fallback_insufficient_price_variation,5 STRAND GLASS NECKLACE AMBER,Jewellery & Accessories,16
35265,-2.4529194956318796,,1.95,1.75,12,2,category_fallback_implausible_fit,COLOURFUL FLOWER FRUIT BOWL,Kitchen & Dining,16
78033,-5.223280650667506,0.7641757322475191,5.95,2.2799767258333534,14,4,fitted,FLAG OF ST GEORGE CHAIR,General Giftware,16
90027D,-3.781446949189589,0.21783669040013998,3.2625,1.5314460966043633,12,5,fitted,GLASS BEAD HOOP EARRINGS AMETHYST,Jewellery & Accessories,16
90202B,-2.3146812720872716,,2.95,1.6,15,5,category_fallback_insufficient_price_variation,WHITE ENAMEL FLOWER HAIR TIE,General Giftware,16
23465,-2.3146812720872716,,8.25,4.0,7,1,category_fallback_insufficient_price_variation,TUSCAN VILLA BIRD FEEDER,General Giftware,15
84549,-1.4889240767530547,0.3466968122128523,1.8549999999999998,3.3881188726447125,14,6,fitted,CROCHET WHITE RABBIT KEYRING ,Jewellery & Accessories,15
84924D,-1.8420272749738378,0.9092594427186804,3.75,1.9630605507417533,14,3,fitted,LA PALMIERA METAL SIGN CALENDAR,Home Decor,15
85168A,-2.375411544782531,,9.95,1.6923076923076923,13,1,category_fallback_insufficient_price_variation,WHITE BAROQUE CARRIAGE CLOCK,Home Decor,15
84893,-2.5827688984064956,,5.95,2.6666666666666665,9,1,category_fallback_insufficient_price_variation,ANT WHITE IRON BASKET,Storage & Boxes,15
17109B,-2.4640503201041732,0.7725417795797843,1.69,3.691549408942694,10,5,fitted,FLOWER FAIRY INCENSE LAVENDER,General Giftware,15
40005B,-2.278947917977102,,0.85,2.9166666666666665,12,2,category_fallback_insufficient_price_variation,BLUE ORGANDY ROUND LAMPSHADE W BEA,Lighting & Candles,15
75011,-0.6005129192006773,0.0878340441050387,0.79,6.691771603099769,15,3,fitted,BLUE DAISY MOBILE,General Giftware,15
16206B,-2.3146812720872716,,1.25,7.0,12,1,category_fallback_insufficient_price_variation,RED PURSE WITH PINK HEART,General Giftware,15
72821,-2.278947917977102,,1.65,5.545454545454546,11,2,category_fallback_insufficient_price_variation,CUPID SCENTED CANDLE IN GLASS,Lighting & Candles,15
85195,-2.5827688984064956,,2.1,3.769230769230769,13,1,category_fallback_insufficient_price_variation,HANGING HEART BASKET,Storage & Boxes,15
37485,-2.5827688984064956,,4.65,3.125,8,2,category_fallback_insufficient_price_variation,ENGLISH ROSE TEA SET IN GIFT BOX,Storage & Boxes,15
84705D,-2.375411544782531,,4.21,2.0,11,3,category_fallback_implausible_fit,CHERRY BLOSSOM PHOTO FRAME ,Home Decor,15
90124C,-1.6950974262848952,,9.95,1.4,15,3,category_fallback_insufficient_price_variation,GREEN MURANO TWIST NECKLACE,Jewellery & Accessories,15
84690,-2.3146812720872716,,7.95,2.3333333333333335,12,2,category_fallback_insufficient_price_variation,S/2 BEACH HUT STOOLS,General Giftware,15
90011B,-1.6950974262848952,,2.95,1.6666666666666667,12,5,category_fallback_insufficient_price_variation,BLACK CRYSTAL DROP EARRINGS,Jewellery & Accessories,15
90190B,-1.6950974262848952,,2.95,3.0,15,4,category_fallback_insufficient_price_variation,GOLD/AMBER DROP EARRINGS W LEAF,Jewellery & Accessories,15
21639,-1.6950974262848952,,0.85,86.33333333333333,3,2,category_fallback_insufficient_price_variation,ASSORTED TUTTI FRUTTI KEYRING,Jewellery & Accessories,15
72709,-2.278947917977102,,0.85,7.666666666666667,12,1,category_fallback_insufficient_price_variation,IVORY SCULPTED RND CANDLE ,Lighting & Candles,15
72369A,-1.9546004602903908,0.47374740210075506,1.25,6.149437849199219,13,3,fitted,PINK CLEAR GLASS CANDLE PLATE,Lighting & Candles,15
90210C,-3.2302082342745257,0.679007040122384,2.95,2.1692405513505113,10,6,fitted,RED   ACRYLIC FACETED BANGLE,General Giftware,15
72781,-8.102518798432822,0.3221327320102013,2.1,4.129330623441386,12,3,fitted,BLACK SILOUETTE CANDLE PLATE ,Lighting & Candles,15
84709A,-1.6950974262848952,,5.95,2.0833333333333335,12,1,category_fallback_insufficient_price_variation,SILVER OVAL JEWELLED MIRROR,Jewellery & Accessories,15
72750C,-1.4780716441495734,0.07118362953078594,1.95,18.152571280678846,10,3,fitted,"F.FAIRY S/3 CANDLE/GLASS, ROSE",Lighting & Candles,15
72798C,-0.8492829402042062,0.16094783833551496,1.65,1.8293869026249374,14,3,fitted,SET/4 GARDEN ROSE DINNER CANDLE,Lighting & Candles,15
23561,-3.114237677208787,,2.940877192982456,36.666666666666664,3,3,category_fallback_insufficient_price_variation,SET OF 6 RIBBONS PARTY,Cards & Stationery,15
84984C,-1.9429155550537616,0.8168384789625287,4.65,3.8919501826429936,12,3,fitted,ORIENTAL BLUE CUSHION COVER ,Home Decor,15
90130A,-1.6950974262848952,,2.95,2.076923076923077,13,5,category_fallback_insufficient_price_variation,WHITE STONE/CRYSTAL EARRINGS,Jewellery & Accessories,15
90011A,-1.6950974262848952,,2.96,1.0,15,4,category_fallback_insufficient_price_variation,MIDNIGHT BLUE CRYSTAL DROP EARRINGS,Jewellery & Accessories,15
84539,-3.7574844986078038,,1.65,6.181818181818182,11,2,category_fallback_insufficient_price_variation,KNITTED RABBIT DOLL ,Toys & Games,14
84548,-1.6950974262848952,,1.65,3.6923076923076925,13,2,category_fallback_insufficient_price_variation,CROCHET BEAR RED/BLUE  KEYRING,Jewellery & Accessories,14
84801A,-2.3146812720872716,,2.1,14.285714285714286,14,2,category_fallback_implausible_fit,PINK HYDRANGEA ART FLOWER,General Giftware,14
90181A,-1.6950974262848952,,9.15,1.1666666666666667,12,3,category_fallback_insufficient_price_variation,AMBER GLASS/SHELL/PEARL NECKLACE,Jewellery & Accessories,14
90056,-1.6950974262848952,,11.05,1.1666666666666667,12,3,category_fallback_insufficient_price_variation,CHUNKY CRACKED GLAZE NECKLACE IVORY,Jewellery & Accessories,14
84845C,-2.5827688984064956,,1.25,3.5,12,1,category_fallback_insufficient_price_variation,CARNATION SQUARE HANDY TIN,Storage & Boxes,14
84596f,-2.4529194956318796,,2.46,1.5833333333333333,12,2,category_fallback_insufficient_price_variation,SMALL MARSHMALLOWS PINK BOWL,Kitchen & Dining,14
47341B,-1.0309297535714568,0.2884473902229575,1.25,3.1036911478307183,13,2,fitted,BLUE TABLE RUN FLOWER,General Giftware,14
17109C,-2.3006174910199397,0.7526550939473102,1.0694736842105264,12.553188417868986,8,6,fitted,FLOWER FAIRY INCENSE ROSE,General Giftware,14
85167A,-2.911573836477698,0.6110262656271783,4.25,3.870872807529748,7,3,fitted,WHITE GRAND BAROQUE PHOTO FRAME,Home Decor,14
90177A,-1.6950974262848952,,2.9,1.3571428571428572,14,4,category_fallback_insufficient_price_variation,CLASSIC DIAMANTE EARRINGS JET,Jewellery & Accessories,14
79149B,-2.3146812720872716,,0.42,2.6666666666666665,12,2,category_fallback_insufficient_price_variation,SILICON STAR BULB  BLUE,General Giftware,14
23574,-2.3146812720872716,,7.5,1.4,10,1,category_fallback_insufficient_price_variation,PACKING CHARGE,General Giftware,14
72140F,-2.278947917977102,,0.42,9.363636363636363,11,1,category_fallback_insufficient_price_variation,HAPPY ANNIVERSARY CANDLE LETTERS,Lighting & Candles,14
72753B,-2.8193557804690927,0.5645244543302476,2.1,40.13089196634169,8,4,fitted,S/3 FLWR FAIRY LAVENDER CANDLES,Lighting & Candles,14
35610B,-2.6920027956726513,0.4043609401328192,1.25,5.09536434277213,11,2,fitted,BLACK CHRISTMAS FLOCK DROPLET ,Christmas & Seasonal,14
23603,-2.5565447916340402,,2.49,2.857142857142857,7,1,category_fallback_insufficient_price_variation,SET 10 CARD KRAFT REINDEER 17084,Christmas & Seasonal,14
90123D,-1.6950974262848952,,5.95,2.0714285714285716,14,4,category_fallback_insufficient_price_variation,WHITE HEART OF GLASS BRACELET,Jewellery & Accessories,14
18097A,-2.278947917977102,,2.55,1.9,10,1,category_fallback_insufficient_price_variation,PINK TALL PORCELAIN T-LIGHT HOLDER ,Lighting & Candles,14
84968e,-2.4529194956318796,,25.49,1.4166666666666667,12,3,category_fallback_insufficient_price_variation,SET OF 16 VINTAGE BLACK CUTLERY,Kitchen & Dining,14
21489,-2.2316348529077747,,4.390625,7.0,4,3,category_fallback_implausible_fit,BLUE WHITE SCARF HOT WATER BOTTLE,Bottles & Glassware,14
90137,-5.513015808424985,0.1387606981357402,4.95,2.1955971726919175,11,4,fitted,PINK COMBO MINI CRYSTALS NECKLACE,Jewellery & Accessories,14
84292,-1.0461449160252412,0.41122986629006564,7.95,3.459800999755731,12,2,fitted,ROSE PINK METAL FOLDING CHAIR,General Giftware,14
37468,-0.4572763448811934,0.13454744257899076,0.39,3.855487530458981,11,4,fitted,HARDMAN MUG 3 ASSORTED,Kitchen & Dining,14
72755C,-2.2725074294505214,0.5228555075166202,1.25,61.15622216640322,8,4,fitted,FLOWER FAIRY OIL BURNER SET ROSE,General Giftware,14
20826,-1.1152033328258433,0.4341455759297793,2.12,7.079497193945069,11,4,fitted,SILVER APERITIF GLASS,Bottles & Glassware,14
84621,-1.4073223775944923,0.18827931657609565,7.95,2.706599897097724,9,2,fitted,BLUE GINGHAM ROSE FLOOR CUSHION ,Home Decor,14
23578,-2.3146812720872716,,2.016060606060606,20.0,3,3,category_fallback_implausible_fit,SNACK TRAY RED GINGHAM,General Giftware,14
21298,-2.8536271328541267,0.945120556094282,25.242307692307694,3.795795175534346,4,3,fitted,EDWARDIAN 2 DRAWER WALL CABINET ,General Giftware,14
20957,-2.3146812720872716,,1.45,9.615384615384615,13,1,category_fallback_insufficient_price_variation,PORCELAIN HANGING BELL SMALL,General Giftware,14
90036C,-2.2316348529077747,,7.95,2.5,12,4,category_fallback_insufficient_price_variation,"FLOWER GLASS GARLAND NECKL.36""BLUE",Bottles & Glassware,14
90016A,-1.6950974262848952,,8.5,1.3571428571428572,14,3,category_fallback_insufficient_price_variation,SILVER/M.O.P PENDANT ORBIT NECKLACE,Jewellery & Accessories,14
37477B,-2.4529194956318796,,3.75,2.0,8,1,category_fallback_insufficient_price_variation,"FLOWER FAIRY MUG+COASTER,LAVENDER",Kitchen & Dining,14
35931,-2.5565447916340402,,0.38,13.090909090909092,11,2,category_fallback_insufficient_price_variation,PINK STAR CHRISTMAS DECORATION,Christmas & Seasonal,14
90196B,-1.6950974262848952,,12.75,1.5833333333333333,12,1,category_fallback_insufficient_price_variation,BLACK GEMSTONE NECKLACE 45CM,Jewellery & Accessories,14
17109A,-2.4065267684626477,0.8169387349585617,1.69,4.819944055819219,9,4,fitted,FLOWER FAIRY INCENSE LILY,General Giftware,13
44089A,-2.278947917977102,,0.42,4.0,10,2,category_fallback_insufficient_price_variation,PINK GAUZE BUTTERFLY LAMPSHADE,Lighting & Candles,13
44236,-1.0642888417415892,0.6449219309203484,4.65,1.919471219577405,10,2,fitted,PINK/PURPLE CIRCLE CURTAIN,General Giftware,13
84575A,-0.8456262598808292,0.2883831753728685,5.95,1.2311444133449163,12,2,fitted,PINK DOG CANNISTER,General Giftware,13
90039C,-1.6950974262848952,,3.75,2.1818181818181817,11,5,category_fallback_insufficient_price_variation,FIRE POLISHED GLASS BRACELET BLACK,Jewellery & Accessories,13
20814,-2.375411544782531,,1.1634177215189874,31.5,6,3,category_fallback_implausible_fit,SILVER FINCH DECORATION,Home Decor,13
84601A,-3.7064070688313593,0.1279906242943636,2.95,6.647067942509922,12,4,fitted,NEW BAROQUE IVORY CUSHION COVER ,Home Decor,13
22833,-9.602480904118863,0.9235607206812523,48.35,2.22156237981312,6,5,fitted,HALL CABINET WITH 3 DRAWERS,General Giftware,13
23477,-2.3146812720872716,,1.25,13.142857142857142,7,4,category_fallback_implausible_fit,WOODLAND LARGE BLUE FELT HEART,General Giftware,13
90141C,-3.8737728648388328,0.23556026383958684,5.4,1.128354667279661,12,3,fitted,TURQ PENDANT TRIPLE SHELL NECKLACE,Jewellery & Accessories,13
79063C,-2.5827688984064956,,0.19,12.272727272727273,11,1,category_fallback_insufficient_price_variation,"RETRO PILL BOX KEY CHAIN,THE KING",Storage & Boxes,13
20879,-1.838801689795257,0.8711870019306338,2.09,6.173186987702594,4,4,fitted,TREE OF NOAH FESTIVE SCENTED CANDLE,Lighting & Candles,13
84629,-0.7368726301841728,0.5186781609195403,21.95,1.1224620483093732,10,2,fitted,WHITE 3 FRAME BIRDS AND TREE ,Home Decor,13
16202E,-0.8696690933692008,0.36642301271807065,1.95,4.353518283458252,11,3,fitted,BLACK PHOTO ALBUM ,General Giftware,13
35910A,-2.5565447916340402,,1.95,4.076923076923077,13,1,category_fallback_insufficient_price_variation,MULTICOLOUR EASTER RABBIT ,Christmas & Seasonal,13
79315W,-3.1401537761082685,0.533253687287041,2.9500000000000006,12.232209615745695,11,4,fitted,FLYING SAUCER TABLE LIGHT IN WHITE,Lighting & Candles,13
90196A,-1.6950974262848952,,12.75,2.4,10,1,category_fallback_insufficient_price_variation,PURPLE GEMSTONE NECKLACE 45CM,Jewellery & Accessories,13
84029D,-0.3371572437929814,0.002651183759600384,3.75,3.314454017339987,6,2,fitted,LEOPARD PRINT HOT WATER BOTTLE,Bottles & Glassware,13
84030c,-2.2316348529077747,,7.699999999999999,8.0,4,3,category_fallback_insufficient_price_variation,KNITTED RAINBOW HOT WATER BOTTLE,Bottles & Glassware,13
84086B,-2.3146812720872716,,2.95,2.1818181818181817,11,2,category_fallback_insufficient_price_variation,YELLOW/BLUE RETRO RADIO,General Giftware,13
90016C,-1.6950974262848952,,8.49,1.4545454545454546,11,3,category_fallback_insufficient_price_variation,SILVER/BLACK PENDANT ORBIT NECKLACE,Jewellery & Accessories,13
90063B,-1.6950974262848952,,8.5,1.7272727272727273,11,4,category_fallback_insufficient_price_variation,BLACK VINT ART DEC CRYSTAL NECKLACE,Jewellery & Accessories,13
90038B,-1.6950974262848952,,3.75,2.1,10,4,category_fallback_insufficient_price_variation,GLASS AND PAINTED BEADS BRACELET OL,Jewellery & Accessories,13
90063A,-2.3146812720872716,,8.5,1.6153846153846154,13,2,category_fallback_insufficient_price_variation,WHITE VINT ART DECO CRYSTAL NECKLAC,General Giftware,13
90037C,-1.6950974262848952,,2.54,2.3636363636363638,11,3,category_fallback_insufficient_price_variation,TINY CRYSTAL BRACELET BLUE,Jewellery & Accessories,13
72753A,-4.036077605488321,0.10008376258024243,2.116045197740113,31.445940803504488,6,4,fitted,S/3 FLWR FAIRY LILLY CANDLES,Lighting & Candles,13
20899,-3.114237677208787,,2.95,4.4,10,2,category_fallback_insufficient_price_variation,VINTAGE NOTEBOOK RED ROSE,Cards & Stationery,13
84623,-2.0646679242450734,0.6664768419889182,7.95,3.6572575446780586,7,3,fitted,PINK GINGHAM ROSE FLOOR CUSHION,Home Decor,13
90079,-1.6950974262848952,,4.95,1.6153846153846154,13,3,category_fallback_insufficient_price_variation,VINTAGE ENAMEL & CRYSTAL NECKLACE,Jewellery & Accessories,13
72755D,-2.192545162280248,0.5327078339940994,1.25,56.1200624302932,8,4,fitted,FLOWER FAIRY OIL BURNER SET SUMMER,General Giftware,13
72487,-2.3688033192828297,0.6421472905486247,0.42723404255319153,274.10115640018444,3,3,fitted,ROSES WHITE ROUND CANDLE,Lighting & Candles,13
90156,-1.3974418695906337,0.1870229007633588,4.95,1.834008086409343,12,2,fitted,RESIN BRACELET W PASTEL BEADS,Jewellery & Accessories,13
84402D,-1.9281906349895204,0.9100602114225916,0.85,55.352370828056685,9,6,fitted,PINK DRESS JEWELLERY STAND ,Jewellery & Accessories,13
16248B,-2.3146812720872716,,1.25,9.11111111111111,9,1,category_fallback_insufficient_price_variation,BLUE HOLE PUNCH,General Giftware,13
90051,-1.6950974262848952,,7.01,1.7,10,4,category_fallback_insufficient_price_variation,CRACKED GLAZE NECKLACE RED,Jewellery & Accessories,13
72796B,-2.278947917977102,,1.65,3.0,9,3,category_fallback_insufficient_price_variation,S/3 FRENCH VANILLA SQU CANDLE,Lighting & Candles,13
37489C,-0.4070932330192762,0.49152529796200173,0.39,3.062765294716767,11,4,fitted,GREEN/BLUE FLOWER DESIGN BIG MUG,Kitchen & Dining,13
37491A,-0.2230516591477431,0.03536763606950699,3.29,1.346704106056967,11,4,fitted,YELLOW/PINK CERAMIC CANDLE HOLDER,Lighting & Candles,13
47504F,-2.3146812720872716,,1.65,22.5,2,1,category_fallback_insufficient_price_variation,ENGLISH ROSE TORCH,General Giftware,13
47351B,-2.278947917977102,,2.95,3.8461538461538463,13,2,category_fallback_insufficient_price_variation,BLUE  VOILE LAMPSHADE,Lighting & Candles,13
90180B,-1.6950974262848952,,9.95,1.4166666666666667,12,4,category_fallback_insufficient_price_variation,PURPLE AMETHYST NECKLACE W TASSEL,Jewellery & Accessories,13
85162B,-2.278947917977102,,1.95,88.81818181818181,11,3,category_fallback_insufficient_price_variation,BLACK RETRODISC LAMPSHADE,Lighting & Candles,13
21339,-2.278947917977102,,19.95,3.0,10,4,category_fallback_implausible_fit,MARAKESH LANTERN LARGE,Lighting & Candles,13
90088,-2.3146812720872716,,0.85,11.11111111111111,9,2,category_fallback_insufficient_price_variation,CRYSTAL KEY+LOCK PHONE CHARM,General Giftware,13
90083,-2.0509363580768265,0.5771691530198667,1.63,1.3652926141683084,13,3,fitted,CRYSTAL CZECH CROSS PHONE CHARM,General Giftware,13
90058A,-1.6950974262848952,,0.38,52.36363636363637,11,1,category_fallback_insufficient_price_variation,CRYSTAL STUD EARRINGS CLEAR DISPLAY,Jewellery & Accessories,13
71028B,-2.2443543263641024,0.9302035096061826,0.44202845528455287,98.77793781609515,6,6,fitted,SILVER BLUE EGG T-LIGHT HOLDER,Lighting & Candles,13
62074B,-2.4529194956318796,,0.42,3.4545454545454546,11,2,category_fallback_insufficient_price_variation,ELEPHANT CLIP W SUCTION CUP,Kitchen & Dining,13
90182C,-1.6950974262848952,,2.925,1.5833333333333333,12,4,category_fallback_insufficient_price_variation,BLACK 3 BEAD DROP EARRINGS,Jewellery & Accessories,13
21322,-1.4418252733919945,0.8689730320574064,2.0642857142857145,90.96905421426999,3,3,fitted,GLASS SPHERE CANDLE STAND LARGE ,Lighting & Candles,13
90183C,-1.6950974262848952,,2.9,1.0833333333333333,12,4,category_fallback_insufficient_price_variation,BLACK DROP EARRINGS W LONG BEADS,Jewellery & Accessories,13
79338,-2.217524890674983,0.8586463225353083,0.6190038314176245,42.449427232813115,8,7,fitted,DARK PINK FLOCK GLASS CANDLEHOLDER,Lighting & Candles,13
16162M,-2.4405677367344385,,0.42,8.8,10,2,category_fallback_insufficient_price_variation,THE KING GIFT BAG 25x24x12cm,Bags,13
23540,-2.2875979582951644,0.1548120008034649,6.95,4.843389960303141,7,5,fitted,WALL ART THE MAGIC FOREST ,General Giftware,13
16043,-2.3629948062932637,0.7003460043754637,0.42,8.264104131677742,11,3,fitted,POP ART PUSH DOWN RUBBER ,General Giftware,13
84227,-2.3146812720872716,,0.42,14.0,8,2,category_fallback_insufficient_price_variation,HEN HOUSE W CHICK IN NEST,General Giftware,13
84656,-2.3146812720872716,,5.95,2.4444444444444446,9,1,category_fallback_insufficient_price_variation,WHITE ROSE C/COVER,General Giftware,13
20620,-2.3146812720872716,,4.3,2.0,7,2,category_fallback_insufficient_price_variation,RED SPOTTY PASSPORT COVER,General Giftware,13
37491D,-0.3783727708838645,0.035695600919727455,3.29,1.6472675478327627,11,4,fitted,PURPLE/BLUE CERAMIC CANDLE HOLDER,Lighting & Candles,13
90123B,-1.6950974262848952,,5.95,2.6,10,1,category_fallback_insufficient_price_variation,TURQUOISE HEART OF GLASS BRACELET,Jewellery & Accessories,13
72715,-2.278947917977102,,0.42,8.0,11,2,category_fallback_insufficient_price_variation,SPHERICAL IVORY CANDLE ,Lighting & Candles,13
90064B,-1.6950974262848952,,3.75,1.75,12,1,category_fallback_insufficient_price_variation,BLACK VINTAGE  CRYSTAL EARRINGS,Jewellery & Accessories,12
21760,-2.3146812720872716,,125.0,1.4,10,2,category_fallback_insufficient_price_variation,FRENCH STYLE WALL DRESSER,General Giftware,12
90039B,-1.6950974262848952,,3.76,2.2,10,4,category_fallback_insufficient_price_variation,FIRE POLISHED GLASS BRACELET MONTAN,Jewellery & Accessories,12
23478,-2.125826788498408,0.7606521162294525,1.2965384615384616,20.064212664194105,5,3,fitted,WOODLAND LARGE PINK FELT HEART,General Giftware,12
84613C,-2.278947917977102,,4.65,2.7,10,1,category_fallback_insufficient_price_variation,BLUE NEW BAROQUE FLOCK CANDLESTICK,Lighting & Candles,12
90001D,-1.6950974262848952,,4.25,1.9090909090909092,11,2,category_fallback_insufficient_price_variation,ANTIQUE OLIVE GREEN FLOWER EARRINGS,Jewellery & Accessories,12
21759,-2.3146812720872716,,49.95,2.2857142857142856,7,4,category_fallback_implausible_fit,METAL WALL SHELF UNIT WITH HOOKS,General Giftware,12
37483,-2.4529194956318796,,2.55,5.5,4,1,category_fallback_insufficient_price_variation,ENGLISH ROSE MUG IN GIFT BOX,Kitchen & Dining,12
22828,-5.364429163053212,0.6097560975609756,155.0,1.6064318261062502,10,2,fitted,REGENCY MIRROR WITH SHUTTERS,Home Decor,12
84993b,-2.3146812720872716,,0.85,3.1666666666666665,6,2,category_fallback_insufficient_price_variation,75 BLACK PETIT FOUR CASES,General Giftware,12
77079,-2.3146812720872716,,2.12,5.818181818181818,11,1,category_fallback_insufficient_price_variation,DOLPHIN WINDMILL,General Giftware,12
84875A,-2.375411544782531,,3.75,1.6,10,1,category_fallback_insufficient_price_variation,PINK SQUARE COMPACT MIRROR,Home Decor,12
90029,-1.6950974262848952,,8.5,2.090909090909091,11,2,category_fallback_insufficient_price_variation,NEW BAROQUE SMALL NECKLACE BLACK,Jewellery & Accessories,12
85023C,-1.6950974262848952,,2.55,2.875,8,1,category_fallback_insufficient_price_variation,PINK LARGE JEWELED PHOTOFRAME,Jewellery & Accessories,12
84536a,-3.114237677208787,,0.81,2.5,10,3,category_fallback_insufficient_price_variation,ENGLISH ROSE NOTEBOOK A7 SIZE,Cards & Stationery,12
44092C,-2.278947917977102,,0.85,2.7777777777777777,9,1,category_fallback_insufficient_price_variation,PURPLE/COPPER HANGING LAMPSHADE,Lighting & Candles,12
84582,-2.3146812720872716,,4.25,2.5,6,1,category_fallback_insufficient_price_variation,PINK CROCHET CAT WITH SCARF,General Giftware,12
47552A,-2.3146812720872716,,1.95,1.625,8,1,category_fallback_insufficient_price_variation,DOTS IRONING BOARD COVER,General Giftware,12
20994,-2.3146812720872716,,0.85,11.75,4,1,category_fallback_insufficient_price_variation,JAZZ HEARTS SPIRAL NOTEPAD,General Giftware,12
90064A,-6.4769019016496685,0.4488415434241402,4.15,1.2040098142475053,12,3,fitted,WHITE VINTAGE CRYSTAL EARRINGS,Jewellery & Accessories,12
82613c,-2.375411544782531,,2.51,1.3,10,2,category_fallback_insufficient_price_variation,"METAL SIGN,CUPCAKE SINGLE HOOK",Home Decor,12
17191A,-2.278947917977102,,3.75,3.3,10,1,category_fallback_insufficient_price_variation,ROSE FLOWER CANDLE+INCENSE 16X16CM,Lighting & Candles,12
84462,-2.5827688984064956,,1.25,3.9,10,1,category_fallback_insufficient_price_variation,3 PINK HEN+CHICKS IN BASKET,Storage & Boxes,12
90128A,-0.5591553405704245,0.032699053483495444,1.376,3.050672098009437,8,5,fitted,PINK LEAVES AND BEADS PHONE CHARM,General Giftware,12
21338,-2.278947917977102,,5.95,4.375,8,2,category_fallback_insufficient_price_variation,MARAKESH LANTERN SMALL ,Lighting & Candles,12
84934,-2.375411544782531,,0.85,76.0,9,2,category_fallback_insufficient_price_variation,ASSTD DESIGN POP ART SLIM PEN,Home Decor,12
71215,-2.278947917977102,,0.42,11.818181818181818,11,2,category_fallback_insufficient_price_variation,METAL BASE FOR CANDLES,Lighting & Candles,12
81950V,-1.211345239855079,0.41288818708709896,0.85,1.8832025816473401,9,3,fitted,FLOWER PURPLE CLOCK W/SUCKER,Home Decor,12
20848,-2.3146812720872716,,2.95,3.25,12,2,category_fallback_insufficient_price_variation,ZINC HEART LATTICE CHARGER SMALL,General Giftware,12
21337,-2.3146812720872716,,2.95,4.125,8,3,category_fallback_implausible_fit,SILVER WASHBAG,General Giftware,12
35633B,-2.3146812720872716,,0.19,14.444444444444445,9,3,category_fallback_insufficient_price_variation,BLUE TINSEL GARLAND ,General Giftware,12
85166A,-2.5151578276835984,0.7864845319286862,3.75,4.100540091106938,5,4,fitted,WHITE METAL BAROQUE PHOTO FRAME,Home Decor,12
90100,-1.6950974262848952,,2.55,3.0,10,1,category_fallback_insufficient_price_variation,NECKLACE+BRACELET SET PINK DAISY,Jewellery & Accessories,12
35600D,-1.8052471567071626,0.7585622251498205,2.9500000000000006,19.540403046439593,9,4,fitted,PINK AND WHITE CHRISTMAS TREE 180CM,Christmas & Seasonal,12
35610A,-2.416927076451554,0.8525487502412784,1.25,7.228609308579592,9,3,fitted,PINK CHRISTMAS FLOCK DROPLET ,Christmas & Seasonal,12
84723,-0.8404908310109247,0.3390732107238603,7.95,1.7293633402042627,12,2,fitted,CHERRY BLOSSOM CANVAS ART PICTURE,General Giftware,12
72740A,-1.50707672166538,0.4988878900710737,2.5294642857142855,9.634676994736205,4,4,fitted,LARGE STRAWBERRY CHOCOLATE CANDLE,Lighting & Candles,12
90206A,-1.6950974262848952,,4.95,1.4545454545454546,11,3,category_fallback_insufficient_price_variation,GOLD DIAMANTE STAR BROOCH,Jewellery & Accessories,12
17129C,-2.4405677367344385,,0.85,1.6666666666666667,9,1,category_fallback_insufficient_price_variation,SKY BLUE COLOUR GLASS GEMS IN BAG,Bags,11
75172,-1.4461046877855086,0.8158511646417462,2.27,3.1323958761139643,10,2,fitted,PAINTED SEA SHELL METAL WINDCHIME,General Giftware,11
84614A,-0.6691032990366456,0.2592592592592593,5.95,2.0000000000000004,10,2,fitted,PINK BAROQUE FLOCK CANDLE HOLDER,Lighting & Candles,11
84845D,-2.5827688984064956,,1.25,5.125,8,1,category_fallback_insufficient_price_variation,GERANIUM SQUARE HANDY TIN,Storage & Boxes,11
82069,-2.375411544782531,,5.91,1.7,10,2,category_fallback_implausible_fit,BEECH WOOD P/FRAME,Home Decor,11
90024D,-1.6950974262848952,,8.5,1.1818181818181819,11,1,category_fallback_insufficient_price_variation,NEW BAROQUE B'FLY NECKLACE PINK,Jewellery & Accessories,11
78034B,-2.5827688984064956,,1.95,1.7777777777777777,9,1,category_fallback_insufficient_price_variation,BLUE NETTING STORAGE HANGER,Storage & Boxes,11
90214Y,-2.7478290301297212,0.8241750149225617,0.85,1.7075468579836435,9,4,fitted,"LETTER ""Y"" BLING KEY RING",Jewellery & Accessories,11
90027C,-1.6950974262848952,,2.95,1.1818181818181819,11,3,category_fallback_insufficient_price_variation,GLASS BEAD HOOP EARRINGS GREEN,Jewellery & Accessories,11
35591T,-2.5565447916340402,,1.25,2.857142857142857,7,1,category_fallback_insufficient_price_variation,TURQUOISE CHRISTMAS TREE ,Christmas & Seasonal,11
16202C,-1.9810262769476321,0.4673643048653737,2.022,10.880051682417317,8,3,fitted,BEIGE PHOTO ALBUM,General Giftware,11
82545A,-2.3146812720872716,,1.25,3.4444444444444446,9,1,category_fallback_insufficient_price_variation,COGNAC AUX OEUFS METAL 1 HOOK,General Giftware,11
22987,-2.375411544782531,,0.42,22.90909090909091,11,1,category_fallback_insufficient_price_variation,"WRAP , SUMMER ROSE DESIGN",Home Decor,11
84537B,-2.4405677367344385,,0.42,11.7,10,2,category_fallback_insufficient_price_variation,FAIRY CAKES GIFT BAG,Bags,11
90162A,-1.6950974262848952,,2.95,3.75,8,2,category_fallback_insufficient_price_variation,ANT SILVER TURQUOISE BOUDICCA RING,Jewellery & Accessories,11
72750D,-1.8171248800230244,0.6435969317338521,1.95,15.86936923629069,7,3,fitted,F.FAIRY S/3 CANDLE/GLASS,Lighting & Candles,11
20889,-1.8617573721499847,0.854132548366175,2.95,4.919018971698728,9,3,fitted,JARDIN DE FEMME SCENTED CANDLE,Lighting & Candles,11
90053,-1.6950974262848952,,2.54,1.1,10,3,category_fallback_insufficient_price_variation,CRACKED GLAZE EARRINGS IVORY,Jewellery & Accessories,11
84250M,-3.114237677208787,,0.85,1.4444444444444444,9,2,category_fallback_insufficient_price_variation,"GREETING CARD, BLACKPOOL ROCK",Cards & Stationery,11
85225,-6.320386668841659,0.3854940533852763,1.25,1.2202849358728105,10,2,fitted,BLING KEY RING STAND,Jewellery & Accessories,11
23614,-2.3146812720872716,,3.33,3.25,8,1,category_fallback_insufficient_price_variation,SET 10 CARDS 12 DAYS WRAP  17058,General Giftware,11
23467,-1.8150765098639245,0.7013017993885176,3.712857142857143,4.6339865750485725,7,6,fitted,VINTAGE ZINC PLANTER  ,General Giftware,11
23468,-2.3146812720872716,,8.25,2.375,8,1,category_fallback_insufficient_price_variation,TUSCAN VILLA BIRD TABLE ,General Giftware,11
35809a,-2.3146812720872716,,4.13,1.1,10,2,category_fallback_insufficient_price_variation,ENAMEL PINK TEA CONTAINER,General Giftware,11
90092,-2.3146812720872716,,0.85,14.428571428571429,7,2,category_fallback_insufficient_price_variation,BLUE CRYSTAL BOOT PHONE CHARM,General Giftware,11
84340,-1.989355005080289,0.8076577339735134,3.4866666666666672,4.35095778897598,4,4,fitted,LARGE FIBRE OPTIC CHRISTMAS TREE,Christmas & Seasonal,11
84464,-2.5827688984064956,,2.55,6.6,5,2,category_fallback_insufficient_price_variation,S/60 PINK FLUFFY CHICKS IN BOX,Storage & Boxes,11
20860,-2.4405677367344385,,2.1,2.2222222222222223,9,1,category_fallback_insufficient_price_variation,GOLD COSMETICS BAG WITH BUTTERFLY,Bags,11
85132a,-2.3146812720872716,,8.29,1.8333333333333333,6,2,category_fallback_implausible_fit,CHARLIE + LOLA BISCUITS TINS,General Giftware,11
47503F,-2.3146812720872716,,1.65,13.4,5,2,category_fallback_insufficient_price_variation,ASS FLORAL PRINT TORCH,General Giftware,11
35818B,-1.2354865648586293,0.3270077727802022,0.38,26.70631666807891,10,5,fitted,"ACRYLIC JEWEL ICICLE, BLUE",Jewellery & Accessories,11
72024U,-2.278947917977102,,0.21,24.444444444444443,9,1,category_fallback_insufficient_price_variation,LILAC VOTIVE CANDLE,Lighting & Candles,11
72724,-2.5565447916340402,,1.25,18.0,2,1,category_fallback_insufficient_price_variation,SET/6 CHRISTMAS ICICLE T-LIGHTS,Christmas & Seasonal,11
37491C,-2.278947917977102,,1.65,8.428571428571429,7,3,category_fallback_implausible_fit,GREEN/BLUE CERAMIC CANDLE HOLDER,Lighting & Candles,11
90123C,-1.6950974262848952,,5.95,2.3636363636363638,11,2,category_fallback_insufficient_price_variation,GREEN HEART OF GLASS BRACELET,Jewellery & Accessories,11
90002B,-1.6950974262848952,,3.75,2.4444444444444446,9,4,category_fallback_insufficient_price_variation,FLOWER BURST SILVER RING ROSE,Jewellery & Accessories,11
21595,-2.3146812720872716,,8.56,1.8333333333333333,6,2,category_fallback_insufficient_price_variation,Dad's Cab Electronic Meter,General Giftware,11
72225D,-6.863664888511515,0.40452756017067015,0.29,23.99999999999997,8,4,fitted,VANILLA SCENT CAKE CANDLE ,Lighting & Candles,11
20835,-0.7733523447836413,0.8341822904529247,0.83,10.456391576387984,9,4,fitted,FRENCH LATTICE CUSHION COVER ,Home Decor,11
90037A,-1.6950974262848952,,2.55,2.5,10,3,category_fallback_insufficient_price_variation,TINY CRYSTAL BRACELET RED,Jewellery & Accessories,11
84653,-2.3146812720872716,,45.95,1.8571428571428572,7,4,category_fallback_implausible_fit,GREEN ROSE QUILT ,General Giftware,11
84803B,-2.3146812720872716,,1.69,4.2,10,2,category_fallback_insufficient_price_variation,WHITE ALLIUM  ARTIFICIAL FLOWER,General Giftware,11
82613b,-2.375411544782531,,2.51,1.4,10,2,category_fallback_insufficient_price_variation,"METAL SIGN,CUPCAKE SINGLE HOOK",Home Decor,11
21300,-1.7342471091114244,0.8491152759789266,12.75,21.354156504062615,3,2,fitted,ANTIQUE EDWARDIAN DRESSER,General Giftware,11
35840,-0.05518384099306805,0.0007293748785129894,2.3841935483870964,4.393420606458046,4,4,fitted,FLAT GLASS  BAUBLE WHITE FLOCK ,Bottles & Glassware,11
22206,-2.4529194956318796,,0.85,1.5555555555555556,9,2,category_fallback_insufficient_price_variation,"MUG , DOTCOMGIFTSHOP.COM ",Kitchen & Dining,10
84632,-2.3146812720872716,,59.95,1.2222222222222223,9,1,category_fallback_insufficient_price_variation,DECORATIVE HANGING SHELVING UNIT,General Giftware,10
79063D,-2.5827688984064956,,0.19,12.714285714285714,7,1,category_fallback_insufficient_price_variation,"RETRO PILL BOX , REVOLUTIONARY",Storage & Boxes,10
90027B,-1.6950974262848952,,2.95,1.4444444444444444,9,3,category_fallback_insufficient_price_variation,GLASS BEAD HOOP EARRINGS MONTANA,Jewellery & Accessories,10
16256C,-2.3146812720872716,,0.42,16.9,10,2,category_fallback_insufficient_price_variation,HEARTS PENCIL/RUBBER+5 MINI PENCILS,General Giftware,10
85079,-2.5565447916340402,,1.00875,6.0,4,3,category_fallback_implausible_fit,EMBROIDERED REINDEER DECORATION,Christmas & Seasonal,10
72771B,-2.278947917977102,,2.37515625,64.5,2,2,category_fallback_insufficient_price_variation,BURG FLOCK GOLD CUP/CANDLE ,Lighting & Candles,10
84967B,-1.0702891582805785,0.6167550048138895,79.95,1.4859942891369495,9,2,fitted,BLUE KASHMIRI OCCASIONAL TABLE,General Giftware,10
84206A,-3.114237677208787,,0.19000000000000003,11.285714285714286,7,2,category_fallback_insufficient_price_variation,3 BLACK CATS W HEARTS BLANK CARD,Cards & Stationery,10
62043B,-0.9295302137315069,0.07421052885269674,1.65,2.7865180227312205,8,3,fitted,BLUE CHECK BAG W HANDLE 34X20CM,Bags,10
20688,-1.3619330144812074,0.5534734518332827,5.95,3.293623199472578,5,5,fitted,BEAUTY SPEED EXPRESSO CUPS,General Giftware,10
72793,-2.278947917977102,,5.95,6.111111111111111,9,3,category_fallback_implausible_fit,BLACK BOX MIRROR LANTERN,Lighting & Candles,10
79303B,-3.748766016873636,0.6994401571243192,5.91,1.0281391357553928,9,4,fitted,BLUE STAR BLOCK TABLE LAMP,Lighting & Candles,10
84926B,-2.3146812720872716,,1.25,7.714285714285714,7,1,category_fallback_insufficient_price_variation,SCOTTS ROSES TILE COASTER,General Giftware,10
84424A,-2.375411544782531,,3.75,2.875,8,1,category_fallback_insufficient_price_variation,FOUR PICTURE WHITE GLASS FRAME,Home Decor,10
48179,-0.13335304740641002,0.033722753911723746,9.597999999999999,4.330539896276116,3,3,fitted,DOOR MAT SWEET HOME,General Giftware,10
35638B,-0.8915879556161548,0.20242084228965096,3.95,3.467029661354805,10,3,fitted,PINK/BLUE STRING CURTAIN ,Jewellery & Accessories,10
16053,-2.1496290983107373,0.8249457244208808,0.21,30.50581680765328,10,3,fitted,POPART COL BALLPOINT PEN ASST,Cards & Stationery,10
21674,-9.666443307106334,0.6323428678154006,16.95,3.5652049159319987,7,2,fitted,RIDGED GLASS PENDANT LAMPSHADE,Lighting & Candles,10
23442,-2.3146812720872716,,2.08,10.5,4,2,category_fallback_insufficient_price_variation,12 HANGING EGGS HAND PAINTED,General Giftware,10
17011A,-2.176580367761679,0.8648481714385334,2.1,4.629766272200101,9,4,fitted,ORIGAMI VANILLA INCENSE+FLOWER ,General Giftware,10
90178B,-1.6950974262848952,,11.95,1.5,10,2,category_fallback_insufficient_price_variation,PURPLE CHUNKY GLASS+BEAD NECKLACE,Jewellery & Accessories,10
84520b,-2.3146812720872716,,2.085,18.333333333333332,6,3,category_fallback_implausible_fit,PACK 20 ENGLISH ROSE PAPER NAPKINS,General Giftware,10
84886,-2.3146812720872716,,9.95,2.1666666666666665,6,1,category_fallback_insufficient_price_variation,BLUE METAL WALL SHELF,General Giftware,10
21764,-2.4529194956318796,,39.95,1.625,8,1,category_fallback_insufficient_price_variation,VINTAGE WOODEN PLATE RACK,Kitchen & Dining,10
47347B,-2.378706771403477,0.26166812845309584,1.25,6.399880182913878,8,3,fitted,BLUE FLOWER T-LIGHT HOLDER,Lighting & Candles,10
47344B,-1.8283012880899847,0.15564039916038497,1.25,3.166480044138787,9,3,fitted,BLUE FLOWER DES PURSE,General Giftware,10
84564,-2.4529194956318796,,7.95,2.5,8,1,category_fallback_insufficient_price_variation,6 SEGMENT COLOURED SNACK BOWL ,Kitchen & Dining,10
84925C,-2.3146812720872716,,2.55,3.5,8,1,category_fallback_insufficient_price_variation,FAIRY CAKES  WALL THERMOMETER,General Giftware,10
21267,-1.3257195408047888,0.9780756320901418,3.6714285714285713,6.510221704076294,3,3,fitted,VINTAGE PINK TINSEL REEL ,General Giftware,10
23629,-2.3146812720872716,,2.49,4.0,6,1,category_fallback_insufficient_price_variation,SET 10 CARDS DRESSING UP 17077,General Giftware,10
23632,-2.3146812720872716,,2.08,2.5,6,1,category_fallback_insufficient_price_variation,SET 10 CARDS CHEERFUL ROBIN 17065,General Giftware,10
16168S,-2.759591251544519,0.9231374585318065,0.1918181818181818,51.08060168815389,6,5,fitted,FUNKY MONKEY GIFT BAG SMALL,Bags,10
23024,-2.278947917977102,,2.89,28.22222222222222,9,3,category_fallback_implausible_fit,LARGE BONNE JAM JAR  T-LIGHT HOLDER,Lighting & Candles,10
84596b,-2.4529194956318796,,2.51,2.6,5,1,category_fallback_insufficient_price_variation,SMALL DOLLY MIX DESIGN ORANGE BOWL,Kitchen & Dining,10
90125C,-3.1512196738604947,0.574114255724425,1.66,2.8898102230543024,9,4,fitted,TURQUOISE BERTIE GLASS BEAD CHARM,Bottles & Glassware,10
84613A,-2.278947917977102,,4.65,2.2,10,1,category_fallback_insufficient_price_variation,PINK NEW BAROQUE FLOCK CANDLESTICK,Lighting & Candles,10
90001A,-1.6950974262848952,,4.25,1.1,10,4,category_fallback_insufficient_price_variation,ANTIQUE RASPBERRY FLOWER EARRINGS,Jewellery & Accessories,10
35817P,-0.9719875594981328,0.49933218118360034,0.38000000000000006,39.71995367231645,9,4,fitted,"ACRYLIC JEWEL SNOWFLAKE,PINK",Jewellery & Accessories,10
37492A,-2.58814573113885,0.8920719874959011,3.198387096774194,9.210800869945693,4,3,fitted,YELLOW RED FLOWER PIGGY BANK,General Giftware,10
90002E,-1.6950974262848952,,3.75,2.125,8,2,category_fallback_insufficient_price_variation,FLOWER BURST SILVER RING GREEN,Jewellery & Accessories,10
84798B,-2.5926265648154785,0.4860692023444716,2.55,6.074936969199578,9,3,fitted,PURPLE FOXGLOVE ARTIIFCIAL FLOWER,General Giftware,10
90036B,-2.2316348529077747,,7.95,2.0,9,1,category_fallback_insufficient_price_variation,"FLOWER GLASS GARLAND NECKL.36""GREEN",Bottles & Glassware,10
90037B,-1.6950974262848952,,2.545,2.8,10,3,category_fallback_insufficient_price_variation,TINY CRYSTAL BRACELET GREEN,Jewellery & Accessories,10
85018A,-2.3146812720872716,,4.25,1.5,10,1,category_fallback_insufficient_price_variation,S/6 PAPER BOXES ROMANTIC IMAGES,General Giftware,10
85018B,-2.3146812720872716,,4.25,1.6666666666666667,9,1,category_fallback_insufficient_price_variation,S/6 PAPER BOXES BLOSSOM IMAGES ,General Giftware,10
85023A,-1.6950974262848952,,2.55,3.142857142857143,7,2,category_fallback_insufficient_price_variation,CRYSTAL LARGE JEWELLED PHOTO FRAME,Jewellery & Accessories,10
90141B,-1.6950974262848952,,4.98,1.5555555555555556,9,3,category_fallback_insufficient_price_variation,IVORY PENDANT TRIPLE SHELL NECKLACE,Jewellery & Accessories,10
35233,-2.3146812720872716,,3.75,1.5,8,1,category_fallback_insufficient_price_variation,PASTA ENAMEL/BRASS CONTAINER,General Giftware,10
35443,-2.0533511102062985,,0.85,1.6,10,1,category_fallback_insufficient_price_variation,RASTA IN BATH W SPLIFF ASHTRAY,Bath & Body,10
10124G,-2.3146812720872716,,0.42,4.111111111111111,9,2,category_fallback_insufficient_price_variation,ARMY CAMO BOOKCOVER TAPE,General Giftware,10
90209A,-2.2316348529077747,,2.1,17.3,10,2,category_fallback_implausible_fit,PURPLE ENAMEL+GLASS HAIR COMB,Bottles & Glassware,10
35936,-2.5565447916340402,,0.38,4.5,8,2,category_fallback_insufficient_price_variation,CERISE+GOLD CHRISTMAS TREE DEC,Christmas & Seasonal,9
90030A,-0.8895429361849879,0.4722009451429562,1.0,10.921724834223784,7,3,fitted,SPOTTED WHITE NATURAL SEED NECKLACE,Jewellery & Accessories,9
90026A,-1.6950974262848952,,8.5,1.2222222222222223,9,2,category_fallback_insufficient_price_variation,GLASS BEAD HOOP NECKLACE BLACK,Jewellery & Accessories,9
90001C,-1.6950974262848952,,4.25,1.25,8,2,category_fallback_insufficient_price_variation,ANTIQUE OPAL WHITE FLOWER EARRINGS,Jewellery & Accessories,9
35932,-2.5565447916340402,,0.38,4.5,8,2,category_fallback_insufficient_price_variation,PINK CHRISTMAS TREE DECORATION,Christmas & Seasonal,9
21266,-2.3146812720872716,,4.3,7.666666666666667,3,1,category_fallback_insufficient_price_variation,VINTAGE SILVER TINSEL REEL,General Giftware,9
90060D,-2.2316348529077747,,5.95,1.8571428571428572,7,1,category_fallback_insufficient_price_variation,FIRE POLISHED GLASS NECKL BRONZE,Bottles & Glassware,9
90151,-1.6950974262848952,,8.5,2.7142857142857144,7,1,category_fallback_insufficient_price_variation,SILVER/NATURAL SHELL NECKLACE,Jewellery & Accessories,9
37471,-1.4965252769020079,0.9485397465768969,0.85,17.35396126117239,9,4,fitted,MULTICOLOUR DOTS PLATE,Kitchen & Dining,9
90179A,-1.6950974262848952,,5.95,1.3333333333333333,9,3,category_fallback_insufficient_price_variation,AMBER FINE BEAD NECKLACE W TASSEL,Jewellery & Accessories,9
84858B,-2.066253063029017,0.8297728911511935,1.25,71.69047930663505,5,3,fitted,BLUE RIVIERA HANDBAG,Bags,9
72753D,-2.278947917977102,,2.1,28.8,5,1,category_fallback_insufficient_price_variation,S/3 FLWR FAIRY SUMMER CANDLES,Lighting & Candles,9
79413,-2.375411544782531,,1.25,6.0,5,1,category_fallback_insufficient_price_variation,GLASS WINE GLASS DECORATIONS,Home Decor,9
79331,-0.994265115284917,0.33436759295005714,1.6499999999999997,4.64501141975166,8,3,fitted,PINK FLOCK GLASS CANDLEHOLDER,Lighting & Candles,9
84596I,-2.278947917977102,,1.25,3.0,5,1,category_fallback_insufficient_price_variation,WRAP SWEETS LIGHT PINK SMALL BOWL,Lighting & Candles,9
84593,-2.3146812720872716,,2.95,3.7142857142857144,7,1,category_fallback_insufficient_price_variation,CROCHET ROSE DES CLOTHES HANGER,General Giftware,9
37482B,-2.2413768703324344,0.7068975605067065,2.55,12.528338145916216,8,4,fitted,CUBIC MUG BLUE POLKA DOT,Kitchen & Dining,9
90001B,-1.6950974262848952,,4.25,1.5,8,2,category_fallback_insufficient_price_variation,ANTIQUE MID BLUE FLOWER EARRINGS,Jewellery & Accessories,9
18010,-2.0533511102062985,,0.42,12.8,5,3,category_fallback_implausible_fit,ASSORTED FRAGRANCE BATH CONFETTI,Bath & Body,9
90055,-1.6950974262848952,,2.54,1.0,9,3,category_fallback_insufficient_price_variation,CRACKED GLAZE EARRINGS BROWN,Jewellery & Accessories,9
16161E,-2.3146812720872716,,0.1,125.0,6,1,category_fallback_insufficient_price_variation,WRAP BOUDOIR ,General Giftware,9
84798A,-2.3146812720872716,,2.55,5.666666666666667,9,1,category_fallback_insufficient_price_variation,PINK FOXGLOVE ARTIIFCIAL FLOWER,General Giftware,9
85124a,-2.375411544782531,,5.06,1.25,8,1,category_fallback_insufficient_price_variation,PINK JUICY FRUIT PHOTO FRAME,Home Decor,9
35644,-2.3146812720872716,,1.95,4.166666666666667,6,1,category_fallback_insufficient_price_variation,PAIR PINK/BLACK COATHANGERS,General Giftware,9
48103,-2.3146812720872716,,7.49,1.6666666666666667,9,2,category_fallback_implausible_fit,DOOR MAT KISS MY.......,General Giftware,9
84963A,-0.8187316071901602,0.06687805448650275,49.95,1.7804630035471252,7,3,fitted,PINK PAINTED KASHMIRI CHAIR,General Giftware,9
23304,-2.4529194956318796,,1.95,17.75,4,1,category_fallback_insufficient_price_variation,SET 4 PICNIC CUTLERY CHERRY ,Kitchen & Dining,9
85132b,-2.3146812720872716,,8.29,1.5,6,1,category_fallback_insufficient_price_variation,CHARLIE AND LOLA TABLE TINS,General Giftware,9
72038P,-1.4364540493994806,1.0,0.21,49.99999999999999,9,2,fitted,PRICE'S CANDLE PEACH,Lighting & Candles,9
90121B,-1.6950974262848952,,4.25,3.8,5,1,category_fallback_insufficient_price_variation,VINTAGE ROSE BEAD BRACELET BLUE,Jewellery & Accessories,9
90024E,-1.6950974262848952,,8.5,1.75,8,2,category_fallback_insufficient_price_variation,NEW BAROQUE B'FLY NECKLACE MONTANA,Jewellery & Accessories,9
85099c,-2.4405677367344385,,5.06,5.333333333333333,3,1,category_fallback_insufficient_price_variation,JUMBO  BAG BAROQUE BLACK WHITE,Bags,9
84805B,-2.2582326290192367,0.5755564278857925,3.3500000000000005,4.9319669587359325,8,4,fitted,BLUE CLIMBING HYDRANGA ART FLOWER,General Giftware,9
37351,-0.5842903014987799,0.7154067853041247,1.25,4.386432401142318,9,3,fitted,ORANGE FLOWER MUG ,Kitchen & Dining,9
20988,-2.3146812720872716,,1.95,3.4285714285714284,7,1,category_fallback_insufficient_price_variation,TRELLIS FLOWER CHOPSTICKS SET/5,General Giftware,9
16169D,-2.3146812720872716,,0.42,125.0,2,1,category_fallback_insufficient_price_variation,WRAP WINTER FOREST,General Giftware,9
23305,-2.4529194956318796,,1.95,16.4,5,3,category_fallback_insufficient_price_variation,SET 4 PICNIC CUTLERY BLUEBERRY,Kitchen & Dining,9
20953,-2.3146812720872716,,1.65,5.5,6,2,category_fallback_insufficient_price_variation,PORCELAIN CHERUB BELL LARGE,General Giftware,9
84924F,-1.8779754663848274,0.8219896073691673,0.79,21.55483080911349,7,4,fitted,PSYCHEDELIC METAL SIGN CALENDAR,Home Decor,9
35816P,-1.7778805147959311,0.7391205303133439,0.8150000000000001,13.377122439626197,8,4,fitted,"ACRYLIC JEWEL ANGEL,PINK",Jewellery & Accessories,9
23637,-2.3146812720872716,,2.49,1.375,8,1,category_fallback_insufficient_price_variation,SET 10 CARDS OUT OF ORDER 17216,General Giftware,9
72783,-2.278947917977102,,2.1,5.375,8,1,category_fallback_insufficient_price_variation,BLACK SIL'T SQU CANDLE PLATE ,Lighting & Candles,9
84586L,-2.3146812720872716,,2.95,3.0,5,2,category_fallback_insufficient_price_variation,"PINK ROSES/GINGHAM PATCH RABBIT 8""",General Giftware,9
44242B,-2.2046666219778235,0.14497741970508915,1.25,5.633174634143819,9,2,fitted,PINK FEATHERS CURTAIN,General Giftware,9
21596,-2.3146812720872716,,4.21,2.0,5,2,category_fallback_insufficient_price_variation,Hypochondriac Pill Stress Ball,General Giftware,9
47590b,-2.3146812720872716,,10.79,1.7142857142857142,7,1,category_fallback_insufficient_price_variation,PINK HAPPY BIRTHDAY BUNTING,General Giftware,9
20958,-2.3146812720872716,,1.95,2.888888888888889,9,1,category_fallback_insufficient_price_variation,PORCELAIN HANGING BELL LARGE,General Giftware,9
20820,-2.375411544782531,,4.95,1.75,8,1,category_fallback_insufficient_price_variation,SILVER LOOKING MIRROR,Home Decor,9
47518f,-2.3146812720872716,,4.21,1.0,9,3,category_fallback_insufficient_price_variation,ICON PLACEMAT POP ART ELVIS,General Giftware,9
90084,-2.3146812720872716,,0.85,10.666666666666666,6,1,category_fallback_insufficient_price_variation,PINK CRYSTAL GUITAR PHONE CHARM,General Giftware,9
84247J,-0.05469105706404101,0.004387913854990377,0.86,3.162277660168379,3,2,fitted,PACK/12 RUSSIAN DOLL CARDS,Toys & Games,9
90024C,-1.6950974262848952,,8.5,1.25,8,2,category_fallback_insufficient_price_variation,NEW BAROQUE B'FLY NECKLACE GREEN,Jewellery & Accessories,9
84705A,-2.375411544782531,,4.65,2.5,6,1,category_fallback_insufficient_price_variation,ENGLISH ROSE PHOTO FRAME ,Home Decor,8
90038C,-1.6950974262848952,,3.75,2.25,8,3,category_fallback_insufficient_price_variation,GLASS AND BEADS BRACELET IVORY,Jewellery & Accessories,8
84622,-2.375411544782531,,5.95,4.4,5,1,category_fallback_insufficient_price_variation,PINK GINGHAM ROSE CUSHION COVER,Home Decor,8
84706B,-2.375411544782531,,8.95,2.7142857142857144,7,1,category_fallback_insufficient_price_variation,FAIRY CAKES TABLE CLOCK,Home Decor,8
90026D,-1.6950974262848952,,8.5,1.25,8,1,category_fallback_insufficient_price_variation,GLASS BEAD HOOP NECKLACE AMETHYST,Jewellery & Accessories,8
16201A,-2.3146812720872716,,1.95,16.666666666666668,6,3,category_fallback_implausible_fit,PASTEL PINK PHOTO ALBUM,General Giftware,8
90212C,-1.6950974262848952,,3.75,2.5714285714285716,7,1,category_fallback_insufficient_price_variation,PURPLE LAS VEGAS BRACELET ROUND,Jewellery & Accessories,8
35910B,-1.7742368319130555,0.38709923386740297,1.95,4.300259349476695,7,3,fitted,PINK FLOWERS RABBIT EASTER,Christmas & Seasonal,8
90031,-1.1608891385485507,0.8392462191439236,1.0,7.917045519206906,8,3,fitted,BILI NUT AND WOOD NECKLACE,Jewellery & Accessories,8
35085E,-2.278947917977102,,1.25,4.714285714285714,7,1,category_fallback_insufficient_price_variation,IVORY ROSE LAMPSHADE ,Lighting & Candles,8
20887,-2.278947917977102,,5.924285714285714,6.0,3,3,category_fallback_implausible_fit,BOX OF 6 PEBBLE CANDLES,Lighting & Candles,8
17014D,-2.6739441525113445,0.9213833107043342,1.65,3.9221966117894422,6,5,fitted,ORIGAMI ROSE INCENSE CONES,General Giftware,8
90037D,-1.6950974262848952,,2.55,2.0,7,3,category_fallback_insufficient_price_variation,TINY CRYSTALS BRACELET BLACK,Jewellery & Accessories,8
72754B,-1.0389705731996046,0.7311457733282485,0.7346511627906978,45.72175452480915,4,3,fitted,F FAIRY POTPOURRI CUSHIONS LAVENDER,Home Decor,8
84551,-1.6950974262848952,,1.65,4.875,8,2,category_fallback_insufficient_price_variation,CROCHET DOG KEYRING,Jewellery & Accessories,8
23640,-2.3146812720872716,,2.49,1.125,8,1,category_fallback_insufficient_price_variation,SET 10 CARDS SCOTTIE DOG 17211,General Giftware,8
17091F,-2.5827688984064956,,1.3599999999999999,4.75,4,3,category_fallback_implausible_fit,SANDALWOOD INCENSE IN TIN,Storage & Boxes,8
22657,-2.5827688984064956,,0.85,9.285714285714286,7,1,category_fallback_insufficient_price_variation,HEN & 2 CHICKS IN BASKET,Storage & Boxes,8
21097,-1.6950974262848952,,0.85,5.5,6,1,category_fallback_insufficient_price_variation,SET/6 GREEN SPRING  PAPER PLATE,Jewellery & Accessories,8
84985a,-2.3146812720872716,,2.98,1.4285714285714286,7,1,category_fallback_insufficient_price_variation,SET OF 72 GREEN PAPER DOILIES,General Giftware,8
44241C,-1.6950974262848952,,0.85,10.0,7,2,category_fallback_insufficient_price_variation,BLUE BUTTERFLY ON SPRING,Jewellery & Accessories,8
72772,-3.0999825201568467,0.8538189142419006,1.2758620689655173,117.2386169843599,4,3,fitted,SET/4 SCENTED CANDLES IN RAMEKINS,Lighting & Candles,8
23464,-1.6950974262848952,,4.95,3.6,5,2,category_fallback_implausible_fit,VINTAGE ZINC WATERING CAN SMALL,Jewellery & Accessories,8
90179B,-1.6950974262848952,,5.95,1.25,8,2,category_fallback_insufficient_price_variation,PURPLE FINE BEAD NECKLACE W TASSEL,Jewellery & Accessories,8
23038,-2.86794042565164,0.8418071484016764,1.63,1.7320508075688767,7,2,fitted,T-LIGHT HOLDER SILVER SAUCER,Lighting & Candles,8
90149,-1.6950974262848952,,7.5,1.75,8,2,category_fallback_insufficient_price_variation,SILVER FLOWR PINK SHELL NECKLACE,Jewellery & Accessories,8
90150,-1.6950974262848952,,7.5,1.8571428571428572,7,1,category_fallback_insufficient_price_variation,BLUE SHELL+SILVER NECKLACE,Jewellery & Accessories,8
81953B,-0.7684442077550422,0.375,0.85,0.9999999999999998,5,2,fitted,ROUND BLUE CLOCK WITH SUCKER,Home Decor,8
35824C,-2.1437859059727304,0.7036611733008522,0.565,27.052299193548162,6,3,fitted,"HANGING FLOWERS+MIRROR,CLEAR",Home Decor,8
90182A,-1.6950974262848952,,2.9,1.6,5,1,category_fallback_insufficient_price_variation,AMBER 3 BEAD DROP EARRINGS,Jewellery & Accessories,8
84201B,-3.114237677208787,,0.19,4.875,8,2,category_fallback_insufficient_price_variation,HAPPY BIRTHDAY CARD STRIPEY TEDDY,Cards & Stationery,8
47570b,-2.3146812720872716,,21.23,1.1428571428571428,7,1,category_fallback_insufficient_price_variation,TEA TIME TABLE CLOTH,General Giftware,8
20827,-1.4671380674164713,0.3961597751909526,2.12,7.4797410784982565,7,3,fitted,GOLD APERITIF GLASS,Bottles & Glassware,8
35597D,-4.409491211326799,0.6551861614089475,0.65,2.1544346900318834,5,3,fitted,PINK/WHITE CHRISTMAS TREE 30CM,Christmas & Seasonal,8
85151,-2.375411544782531,,1.25,14.666666666666666,3,1,category_fallback_insufficient_price_variation,WELCOME METAL SIGN,Home Decor,8
21353,-2.3146812720872716,,7.95,9.0,2,1,category_fallback_insufficient_price_variation,SILVER SLEIGHBELL  WREATH,General Giftware,8
17007B,-2.375411544782531,,2.1,7.666666666666667,6,1,category_fallback_insufficient_price_variation,S/3 POT POURI CUSHIONS BLUE COLOURS,Home Decor,8
71050,-2.278947917977102,,0.3499999999999999,7.285714285714286,7,2,category_fallback_insufficient_price_variation,SMALL SINGLE FLAME CANDLE HOLDER,Lighting & Candles,8
90163B,-1.6950974262848952,,7.5,1.5,8,3,category_fallback_insufficient_price_variation,WHITE ROSEBUD & PEARL NECKLACE,Jewellery & Accessories,8
37345,-1.2272046232107827,0.7072966127172766,2.1470588235294117,11.020907079122974,4,3,fitted,ASSTD HEARTS DESIGN MUGS,Kitchen & Dining,8
84809B,-3.3547368519442857,0.6513309575159516,2.1,10.392304845413264,7,2,fitted,PINK CHRYSANTHEMUMS ART FLOWER,General Giftware,8
21702,-2.3348919864940587,0.9232683946751775,1.6900000000000002,19.25390603467575,5,3,fitted,SET 5 MINI GATEAUX  FRIDGE MAGNETS,General Giftware,8
16050,-0.8577650607861345,0.06304853310769276,0.25,15.137000520175457,7,2,fitted,TEATIME PENCIL WITH RUBBER,General Giftware,8
16119,-3.6564309028979833,0.8594114174934898,0.5258381502890174,62.5904765830575,3,3,fitted,FUNKY GIRL ADDRESS BOOK,General Giftware,8
84367,-3.0267545845308157,1.0,1.6499999999999997,12.0,8,2,fitted,LA STREGA CANVAS PICTURE ,General Giftware,8
84414B,-3.114278660864421,0.9991551336381505,18.95,1.0000000000000018,5,2,fitted,FUSCHIA/GREEN STRIPE WOOLLY BLANKET,General Giftware,8
90128D,-0.941810829095034,0.26705726160550247,2.46,1.2078748434173734,7,3,fitted,PURPLE LEAVES AND BEADS PHONE CHAR,General Giftware,8
90128B,-0.11632256715563075,0.0013224389946573378,1.25,2.168943542395397,6,2,fitted,BLUE LEAVES AND BEADS PHONE CHARM,General Giftware,8
84425A,-2.375411544782531,,4.25,2.2857142857142856,7,1,category_fallback_insufficient_price_variation,WHITE GLASS TV TRIPLE FRAME,Home Decor,8
35071,-2.5565447916340402,,1.6159574468085105,25.0,2,2,category_fallback_insufficient_price_variation,ASSORTED SANTA CHRISTMAS DECORATION,Christmas & Seasonal,7
23620,-2.3146812720872716,,2.49,1.6666666666666667,6,1,category_fallback_insufficient_price_variation,SET 10 CARDS PERFECT POST 17090,General Giftware,7
23616,-2.3146812720872716,,2.49,1.6,5,1,category_fallback_insufficient_price_variation,SET 10 CARDS JINGLE BELLS 17217,General Giftware,7
35909B,-2.5565447916340402,,2.95,2.6666666666666665,6,2,category_fallback_insufficient_price_variation,PINK FLOWERS RABBIT EASTER,Christmas & Seasonal,7
23463,-1.6950974262848952,,9.95,2.4,5,1,category_fallback_insufficient_price_variation,VINTAGE ZINC WATERING CAN,Jewellery & Accessories,7
90011E,-1.6950974262848952,,2.95,1.0,7,3,category_fallback_insufficient_price_variation,AMBER CRYSTAL DROP EARRINGS,Jewellery & Accessories,7
90140,-1.6950974262848952,,7.57,1.5,6,2,category_fallback_insufficient_price_variation,PINK SWEETIE NECKLACE,Jewellery & Accessories,7
21118,-1.1886406829455491,0.5292471341072988,1.25,14.124565982259416,5,3,fitted,SHOPPING BAG DOORSTOP,Bags,7
79329,-1.1062427364956169,0.4918765354849012,1.6499999999999997,4.095345022158439,7,4,fitted,PINK FLOCK GLASS CANDLEHOLDER,Lighting & Candles,7
90025F,-1.6950974262848952,,3.75,1.0,7,3,category_fallback_insufficient_price_variation,BAROQUE BUTTERFLY EARRINGS CRYSTAL,Jewellery & Accessories,7
81985A,-2.375411544782531,,2.55,3.2857142857142856,7,1,category_fallback_insufficient_price_variation,"ICON ALARM CLOCK,FUSCHIA  PIN UP",Home Decor,7
90130D,-1.6950974262848952,,2.9500000000000006,1.7142857142857142,7,3,category_fallback_insufficient_price_variation,RED STONE/CRYSTAL EARRINGS,Jewellery & Accessories,7
37352,-2.4529194956318796,,1.25,5.833333333333333,6,1,category_fallback_insufficient_price_variation,BIRD IN TREE MUG ,Kitchen & Dining,7
47341A,-1.5756110092869469,0.7554186947887013,2.5,2.3866825526095075,6,2,fitted,FUSCHIA TABLE RUN FLOWER ,General Giftware,7
84891B,-2.278947917977102,,7.95,2.4,5,1,category_fallback_insufficient_price_variation,GREEN WIRE GOBLET CANDLEHOLDER,Lighting & Candles,7
45013,-2.3146812720872716,,2.95,3.4285714285714284,7,1,category_fallback_insufficient_price_variation,FOLDING SHOE TIDY,General Giftware,7
90074,-1.6950974262848952,,8.95,1.3333333333333333,6,3,category_fallback_insufficient_price_variation,BLACK DIAMOND CLUSTER NECKLACE,Jewellery & Accessories,7
90046,-2.4405677367344385,,4.95,2.1666666666666665,6,1,category_fallback_insufficient_price_variation,WHITE WITH METAL BAG CHARM,Bags,7
90048,-2.4405677367344385,,4.95,5.0,6,1,category_fallback_insufficient_price_variation,GREEN WITH METAL BAG CHARM,Bags,7
23636,-2.3146812720872716,,2.91,1.8,5,1,category_fallback_insufficient_price_variation,SET 10 CARDS WISHING TREE 17116,General Giftware,7
44091A,-2.278947917977102,,0.42,3.3333333333333335,6,1,category_fallback_insufficient_price_variation,BLUE CRUSOE CHECK LAMPSHADE,Lighting & Candles,7
16245A,-2.3146812720872716,,1.25,1.8333333333333333,6,1,category_fallback_insufficient_price_variation,PINK MINI STATIONERY SET W CASE,General Giftware,7
84562B,-0.6348021071076887,0.4432177850050152,7.95,2.2894284851066633,5,2,fitted,BLUE/WHITE RIBBED MELAMINE JUG,General Giftware,7
37348,-2.4529194956318796,,2.55,2.3333333333333335,6,2,category_fallback_insufficient_price_variation,SET OF 4 PASTEL STACKING MUGS,Kitchen & Dining,7
84805A,-1.0309297535714572,0.31788301815732123,3.75,3.866364089863526,7,2,fitted,CREAM CLIMBING HYDRANGA ART FLOWER,General Giftware,7
20870,-3.633080757309531,0.9624320367022404,3.2,2.5715762858207833,3,3,fitted,OPULENT VELVET CANDLE IN BOX,Lighting & Candles,7
37491B,-0.4896749498149343,0.05285205333530629,1.65,1.8439917890916173,6,3,fitted,BLUE/YELLOW CERAMIC CANDLE HOLDER,Lighting & Candles,7
90011C,-1.6950974262848952,,2.9500000000000006,1.7142857142857142,7,4,category_fallback_insufficient_price_variation,GREEN CRYSTAL DROP EARRINGS,Jewellery & Accessories,7
23607,-2.3146812720872716,,1.66,1.1428571428571428,7,1,category_fallback_insufficient_price_variation,SET 10 CARDS HATS & STOCKINGS 17081,General Giftware,7
35597B,-2.5565447916340402,,1.25,3.1666666666666665,6,1,category_fallback_insufficient_price_variation,BLACKCHRISTMAS TREE 30CM,Christmas & Seasonal,7
16243B,-2.3146812720872716,,5.975,1.75,4,2,category_fallback_insufficient_price_variation,BROWN COZY SQUARE PHOTO ALBUM,General Giftware,7
20816,-0.8741784664436519,0.34311388287484434,6.75,2.701920077041227,6,2,fitted,GOLD FLOWER CUSHION COVER ,Home Decor,7
84415B,-2.375411544782531,,3.75,3.6666666666666665,6,1,category_fallback_insufficient_price_variation,BLUE FLOCK CUSHION COVER ,Home Decor,7
90075,-1.6950974262848952,,8.95,1.2857142857142858,7,2,category_fallback_insufficient_price_variation,MONTANA DIAMOND CLUSTER NECKLACE,Jewellery & Accessories,7
85184B,-2.5565447916340402,,2.95,2.3333333333333335,6,1,category_fallback_insufficient_price_variation,SET 4 EASTER DECOUPAGE OVAL BOXES,Christmas & Seasonal,7
35815P,-1.9658136012045866,0.8829537097898321,1.24,4.816853681908739,6,3,fitted,"ACRYLIC JEWEL SNOWFLAKE, PINK",Jewellery & Accessories,7
17174,-2.3146812720872716,,0.42,6.0,6,2,category_fallback_insufficient_price_variation,ASSTD RASTA KEY-CHAINS,General Giftware,7
90189A,-1.6950974262848952,,7.5,1.4285714285714286,7,1,category_fallback_insufficient_price_variation,SILVER 2 STRAND NECKLACE-LEAF CHARM,Jewellery & Accessories,7
84617,-2.3146812720872716,,12.75,1.8333333333333333,6,1,category_fallback_insufficient_price_variation,NEW BAROQUE BLACK BOXES,General Giftware,7
90050,-1.6950974262848952,,7.01,1.8333333333333333,6,3,category_fallback_insufficient_price_variation,CRACKED GLAZE NECKLACE IVORY,Jewellery & Accessories,7
72083A,-2.278947917977102,,2.1,4.8,5,1,category_fallback_insufficient_price_variation,STRAWBERY SWIRL FLARE CANDLE,Lighting & Candles,7
90214W,-1.6950974262848952,,0.85,1.0,7,3,category_fallback_implausible_fit,"LETTER ""W"" BLING KEY RING",Jewellery & Accessories,7
84705C,-2.5555897062774444,0.850099308299724,4.21,1.4489361447480675,7,3,fitted,PINK FLOCK PHOTO FRAME ,Home Decor,7
90111,-2.3146812720872716,,1.05,1.6,5,1,category_fallback_insufficient_price_variation,BLUE HIBISCUS  HAIR CLIP,General Giftware,7
84705F,-2.375411544782531,,4.65,2.0,5,1,category_fallback_insufficient_price_variation,RED PEONY PHOTO FRAME ,Home Decor,7
84743C,-2.375411544782531,,1.25,2.0,5,1,category_fallback_insufficient_price_variation,ORANGE FELT VASE + FLOWERS,Home Decor,6
84732D,-0.8417570936286539,0.5492996810163044,1.65,1.259921049894873,5,2,fitted,CUTE RABBIT CEATURE SCREEN ,General Giftware,6
84732B,-1.0883279642117838,0.4802303086518148,1.65,1.3160740129524924,6,3,fitted,CUTE BIRD CEATURE SCREEN,General Giftware,6
90024F,-1.6950974262848952,,8.49,1.3333333333333333,6,3,category_fallback_insufficient_price_variation,NEW BAROQUE B'FLY NECKLACE CRYSTAL,Jewellery & Accessories,6
37112,-2.3146812720872716,,3.75,2.5,4,1,category_fallback_insufficient_price_variation,YELLOW BIRDS FELT DES FOODCOVER,General Giftware,6
90026B,-1.6950974262848952,,8.5,1.1666666666666667,6,1,category_fallback_insufficient_price_variation,GLASS BEAD HOOP NECKLACE MONTANA,Jewellery & Accessories,6
90126A,-1.985967411665547,0.4129752731272819,1.6900000000000002,3.9148676411688625,5,3,fitted,PINK BERTIE MOBILE PHONE CHARM,General Giftware,6
84933C,-1.8723316864601878,0.7941434192751411,2.1,31.879757075478334,5,2,fitted,LARGE BLUE ORIENTAL FOLDING STOOL,General Giftware,6
84933A,-2.0456481274460336,0.8795096323428673,3.408333333333333,17.75916693144805,4,3,fitted,LARGE GREEN PEONY FOLDING STOOL,General Giftware,6
20825,-2.2316348529077747,,3.75,72.0,5,2,category_fallback_implausible_fit,GOLD WINE GLASS,Bottles & Glassware,6
23303,-2.4529194956318796,,1.95,16.25,4,2,category_fallback_insufficient_price_variation,SET 4 PICNIC CUTLERY FONDANT,Kitchen & Dining,6
35638A,-1.251881806870503,0.2991196117096021,3.95,1.6700698989991904,6,3,fitted,PINK AND BLACK STRING CURTAIN,Jewellery & Accessories,6
84807,-2.3146812720872716,,1.69,10.333333333333334,6,2,category_fallback_insufficient_price_variation,RED POPPY ARTIFICIAL FLOWER,General Giftware,6
51012L,-2.278947917977102,,1.25,5.0,2,1,category_fallback_insufficient_price_variation,"FEATHER DUSTER, LIGHT PINK",Lighting & Candles,6
21697,-2.3146812720872716,,1.6900000000000002,26.4,5,2,category_fallback_insufficient_price_variation,SET 5 MINI DOUGHNUT FRIDGE MAGNET ,General Giftware,6
84765,-0.6570751019432128,0.18650703866384,12.75,1.8988901416075388,5,3,fitted,SILVER ROCOCO CANDELABRA,General Giftware,6
72045D,-7.127106477775298,0.18905339923675601,1.69,86.94826047713661,3,2,fitted,ROSES ON BLUE TEACUP CANDLE ,Lighting & Candles,6
71496B,-2.830160670066484,0.10416666666666652,0.65,1.5874010519681996,5,2,fitted,A4 WALL TIDY RED FLOWERS,General Giftware,6
90027A,-1.6950974262848952,,2.95,1.8,5,2,category_fallback_insufficient_price_variation,GLASS BEAD HOOP EARRINGS BLACK,Jewellery & Accessories,6
72771C,-2.278947917977102,,0.7792592592592592,54.0,1,1,category_fallback_insufficient_price_variation,BLACK FLOCK GOLD CANDLE,Lighting & Candles,6
84599,-2.375411544782531,,7.95,3.75,4,2,category_fallback_implausible_fit,CANDY STRIPE ROSE FLOOR CUSHION,Home Decor,6
23613,-2.5565447916340402,,2.49,2.75,4,1,category_fallback_insufficient_price_variation,SET 10 XMAS CARDS & BADGES 17070,Christmas & Seasonal,6
84795E,-2.3146812720872716,,7.95,2.0,5,1,category_fallback_insufficient_price_variation,RIO PINK STRIPE HAMMOCK,General Giftware,6
72796A,-2.278947917977102,,1.65,2.2,5,1,category_fallback_insufficient_price_variation,S/3 ENGLISH LAVENDER SQU CANDLE,Lighting & Candles,6
85231g,-2.278947917977102,,1.63,1.0,6,1,category_fallback_insufficient_price_variation,ORANGE SCENTED SET/9 T-LIGHTS,Lighting & Candles,6
90067B,-1.6950974262848952,,2.9500000000000006,2.6666666666666665,6,3,category_fallback_insufficient_price_variation,BROWN VINTAGE VICTORIAN EARRINGS,Jewellery & Accessories,6
90152A,-1.6950974262848952,,5.95,1.0,6,3,category_fallback_insufficient_price_variation,SILVER/NAT SHELL NECKLACE W PENDANT,Jewellery & Accessories,6
84858A,-2.4405677367344385,,5.95,2.75,4,1,category_fallback_insufficient_price_variation,NATURAL RIVIERA HANDBAG,Bags,6
81953P,-1.2788374708379395,0.6463907905391425,0.85,1.4422495703074083,5,3,fitted,ROUND ARTICULATED PINK CLOCK W/SUCK,Home Decor,6
23623,-2.5565447916340402,,2.91,1.6,5,1,category_fallback_insufficient_price_variation,SET 10 CARD CHRISTMAS WELCOME 17112,Christmas & Seasonal,6
90012A,-1.0101491164753458,0.7730948847774904,9.98,1.0111725565121699,6,4,fitted,MIDNIGHT BLUE DROP CRYSTAL NECKLACE,Jewellery & Accessories,6
84830,-5.075519166453921,0.5368694311941796,16.95,1.4142135623730965,5,2,fitted,LARGE ENGLISH ARBORETUM,General Giftware,6
35819P,-1.6950974262848952,,0.38,12.0,5,2,category_fallback_insufficient_price_variation,"ACRYLIC HANGING JEWEL,PINK",Jewellery & Accessories,6
90132,-2.278947917977102,,5.09,1.2,5,1,category_fallback_insufficient_price_variation,LIGHT TOPAZ TEAL/AQUA COL NECKLACE,Lighting & Candles,6
35001B,-3.114237677208787,,3.49,2.8333333333333335,6,1,category_fallback_insufficient_price_variation,HAND OPEN SHAPE BLACK,Cards & Stationery,6
90012B,-1.3131085305129198,0.9003277270652924,9.95,1.211058192846433,6,3,fitted,BLACK DROP CRYSTAL NECKLACE,Jewellery & Accessories,6
37399,-1.6987554256881332,0.9999179866133129,0.5122222222222222,54.52566922792012,3,3,fitted,"ASS RETROSPOOF MUGS,SPORTS",Kitchen & Dining,6
84660b,-2.375411544782531,,7.62,1.4,5,1,category_fallback_insufficient_price_variation,BLACK STITCHED WALL CLOCK,Home Decor,6
84782B,-2.4529194956318796,,12.75,1.6666666666666667,6,1,category_fallback_insufficient_price_variation,BLACK 3 TIER GLASS PLATE STAND,Kitchen & Dining,6
84706A,-2.297567555869002,0.9256029564846212,2.7277777777777774,22.15868759849682,5,4,fitted,ENGLISH ROSE TABLE CLOCK,Home Decor,6
90154,-1.6950974262848952,,8.95,1.1666666666666667,6,1,category_fallback_insufficient_price_variation,LAZER CUT NECKLACE W PASTEL BEADS,Jewellery & Accessories,6
84989b,-2.3146812720872716,,1.28,2.5,4,1,category_fallback_insufficient_price_variation,75 BLACK FAIRY CAKE CASES,General Giftware,6
44092B,-2.278947917977102,,0.85,2.5,6,1,category_fallback_insufficient_price_variation,BLUE WHITE PLASTIC RINGS LAMPSHADE,Lighting & Candles,6
90042B,-1.6950974262848952,,2.55,3.4,5,1,category_fallback_insufficient_price_variation,FRESHWATER PEARL BRACELET PINK,Jewellery & Accessories,6
84415A,-0.6577324383928645,0.2301464130749734,3.75,2.9129506302439405,6,2,fitted,PINK FLOCK SUEDE CUSHION COVER ,Home Decor,6
90176D,-1.6950974262848952,,7.5,1.6666666666666667,6,1,category_fallback_insufficient_price_variation,DIAMANTE NECKLACE PURPLE,Jewellery & Accessories,6
20964,-2.3146812720872716,,2.55,4.0,5,1,category_fallback_insufficient_price_variation,POLYESTER FILLER PAD 60x40cm,General Giftware,6
35610C,-2.420047296218188,0.30818273681243535,1.25,5.403840154082454,6,2,fitted,WHITE CHRISTMAS FLOCK DROPLET ,Christmas & Seasonal,6
90128C,-0.6885699291948495,0.05796634666076883,1.25,2.2815417116451253,5,3,fitted,GREEN LEAVES AND BEADS PHONE CHARM,General Giftware,6
90076,-1.6950974262848952,,2.96,1.0,6,2,category_fallback_insufficient_price_variation,MONTANA DIAMOND CLUSTER EARRINGS,Jewellery & Accessories,6
47563B,-2.3146812720872716,,3.75,1.3333333333333333,6,1,category_fallback_insufficient_price_variation,WAVELINE SURF IRONING BOARD COVER,General Giftware,6
85035b,-2.278947917977102,,8.47,1.2,5,1,category_fallback_insufficient_price_variation,CHOCOLATE 3 WICK MORRIS BOX CANDLE,Lighting & Candles,6
21308,-2.375411544782531,,11.083333333333334,2.0,3,3,category_fallback_implausible_fit,LOUVRE VANITY MIRROR,Home Decor,5
72807a,-2.278947917977102,,8.29,2.0,4,1,category_fallback_insufficient_price_variation,SET/3 ROSE CANDLE IN JEWELLED BOX,Lighting & Candles,5
90182B,-1.6950974262848952,,2.9,1.25,4,1,category_fallback_insufficient_price_variation,AMETHYST 3 BEAD DROP EARRINGS,Jewellery & Accessories,5
16201B,-2.3146812720872716,,2.817586206896552,17.0,2,2,category_fallback_insufficient_price_variation,PASTEL BLUE PHOTO ALBUM,General Giftware,5
23646,-2.3146812720872716,,2.49,2.0,4,1,category_fallback_insufficient_price_variation,SET 10 CARDS JINGLE BELLS 16957,General Giftware,5
90060B,-2.2316348529077747,,5.95,1.75,4,1,category_fallback_insufficient_price_variation,FIRE POLISHED GLASS NECKL GOLD,Bottles & Glassware,5
23644,-2.5565447916340402,,3.33,1.0,5,1,category_fallback_insufficient_price_variation,SET 10 CARDS CHRISTMAS TREE 16955,Christmas & Seasonal,5
84030C,-2.2316348529077747,,3.75,5.0,4,1,category_fallback_insufficient_price_variation,KNITTED RAINBOW HOT WATER BOTTLE,Bottles & Glassware,5
16010,-2.3146812720872716,,0.12,11.0,4,1,category_fallback_insufficient_price_variation,FOLDING CAMPING SCISSOR W/KNIF & S,General Giftware,5
72754A,-2.953899983460963,0.8925986097321319,0.7134146341463414,72.2723981098786,4,3,fitted,FLOWER FAIRY POTPOURRI CUSHION LILY,Home Decor,5
84402B,-1.6950974262848952,,1.87,31.5,2,2,category_fallback_insufficient_price_variation,PURPLE DRESS JEWELLERY STAND,Jewellery & Accessories,5
84968a,-2.4529194956318796,,25.225,1.75,4,3,category_fallback_insufficient_price_variation,SET OF 16 VINTAGE ROSE CUTLERY,Kitchen & Dining,5
20833,-1.7144493909187988,0.9008106077448608,31.35,4.4448753708144695,4,2,fitted,SHAKER THROW  QUILTED,General Giftware,5
84963B,-2.3146812720872716,,49.95,2.5,4,3,category_fallback_implausible_fit,BLUE PAINTED KASHMIRI CHAIR,General Giftware,5
84933B,-2.3146812720872716,,2.1,33.25,4,1,category_fallback_insufficient_price_variation,LARGE PINK PEONY FOLDING STOOL,General Giftware,5
90026C,-1.6950974262848952,,8.5,1.4,5,1,category_fallback_insufficient_price_variation,GLASS BEAD HOOP NECKLACE GREEN,Jewellery & Accessories,5
84767,-2.278947917977102,,5.95,2.0,4,2,category_fallback_implausible_fit,ZINC POLICE BOX LANTERN,Lighting & Candles,5
90187A,-1.6950974262848952,,3.39,1.2,5,2,category_fallback_insufficient_price_variation,BLUE DROP EARRINGS W BEAD CLUSTER,Jewellery & Accessories,5
35918B,-2.3146812720872716,,1.25,2.5,4,1,category_fallback_insufficient_price_variation,BLUE FLORIBUNDA EGG WARMER,General Giftware,5
17014E,-2.3146812720872716,,1.65,1.2,5,1,category_fallback_insufficient_price_variation,ORIGAMI OPIUM INCENSE CONES,General Giftware,5
20680,-2.3146812720872716,,3.25,2.0,3,1,category_fallback_insufficient_price_variation,PINK FLOWERS CHILDS UMBRELLA,General Giftware,5
90025D,-1.6950974262848952,,3.73,1.0,5,2,category_fallback_insufficient_price_variation,BAROQUE BUTTERFLY EARRINGS PINK,Jewellery & Accessories,5
90025C,-1.6950974262848952,,3.75,1.0,5,1,category_fallback_insufficient_price_variation,BAROQUE BUTTERFLY EARRINGS GREEN,Jewellery & Accessories,5
35909A,-2.5565447916340402,,2.9500000000000006,4.0,5,2,category_fallback_insufficient_price_variation,RABBIT EASTER DECORATION,Christmas & Seasonal,5
84427B,-2.375411544782531,,4.25,3.4,5,1,category_fallback_insufficient_price_variation,BLACK GLASS TV DOUBLE P/FRAME 15X10,Home Decor,5
90035C,-2.3146812720872716,,10.75,7.0,4,1,category_fallback_insufficient_price_variation,"PEARL & SHELL 42""NECKL. IVORY",General Giftware,5
16151A,-0.7721270484040172,0.09438855223742637,1.25,7.006796120773447,4,2,fitted,FLOWERS HANDBAG blue and orange,Bags,5
84371,-4.0631216164438575,0.7077783332990863,20.3875,1.3957483217099496,4,4,fitted,BIG PINK POODLE,General Giftware,5
84292B,-2.3146812720872716,,7.95,1.25,4,1,category_fallback_insufficient_price_variation,BLUE COL METAL FOLDING CHAIR,General Giftware,5
18096c,-2.278947917977102,,5.17,3.0,2,1,category_fallback_insufficient_price_variation,WHITE ROUND PORCELAIN TLIGHT HOLDER,Lighting & Candles,5
84951b,-2.3146812720872716,,5.115,2.5,4,2,category_fallback_insufficient_price_variation,S/4 BLACK LOVEBIRD COASTERS,General Giftware,5
90141D,-5.12522188136979,0.3750000000000001,5.51,0.9999999999999982,5,2,fitted,ROSE PENDANT TRIPLE SHELL NECKLACE,Jewellery & Accessories,5
84986b,-2.3146812720872716,,2.98,1.2,5,1,category_fallback_insufficient_price_variation,SET OF 36 SILVER PAPER DOILIES,General Giftware,5
90152B,-1.6950974262848952,,5.95,1.5,4,1,category_fallback_insufficient_price_variation,BLUE/GREEN SHELL NECKLACE W PENDANT,Jewellery & Accessories,5
90049,-2.672858820768129,0.7464248542633907,7.455,2.1690865783129682,4,2,fitted,IVORY GOLD METAL BAG CHARM,Bags,5
85184c,-2.5827688984064956,,5.91,1.0,5,2,category_fallback_insufficient_price_variation,S/4 VALENTINE DECOUPAGE HEART BOX,Storage & Boxes,5
84536b,-3.114237677208787,,0.81,3.25,4,2,category_fallback_insufficient_price_variation,FAIRY CAKES NOTEBOOK A7 SIZE,Cards & Stationery,5
72708,-2.278947917977102,,0.21,11.0,4,2,category_fallback_insufficient_price_variation,SCULPTED ROUND IVORY CANDLE ,Lighting & Candles,5
84876C,-2.375411544782531,,3.75,2.6666666666666665,3,1,category_fallback_insufficient_price_variation,SILVER HEART COMPACT MIRROR,Home Decor,5
35824B,-2.375411544782531,,0.38,131.75,4,1,category_fallback_insufficient_price_variation,"HANGING FLOWERS+MIRROR,BLUE",Home Decor,5
90025E,-1.6950974262848952,,3.75,1.0,5,2,category_fallback_insufficient_price_variation,BAROQUE BUTTERFLY EARRINGS MONTANA,Jewellery & Accessories,5
20877,-2.5565447916340402,,0.42,6.0,2,1,category_fallback_insufficient_price_variation,MODERN CHRISTMAS BAUBLE CANDLE ,Christmas & Seasonal,5
90034,-1.6950974262848952,,9.965,1.25,4,3,category_fallback_insufficient_price_variation,WHITE SILVER NECKLACE SHELL GLASS,Jewellery & Accessories,5
15060b,-2.375411544782531,,8.29,1.0,5,2,category_fallback_insufficient_price_variation,FAIRY CAKE DESIGN UMBRELLA,Home Decor,5
37488A,-0.6804940916357254,0.4091286788297748,0.39,5.604078661310775,5,2,fitted,YELLOW PINK FLOWER DESIGN BIG BOWL,Kitchen & Dining,5
35597A,-2.5565447916340402,,1.25,3.6666666666666665,3,1,category_fallback_insufficient_price_variation,DUSTY PINK CHRISTMAS TREE 30CM,Christmas & Seasonal,5
84529B,-4.143391150718412,0.9139244742181417,6.75,1.4142135623730938,3,2,fitted,BLUE KNITTED KID'S RUCKSACK,General Giftware,5
35654,-2.375411544782531,,4.95,2.4,5,1,category_fallback_insufficient_price_variation,VINTAGE BEAD FILLED PINK CUSHION,Home Decor,5
90041,-2.3146812720872716,,3.73,1.2,5,3,category_fallback_insufficient_price_variation,PEARL AND CHERRY QUARTZ BRACLET,General Giftware,5
84914A,-2.3146812720872716,,25.95,1.2,5,1,category_fallback_insufficient_price_variation,PINK ROSE PICNIC RUG,General Giftware,5
90043,-2.4405677367344385,,4.95,1.8,5,1,category_fallback_insufficient_price_variation,COPPER AND BRASS BAG CHARM,Bags,5
23634,-2.5565447916340402,,2.91,1.0,5,1,category_fallback_insufficient_price_variation,SET 10 CARDS XMAS CHOIR 17068,Christmas & Seasonal,5
84550,-1.6950974262848952,,1.65,3.0,5,2,category_fallback_insufficient_price_variation,CROCHET LILAC/RED BEAR KEYRING,Jewellery & Accessories,5
90069,-1.6950974262848952,,7.5,2.2,5,1,category_fallback_insufficient_price_variation,RUBY GLASS CLUSTER NECKLACE,Jewellery & Accessories,5
84660a,-2.375411544782531,,7.62,1.4,5,2,category_fallback_insufficient_price_variation,WHITE STITCHED WALL CLOCK,Home Decor,5
90176C,-5.987193975483753,0.3309434386027681,7.5,1.8612097182041998,5,2,fitted,DIAMANTE NECKLACE,Jewellery & Accessories,5
72753C,-2.278947917977102,,2.1,13.666666666666666,3,2,category_fallback_implausible_fit,S/3 FLWR FAIRY ROSE CANDLES,Lighting & Candles,5
90176A,-1.6950974262848952,,7.5,1.4,5,2,category_fallback_insufficient_price_variation,CLASSIC DIAMANTE NECKLACE JET,Jewellery & Accessories,5
47016,-2.278947917977102,,2.1,7.75,4,1,category_fallback_insufficient_price_variation,LIGHT DECORATION BATTERY OPERATED,Lighting & Candles,5
84510e,-2.3146812720872716,,2.51,2.6,5,1,category_fallback_insufficient_price_variation,SET OF 4 GREEN CAROUSEL COASTERS,General Giftware,5
84534b,-3.114237677208787,,1.66,1.5,4,1,category_fallback_insufficient_price_variation,FAIRY CAKE NOTEBOOK A5 SIZE,Cards & Stationery,5
47583B,-2.5827688984064956,,24.95,2.6666666666666665,3,1,category_fallback_insufficient_price_variation,SET OF 3 WICKER BASKET TEA AND CAKE,Storage & Boxes,5
84493,-1.6589836628074681,0.9486994665121842,2.55,1.8171205928321397,5,2,fitted,BLUE/PINK NEST STRIPE BOX,Storage & Boxes,5
23650,-2.3146812720872716,,2.49,1.0,4,1,category_fallback_insufficient_price_variation,SET 10 CARDS FILIGREE BAUBLE 16961,General Giftware,4
84966B,-4.130086186816917,0.8701646150047793,16.0,4.353187099112305,4,2,fitted,BLUE KASHMIRI BOXED MIRROR,Home Decor,4
84450A,-2.5565447916340402,,0.42,11.5,4,1,category_fallback_insufficient_price_variation,PINK RABBIT SITTING EASTER,Christmas & Seasonal,4
21347,-2.278947917977102,,5.95,2.6666666666666665,3,1,category_fallback_insufficient_price_variation,GOTHIC CARRIAGE LANTERN,Lighting & Candles,4
90024A,-1.6950974262848952,,8.5,1.25,4,1,category_fallback_insufficient_price_variation,NEW BAROQUE B'FLY NECKLACE BLACK,Jewellery & Accessories,4
35995,-2.5565447916340402,,0.42,1.3333333333333333,3,1,category_fallback_insufficient_price_variation,SET/6 BLACK GLITTER REINDEER CANDLE,Christmas & Seasonal,4
79172D,-2.375411544782531,,0.85,6.0,4,1,category_fallback_insufficient_price_variation,PURPLE TINT ACRYLIC FLOWER VASE,Home Decor,4
90197D,-1.6950974262848952,,4.95,2.25,4,1,category_fallback_insufficient_price_variation,AMBER GLASS BRACELET HEART CHARMS,Jewellery & Accessories,4
35955,-2.5565447916340402,,0.42,13.0,3,1,category_fallback_insufficient_price_variation,SMALL FOLKART CHRISTMAS TREE DEC,Christmas & Seasonal,4
90021,-1.6950974262848952,,11.95,1.25,4,1,category_fallback_insufficient_price_variation,LASER CUT MULTI STRAND NECKLACE,Jewellery & Accessories,4
84726,-2.3146812720872716,,1.65,57.25,4,2,category_fallback_insufficient_price_variation,LILLIES CANVAS PICTURE,General Giftware,4
44265,-2.3146812720872716,,4.25,2.0,4,1,category_fallback_insufficient_price_variation,M/COLOUR POM-POM CURTAIN,General Giftware,4
18097B,-2.278947917977102,,2.55,2.3333333333333335,3,1,category_fallback_insufficient_price_variation,BLUE TALL PORCELAIN T-LIGHT HOLDER,Lighting & Candles,4
17013F,-2.3146812720872716,,1.65,1.5,4,2,category_fallback_insufficient_price_variation,ORIGAMI SANDLEWOOD INCENSE IN TUBE,General Giftware,4
23639,-2.3146812720872716,,3.33,1.0,4,1,category_fallback_insufficient_price_variation,SET 10 CARDS MAGICAL TREE 17086,General Giftware,4
37409,-2.4529194956318796,,0.85,2.6666666666666665,3,1,category_fallback_insufficient_price_variation,ASSORTED DESIGN FLOWER MUGS,Kitchen & Dining,4
47583A,-2.5827688984064956,,24.95,1.3333333333333333,3,1,category_fallback_insufficient_price_variation,SET OF 3 WICKER BASKET ROSE,Storage & Boxes,4
84206C,-3.114237677208787,,0.19,2.5,4,2,category_fallback_insufficient_price_variation,CHAMPAGNE TRAY BLANK CARD,Cards & Stationery,4
90078,-2.2316348529077747,,7.5,2.0,4,1,category_fallback_insufficient_price_variation,PINK/WHITE GLASS DEMI CHOKER,Bottles & Glassware,4
90077,-1.6950974262848952,,2.96,1.3333333333333333,3,2,category_fallback_insufficient_price_variation,BLACK DIAMOND CLUSTER EARRINGS,Jewellery & Accessories,4
20895,-3.114237677208787,,2.95,4.0,4,2,category_fallback_insufficient_price_variation,VINTAGE NOTEBOOK FRENCH LETTER ,Cards & Stationery,4
90126C,-2.527840432425122,0.8327185458450335,2.49,2.9226028119725975,4,4,fitted,AMBER BERTIE MOBILE PHONE CHARM,General Giftware,4
21081,-2.3146812720872716,,0.85,1.0,4,1,category_fallback_insufficient_price_variation,SET/20 POSIES PAPER NAPKINS,General Giftware,4
23654,-3.114237677208787,,2.49,1.25,4,1,category_fallback_insufficient_price_variation,SET 10 CARD SNOWMAN 16965,Cards & Stationery,4
46775B,-2.3146812720872716,,16.95,2.5,2,1,category_fallback_insufficient_price_variation,BERRIES CHUNKY KNITTED THROW ,General Giftware,4
23601,-2.3146812720872716,,2.49,2.6666666666666665,3,1,category_fallback_insufficient_price_variation,SET 10 CARDS SNOWY SNOWDROPS  17100,General Giftware,4
84509b,-2.3146812720872716,,7.46,1.25,4,1,category_fallback_insufficient_price_variation,SET OF 4 FAIRY CAKE PLACEMATS,General Giftware,4
47504J,-1.0940824243271312,1.0,21.7,1.0000000000000004,3,2,fitted,ENGLISH ROSE SET/3 GARDEN TOOLS,Garden & Outdoor,4
21560,-2.4529194956318796,,3.4233333333333333,2.0,2,2,category_fallback_insufficient_price_variation,TOADSTOOL  LUNCHBOX WITH CUTLERY,Kitchen & Dining,4
46137D,-2.3146812720872716,,2.95,11.25,4,2,category_fallback_insufficient_price_variation,GREEN CHENILLE SHAGGY RUG,General Giftware,4
47556b,-2.0533511102062985,,5.91,1.0,4,1,category_fallback_insufficient_price_variation,TEA TIME TEA TOWELS ,Bath & Body,4
23440,-2.3146812720872716,,2.08,6.666666666666667,3,1,category_fallback_insufficient_price_variation,PAINT YOUR OWN EGGS IN CRATE,General Giftware,4
21594,-2.3146812720872716,,4.21,1.3333333333333333,3,1,category_fallback_insufficient_price_variation,Dr. Jam's Arouzer Stress Ball,General Giftware,4
90152C,-1.6950974262848952,,5.95,1.75,4,1,category_fallback_insufficient_price_variation,BLUE/NAT SHELL NECKLACE W PENDANT,Jewellery & Accessories,4
21387,-2.375411544782531,,0.8499999999999999,12.5,2,2,category_fallback_insufficient_price_variation,IVORY HANGING DECORATION  RABBIT,Home Decor,4
84868B,-2.5827688984064956,,6.95,1.6666666666666667,3,1,category_fallback_insufficient_price_variation,BLUE BABY BOY'S MEMORY BOX,Storage & Boxes,4
90039A,-1.6950974262848952,,3.74,2.25,4,2,category_fallback_insufficient_price_variation,FIRE POLISHED GLASS BRACELET RED,Jewellery & Accessories,4
21919,-2.3146812720872716,,5.06,1.6666666666666667,3,1,category_fallback_insufficient_price_variation,Electronic Talking Breath-A-Loser,General Giftware,4
23624,-3.114237677208787,,2.49,1.3333333333333333,3,1,category_fallback_insufficient_price_variation,SET 10 CARD PERFECT NATIVITY 17089,Cards & Stationery,4
23625,-2.5565447916340402,,4.99,2.25,4,1,category_fallback_insufficient_price_variation,SET 6 CARDS SPARKLY REINDEER 17262,Christmas & Seasonal,4
90011D,-1.6950974262848952,,2.9299999999999997,1.0,4,2,category_fallback_insufficient_price_variation,PURPLE CRYSTAL DROP EARRINGS,Jewellery & Accessories,4
85231b,-2.278947917977102,,1.645,1.0,4,2,category_fallback_insufficient_price_variation,CINAMMON SET OF 9 T-LIGHTS,Lighting & Candles,4
72802a,-2.278947917977102,,8.47,3.0,3,2,category_fallback_insufficient_price_variation,ROSE SCENT CANDLE IN JEWELLED BOX,Lighting & Candles,4
23645,-2.5565447916340402,,2.49,2.25,4,1,category_fallback_insufficient_price_variation,SET 10 CHRISTMAS CARDS HOHOHO 16956,Christmas & Seasonal,4
20942,-2.278947917977102,,1.25,2.0,3,1,category_fallback_insufficient_price_variation,SET/6 GINGERBREAD TREE T-LIGHTS,Lighting & Candles,4
72785A,-2.278947917977102,,2.1,2.0,4,1,category_fallback_insufficient_price_variation,S/4 CONTEMPORY PINK ROSEBUD CANDLES,Lighting & Candles,4
84608,-2.278947917977102,,7.95,1.5,4,1,category_fallback_insufficient_price_variation,ORNATE EDWARDIAN CANDLE HOLDER,Lighting & Candles,4
90142A,-1.6950974262848952,,5.09,1.25,4,1,category_fallback_insufficient_price_variation,GREEN PENDANT SHELL NECKLACE,Jewellery & Accessories,4
90142D,-1.6950974262848952,,4.95,2.5,4,1,category_fallback_insufficient_price_variation,MOP PENDANT SHELL NECKLACE,Jewellery & Accessories,4
21310,-2.3146812720872716,,29.95,1.5,4,1,category_fallback_insufficient_price_variation,CAPIZ CHANDELIER,General Giftware,4
21309,-2.3146812720872716,,9.95,2.6666666666666665,3,1,category_fallback_insufficient_price_variation,LOUVRE CHALKBOARD,General Giftware,4
90181C,-1.6950974262848952,,9.445,1.0,4,2,category_fallback_insufficient_price_variation,BLACK GLASS/SHELL/PEARL NECKLACE,Jewellery & Accessories,4
90131,-1.6950974262848952,,6.95,2.25,4,1,category_fallback_insufficient_price_variation,PINK/AMETHYST/GOLD NECKLACE,Jewellery & Accessories,4
72801e,-2.278947917977102,,2.51,1.75,4,1,category_fallback_insufficient_price_variation,S/4 FESTIVE GREEN DINNER CANDLES,Lighting & Candles,4
85220,-2.3146812720872716,,1.5499999999999998,695.0,4,2,category_fallback_implausible_fit,SMALL FAIRY CAKE FRIDGE MAGNETS,General Giftware,4
85035a,-2.278947917977102,,8.47,1.3333333333333333,3,1,category_fallback_insufficient_price_variation,GARDENIA 3 WICK MORRIS BOXED CANDLE,Lighting & Candles,4
84611B,-2.5827688984064956,,5.95,1.75,4,1,category_fallback_insufficient_price_variation,BLACK NEW BAROQUE FLOCK BOX,Storage & Boxes,4
35596,-2.5565447916340402,,0.85,14.5,2,1,category_fallback_insufficient_price_variation,WOOD XMAS TREE 9 FIG SHELVES,Christmas & Seasonal,4
90141E,-2.3146812720872716,,4.95,2.25,4,1,category_fallback_insufficient_price_variation,ORANGE PENDANT TRIPLE SHELL NECKLAC,General Giftware,4
84612B,-2.3146812720872716,,2.55,5.0,4,1,category_fallback_insufficient_price_variation,SET/4 BLACK  BAROQUE FLOCK COASTER,General Giftware,4
23621,-2.3146812720872716,,2.49,2.0,3,1,category_fallback_insufficient_price_variation,SET 10 CARDS DAVID'S MADONNA 17074,General Giftware,4
23615,-2.3146812720872716,,2.49,1.0,4,1,category_fallback_insufficient_price_variation,SET 10 CARDS PRINTED GRAPHIC 17219,General Giftware,4
20905,-2.5827688984064956,,6.35,3.3333333333333335,3,1,category_fallback_insufficient_price_variation,VINTAGE KEEPSAKE BOX BEAUTY GIRL,Storage & Boxes,4
84757,-2.2366473473461657,,14.95,1.6666666666666667,3,1,category_fallback_insufficient_price_variation,ENCHANTED GARDEN WROUGHT IRON TABLE,Garden & Outdoor,4
20884,-2.5565447916340402,,2.1,1.5,2,1,category_fallback_insufficient_price_variation,MODERN CHRISTMAS TREE CANDLE ,Christmas & Seasonal,3
79062D,-2.5827688984064956,,0.29,13.333333333333334,3,1,category_fallback_insufficient_price_variation,"RETRO TIN ASHTRAY,REVOLUTIONARY",Storage & Boxes,3
79157V,-2.278947917977102,,0.85,1.6666666666666667,3,1,category_fallback_insufficient_price_variation,UBO-LIGHT TRIOBASE PURPLE,Lighting & Candles,3
79157B,-2.278947917977102,,0.85,1.6666666666666667,3,1,category_fallback_insufficient_price_variation,UBO-LIGHT TRIOBASE BLUE,Lighting & Candles,3
85034a,-2.278947917977102,,8.29,1.0,3,1,category_fallback_insufficient_price_variation,3 GARDENIA MORRIS BOXED CANDLES,Lighting & Candles,3
90102,-2.3146812720872716,,0.85,5.666666666666667,3,1,category_fallback_insufficient_price_variation,WHITE FRANGIPANI HAIR CLIP,General Giftware,3
17014F,-2.3146812720872716,,1.65,1.3333333333333333,3,1,category_fallback_insufficient_price_variation,ORIGAMI SANDLEWOOD INCENSE CONES,General Giftware,3
35821B,-1.6950974262848952,,0.38,50.0,3,1,category_fallback_insufficient_price_variation,"JEWELLED DECORATION,BLUE",Jewellery & Accessories,3
84864A,-2.3146812720872716,,6.75,1.3333333333333333,3,1,category_fallback_insufficient_price_variation,PINK PAISLEY PHOTO ALBUM,General Giftware,3
23635,-2.5565447916340402,,4.16,1.0,3,1,category_fallback_insufficient_price_variation,SET 10 CARDS CHRISTMAS HOLLY  17259,Christmas & Seasonal,3
84857A,-2.4405677367344385,,8.5,4.0,2,1,category_fallback_insufficient_price_variation,SILVER MONTE CARLO HANDBAG,Bags,3
40046C,-2.278947917977102,,1.25,1.0,3,1,category_fallback_insufficient_price_variation,PINK BUTTERFLY PAPER LAMPSHADE,Lighting & Candles,3
37494a,-2.3146812720872716,,6.04,4.0,1,1,category_fallback_insufficient_price_variation,FAIRY CAKE CERAMIC BUTTER DISH,General Giftware,3
15059A,-2.3146812720872716,,13.0,4.0,1,1,category_fallback_insufficient_price_variation,ENGLISH ROSE EDWARDIAN PARASOL,General Giftware,3
84838,-2.5827688984064956,,8.5,2.5,2,1,category_fallback_insufficient_price_variation,ANT WHITE HIGH RISE BIRD BOX,Storage & Boxes,3
23610,-2.5565447916340402,,2.08,1.0,3,1,category_fallback_insufficient_price_variation,SET 10 CARDS CHRISTMAS ROBIN 17095,Christmas & Seasonal,3
84575B,-2.3146812720872716,,5.95,1.3333333333333333,3,1,category_fallback_insufficient_price_variation,BROWN DOG CANNISTER W BONE,General Giftware,3
84546,-1.6950974262848952,,1.6499999999999997,7.0,3,1,category_fallback_insufficient_price_variation,CROCHET POODLE KEYRING,Jewellery & Accessories,3
44228,-2.3146812720872716,,0.85,16.0,3,1,category_fallback_insufficient_price_variation,CANNABIS LEAF BEAD CURTAIN,General Giftware,3
20812,-2.375411544782531,,2.55,2.5,2,1,category_fallback_insufficient_price_variation,EMBOSSED FLOWER TRELLIS PHOTO FRAME,Home Decor,3
23633,-2.3146812720872716,,2.49,1.0,3,1,category_fallback_insufficient_price_variation,SET 10 CARDS WORLD CHILDREN 17067,General Giftware,3
35650,-1.6950974262848952,,4.95,1.0,3,1,category_fallback_insufficient_price_variation,VINTAGE BEAD PINK JEWEL STAND,Jewellery & Accessories,3
23441,-2.5565447916340402,,0.42000000000000004,11.0,2,2,category_fallback_insufficient_price_variation,HAND PAINTED HANGING EASTER EGG,Christmas & Seasonal,3
23448,-2.5565447916340402,,1.6499999999999997,12.5,2,1,category_fallback_insufficient_price_variation,CREAM BUNNY EASTER EGG BASKET,Christmas & Seasonal,3
23447,-2.5565447916340402,,1.65,7.0,2,2,category_fallback_insufficient_price_variation,PINK BUNNY EASTER EGG BASKET,Christmas & Seasonal,3
47591b,-2.4529194956318796,,4.21,3.5,2,1,category_fallback_insufficient_price_variation,SCOTTIES CHILDRENS APRON,Kitchen & Dining,3
85128,-2.2366473473461657,,3.43,1.0,3,2,category_fallback_implausible_fit,PLANTPOT SINGLE HOOK PISTACHIO,Garden & Outdoor,3
85160a,-2.4529194956318796,,16.13,2.6666666666666665,3,1,category_fallback_insufficient_price_variation,WHITE BIRD GARDEN DESIGN MUG,Kitchen & Dining,3
85132c,-2.3146812720872716,,8.29,1.0,3,1,category_fallback_insufficient_price_variation,CHARLIE AND LOLA FIGURES TINS,General Giftware,3
20890,-1.538798258870649,0.8353508012586304,0.3,194.97692171126312,3,2,fitted,SMALL GLASS ROSE SCENTED CANDLE,Lighting & Candles,3
84366,-2.3146812720872716,,3.75,1.0,3,1,category_fallback_insufficient_price_variation,VENDETTA CANVAS PICTURE,General Giftware,3
90052,-1.6950974262848952,,7.07,1.0,3,2,category_fallback_insufficient_price_variation,CRACKED GLAZE NECKLACE BROWN,Jewellery & Accessories,3
47591c,-2.4529194956318796,,4.21,1.3333333333333333,3,1,category_fallback_insufficient_price_variation,BLUE FAIRY CAKE CHILD'S APRON,Kitchen & Dining,3
84814B,-2.2316348529077747,,1.95,7.0,1,1,category_fallback_insufficient_price_variation,RHOMBUS CRYSTAL PERFUME BOTTLE,Bottles & Glassware,3
84798C,-2.3146812720872716,,2.55,5.333333333333333,3,1,category_fallback_insufficient_price_variation,WHITE FOXGLOVE ARTIIFCIAL FLOWER,General Giftware,3
90035B,-2.3146812720872716,,10.75,2.3333333333333335,3,1,category_fallback_insufficient_price_variation,"PEARL & SHELL 42""NECKL. PINK",General Giftware,3
62097B,-2.4405677367344385,,0.83,3.0,3,2,category_fallback_insufficient_price_variation,BLUE STRIPES SHOULDER BAG,Bags,3
62097A,-2.4405677367344385,,2.95,1.0,3,1,category_fallback_insufficient_price_variation,PINK STRIPES SHOULDER BAG,Bags,3
84942,-2.3146812720872716,,1.69,1.5,2,1,category_fallback_insufficient_price_variation,KASHMIR FOLKART HEART DISHES,General Giftware,3
35598C,-2.5565447916340402,,2.95,1.0,3,1,category_fallback_insufficient_price_variation,WHITE CHRISTMAS TREE 60CM,Christmas & Seasonal,3
35598A,-2.5565447916340402,,2.95,5.0,2,2,category_fallback_insufficient_price_variation,DUSTY PINK CHRISTMAS TREE 60CM,Christmas & Seasonal,3
84967C,-2.3146812720872716,,79.95,1.0,3,1,category_fallback_insufficient_price_variation,GREEN KASHMIRI OCCASIONAL TABLE,General Giftware,3
84965B,-2.3146812720872716,,30.0,8.666666666666666,3,2,category_fallback_implausible_fit,BLUE KASHMIRI COFFEE TABLE ,General Giftware,3
84968d,-2.4529194956318796,,24.96,1.0,3,1,category_fallback_insufficient_price_variation,SET OF 16 VINTAGE RED CUTLERY,Kitchen & Dining,3
23608,-2.3146812720872716,,2.91,1.3333333333333333,3,1,category_fallback_insufficient_price_variation,SET 10 CARDS RUDOLPHS NOSE 17097,General Giftware,3
35611B,-2.375411544782531,,0.38,29.5,2,2,category_fallback_insufficient_price_variation,BLACK ASSORTED DROPLET DECORATION,Home Decor,3
90081B,-1.6950974262848952,,4.95,2.3333333333333335,3,1,category_fallback_insufficient_price_variation,LILY BROOCH WHITE/SILVER COLOUR,Jewellery & Accessories,3
84201C,-3.114237677208787,,0.19,5.0,2,1,category_fallback_insufficient_price_variation,HAPPY BIRTHDAY CARD TEDDY/CAKE,Cards & Stationery,3
90020,-2.3146812720872716,,12.75,1.6666666666666667,3,1,category_fallback_insufficient_price_variation,FILIGREE DIAMANTE CHAIN,General Giftware,3
20800,-0.7156484170149893,0.09081515656704053,5.06,2.449489742783178,3,2,fitted,LARGE GLASS SUNDAE DISH CLEAR,Bottles & Glassware,3
84030B,-2.2316348529077747,,3.75,2.5,2,1,category_fallback_insufficient_price_variation,KNITTED POM POM HOT WATER BOTTLE,Bottles & Glassware,3
84971s,-2.3146812720872716,,1.66,2.0,3,1,category_fallback_insufficient_price_variation,SMALL HEART FLOWERS HOOK ,General Giftware,3
18098B,-2.3146812720872716,,2.95,1.0,3,1,category_fallback_insufficient_price_variation,BLUE PORCELAIN B'FLY OIL BURNER,General Giftware,3
90060C,-2.2316348529077747,,5.95,2.3333333333333335,3,1,category_fallback_insufficient_price_variation,FIRE POLISHED GLASS NECKL SILVER,Bottles & Glassware,3
72801g,-2.278947917977102,,2.51,3.3333333333333335,3,1,category_fallback_insufficient_price_variation,S/4 BURGUNDY WINE DINNER CANDLES,Lighting & Candles,3
90135A,-1.6950974262848952,,4.95,3.3333333333333335,3,2,category_fallback_insufficient_price_variation,ORANGE/FUSCHIA STONES NECKLACE,Jewellery & Accessories,3
85036b,-2.278947917977102,,8.47,1.5,2,1,category_fallback_insufficient_price_variation,CHOCOLATE 1 WICK MORRIS BOX CANDLE,Lighting & Candles,3
85035c,-2.278947917977102,,8.47,1.5,2,1,category_fallback_insufficient_price_variation,ROSE 3 WICK MORRIS BOX CANDLE,Lighting & Candles,3
16215,-2.3146812720872716,,0.6500000000000001,8.0,1,1,category_fallback_insufficient_price_variation,FUNKY GIRLZ MAGNETIC TO DO LIST ,General Giftware,3
21450,-2.278947917977102,,5.95,6.5,2,1,category_fallback_insufficient_price_variation,DISTRESSED CANDLE STICK WHITE,Lighting & Candles,3
72805,-2.278947917977102,,1.69,3.3333333333333335,3,2,category_fallback_insufficient_price_variation,VANILLA CANDLE IN EMBOSSED ZINC POT,Lighting & Candles,3
82072,-2.375411544782531,,1.25,1.6666666666666667,3,1,category_fallback_insufficient_price_variation,WHITE WOOD SINGLE P/FRAME,Home Decor,3
79302m,-2.278947917977102,,5.91,1.0,3,1,category_fallback_insufficient_price_variation,"ART LIGHTS,FUNK MONKEY",Lighting & Candles,3
78027,-2.3146812720872716,,15.95,1.0,3,1,category_fallback_insufficient_price_variation,SEAGRASS S/2 CORNER LAUNDRY ,General Giftware,3
35537,-2.278947917977102,,0.42,4.333333333333333,3,2,category_fallback_insufficient_price_variation,CANDLE RING W/CLEAR BEADS,Lighting & Candles,3
85040b,-2.278947917977102,,3.36,2.3333333333333335,3,1,category_fallback_insufficient_price_variation,SET/4 BLUE FLOWER CANDLES IN BOWL,Lighting & Candles,3
85018C,-2.3146812720872716,,4.25,2.0,3,1,category_fallback_insufficient_price_variation,S/6 PAPER BOXES CURIOUS IMAGES ,General Giftware,3
79151B,-2.3146812720872716,,0.42000000000000004,6.0,2,2,category_fallback_insufficient_price_variation,"SILICON CUBE 25W, BLUE",General Giftware,3
84706C,-2.375411544782531,,1.95,27.666666666666668,3,1,category_fallback_insufficient_price_variation,PINK FLOCK TABLE CLOCK ,Home Decor,3
85232a,-2.3146812720872716,,10.17,1.0,2,1,category_fallback_insufficient_price_variation,SET/3 POLKA DOT STACKING TINS,General Giftware,2
37326,-2.4529194956318796,,1.25,2.0,1,1,category_fallback_insufficient_price_variation,FAIRY DESIGN MUGS,Kitchen & Dining,2
20881,-2.5565447916340402,,0.85,1.5,2,1,category_fallback_insufficient_price_variation,MODERN CHRISTMAS TREE CANDLE,Christmas & Seasonal,2
20882,-2.5565447916340402,,2.95,1.5,2,1,category_fallback_insufficient_price_variation,MODERN CHRISTMAS TREE CANDLE,Christmas & Seasonal,2
85186B,-2.3146812720872716,,0.42,14.0,1,1,category_fallback_insufficient_price_variation,BUNNY BUNCH OF FLOWERS,General Giftware,2
85192S,-1.6950974262848952,,0.65,1.5,2,1,category_fallback_insufficient_price_variation,HANGING SPRING FLOWER HEART SMALL,Jewellery & Accessories,2
85124c,-2.375411544782531,,5.06,1.5,2,1,category_fallback_insufficient_price_variation,GREEN JUICY FRUIT PHOTO FRAME,Home Decor,2
21699,-2.3146812720872716,,1.6900000000000002,18.0,2,1,category_fallback_insufficient_price_variation,SET 5 MINI CHOCOLATE FRIDGE MAGNETS,General Giftware,2
16051,-2.3146812720872716,,0.42,36.0,2,1,category_fallback_insufficient_price_variation,TEATIME PENCIL W STAMP ASST,General Giftware,2
21685,-2.3146812720872716,,14.949999999999998,3.0,1,1,category_fallback_insufficient_price_variation,MEDINA STAMPED METAL TRAY ,General Giftware,2
16161C,-2.3146812720872716,,0.1,225.0,2,1,category_fallback_insufficient_price_variation,WRAP SPEED DEMONS ,General Giftware,2
37487B,-2.4529194956318796,,0.29,68.0,1,1,category_fallback_insufficient_price_variation,YELLOW/ORANGE FLOWER DESIGN PLATE,Kitchen & Dining,2
35821P,-1.6950974262848952,,2.95,1.0,2,1,category_fallback_insufficient_price_variation,"JEWELLED DECORATION,PINK",Jewellery & Accessories,2
46037A,-2.375411544782531,,1.25,3.0,2,1,category_fallback_insufficient_price_variation,PINK CANVAS DES CUSHION COVER ,Home Decor,2
44217M,-2.3146812720872716,,3.9500000000000006,24.0,1,1,category_fallback_insufficient_price_variation,MULTICOLOUR FEATHERS CURTAIN,General Giftware,2
37482p,-2.4529194956318796,,17.35,1.0,2,1,category_fallback_insufficient_price_variation,CUBIC MUG PINK POLKA DOT,Kitchen & Dining,2
47567b,-2.4529194956318796,,13.0,2.0,1,1,category_fallback_insufficient_price_variation,TEA TIME KITCHEN APRON,Kitchen & Dining,2
90176B,-1.6950974262848952,,7.5,1.5,2,1,category_fallback_insufficient_price_variation,DIAMANTE NECKLACE BLACK ,Jewellery & Accessories,2
90176E,-1.6950974262848952,,7.5,1.5,2,1,category_fallback_insufficient_price_variation,DIAMANTE NECKLACE GREEN,Jewellery & Accessories,2
35815B,-1.6950974262848952,,0.38,46.5,2,2,category_fallback_insufficient_price_variation,"ACRYLIC JEWEL SNOWFLAKE,BLUE",Jewellery & Accessories,2
85070,-2.3146812720872716,,125.0,1.0,2,1,category_fallback_insufficient_price_variation,ANT WHITE SWEETHEART TABLE W 3 DRAW,General Giftware,2
21511,-3.114237677208787,,0.42,20.0,2,1,category_fallback_insufficient_price_variation,VINTAGE COLLAGE  GREETING  CARD ,Cards & Stationery,2
21525,-2.3146812720872716,,6.75,2.0,1,1,category_fallback_insufficient_price_variation,BEWARE OF THE CAT DOORMAT,General Giftware,2
85083,-2.5565447916340402,,2.55,2.5,2,1,category_fallback_insufficient_price_variation,KISS REINDEER SCANDINAVIAN STOCKING,Christmas & Seasonal,2
90066A,-2.3146812720872716,,6.75,2.5,2,1,category_fallback_insufficient_price_variation,PINK VINTAGE VICTORIAN CHOKER,General Giftware,2
90068,-1.6950974262848952,,7.5,1.0,2,1,category_fallback_insufficient_price_variation,"RUBY GLASS NECKLACE 42""",Jewellery & Accessories,2
85049b,-3.114237677208787,,2.46,1.0,2,1,category_fallback_insufficient_price_variation,LUSH GREENS RIBBONS,Cards & Stationery,2
85185E,-2.3146812720872716,,2.95,2.0,2,2,category_fallback_insufficient_price_variation,DUCK SOCK PUPPET,General Giftware,2
72752B,-2.278947917977102,,4.25,1.5,2,1,category_fallback_insufficient_price_variation,"F.FAIRY,CANDLE IN GLASS,LAVENDER",Lighting & Candles,2
35603B,-2.3146812720872716,,0.42,50.0,1,1,category_fallback_insufficient_price_variation,S/16 BLACK SHINY/MAT BAUBLES,General Giftware,2
71434B,-2.3146812720872716,,2.55,1.0,2,1,category_fallback_insufficient_price_variation,"BLACK RND BULLET""KEEP CLEAN"" BIN",General Giftware,2
79140,-2.278947917977102,,0.42,7.5,2,1,category_fallback_insufficient_price_variation,ASS WINDPROOF MARIJUANA LIGHTERS,Lighting & Candles,2
20673,-2.4529194956318796,,1.25,5.0,1,1,category_fallback_insufficient_price_variation,STRAWBERRIES PRINT BOWL,Kitchen & Dining,2
78056,-2.4405677367344385,,9.95,1.5,2,1,category_fallback_insufficient_price_variation,CAMOUFLAGE BACKPACK ON WHEELS,Bags,2
35051B,-2.5565447916340402,,0.42,7.0,2,1,category_fallback_insufficient_price_variation,PINK BEADED CONE CHRISTMAS,Christmas & Seasonal,2
72803b,-2.278947917977102,,8.47,2.0,1,1,category_fallback_insufficient_price_variation,OCEAN SCENT CANDLE JEWELLED DRAWER,Lighting & Candles,2
72785B,-2.278947917977102,,2.1,4.0,1,1,category_fallback_insufficient_price_variation,S/4 CONTEMPORY RED ROSEBUD CANDLES,Lighting & Candles,2
82613a,-2.375411544782531,,2.51,1.0,2,1,category_fallback_insufficient_price_variation,"METAL SIGN,CUPCAKE SINGLE HOOK",Home Decor,2
18098A,-2.3146812720872716,,2.95,2.0,1,1,category_fallback_insufficient_price_variation,PINK PORCELAIN B'FLY OIL BURNER,General Giftware,2
21343,-1.6950974262848952,,3.95,9.5,2,2,category_fallback_insufficient_price_variation,GOLD JEWELERY BOX,Jewellery & Accessories,2
90082C,-1.6950974262848952,,6.79,1.0,2,1,category_fallback_insufficient_price_variation,DIAMANTE BOW BROOCH WHITE COLOUR,Jewellery & Accessories,2
35001P,-3.114237677208787,,3.49,2.0,1,1,category_fallback_insufficient_price_variation,HAND OPEN SHAPE PINK,Cards & Stationery,2
21119,-2.3146812720872716,,13.57,1.0,2,1,category_fallback_insufficient_price_variation,Glow In The Dark Shot Glasses ,General Giftware,2
21120,-2.3146812720872716,,16.98,2.0,1,1,category_fallback_insufficient_price_variation,*Boombox Ipod Classic,General Giftware,2
82011E,-2.0533511102062985,,3.75,2.0,1,1,category_fallback_insufficient_price_variation,"BATHROOM SCALES, FAG BREAK",Bath & Body,2
79308B,-2.278947917977102,,0.85,72.0,2,1,category_fallback_insufficient_price_variation,MOSAIC CANDLE DISH BLUE PURPLE,Lighting & Candles,2
23692,-2.3146812720872716,,0.42,25.0,2,1,category_fallback_insufficient_price_variation,WRAP A PRETTY THANK YOU,General Giftware,2
84406b,-2.3146812720872716,,6.91,2.0,1,1,category_fallback_insufficient_price_variation,CREAM CUPID HEARTS COAT HANGER,General Giftware,2
23649,-2.3146812720872716,,2.49,1.0,2,1,category_fallback_insufficient_price_variation,SET 10 CARDS DECK THE HALLS 16960,General Giftware,2
84255A,-2.278947917977102,,2.1,1.0,2,1,category_fallback_insufficient_price_variation,PINK GLASS COCKTAIL LAMP,Lighting & Candles,2
84206B,-3.114237677208787,,0.19,4.5,2,1,category_fallback_insufficient_price_variation,CAT W SUNGLASSES BLANK CARD,Cards & Stationery,2
21225,-2.375411544782531,,1.25,1.0,2,1,category_fallback_insufficient_price_variation,POCKET MIRROR BUTTERFLY ,Home Decor,2
90136,-1.6950974262848952,,9.95,1.5,2,1,category_fallback_insufficient_price_variation,PALE PINK/AMETHYST STONE NECKLACE,Jewellery & Accessories,2
23627,-2.5565447916340402,,2.49,3.5,2,1,category_fallback_insufficient_price_variation,SET 10 CARDS XMAS GRAPHIC  17218,Christmas & Seasonal,2
84596j,-2.278947917977102,,2.51,1.0,2,1,category_fallback_insufficient_price_variation,MIXED NUTS LIGHT GREEN BOWL,Lighting & Candles,2
84968f,-2.4529194956318796,,25.49,1.0,2,1,category_fallback_insufficient_price_variation,SET OF 16 VINTAGE SKY BLUE CUTLERY,Kitchen & Dining,2
84965A,-2.3146812720872716,,30.0,2.5,2,1,category_fallback_insufficient_price_variation,PINK KASHMIRI COFFEE TABLE ,General Giftware,2
84966A,-2.375411544782531,,20.0,2.0,2,1,category_fallback_insufficient_price_variation,PINK KASHMIRI BOXED MIRROR,Home Decor,2
84966C,-2.375411544782531,,12.0,11.5,2,1,category_fallback_insufficient_price_variation,GREEN KASHMIRI BOXED MIRROR,Home Decor,2
84967A,-2.3146812720872716,,79.95,1.0,2,1,category_fallback_insufficient_price_variation,PINK KASHMIRI OCCASIONAL TABLE,General Giftware,2
17013C,-2.3146812720872716,,0.42,106.5,2,1,category_fallback_insufficient_price_variation,ORIGAMI LAVENDER INCENSE IN TUBE,General Giftware,2
84962,-2.3146812720872716,,59.95,1.5,2,1,category_fallback_insufficient_price_variation,SET/3 COLOUR PAINTED KASHMIRI STOOL,General Giftware,2
17011D,-2.3146812720872716,,1.375,96.5,2,2,category_fallback_insufficient_price_variation,ORIGAMI ROSE INCENSE+FLOWER,General Giftware,2
90091,-2.3146812720872716,,0.85,1.5,2,1,category_fallback_insufficient_price_variation,CRYSTAL DRAGONFLY PHONE CHARM,General Giftware,2
90095,-1.6950974262848952,,2.55,3.5,2,1,category_fallback_insufficient_price_variation,NECKLACE+BRACELET SET PINK BLOSSOM,Jewellery & Accessories,2
85049d,-3.114237677208787,,2.46,1.0,2,1,category_fallback_insufficient_price_variation,BRIGHT BLUES RIBBONS ,Cards & Stationery,2
84868A,-2.5827688984064956,,6.95,2.0,1,1,category_fallback_insufficient_price_variation,PINK BABY GIRL'S MEMORY BOX,Storage & Boxes,2
84867A,-2.3146812720872716,,6.95,1.5,2,1,category_fallback_insufficient_price_variation,PINK BABY GIRLS PHOTO ALBUM,General Giftware,2
23619,-2.3146812720872716,,2.49,2.0,2,1,category_fallback_insufficient_price_variation,SET 10 CARDS POINSETTIA 17093,General Giftware,2
23612,-2.3146812720872716,,1.66,2.5,2,1,category_fallback_insufficient_price_variation,SET 10 MINICARDS CUTE SNOWMAN 17071,General Giftware,2
17084G,-2.3146812720872716,,0.21,25.0,2,1,category_fallback_insufficient_price_variation,MOON INCENSE,General Giftware,2
23604,-2.5565447916340402,,1.66,2.0,2,1,category_fallback_insufficient_price_variation,SET 10 MINI SANTA & SNOWMAN  17087,Christmas & Seasonal,2
84968b,-2.4529194956318796,,25.49,1.0,2,1,category_fallback_insufficient_price_variation,S/16 VINTAGE IVORY CUTLERY,Kitchen & Dining,2
84570B,-1.6950974262848952,,4.95,2.0,2,1,category_fallback_insufficient_price_variation,WHITE SATIN DRESS JEWEL STAND,Jewellery & Accessories,2
84509g,-2.3146812720872716,,7.46,2.0,1,1,category_fallback_insufficient_price_variation,SET OF 4 FAIRY CAKE PLACEMATS ,General Giftware,2
23446,-2.5565447916340402,,1.6499999999999997,13.0,1,1,category_fallback_insufficient_price_variation,BLUE BUNNY EASTER EGG BASKET,Christmas & Seasonal,2
90127B,-2.3146812720872716,,1.25,1.0,2,1,category_fallback_insufficient_price_variation,BLUE BEADS+HAND PHONE CHARM,General Giftware,2
84731,-2.3146812720872716,,1.65,1.0,2,1,category_fallback_insufficient_price_variation,3 BIRDS CANVAS SCREEN,General Giftware,2
84720,-2.3146812720872716,,3.95,17.0,2,2,category_fallback_insufficient_price_variation,DOT MATRIX CANVAS ART PICTURE,General Giftware,2
84679,-2.278947917977102,,5.95,4.0,2,1,category_fallback_insufficient_price_variation,CLASSICAL ROSE TABLE LAMP,Lighting & Candles,2
84705B,-2.375411544782531,,1.25,41.5,2,1,category_fallback_insufficient_price_variation,FAIRY CAKES PHOTO FRAME,Home Decor,2
84705b,-2.375411544782531,,3.43,1.0,2,1,category_fallback_insufficient_price_variation,FAIRY CAKES PHOTO FRAME,Home Decor,2
22864,-2.4529194956318796,,0.42,189.0,2,1,category_fallback_insufficient_price_variation,MUG AND COASTER SET RED CIRCLES,Kitchen & Dining,2
84661c,-2.375411544782531,,5.06,1.0,2,1,category_fallback_insufficient_price_variation,PINK SQUARE TABLE CLOCK,Home Decor,2
23638,-2.3146812720872716,,2.91,1.0,2,1,category_fallback_insufficient_price_variation,SET 10 CARDS ROBIN WATERPUMP  17096,General Giftware,2
84925E,-2.3146812720872716,,2.55,1.5,2,1,category_fallback_insufficient_price_variation,FLOWERS WALL THERMOMETER,General Giftware,2
21852,-2.3146812720872716,,6.95,1.0,2,1,category_fallback_insufficient_price_variation,EMPIRE TEDDY,General Giftware,2
21853,-3.7574844986078038,,5.17,1.0,2,1,category_fallback_insufficient_price_variation,GUMBALL CUSTOM CARS TOP TRUMPS GAME,Toys & Games,2
16044,-2.3146812720872716,,0.42,24.5,2,1,category_fallback_insufficient_price_variation,POP-ART FLUORESCENT PENS,General Giftware,2
20954,-2.375411544782531,,8.47,2.0,1,1,category_fallback_insufficient_price_variation,*USB Office Mirror Ball,Home Decor,2
35980B,-2.3146812720872716,,0.38,2.0,2,1,category_fallback_insufficient_price_variation,RED TOP SCANDINAVIAN HEART ,General Giftware,2
35823P,-2.3146812720872716,,2.95,1.0,2,1,category_fallback_insufficient_price_variation,"ACRYLIC BEAD GARLAND,PINK",General Giftware,2
35824P,-2.375411544782531,,0.38,156.0,2,2,category_fallback_insufficient_price_variation,"HANGING FLOWERS+MIRROR,PINK",Home Decor,2
37438,-2.3146812720872716,,3.75,2.0,1,1,category_fallback_insufficient_price_variation,FUNKY FLOWER COFFEE POT,General Giftware,2
90189B,-1.6950974262848952,,7.5,1.5,2,1,category_fallback_insufficient_price_variation,GOLD 2 STRAND NECKLACE-LEAF CHARMS,Jewellery & Accessories,2
37379B,-2.4529194956318796,,1.25,6.0,2,1,category_fallback_insufficient_price_variation,BLUE CHERRY BLOSSOM CUP & SAUCER,Kitchen & Dining,2
90025A,-1.6950974262848952,,3.75,1.0,2,1,category_fallback_insufficient_price_variation,BAROQUE BUTTERFLY EARRINGS BLACK,Jewellery & Accessories,2
10002R,-2.3146812720872716,,5.17,1.5,2,1,category_fallback_insufficient_price_variation,ROBOT PENCIL SHARPNER,General Giftware,2
10109,-2.3146812720872716,,0.42,4.0,1,1,category_fallback_insufficient_price_variation,BENDY COLOUR PENCILS,General Giftware,1
37408,-2.4529194956318796,,1.25,5.0,1,1,category_fallback_insufficient_price_variation,ASSORTED DESIGN GEISHA GIRL MUGS,Kitchen & Dining,1
90184c,-1.6950974262848952,,9.15,1.0,1,1,category_fallback_insufficient_price_variation,BLACK CHUNKY BEAD BRACELET W STRAP,Jewellery & Accessories,1
35818C,-1.6950974262848952,,3.43,1.0,1,1,category_fallback_insufficient_price_variation,"ACRYLIC JEWEL ICICLE, CLEAR ",Jewellery & Accessories,1
37451,-2.4529194956318796,,4.95,1.0,1,1,category_fallback_insufficient_price_variation,CERAMIC CAKE TEAPOT WITH CHERRY,Kitchen & Dining,1
37482b,-2.4529194956318796,,17.35,1.0,1,1,category_fallback_insufficient_price_variation,CUBIC MUG BLUE POLKA DOT,Kitchen & Dining,1
37481,-2.4529194956318796,,2.55,6.0,1,1,category_fallback_insufficient_price_variation,CUBIC MUG TEATIME CAKES,Kitchen & Dining,1
37477C,-2.4529194956318796,,3.75,6.0,1,1,category_fallback_insufficient_price_variation,"FLOWER FAIRY MUG+COASTER,ROSE",Kitchen & Dining,1
35822P,-2.3146812720872716,,0.38,114.0,1,1,category_fallback_insufficient_price_variation,"ACRYLIC BEAD CHAIN, PINK",General Giftware,1
37432,-2.4529194956318796,,0.65,6.0,1,1,category_fallback_insufficient_price_variation,MUG PINK AND PURPLE ARABIC DESIGN,Kitchen & Dining,1
21767,-2.3146812720872716,,29.95,1.0,1,1,category_fallback_insufficient_price_variation,FRENCH STYLE WIRE DOOR CABINET ,General Giftware,1
21838,-2.3146812720872716,,5.45,1.0,1,1,category_fallback_insufficient_price_variation,DADDY MOUSE RED GINGHAM BOW TIE,General Giftware,1
21860,-3.7574844986078038,,5.17,1.0,1,1,category_fallback_insufficient_price_variation,DR WHO TOP TRUMPS GAME,Toys & Games,1
21854,-3.7574844986078038,,5.17,1.0,1,1,category_fallback_insufficient_price_variation,EURO FOOTBALL STARS TOP TRUMPS GAME,Toys & Games,1
22016,-2.3146812720872716,,83.33,1.0,1,1,category_fallback_insufficient_price_variation,Dotcomgiftshop Gift Voucher £100.00,General Giftware,1
85230D,-2.278947917977102,,0.29,24.0,1,1,category_fallback_insufficient_price_variation,VANILLA SCENTED VOTIVE CANDLE,Lighting & Candles,1
85230C,-2.278947917977102,,0.29,24.0,1,1,category_fallback_insufficient_price_variation,ROSE SCENTED VOTIVE CANDLE,Lighting & Candles,1
22351,-2.0533511102062985,,3.29,1.0,1,1,category_fallback_insufficient_price_variation,DOTCOMGIFTSHOP TEA TOWEL,Bath & Body,1
85232d,-2.3146812720872716,,10.17,1.0,1,1,category_fallback_insufficient_price_variation,SET/3 DECOUPAGE STACKING TINS,General Giftware,1
35837,-2.3146812720872716,,0.85,2.0,1,1,category_fallback_insufficient_price_variation,SET OF SIX SILVER+RED FLOCK BAUBLES,General Giftware,1
84867b,-2.3146812720872716,,13.57,2.0,1,1,category_fallback_insufficient_price_variation,BLUE BABY BOY'S PHOTO ALBUM,General Giftware,1
84912a,-2.3146812720872716,,7.78,2.0,1,1,category_fallback_insufficient_price_variation,PINK ROSE WASHBAG,General Giftware,1
84614C,-2.278947917977102,,5.95,3.0,1,1,category_fallback_insufficient_price_variation,BLUE BAROQUE FLOCK CANDLE HOLDER,Lighting & Candles,1
23643,-2.5565447916340402,,3.33,1.0,1,1,category_fallback_insufficient_price_variation,SET 10 CARDS CHRISTMAS BAUBLE 16954,Christmas & Seasonal,1
84648,-2.375411544782531,,12.75,1.0,1,1,category_fallback_insufficient_price_variation,NEW BAROQUE WALL MIRROR,Home Decor,1
84630,-2.3146812720872716,,7.95,2.0,1,1,category_fallback_insufficient_price_variation,FLOWERS AND BIRDS WALL PLAQUE,General Giftware,1
84626,-2.3146812720872716,,45.95,1.0,1,1,category_fallback_insufficient_price_variation,CANDY STRIPE ROSE QUILT,General Giftware,1
84661b,-2.375411544782531,,4.96,1.0,1,1,category_fallback_insufficient_price_variation,BLACK SQUARE TABLE CLOCK,Home Decor,1
21290,-2.4405677367344385,,1.25,2.0,1,1,category_fallback_insufficient_price_variation,LARGE SPOTTY CHOCOLATE GIFT BAG,Bags,1
84760L,-2.278947917977102,,1.6,560.0,1,1,category_fallback_insufficient_price_variation,LARGE HANGING GLASS+ZINC LANTERN,Lighting & Candles,1
23664,-2.4529194956318796,,1.65,1.0,1,1,category_fallback_insufficient_price_variation,FLOWER SHOP DESIGN MUG,Kitchen & Dining,1
90126B,-2.3146812720872716,,3.36,1.0,1,1,category_fallback_insufficient_price_variation,BLUE BERTIE MOBILE PHONE CHARM,General Giftware,1
23449,-2.5565447916340402,,1.25,12.0,1,1,category_fallback_insufficient_price_variation,SET OF 6 EASTER RAINBOW CHICKS,Christmas & Seasonal,1
84510b,-2.3146812720872716,,2.15,1.0,1,1,category_fallback_insufficient_price_variation,SET OF 4 FAIRY CAKES COASTERS ,General Giftware,1
84509e,-2.3146812720872716,,7.62,2.0,1,1,category_fallback_insufficient_price_variation,SET OF 4 CAROUSEL PLACEMATS ,General Giftware,1
84572,-1.6950974262848952,,8.49,1.0,1,1,category_fallback_insufficient_price_variation,6 HOOK JEWEL STAND LILAC DRESS,Jewellery & Accessories,1
84567,-2.2316348529077747,,1.65,9.0,1,1,category_fallback_insufficient_price_variation,FROSTED GLASS WITH SILVER SURROUND,Bottles & Glassware,1
84559d,-3.114237677208787,,1.69,2.0,1,1,category_fallback_insufficient_price_variation,3D SHEET OF SEA WORLD STICKERS,Cards & Stationery,1
84596l,-2.278947917977102,,2.46,1.0,1,1,category_fallback_insufficient_price_variation,BISCUITS SMALL BOWL LIGHT BLUE,Lighting & Candles,1
23605,-2.5565447916340402,,2.91,4.0,1,1,category_fallback_insufficient_price_variation,SET 10 CARDS 12 DAYS OF XMAS 17059,Christmas & Seasonal,1
17061,-2.3146812720872716,,0.04,52.0,1,1,category_fallback_insufficient_price_variation,ASSORTED SHAPED STENCIL FOR HENNA,General Giftware,1
17028J,-2.3146812720872716,,0.42,6.0,1,1,category_fallback_insufficient_price_variation,INCENSE BAZAAR PEACH,General Giftware,1
23609,-2.3146812720872716,,2.91,1.0,1,1,category_fallback_insufficient_price_variation,SET 10 CARDS SNOWY ROBIN 17099,General Giftware,1
84814A,-2.2316348529077747,,1.95,1.0,1,1,category_fallback_insufficient_price_variation,HEXAGONAL CRYSTAL PERFUME BOTTLE,Bottles & Glassware,1
23617,-2.5565447916340402,,2.91,2.0,1,1,category_fallback_insufficient_price_variation,SET 10 CARDS SWIRLY XMAS TREE 17104,Christmas & Seasonal,1
84845A,-2.5827688984064956,,1.25,1.0,1,1,category_fallback_insufficient_price_variation,HOLLYHOCK SQUARE HANDY TIN,Storage & Boxes,1
84867a,-2.3146812720872716,,13.57,1.0,1,1,category_fallback_insufficient_price_variation,PINK BABY GIRLS PHOTO ALBUM,General Giftware,1
84857B,-2.4405677367344385,,1.95,24.0,1,1,category_fallback_insufficient_price_variation,BLUE MONTE CARLO HANDBAG,Bags,1
16169A,-2.5565447916340402,,0.42,25.0,1,1,category_fallback_insufficient_price_variation,WRAP CHRISTMAS DECOUPAGE,Christmas & Seasonal,1
85049c,-3.114237677208787,,2.46,1.0,1,1,category_fallback_insufficient_price_variation,ROMANTIC PINKS RIBBONS ,Cards & Stationery,1
22790,-2.375411544782531,,19.42,200.0,1,1,category_fallback_insufficient_price_variation,"MIRROR, ARCHED GEORGIAN",Home Decor,1
17013B,-2.3146812720872716,,1.27,130.0,1,1,category_fallback_insufficient_price_variation,ORIGAMI JASMINE INCENSE IN TUBE,General Giftware,1
17011E,-2.3146812720872716,,0.65,124.0,1,1,category_fallback_insufficient_price_variation,ORIGAMI OPIUM SCENT INCENSE+FLOWER,General Giftware,1
23628,-2.3146812720872716,,2.91,1.0,1,1,category_fallback_insufficient_price_variation,SET 10 CARDS TRIANGLE ICONS  17220,General Giftware,1
90135,-1.6950974262848952,,4.98,2.0,1,1,category_fallback_insufficient_price_variation,ORANGE/WHT/FUSCHIA STONES NECKLACE,Jewellery & Accessories,1
84205C,-3.114237677208787,,0.19,2.0,1,1,category_fallback_insufficient_price_variation,HAPPY BIRTHDAY GINGER CAT CARD,Cards & Stationery,1
84031b,-2.2316348529077747,,16.63,1.0,1,1,category_fallback_insufficient_price_variation,CHARLIE LOLA BLUE HOT WATER BOTTLE ,Bottles & Glassware,1
84031a,-2.2316348529077747,,16.63,1.0,1,1,category_fallback_insufficient_price_variation,CHARLIE+LOLA RED HOT WATER BOTTLE ,Bottles & Glassware,1
84030b,-2.2316348529077747,,8.46,1.0,1,1,category_fallback_insufficient_price_variation,KNITTED POM POM HOT WATER BOTTLE,Bottles & Glassware,1
84029c,-2.2316348529077747,,7.78,1.0,1,1,category_fallback_insufficient_price_variation,BROWN FURRY HOT WATER BOTTLE,Bottles & Glassware,1
84311,-2.375411544782531,,1.65,11.0,1,1,category_fallback_insufficient_price_variation,CAMOFLAGE CUSHION COVER,Home Decor,1
84387A,-2.3146812720872716,,1.95,11.0,1,1,category_fallback_insufficient_price_variation,BIRD ON BRANCH CANVAS SCREEN,General Giftware,1
23652,-2.5565447916340402,,2.91,2.0,1,1,category_fallback_insufficient_price_variation,SET 10 CARD CHRISTMAS STAMPS 16963,Christmas & Seasonal,1
79303A,-2.278947917977102,,2.95,2.0,1,1,category_fallback_insufficient_price_variation,WHITE ROHMBIC BLOCK TABLE LAMP,Lighting & Candles,1
79301,-2.278947917977102,,2.95,1.0,1,1,category_fallback_insufficient_price_variation,FEATHER HEART LIGHTS,Lighting & Candles,1
90142C,-1.6950974262848952,,5.09,1.0,1,1,category_fallback_insufficient_price_variation,ROSE PINK PENDANT SHELL NECKLACE,Jewellery & Accessories,1
90142B,-1.6950974262848952,,5.09,1.0,1,1,category_fallback_insufficient_price_variation,IVORY PENDANT SHELL NECKLACE,Jewellery & Accessories,1
35004s,-2.3146812720872716,,13.0,1.0,1,1,category_fallback_insufficient_price_variation,SET OF 3 SILVER FLYING DUCKS,General Giftware,1
35004p,-2.3146812720872716,,12.72,1.0,1,1,category_fallback_insufficient_price_variation,SET OF 3 PINK FLYING DUCKS,General Giftware,1
30086C,-2.3146812720872716,,1.7,1.0,1,1,category_fallback_insufficient_price_variation,ASSORTED FRUIT STRAWS,General Giftware,1
23843,-2.3146812720872716,,2.08,80995.0,1,1,category_fallback_insufficient_price_variation,"PAPER CRAFT , LITTLE BIRDIE",General Giftware,1
85050,-2.0533511102062985,,2.1,48.0,1,1,category_fallback_insufficient_price_variation,FRENCH ENAMEL SOAP DISH WITH LID,Bath & Body,1
21585,-2.3146812720872716,,1.65,1.0,1,1,category_fallback_insufficient_price_variation,SWALLOW SMALL TUBE MATCHES,General Giftware,1
85123b,-2.3146812720872716,,6.04,1.0,1,1,category_fallback_insufficient_price_variation,ZINC HANGING HEART T-LITE HLDR,General Giftware,1
23602,-2.3146812720872716,,2.91,1.0,1,1,category_fallback_insufficient_price_variation,SET 10 CARDS 3 WISE MEN 17107,General Giftware,1
84971l,-2.3146812720872716,,2.46,2.0,1,1,category_fallback_insufficient_price_variation,LARGE HEART FLOWERS HOOK   ,General Giftware,1
84985b,-2.3146812720872716,,2.98,1.0,1,1,category_fallback_insufficient_price_variation,SET OF 72 BLACK PAPER DOILIES ,General Giftware,1
21406,-2.3146812720872716,,8.65,1.0,1,1,category_fallback_insufficient_price_variation,SPOTTY CAT DOORSTOP ,General Giftware,1
21409,-2.3146812720872716,,4.25,1.0,1,1,category_fallback_insufficient_price_variation,SPOTTY COCKEREL DOORSTOP,General Giftware,1
85024A,-1.6950974262848952,,1.65,1.0,1,1,category_fallback_insufficient_price_variation,CRYSTAL SMALL JEWELLED PHOTOFRAME,Jewellery & Accessories,1
16192,-2.5827688984064956,,4.3,3.0,1,1,category_fallback_insufficient_price_variation,PINK BALLET OPENING CUBE BOX ,Storage & Boxes,1
85034b,-2.278947917977102,,8.29,1.0,1,1,category_fallback_insufficient_price_variation,3 WHITE CHOC MORRIS BOXED CANDLES,Lighting & Candles,1
85039b,-2.278947917977102,,3.36,4.0,1,1,category_fallback_insufficient_price_variation,S/4 IVORY MINI ROSE CANDLE IN BOWL,Lighting & Candles,1
85036a,-2.278947917977102,,8.29,2.0,1,1,category_fallback_insufficient_price_variation,GARDENIA 1 WICK MORRIS BOXED CANDLE,Lighting & Candles,1
21475,-2.3146812720872716,,14.95,1.0,1,1,category_fallback_insufficient_price_variation,SWEETHEART CREAM STEEL FOLDIN CHAIR,General Giftware,1
23702,-2.3146812720872716,,3.0,1.0,1,1,category_fallback_insufficient_price_variation,High Resolution Image,General Giftware,1
72740B,-2.278947917977102,,5.06,1.0,1,1,category_fallback_insufficient_price_variation,LARGE WHITE CHOCOLATE CANDLE,Lighting & Candles,1
72754D,-2.375411544782531,,1.69,1.0,1,1,category_fallback_insufficient_price_variation,F FAIRY POTPOURRI CUSHIONS SUMMER,Home Decor,1
72796C,-2.278947917977102,,1.65,1.0,1,1,category_fallback_insufficient_price_variation,S/3 ROSE GARDEN SCENT SQU CANDLE,Lighting & Candles,1
72802c,-2.278947917977102,,8.29,1.0,1,1,category_fallback_insufficient_price_variation,VANILLA SCENT CANDLE JEWELLED BOX,Lighting & Candles,1
79070b,-2.4529194956318796,,11.26,1.0,1,1,category_fallback_insufficient_price_variation,ENGLISH ROSE SQUARE CAKE TINS,Kitchen & Dining,1
79065A,-2.4529194956318796,,9.95,4.0,1,1,category_fallback_insufficient_price_variation,TEATIME ROUND CAKE TINS ,Kitchen & Dining,1
20683,-2.3146812720872716,,3.25,1.0,1,1,category_fallback_insufficient_price_variation,RAIN GIRL CHILDS UMBRELLA,General Giftware,1
20678,-2.3146812720872716,,1.65,4.0,1,1,category_fallback_insufficient_price_variation,LARGE BLACK DIAMANTE HAIRSLIDE,General Giftware,1
79051a,-2.2316348529077747,,6.04,1.0,1,1,category_fallback_insufficient_price_variation,SMOKEY GREY COLOUR D.O.F. GLASS,Bottles & Glassware,1
79342b,-2.278947917977102,,13.57,1.0,1,1,category_fallback_insufficient_price_variation,BROWN FLOWER LIGHTS,Lighting & Candles,1
47594a,-2.375411544782531,,4.21,1.0,1,1,category_fallback_insufficient_price_variation,CAROUSEL DESIGN WASHBAG,Home Decor,1
47593b,-2.3146812720872716,,0.83,6.0,1,1,category_fallback_insufficient_price_variation,SCOTTIE DOGS BABY BIB,General Giftware,1
47593a,-2.375411544782531,,2.51,1.0,1,1,category_fallback_insufficient_price_variation,CAROUSEL DESIGN BABY BIB,Home Decor,1
51014c,-3.114237677208787,,0.83,1.0,1,1,category_fallback_insufficient_price_variation,"FEATHER PEN,COAL BLACK",Cards & Stationery,1
20721,-2.4405677367344385,,0.85,1.0,1,1,category_fallback_insufficient_price_variation,OWLS CHARLOTTE BAG,Bags,1
20715,-2.4405677367344385,,1.06,400.0,1,1,category_fallback_insufficient_price_variation,LITTLE FLOWER SHOPPER BAG,Bags,1
71101A,-2.3146812720872716,,0.85,6.0,1,1,category_fallback_insufficient_price_variation,ANGEL ON KNEES METAL POLE 100CM H,General Giftware,1
72084B,-2.278947917977102,,1.95,2.0,1,1,category_fallback_insufficient_price_variation,CHOCOLATE ICE CREAM CANDLE,Lighting & Candles,1
72529w,-2.5565447916340402,,4.3,1.0,1,1,category_fallback_insufficient_price_variation,WHITE ADVENT CANDLE,Christmas & Seasonal,1
72752A,-2.278947917977102,,4.25,1.0,1,1,category_fallback_insufficient_price_variation,"F.FAIRY,CANDLE IN GLASS,LILY/VALLEY",Lighting & Candles,1
85184d,-2.3146812720872716,,5.91,1.0,1,1,category_fallback_insufficient_price_variation,S/4 BLUE ROUND DECOUPAGE BOXES,General Giftware,1
21772,-2.3146812720872716,,12.75,1.0,1,1,category_fallback_insufficient_price_variation,VINTAGE METAL CAKE STAND CREAM ,General Giftware,1
21496,-2.3146812720872716,,0.42,25.0,1,1,category_fallback_insufficient_price_variation,WOODLAND CREATURES  WRAP,General Giftware,1
85043,-2.278947917977102,,4.95,1.0,1,1,category_fallback_insufficient_price_variation,RED HEART CANDY POP LIGHTS,Lighting & Candles,1
16169G,-2.3146812720872716,,0.42,25.0,1,1,category_fallback_insufficient_price_variation,WRAP ROMANTIC DECOUPAGE,General Giftware,1
85077,-2.5565447916340402,,5.95,1.0,1,1,category_fallback_insufficient_price_variation,KISSING REINDEER TABLE RUNNER,Christmas & Seasonal,1
85072,-3.114237677208787,,0.55,120.0,1,1,category_fallback_insufficient_price_variation,OCCASIONS GIFT CARD ASSORTMENT,Cards & Stationery,1
85069,-2.3146812720872716,,16.95,3.0,1,1,category_fallback_insufficient_price_variation,CREAM SWEETHEART DOUBLE SHELF,General Giftware,1
72751C,-2.278947917977102,,5.95,1.0,1,1,category_fallback_insufficient_price_variation,"F.FAIRY S/3 SML CANDLE, ROSE",Lighting & Candles,1
72751B,-2.278947917977102,,5.95,1.0,1,1,category_fallback_insufficient_price_variation,"F.FAIRY S/3 SML CANDLE, LAVENDER",Lighting & Candles,1
72751A,-2.278947917977102,,5.95,1.0,1,1,category_fallback_insufficient_price_variation,"F.FAIRY S/3 SML CANDLE,LILY/VALLEY",Lighting & Candles,1
35751D,-2.278947917977102,,0.19,28.0,1,1,category_fallback_insufficient_price_variation,PINK CURRENT CANDLE RING,Lighting & Candles,1
47503J ,-2.4405677367344385,,16.13,1.0,1,1,category_fallback_insufficient_price_variation,SET/3 FLORAL GARDEN TOOLS IN BAG,Bags,1
21008,-2.375411544782531,,2.51,1.0,1,1,category_fallback_insufficient_price_variation,ETCHED GLASS HEART TREE DECORATION,Home Decor,1
47556,-2.0533511102062985,,2.55,1.0,1,1,category_fallback_insufficient_price_variation,SET/2 SPOTTY + ROSE TEA TOWELS ,Bath & Body,1
47554,-2.0533511102062985,,2.55,1.0,1,1,category_fallback_insufficient_price_variation,S/3 COLOURS FLOCK TEA TOWELS,Bath & Body,1
21036,-2.0533511102062985,,2.55,1.0,1,1,category_fallback_insufficient_price_variation,SET/2 TEA TOWELS MODERN VINTAGE,Bath & Body,1
47569,-2.4405677367344385,,2.55,1.0,1,1,category_fallback_insufficient_price_variation,ENGLISH ROSE DESIGN SHOPPING BAG,Bags,1
47590a,-2.3146812720872716,,11.02,1.0,1,1,category_fallback_insufficient_price_variation,BLUE HAPPY BIRTHDAY BUNTING,General Giftware,1
20891,-2.278947917977102,,7.95,2.0,1,1,category_fallback_insufficient_price_variation,LARGE GLASS ROSE SCENTED CANDLE ,Lighting & Candles,1
48173A,-2.3146812720872716,,6.75,1.0,1,1,category_fallback_insufficient_price_variation,DOOR MAT BLUE FLOCK,General Giftware,1
20739,-2.278947917977102,,8.65,1.0,1,1,category_fallback_insufficient_price_variation,*USB Office Glitter Lamp,Lighting & Candles,1
20737,-2.3146812720872716,,1.7,1.0,1,1,category_fallback_insufficient_price_variation,RED MINI TAPE MEASURE ,General Giftware,1
37484,-2.5827688984064956,,6.75,1.0,1,1,category_fallback_insufficient_price_variation,ENGLISH ROSE TEA FOR ONE GIFT BOX,Storage & Boxes,1
90183c,-1.6950974262848952,,2.9,1.0,1,1,category_fallback_insufficient_price_variation,BLACK DROP EARRINGS W LONG BEADS,Jewellery & Accessories,1
40002,-2.278947917977102,,0.85,78.0,1,1,category_fallback_insufficient_price_variation,WHITE BAMBOO RIBS LAMPSHADE,Lighting & Candles,1
20939,-2.278947917977102,,0.85,12.0,1,1,category_fallback_insufficient_price_variation,ORANGE CANDLE,Lighting & Candles,1
46776b,-2.375411544782531,,4.13,1.0,1,1,category_fallback_insufficient_price_variation,WOVEN BERRIES CUSHION COVER ,Home Decor,1
46776a,-2.375411544782531,,4.13,5.0,1,1,category_fallback_insufficient_price_variation,WOVEN BUBBLE GUM CUSHION COVER,Home Decor,1
46138D,-2.3146812720872716,,1.95,1.0,1,1,category_fallback_insufficient_price_variation,GREEN CHENILLE SHAGGY C/COVER,General Giftware,1
45014,-2.3146812720872716,,4.65,1.0,1,1,category_fallback_insufficient_price_variation,FOLDING SHIRT TIDY,General Giftware,1
20858,-2.3146812720872716,,1.65,4.0,1,1,category_fallback_insufficient_price_variation,SILVER PURSE GOLD PINK BUTTERFLY,General Giftware,1
46776f,-2.375411544782531,,4.13,7.0,1,1,category_fallback_insufficient_price_variation,WOVEN ROSE GARDEN CUSHION COVER ,Home Decor,1
35822B,-2.3146812720872716,,0.38,229.0,1,1,category_fallback_insufficient_price_variation,"ACRYLIC BEAD CHAIN, BLUE",General Giftware,1
85160b,-2.4529194956318796,,16.13,1.0,1,1,category_fallback_insufficient_price_variation,BLACK BIRD GARDEN DESIGN MUG,Kitchen & Dining,1
85159b,-2.3146812720872716,,13.0,1.0,1,1,category_fallback_insufficient_price_variation,"WHITE TEA,COFFEE,SUGAR JARS",General Giftware,1
85157,-2.3146812720872716,,12.72,1.0,1,1,category_fallback_insufficient_price_variation,SET OF 2 CHESTS CHOCOLAT AU LAIT,General Giftware,1
85164b,-2.375411544782531,,26.04,1.0,1,1,category_fallback_insufficient_price_variation,BLACK BAROQUE CUCKOO CLOCK,Home Decor,1
20822,-2.3146812720872716,,4.65,2.0,1,1,category_fallback_insufficient_price_variation,SILVER WINE GOBLET,General Giftware,1
85171,-2.278947917977102,,2.55,1.0,1,1,category_fallback_insufficient_price_variation,S/2 HYACINTH BULB CANDLES,Lighting & Candles,1
46776e,-2.375411544782531,,4.13,1.0,1,1,category_fallback_insufficient_price_variation,WOVEN CANDY CUSHION COVER ,Home Decor,1
35817B,-1.6950974262848952,,2.55,1.0,1,1,category_fallback_insufficient_price_variation,"ACRYLIC JEWEL SNOWFLAKE,BLUE",Jewellery & Accessories,1
35816B,-1.6950974262848952,,1.25,1.0,1,1,category_fallback_insufficient_price_variation,"ACRYLIC JEWEL ANGEL,BLUE",Jewellery & Accessories,1
90025B,-1.6950974262848952,,3.75,1.0,1,1,category_fallback_insufficient_price_variation,BAROQUE BUTTERFLY EARRINGS RED,Jewellery & Accessories,1
20885,-2.278947917977102,,2.95,1.0,1,1,category_fallback_insufficient_price_variation,BOX OF 3 PEBBLE CANDLES,Lighting & Candles,1
35915A,-2.3146812720872716,,1.27,288.0,1,1,category_fallback_insufficient_price_variation,CREAM KNITTED HEN,General Giftware,1
35930,-2.5565447916340402,,0.38,1.0,1,1,category_fallback_insufficient_price_variation,PINK HEART CHRISTMAS DECORATION,Christmas & Seasonal,1
20791,-2.3146812720872716,,12.75,5.0,1,1,category_fallback_insufficient_price_variation,BLUE TILED SET OF 3 DRAWERS,General Giftware,1
35976B,-2.5565447916340402,,1.25,1.0,1,1,category_fallback_insufficient_price_variation,WHITE SCANDINAVIAN HEART CHRISTMAS,Christmas & Seasonal,1
35974,-2.5565447916340402,,3.75,1.0,1,1,category_fallback_insufficient_price_variation,S/6 CHRISTMAS TREE PLACE SETTING,Christmas & Seasonal,1
35950,-2.5565447916340402,,1.25,1.0,1,1,category_fallback_insufficient_price_variation,FOLKART HEART CHRISTMAS DECORATIONS,Christmas & Seasonal,1
35945,-2.5565447916340402,,1.95,1.0,1,1,category_fallback_insufficient_price_variation,GOLD CHRISTMAS STOCKING DECORATION,Christmas & Seasonal,1
35999,-2.278947917977102,,2.55,1.0,1,1,category_fallback_insufficient_price_variation,S/6 SCANDINAVIAN HEART T-LIGHT,Lighting & Candles,1
85232C,-2.3146812720872716,,4.95,1.0,1,1,category_fallback_insufficient_price_variation,RUSSIAN FOLKART STACKING TINS,General Giftware,1
85231e,-2.278947917977102,,1.66,1.0,1,1,category_fallback_insufficient_price_variation,STRAWBERRY SCENTED SET/9 T-LIGHTS,Lighting & Candles,1
90004A,-2.3146812720872716,,3.75,1.0,1,1,category_fallback_insufficient_price_variation,JADE GREEN PAIR ENAMEL HAIR SLIDES,General Giftware,1
