stock_code,elasticity,r2,base_price,base_demand,n_weekly_obs,n_distinct_prices,elasticity_source,description,category,n_transactions
22452,-2.902800580496244,0.3465584096820124,2.95,9.01807273315425,74,27,fitted,MEASURING TAPE BABUSHKA PINK,Jewellery & Accessories,263
47597,-3.718894157466151,0.2808518914059839,2.112672413793104,7.495043989813176,28,19,fitted,NEW ENGLAND TEATOWELS,Bath & Body,126
21095,-1.804036495751421,0.2362905758831247,0.85,8.375600585099397,31,6,fitted,SET/6 POSIES PAPER PLATES,Kitchen & Dining,42
22432,-4.485615336994252,0.3779071377847711,1.95,27.38264172815787,89,51,fitted,WATERING CAN PINK BUNNY,Jewellery & Accessories,527
90184A,-1.6950974262848952,,9.15,2.136363636363636,22,5,category_fallback_insufficient_price_variation,AMBER CHUNKY BEAD BRACELET W STRAP,Jewellery & Accessories,26
23229,-6.023833397481461,0.4122255233613563,3.75,53.83686334378978,26,16,fitted,VINTAGE DONKEY TAIL GAME ,Toys & Games,253
35591T,-2.55654479163404,,1.25,2.857142857142857,7,1,category_fallback_insufficient_price_variation,TURQUOISE CHRISTMAS TREE ,Christmas & Seasonal,11
21363,-1.2119235667710873,0.0371511351091619,5.166262077294686,9.182081505035432,80,40,fitted,HOME SMALL WOOD LETTERS,General Giftware,428
21580,-1.422768214977295,0.1821352716504615,2.25,6.121267145042729,67,25,fitted,RABBIT  DESIGN  COTTON TOTE BAG,Bags,176
23137,-1.2783699036740386,0.1279162814890756,3.75,3.094272115539421,14,6,fitted,ZINC WIRE SWEETHEART LETTER TRAY,General Giftware,23
21409,-2.314681272087272,,4.25,1.0,1,1,category_fallback_insufficient_price_variation,SPOTTY COCKEREL DOORSTOP,General Giftware,1
84313B,-0.4975483074109068,0.092577692135219,4.25,3.7350351874440864,40,15,fitted,BLUE TV TRAY TABLE ,General Giftware,85
22916,-2.420876636170366,0.1593038586160023,0.6669615384615385,23.257843201770395,54,29,fitted,HERB MARKER THYME,General Giftware,269
22971,-4.337959549083914,0.4222298968092763,2.55,34.17345925548523,50,31,fitted,QUEENS GUARD COFFEE MUG,Kitchen & Dining,271
90010A,-5.679362580635482,0.1195530058569115,9.431666666666668,1.445621109600427,24,5,fitted,MIDNIGHT BLUE GLASS/SILVER BRACELET,Jewellery & Accessories,30
90042C,-1.6950974262848952,,2.54,3.1052631578947367,19,5,category_fallback_insufficient_price_variation,FRESHWATER PEARL BRACELET IVORY,Jewellery & Accessories,26
21528,-1.9397651669895863,0.1434374150728462,6.95,5.103359384039348,95,33,fitted,DAIRY MAID TRADITIONAL TEAPOT ,Kitchen & Dining,264
21708,-2.105458237364312,0.3119092864801587,4.95,4.3449332541284456,65,22,fitted,FOLDING UMBRELLA CREAM POLKADOT,General Giftware,133
22525,-0.9750012202344024,0.0424429442666174,1.33,22.181945725249477,55,37,fitted,CHILDRENS GARDEN GLOVES PINK,Garden & Outdoor,339
72529w,-2.55654479163404,,4.3,1.0,1,1,category_fallback_insufficient_price_variation,WHITE ADVENT CANDLE,Christmas & Seasonal,1
21132,-0.8006119163883271,0.2009730914942021,4.25,2.5532677485562267,35,8,fitted,SILVER STANDING GNOME   ,General Giftware,49
90161C,-1.6950974262848952,,4.98,2.7868852459016398,61,17,category_fallback_insufficient_price_variation,ANT COPPER LIME BOUDICCA BRACELET,Jewellery & Accessories,101
22507,-2.7323565062050093,0.1937045769136955,5.287222222222223,29.108124773713485,91,75,fitted,MEMO BOARD RETROSPOT  DESIGN,Home Decor,907
22137,-1.693337707506334,0.2172424308601607,2.9500000000000006,4.527552589310234,31,8,fitted,BATHROOM SET LOVE HEART DESIGN,Home Decor,43
85039b,-2.278947917977102,,3.36,4.0,1,1,category_fallback_insufficient_price_variation,S/4 IVORY MINI ROSE CANDLE IN BOWL,Lighting & Candles,1
22224,-1.3865243363370523,0.0748638395114161,3.000909090909091,18.964927862866062,101,67,fitted,WHITE LOVEBIRD LANTERN,Lighting & Candles,416
35095B,-3.4117870910411927,0.6175302815827716,0.4586363636363636,15.03051941729997,78,29,fitted,RED VICTORIAN FABRIC OVAL BOX,Storage & Boxes,181
90067A,-1.6950974262848952,,2.95,2.357142857142857,14,4,category_fallback_insufficient_price_variation,PINK VINTAGE VICTORIAN EARRINGS,Jewellery & Accessories,16
20871,-2.818071407301848,0.574509993027513,2.1,13.052167464727464,36,21,fitted,OPULENT VELVET SET/3 CANDLES,Lighting & Candles,131
35001B,-3.114237677208787,,3.49,2.833333333333333,6,1,category_fallback_insufficient_price_variation,HAND OPEN SHAPE BLACK,Cards & Stationery,6
22442,-2.221061256077538,0.2938756910363812,7.95,4.68433461556537,58,18,fitted,GROW YOUR OWN FLOWERS SET OF 3,General Giftware,181
21421,-3.086942710930614,0.4000213115493118,1.25,22.383773647316385,48,17,fitted,PORCELAIN ROSE LARGE ,General Giftware,110
90212C,-1.6950974262848952,,3.75,2.571428571428572,7,1,category_fallback_insufficient_price_variation,PURPLE LAS VEGAS BRACELET ROUND,Jewellery & Accessories,8
21935,-1.3395349631966775,0.0671117527932998,1.800334928229665,50.80064442859037,104,95,fitted,SUKI  SHOULDER BAG,Bags,948
22021,-2.55654479163404,,1.65,46.86666666666667,30,13,category_fallback_implausible_fit,BLUE FELT EASTER EGG BASKET,Christmas & Seasonal,240
79063D,-2.582768898406496,,0.19,12.714285714285714,7,1,category_fallback_insufficient_price_variation,"RETRO PILL BOX , REVOLUTIONARY",Storage & Boxes,10
84791,-0.6840100183881256,0.0156458539399492,3.089561403508772,7.427583480445562,30,18,fitted,GINGHAM HEART DECORATION,Home Decor,107
23348,-4.289431987525469,0.7207469460978628,2.2818461538461543,27.28292340519333,24,12,fitted,CHILDRENS TOY COOKING UTENSIL SET,Toys & Games,173
85032A,-1.8216285642650625,0.53206273540945,1.434,8.144696705296031,55,27,fitted,ROMANTIC IMAGES GIFT WRAP SET,Cards & Stationery,161
17011A,-2.176580367761679,0.8648481714385334,2.1,4.629766272200101,9,4,fitted,ORIGAMI VANILLA INCENSE+FLOWER ,General Giftware,10
15044B,-3.4590841799301058,0.3061359723853043,2.9500000000000006,10.893027128294152,69,26,fitted,BLUE PAPER PARASOL ,General Giftware,192
84715,-2.8452191626835446,0.4004075846895234,2.95,7.780273645203885,27,5,fitted,SET OF 6 ICE CREAM SKITTLES,General Giftware,46
84978,-2.435103960614541,0.2995640145600801,1.2558102766798418,193.5752302984301,103,102,fitted,HANGING HEART JAR T-LIGHT HOLDER,Lighting & Candles,1462
22441,-4.015624764087673,0.2166288587000588,2.1000000000000005,25.3885341201285,84,39,fitted,GROW YOUR OWN BASIL IN ENAMEL MUG,Kitchen & Dining,497
35001W,-2.064502275122936,0.0809183033869859,3.4900000000000007,8.517937924003283,46,25,fitted,HAND OPEN SHAPE DECO.WHITE,Cards & Stationery,199
84378,-3.349707334518076,0.1706783005797104,1.3144612068965518,78.63504598130376,104,89,fitted,SET OF 3 HEART COOKIE CUTTERS,General Giftware,1280
85114B,-1.939688078760723,0.1882564751427505,1.65,15.341240212550774,86,34,fitted,IVORY ENCHANTED FOREST PLACEMAT,General Giftware,235
84997D,-8.058875946063978,0.4368591874710824,3.813968253968254,86.52309541318084,99,72,fitted,PINK 3 PIECE MINI DOTS CUTLERY SET,Kitchen & Dining,1130
72051S,-0.798614137766576,0.0566284001712452,0.83,3.3264395280126053,39,10,fitted,BAG OF SILVER STONES,Bags,59
85179B,-3.6018976239363267,0.2495146701459141,4.65,5.515981115611871,22,7,fitted,WHITE BITTY LIGHT CHAIN ,Lighting & Candles,46
40016,-1.405661791121551,0.6191812674668723,0.42,106.40546308216814,86,38,fitted,CHINESE DRAGON PAPER LANTERNS,Lighting & Candles,250
47421,-2.314681272087272,,0.42,28.78846153846154,52,6,category_fallback_implausible_fit,ASSORTED COLOUR LIZARD SUCTION HOOK,General Giftware,88
85065,-3.1111304476584425,0.2840562722292954,12.75,9.984204018450203,46,26,fitted,CREAM SWEETHEART TRAYS,General Giftware,258
84675,-0.917799270088249,0.0495578444686488,2.9500000000000006,3.3480906592076174,29,11,fitted,FROG KING WATERING CAN,Jewellery & Accessories,61
90132,-2.278947917977102,,5.09,1.2,5,1,category_fallback_insufficient_price_variation,LIGHT TOPAZ TEAL/AQUA COL NECKLACE,Lighting & Candles,6
22983,-4.810336884950206,0.4525961779169267,0.4337877155172414,90.17250494118974,64,52,fitted,CARD BILLBOARD FONT,Cards & Stationery,571
23303,-2.45291949563188,,1.95,16.25,4,2,category_fallback_insufficient_price_variation,SET 4 PICNIC CUTLERY FONDANT,Kitchen & Dining,6
21389,-4.219752916921252,0.5120649224321475,0.85,23.35702749623043,84,31,fitted,IVORY HANGING DECORATION  BIRD,Home Decor,271
21765,-1.200432045869432,0.0433062457447928,7.95,6.404846877784374,41,19,fitted,HANGING METAL BIRD BATH,Bath & Body,154
84270,-5.404376087914699,0.3625115631460217,0.2120220588235294,357.5105888029395,51,38,fitted,ASSTD DESIGN BUBBLE GUM RING,Jewellery & Accessories,477
84706B,-2.375411544782531,,8.95,2.7142857142857144,7,1,category_fallback_insufficient_price_variation,FAIRY CAKES TABLE CLOCK,Home Decor,8
85175,-1.0786341954476872,0.0665007510457986,0.42,125.50991581332336,93,39,fitted,CACTI T-LIGHT CANDLES,Lighting & Candles,453
21703,-3.865823498980809,0.1707231419351536,0.42,75.35658187977181,103,60,fitted,BAG 125g SWIRLY MARBLES,Bags,583
22040,-5.133369319672781,0.1316317451573045,0.42,35.291985844293244,61,5,fitted,BOTANICAL ROSE GIFT WRAP,Cards & Stationery,94
21060,-2.0635964992304743,0.1382196702115985,0.85,10.569034557649443,75,21,fitted,PARTY INVITES BALLOON GIRL,General Giftware,148
85118,-2.069181525163951,0.6656010279605715,0.6534285714285716,31.60344341488617,39,16,fitted,HEART T-LIGHT HOLDER,Lighting & Candles,85
22522,-4.374412554118358,0.1338061431513719,0.85,17.244706612909404,73,26,fitted,CHILDS GARDEN FORK BLUE ,Garden & Outdoor,344
21161,-2.225261221144337,0.4034939613798685,1.45,9.58233678196541,67,26,fitted,KEEP OUT BOYS DOOR HANGER ,General Giftware,218
17090D,-2.582768898406496,,1.25,3.458333333333333,24,1,category_fallback_insufficient_price_variation,VANILLA INCENSE 40 CONES IN TIN,Storage & Boxes,31
23096,-4.28457256354899,0.5109196938893226,1.6912316384180788,27.632128108393545,30,20,fitted,PETIT TRAY CHIC,General Giftware,148
23206,-2.6499925410851795,0.5403223539622228,1.6775833333333332,361.74911429556926,35,35,fitted,LUNCH BAG APPLE DESIGN,Bags,1067
82011E,-2.0533511102062985,,3.75,2.0,1,1,category_fallback_insufficient_price_variation,"BATHROOM SCALES, FAG BREAK",Bath & Body,2
22626,-2.8527474023782013,0.1859072479666784,8.5,8.312206241498126,82,28,fitted,BLACK KITCHEN SCALES,Kitchen & Dining,359
18007,-3.5699656961184707,0.6209027617809537,0.18,28.363655294632306,43,16,fitted,ESSENTIAL BALM 3.5g TIN IN ENVELOPE,Cards & Stationery,79
84924F,-1.8779754663848276,0.8219896073691673,0.79,21.55483080911349,7,4,fitted,PSYCHEDELIC METAL SIGN CALENDAR,Home Decor,9
85087,-1.7112594110267878,0.3719689743993953,3.29,6.6125310945563305,47,14,fitted,CANDY SPOT CUSHION COVER,Home Decor,145
22725,-1.6522096513128248,0.0494844431850651,4.005156250000001,32.79588316660852,63,51,fitted,ALARM CLOCK BAKELIKE CHOCOLATE,Home Decor,579
90059F,-2.314681272087272,,1.65,1.9583333333333333,24,4,category_fallback_insufficient_price_variation,DIAMANTE HAIR GRIP PACK/2 LT ROSE,General Giftware,26
21091,-3.3757797919576764,0.3032933846900874,0.85,28.51027360897161,14,9,fitted,SET/6 WOODLAND PAPER PLATES,Kitchen & Dining,46
85121B,-0.3373081091304283,0.0159671641668269,10.196000000000002,3.2661773476187155,21,9,fitted,RETRO LAUNDRY TUB PINK,General Giftware,48
17028J,-2.314681272087272,,0.42,6.0,1,1,category_fallback_insufficient_price_variation,INCENSE BAZAAR PEACH,General Giftware,1
85034b,-2.278947917977102,,8.29,1.0,1,1,category_fallback_insufficient_price_variation,3 WHITE CHOC MORRIS BOXED CANDLES,Lighting & Candles,1
48184,-5.160123565149196,0.5133196062835929,7.508488063660478,29.710449683792937,94,90,fitted,DOORMAT ENGLISH ROSE ,General Giftware,863
23447,-2.55654479163404,,1.65,7.0,2,2,category_fallback_insufficient_price_variation,PINK BUNNY EASTER EGG BASKET,Christmas & Seasonal,3
20941,-2.4114099740509034,0.4608951206870185,1.346923076923077,7.213303838261442,57,19,fitted,FROG CANDLE,Lighting & Candles,126
84813,-1.583639114116209,0.4268917652153433,12.75,2.9711530040058687,51,22,fitted,SET OF 4 DIAMOND NAPKIN RINGS,General Giftware,101
21097,-1.6950974262848952,,0.85,5.5,6,1,category_fallback_insufficient_price_variation,SET/6 GREEN SPRING  PAPER PLATE,Jewellery & Accessories,8
47590a,-2.314681272087272,,11.02,1.0,1,1,category_fallback_insufficient_price_variation,BLUE HAPPY BIRTHDAY BUNTING,General Giftware,1
85066,-3.02748782988564,0.1355225838200128,12.75,23.671864495493104,100,72,fitted,CREAM SWEETHEART MINI CHEST,General Giftware,954
90210B,-1.3296534486622678,0.3044515518718603,2.9500000000000006,2.9888961940572054,19,7,fitted,CLEAR ACRYLIC FACETED BANGLE,General Giftware,27
21759,-2.314681272087272,,49.95,2.2857142857142856,7,4,category_fallback_implausible_fit,METAL WALL SHELF UNIT WITH HOOKS,General Giftware,12
79030G,-1.2224575271508042,0.7141068673047604,1.6499999999999997,13.766446668040734,49,16,fitted,"TUMBLER, NEW ENGLAND",General Giftware,124
21410,-1.202985257227518,0.1441970341139228,4.852857142857142,5.0362086784158215,48,20,fitted,COUNTRY COTTAGE  DOORSTOP GREEN,General Giftware,151
84745A,-2.55654479163404,,0.42,4.933333333333334,15,2,category_fallback_insufficient_price_variation,PINK HANGING GINGHAM EASTER HEN,Christmas & Seasonal,19
23255,-8.726345930488716,0.1605247625023821,4.15,16.752658634119676,36,11,fitted,CHILDRENS CUTLERY CIRCUS PARADE,Kitchen & Dining,159
84358,-0.8781777345808397,0.2481316731907136,9.95,2.3398373074368464,26,5,fitted,FLOOR LAMP SHADE WOOD BASE,Lighting & Candles,29
79151B,-2.314681272087272,,0.42,6.0,2,2,category_fallback_insufficient_price_variation,"SILICON CUBE 25W, BLUE",General Giftware,3
22119,-2.390787945209448,0.1696525945419704,6.95,5.8082746317668095,83,16,fitted,PEACE WOODEN BLOCK LETTERS,General Giftware,368
35609A,-0.6866856245538264,0.3152904437470772,0.19,24.946891147010245,15,8,fitted,PINK FEATHER CHRISTMAS DECORATION,Christmas & Seasonal,24
79338,-2.217524890674983,0.8586463225353083,0.6190038314176245,42.44942723281312,8,7,fitted,DARK PINK FLOCK GLASS CANDLEHOLDER,Lighting & Candles,13
23310,-3.659332941525674,0.0586554302575372,0.42,373.6053149805544,27,21,fitted,BUBBLEGUM RING ASSORTED,Jewellery & Accessories,246
20756,-4.312685594178482,0.3102150453088841,0.85,4.889485602393546,32,6,fitted,GREEN FERN POCKET BOOK,General Giftware,63
84817,-1.8060689538509045,0.5337517028867105,2.1,4.771789228694572,49,9,fitted,DANISH ROSE DECORATIVE PLATE,Kitchen & Dining,80
85035A,-2.0117892024400925,0.3259657508151536,4.25,5.53364512721245,67,20,fitted,GARDENIA 3 WICK MORRIS BOXED CANDLE,Lighting & Candles,192
16202C,-1.981026276947632,0.4673643048653737,2.022,10.880051682417315,8,3,fitted,BEIGE PHOTO ALBUM,General Giftware,11
84906,-0.7485555109804363,0.2680936529704395,5.95,2.352158045049348,19,2,fitted,PINK B'FLY C/COVER W BOBBLES,General Giftware,21
72739B,-2.139187237954532,0.780753674338662,1.3770588235294117,18.891656013681835,8,7,fitted,WHITE CHOCOLATE SCENT CANDLE,Lighting & Candles,27
21559,-4.3899172139127565,0.4876962249264193,2.6057393048128343,61.844856052123575,104,92,fitted,STRAWBERRY LUNCH BOX WITH CUTLERY,Kitchen & Dining,1268
22228,-0.985771681378208,0.0857425793552864,0.85,11.28241601156522,69,33,fitted,BUNNY WOODEN PAINTED WITH BIRD ,General Giftware,277
35594,-0.9438912284686616,0.3053328966331537,0.5153846153846153,5.548092531821676,25,10,fitted,WOODEN CHRISTMAS TREE 3 HANGING,Christmas & Seasonal,40
85036a,-2.278947917977102,,8.29,2.0,1,1,category_fallback_insufficient_price_variation,GARDENIA 1 WICK MORRIS BOXED CANDLE,Lighting & Candles,1
21985,-1.1824674274028426,0.0409436107295938,0.3112,129.30642320976472,104,85,fitted,PACK OF 12 HEARTS DESIGN TISSUES ,Home Decor,957
23605,-2.55654479163404,,2.91,4.0,1,1,category_fallback_insufficient_price_variation,SET 10 CARDS 12 DAYS OF XMAS 17059,Christmas & Seasonal,1
72799D,-0.1556755495495314,0.0019423445994922,2.95,2.590036999517768,12,5,fitted,BLUE PILLAR CANDLE SILVER FLOCK,Lighting & Candles,18
21349,-1.5874133304574998,0.0744849096765054,6.75,12.793455361027045,30,20,fitted,IVY HEART WREATH,General Giftware,180
47554,-2.0533511102062985,,2.55,1.0,1,1,category_fallback_insufficient_price_variation,S/3 COLOURS FLOCK TEA TOWELS,Bath & Body,1
23398,-2.412600433177562,0.2841738924392254,0.8680882352941176,35.776894341097325,15,11,fitted,HANGING HEART BONHEUR,General Giftware,77
84800S,-3.5994287261360105,0.5407088771939956,1.25,6.093428262352267,17,3,fitted,SMALL WHITE/PINK ROSE ART FLOWER,General Giftware,20
22288,-2.7422264519780986,0.2242362211930854,1.25,15.675057906623936,42,16,fitted,HANGING METAL RABBIT DECORATION,Home Decor,129
23091,-1.2338721172386038,0.0086168881686655,6.25,15.903607232169849,27,16,fitted,ZINC HERB GARDEN CONTAINER,Garden & Outdoor,217
84977,-2.278947917977102,,1.25,6.96875,32,2,category_fallback_implausible_fit,WIRE FLOWER T-LIGHT HOLDER,Lighting & Candles,44
90002B,-1.6950974262848952,,3.75,2.4444444444444446,9,4,category_fallback_insufficient_price_variation,FLOWER BURST SILVER RING ROSE,Jewellery & Accessories,11
16047,-2.4916142514113617,0.6434394221950352,0.85,7.393466640516297,22,4,fitted,POP ART PEN CASE & PENS,Cards & Stationery,31
21465,-1.4808974655554603,0.0432061947925318,3.75,4.964355981753775,84,17,fitted,PINK FLOWER CROCHET FOOD COVER,General Giftware,189
20847,-0.7367238844428029,0.0758181001916455,3.75,2.6389513264366085,25,4,fitted,ZINC HEART LATTICE CHARGER LARGE,General Giftware,27
90184B,-1.6950974262848952,,9.05,2.1142857142857143,35,8,category_fallback_insufficient_price_variation,AMETHYST CHUNKY BEAD BRACELET W STR,Jewellery & Accessories,48
47505,-1.9585746063563476,0.0205020164910147,4.949999999999999,22.153713895074414,22,18,fitted,MINATURE COLOURED GARDENING SET,Garden & Outdoor,179
85194L,-4.51407489837368,0.5766668844255268,0.8566666666666667,42.52385111282144,38,21,fitted,HANGING SPRING FLOWER EGG LARGE,Jewellery & Accessories,149
22938,-8.541014323199832,0.2391934888866163,1.95,33.8093022781294,61,30,fitted,CUPCAKE LACE PAPER SET 6,General Giftware,286
21096,-1.9104011312586584,0.3400088002972452,0.83,7.791047428472933,57,28,fitted,SET/6 FRUIT SALAD  PAPER PLATES,Kitchen & Dining,142
84680,-3.34798792241914,0.9130125474440132,7.95,1.4114500924746234,12,4,fitted,CLASSICAL ROSE URN,General Giftware,17
90206A,-1.6950974262848952,,4.95,1.4545454545454546,11,3,category_fallback_insufficient_price_variation,GOLD DIAMANTE STAR BROOCH,Jewellery & Accessories,12
23018,-1.6950974262848952,,12.5,4.166666666666667,12,4,category_fallback_implausible_fit,LARGE APOTHECARY MEASURING JAR ,Jewellery & Accessories,20
21656,-1.8418532074755296,0.2903541470242023,1.5915384615384611,11.5900610133455,65,31,fitted,RIDGED GLASS POSY VASE ,Home Decor,143
23508,-7.113632444769473,0.2877862076105196,0.4212654320987654,146.37603170256796,12,9,fitted,MINI PLAYING CARDS DOLLY GIRL ,General Giftware,128
22633,-7.0922402784058205,0.259364115077064,2.1,90.66775082121312,35,27,fitted,HAND WARMER UNION JACK,General Giftware,1022
21016,-2.679081547262788,0.4361218428423398,0.85,18.942107749511912,21,12,fitted,LIGHT BIRD HOUSE TREE DECORATION,Lighting & Candles,89
85131A,-1.8942005877046384,0.3141048978353838,0.992059553349876,16.217429541715717,66,37,fitted,BEADED PEARL HEART WHITE ON STICK,General Giftware,204
85008,-1.6699471105939483,0.4566458070769987,4.95,3.705068953633737,46,11,fitted,SET OF 3 CONEY ISLAND OVAL BOXES,General Giftware,100
22034,-4.950468186824053,0.440253438273314,0.42,44.57547067225954,23,7,fitted,ROBIN CHRISTMAS CARD,Christmas & Seasonal,97
22637,-2.242563781847968,0.1639433764894654,2.5500000000000003,42.05660409009786,79,61,fitted,PIGGY BANK RETROSPOT ,General Giftware,630
22961,-1.3657381443174756,0.0072915154813822,1.489148936170213,200.9743257369168,55,51,fitted,JAM MAKING SET PRINTED,General Giftware,1283
85130A,-0.7196464900532245,0.0104248821081111,1.65,10.371112214953266,43,9,fitted,BEADED PEARL HEART WHITE LARGE,General Giftware,92
22376,-0.8064940816237206,0.0394784049548756,4.25,5.212442184652865,85,26,fitted,AIRLINE BAG VINTAGE JET SET WHITE,Bags,256
20861,-2.4405677367344385,,2.1,4.0,12,1,category_fallback_insufficient_price_variation,GOLD COSMETIC BAG PINK STAR,Bags,19
21076,-1.6756669341481223,0.0593688293433384,0.8712499999999999,40.88989793703995,15,11,fitted,SET/20 COLLAGE PAPER NAPKIN ,General Giftware,95
21267,-1.3257195408047888,0.9780756320901418,3.6714285714285713,6.510221704076294,3,3,fitted,VINTAGE PINK TINSEL REEL ,General Giftware,10
48194,-4.310433124806363,0.7105884699553384,7.651666666666666,42.55040743215904,104,103,fitted,DOORMAT HEARTS,General Giftware,1379
22026,-4.498319455298534,0.7502026545313683,0.4338709677419354,36.83734488844902,99,37,fitted,BANQUET BIRTHDAY  CARD  ,Cards & Stationery,368
23129,-2.128471959072329,0.049824513600946,4.15,19.17646343344162,26,13,fitted,HEART SHAPED HOLLY WREATH,General Giftware,172
21241,-5.393328478840094,0.5635547076470215,0.865077922077922,41.70177614557814,44,31,fitted,GREEN SPOTTY CUP,Kitchen & Dining,263
35241,-0.7469289486418159,0.0439761841268113,4.95,3.930643619408931,59,25,fitted,ENAMEL BLUE RIM BISCUIT BIN,General Giftware,133
37479B,-0.5632914094483668,0.1304650789242561,0.85,7.842113251187715,25,11,fitted,CUBIC MUG FLOCK BLUE ON BROWN,Kitchen & Dining,33
20678,-2.314681272087272,,1.65,4.0,1,1,category_fallback_insufficient_price_variation,LARGE BLACK DIAMANTE HAIRSLIDE,General Giftware,1
23471,-5.420964746709421,0.3831016805436341,9.95,4.194798129323551,10,4,fitted,SIX DRAWER OFFICE TIDY,General Giftware,27
84414B,-3.114278660864421,0.9991551336381505,18.95,1.0000000000000018,5,2,fitted,FUSCHIA/GREEN STRIPE WOOLLY BLANKET,General Giftware,8
79328,-1.79106849138908,0.9484200994716602,0.38,67.72880264748295,13,6,fitted,BLUE FLOCK GLASS CANDLEHOLDER,Lighting & Candles,17
22698,-5.136851439681959,0.6265050032490803,3.047894736842105,114.66440442175212,63,62,fitted,PINK REGENCY TEACUP AND SAUCER,Kitchen & Dining,1064
22671,-4.129959750721938,0.636186917204479,1.7093667711598743,19.70288243694715,64,34,fitted,FRENCH LAUNDRY SIGN BLUE METAL,Home Decor,253
23691,-2.314681272087272,,0.42,162.5,6,1,category_fallback_insufficient_price_variation,WRAP KEEP CALM BIRTHDAY,General Giftware,37
51014C,-2.4410465470698903,0.5695053961145622,0.85,20.94521781326834,87,46,fitted,"FEATHER PEN,COAL BLACK",Cards & Stationery,275
21248,-1.7045653497070292,0.2002636409551537,1.45,6.505867130572518,75,22,fitted,DOOR HANGER  MUM + DADS ROOM,General Giftware,161
90052,-1.6950974262848952,,7.07,1.0,3,2,category_fallback_insufficient_price_variation,CRACKED GLAZE NECKLACE BROWN,Jewellery & Accessories,3
23358,-3.558156114942551,0.3099345943037579,3.75,20.202117062593388,16,11,fitted,HOT STUFF HOT WATER BOTTLE,Bottles & Glassware,89
35096A,-4.021668735658805,0.7567808361944295,0.592,11.398163489901702,13,11,fitted,BLUE VICTORIAN FABRIC HEART BOX,Storage & Boxes,50
23238,-7.955609381774268,0.4610912908367851,4.150000000000001,63.73159248480858,27,23,fitted,SET OF 4 KNICK KNACK TINS LONDON ,General Giftware,284
22975,-2.0135259808395096,0.0957762705370514,1.271607142857143,20.00423588468583,49,25,fitted,SPACEBOY CHILDRENS EGG CUP,Kitchen & Dining,209
22025,-4.887583897273236,0.7071312339471592,0.431081081081081,33.90682458363433,93,44,fitted,RING OF ROSES BIRTHDAY CARD,Jewellery & Accessories,293
17084R,-4.447380638333415,0.2036756606867249,0.21,114.86099941598988,47,5,fitted,ASSORTED INCENSE PACK,General Giftware,68
16168S,-2.759591251544519,0.9231374585318064,0.1918181818181818,51.08060168815389,6,5,fitted,FUNKY MONKEY GIFT BAG SMALL,Bags,10
35823P,-2.314681272087272,,2.95,1.0,2,1,category_fallback_insufficient_price_variation,"ACRYLIC BEAD GARLAND,PINK",General Giftware,2
23021,-2.2064004414911835,0.4431433682237907,4.15,5.990411663212958,16,3,fitted,GLASS BONNE JAM JAR,Bottles & Glassware,27
22526,-1.3740125636423628,0.0494227573339558,12.75,3.6458208717288314,74,19,fitted,WHEELBARROW FOR CHILDREN ,General Giftware,209
20726,-3.03121784811355,0.3361111531543911,1.7509267759562843,185.14423680373352,104,103,fitted,LUNCH BAG WOODLAND,Bags,2008
21530,-1.2375512416271228,0.4514092412311423,2.95,3.654604986695947,77,20,fitted,DAIRY MAID TOASTRACK,General Giftware,171
20752,-2.4863448809290967,0.1428209309014387,2.1,9.60309897041216,91,33,fitted,BLUE POLKADOT WASHING UP GLOVES,General Giftware,370
47566b,-2.314681272087272,,8.29,6.2,35,3,category_fallback_insufficient_price_variation,TEA TIME PARTY BUNTING,General Giftware,116
21785,-4.532280516563604,0.4748185302393833,0.85,22.419633299074697,44,19,fitted,RAIN PONCHO ,General Giftware,112
23406,-3.9929859388704,0.7632570591818124,6.751016483516484,16.522072391152545,14,14,fitted,HOME SWEET HOME KEY HOLDER,General Giftware,112
22230,-0.7424638235059622,0.0790114463956813,0.85,8.765321408895556,77,34,fitted,JIGSAW TREE WITH WATERING CAN,Jewellery & Accessories,198
21982,-2.107090647078286,0.1347128565093838,0.3019786096256684,109.9413384854542,93,72,fitted,PACK OF 12 SUKI TISSUES ,General Giftware,758
84621,-1.4073223775944923,0.1882793165760956,7.95,2.706599897097724,9,2,fitted,BLUE GINGHAM ROSE FLOOR CUSHION ,Home Decor,14
84596E,-1.8996466469026847,0.2710314650545824,1.25,10.090261281384237,55,22,fitted,SMALL LICORICE DES PINK BOWL,Kitchen & Dining,209
21538,-0.6033600298116458,0.015291301830156,3.75,3.7227880914844143,26,4,fitted,DAIRY MAID  PUDDING BOWL,Kitchen & Dining,52
22941,-4.391701752870119,0.2702597969454701,8.682852998065764,39.77466821145546,32,25,fitted,CHRISTMAS LIGHTS 10 REINDEER,Christmas & Seasonal,520
84873A,-5.111321406899431,0.8762405503847321,16.95,1.1794190881758606,8,4,fitted,FUNKY FLOWER PICNIC BAG FOR 4,Bags,17
72802C,-2.6559906626838226,0.302737362704379,4.25,9.439592205865258,87,29,fitted,VANILLA SCENT CANDLE JEWELLED BOX,Lighting & Candles,285
85131D,-1.948613332055252,0.3180774384539205,0.83,12.209225732925406,72,19,fitted,BEADED CRYSTAL HEART PINK ON STICK,General Giftware,277
21736,-0.678198680713948,0.0146589575344721,2.1,6.230059995733004,22,3,fitted,GOLD SCROLL GLASS T-LIGHT HOLDER,Lighting & Candles,28
22766,-4.416196805227285,0.1430773401164587,2.9500000000000006,56.68679271769979,61,38,fitted,PHOTO FRAME CORNICE,Home Decor,676
22998,-4.566292267654363,0.2054115465344729,0.4237614678899082,212.75703955302464,43,41,fitted,TRAVEL CARD WALLET KEEP CALM,Cards & Stationery,543
84799,-1.4618830336374855,0.461719157382265,1.25,11.329592015054684,25,3,fitted,SPRIG LAVENDER ARTIFICIAL FLOWER,General Giftware,32
23199,-4.292763532509482,0.6506971683316944,2.067886597938145,404.9113038147856,35,35,fitted,JUMBO BAG APPLES,Bags,983
21218,-2.7092256593963238,0.4880865415768103,4.066071428571428,44.22962706824944,104,98,fitted,RED SPOTTY BISCUIT TIN,Storage & Boxes,927
22644,-2.3129155678314235,0.3258798122972992,1.5745652173913045,40.475433270690914,81,68,fitted,CERAMIC CHERRY CAKE MONEY BANK,General Giftware,643
22814,-4.478670486132839,0.7850786808751593,0.42,46.5946705915708,61,27,fitted,CARD PARTY GAMES ,Cards & Stationery,301
23026,-2.4226908386711004,0.2853241868780964,2.08,20.039093934830174,25,11,fitted,DRAWER KNOB VINTAGE GLASS STAR,Bottles & Glassware,65
84870B,-1.5488931587098944,0.2077146650466298,3.75,2.581110395606657,26,5,fitted,BLUE GEISHA GIRL ,General Giftware,42
21306,-1.0889684782610862,0.5352063136822818,2.1,2.235761756245384,45,11,fitted,SET/4 DAISY MIRROR MAGNETS,Home Decor,72
47013C,-0.2883534480925222,0.0279794309250001,0.29,4.302772173471213,23,6,fitted,WINE BOTTLE DRESSING DARK BLUE,Bottles & Glassware,28
82551,-2.601997170383837,0.1271154408643423,1.475984848484848,35.74243210884367,102,85,fitted,LAUNDRY 15C METAL SIGN,Home Decor,765
84529C,-1.393303688178376,0.2048048949195302,5.903333333333332,4.463068197109818,13,5,fitted,YELLOW KNITTED KIDS RUCKSACK,General Giftware,37
21851,-2.3982327749924144,0.5237003302941436,4.21,2.91054310866512,61,25,fitted,LILAC DIAMANTE PEN IN GIFT BOX,Cards & Stationery,159
10124G,-2.314681272087272,,0.42,4.111111111111111,9,2,category_fallback_insufficient_price_variation,ARMY CAMO BOOKCOVER TAPE,General Giftware,10
22297,-4.887254298322922,0.4637374231281721,1.3098473154362416,106.69196270838876,104,97,fitted,HEART IVORY TRELLIS SMALL,General Giftware,1020
90178B,-1.6950974262848952,,11.95,1.5,10,2,category_fallback_insufficient_price_variation,PURPLE CHUNKY GLASS+BEAD NECKLACE,Jewellery & Accessories,10
22265,-2.3420066206537307,0.1617434755514061,0.65,17.234228603591788,61,16,fitted,EASTER DECORATION NATURAL CHICK,Christmas & Seasonal,179
23426,-3.5959772800773844,0.38529330230297,2.919252136752136,73.61454938592006,14,14,fitted,METAL SIGN DROP YOUR PANTS,Home Decor,207
47594a,-2.375411544782531,,4.21,1.0,1,1,category_fallback_insufficient_price_variation,CAROUSEL DESIGN WASHBAG,Home Decor,1
22094,-1.9710587208203216,0.6221654141072932,1.334,9.720718508972116,93,53,fitted,RED RETROSPOT TISSUE BOX,Storage & Boxes,355
21772,-2.314681272087272,,12.75,1.0,1,1,category_fallback_insufficient_price_variation,VINTAGE METAL CAKE STAND CREAM ,General Giftware,1
47570,-2.045942878093164,0.1504517047687433,10.650000000000002,7.479440189316098,21,12,fitted,ENGLISH ROSE TABLE CLOTH,General Giftware,77
84626,-2.314681272087272,,45.95,1.0,1,1,category_fallback_insufficient_price_variation,CANDY STRIPE ROSE QUILT,General Giftware,1
84773,-2.314681272087272,,2.95,6.655172413793103,29,3,category_fallback_insufficient_price_variation,RED ROSE AND LACE C/COVER,General Giftware,50
21247,-1.6141559874877789,0.0570139779257761,1.49,7.430070952303796,37,16,fitted,SET OF RED SALAD SERVERS ,General Giftware,82
22413,-5.618804624554185,0.2830798288794486,3.017272727272728,42.762411769046906,97,68,fitted,METAL SIGN TAKE IT OR LEAVE IT ,Home Decor,910
72529W,-2.6304502324458454,0.1893762755271435,2.12,16.482608930677124,15,10,fitted,WHITE ADVENT CANDLE,Christmas & Seasonal,47
22551,-9.233203126355749,0.3423032834444199,1.65,122.04712029324054,89,71,fitted,PLASTERS IN TIN SPACEBOY,Storage & Boxes,1368
84837,-2.2461497804701622,0.0401300713773982,12.75,5.348092812467676,34,11,fitted,WHITE SWEETHEARTS CABINET 4 DRAWERS,General Giftware,144
84843,-1.442241549263068,0.1922978537736541,5.95,3.3079735701095747,67,16,fitted,WHITE SOAP RACK WITH 2 BOTTLES,Bath & Body,112
84766,-2.0220744414085354,0.6780916506261754,5.95,2.73262976267464,21,4,fitted,SILVER ROCOCO CANDLE STICK,Lighting & Candles,28
23173,-5.39372247647015,0.5643638826192459,9.367719298245614,70.56114975019192,31,30,fitted,REGENCY TEAPOT ROSES ,Kitchen & Dining,424
23513,-7.079495076409201,0.2068817333042734,2.1069736842105264,20.05500971663527,12,9,fitted,EMBROIDERED RIBBON REEL SUSIE ,Cards & Stationery,70
20793,-0.6128129033616602,0.1051771630577593,6.75,1.931279418266308,19,3,fitted,BLUE TILED TRAY,General Giftware,20
79144C,-1.9186012133668444,0.4094034366229475,0.83,2.306982975935929,60,17,fitted,PAINTED LIGHTBULB RAINBOW DESIGN,Lighting & Candles,102
22695,-2.346971588750437,0.2122669979632359,1.45,18.801324314462796,52,28,fitted,WICKER WREATH SMALL,General Giftware,245
22207,-2.909298766208269,0.2714647152937273,4.25,21.075882647148266,100,67,fitted,FRYING PAN UNION FLAG,General Giftware,497
47598,-1.170677254476996,0.1851077008921664,0.55,7.437189094562435,17,7,fitted,NEW ENGLAND EGG WARMER,General Giftware,32
84424A,-2.375411544782531,,3.75,2.875,8,1,category_fallback_insufficient_price_variation,FOUR PICTURE WHITE GLASS FRAME,Home Decor,10
84201B,-3.114237677208787,,0.19,4.875,8,2,category_fallback_insufficient_price_variation,HAPPY BIRTHDAY CARD STRIPEY TEDDY,Cards & Stationery,8
21299,-2.06771657470726,0.6706276041522035,12.75,2.5577882954021205,14,6,fitted,EDWARDIAN TOILET ROLL UNIT ,General Giftware,33
22818,-5.91856296806188,0.6709987451963183,0.423106706489275,140.77832465521556,40,20,fitted,CARD CHRISTMAS VILLAGE,Christmas & Seasonal,423
22732,-6.539724964828128,0.4882352002047423,1.3646731352334749,53.612134682924,42,34,fitted,3D VINTAGE CHRISTMAS STICKERS ,Christmas & Seasonal,360
35598A,-2.55654479163404,,2.95,5.0,2,2,category_fallback_insufficient_price_variation,DUSTY PINK CHRISTMAS TREE 60CM,Christmas & Seasonal,3
21681,-7.555929533275681,0.1480127360007984,9.95,3.659813754588471,38,6,fitted,GIANT MEDINA STAMPED METAL BOWL ,Kitchen & Dining,81
62043B,-0.9295302137315068,0.0742105288526967,1.65,2.7865180227312205,8,3,fitted,BLUE CHECK BAG W HANDLE 34X20CM,Bags,10
21629,-2.375411544782531,,9.995,2.80327868852459,61,19,category_fallback_implausible_fit,SQUARE FLOOR CUSHION VINTAGE RED,Home Decor,107
16256C,-2.314681272087272,,0.42,16.9,10,2,category_fallback_insufficient_price_variation,HEARTS PENCIL/RUBBER+5 MINI PENCILS,General Giftware,10
22638,-1.8060571483480927,0.4628091899876462,2.55,5.796247207959096,35,14,fitted,SET OF 4 NAPKIN CHARMS CROWNS ,General Giftware,78
22894,-1.81476602614522,0.0360536904816927,9.95,5.68651112637538,54,18,fitted,TABLECLOTH RED APPLES DESIGN ,Home Decor,196
22220,-1.6430343194279184,0.1593735557694525,9.95,5.546080517849437,89,26,fitted,CAKE STAND LOVEBIRD 2 TIER WHITE,General Giftware,270
15036,-4.553242887200352,0.3258351252196764,0.8098170731707317,209.247753242834,102,97,fitted,ASSORTED COLOURS SILK FAN,General Giftware,993
23197,-1.499400278209612,0.0437372898932216,1.5747457627118642,44.18337472404884,25,22,fitted,SKETCHBOOK MAGNETIC SHOPPING LIST,General Giftware,252
20682,-4.04881835546307,0.3273850120434308,3.3340873015873016,25.09703934506101,102,58,fitted,RED RETROSPOT CHILDRENS UMBRELLA,General Giftware,610
85184d,-2.314681272087272,,5.91,1.0,1,1,category_fallback_insufficient_price_variation,S/4 BLUE ROUND DECOUPAGE BOXES,General Giftware,1
20677,-4.202758365288886,0.5326843943687518,1.306845318860244,62.38733994583827,104,92,fitted,PINK POLKADOT BOWL,Kitchen & Dining,784
20934,-1.3808571181017266,0.133707588831668,5.45,4.094223822920128,38,16,fitted,SET/3 POT PLANT CANDLES,Lighting & Candles,76
84464,-2.582768898406496,,2.55,6.6,5,2,category_fallback_insufficient_price_variation,S/60 PINK FLUFFY CHICKS IN BOX,Storage & Boxes,11
90039A,-1.6950974262848952,,3.74,2.25,4,2,category_fallback_insufficient_price_variation,FIRE POLISHED GLASS BRACELET RED,Jewellery & Accessories,4
21592,-3.960012297598675,0.1194877394210401,1.25,24.019009256329245,98,13,fitted,RETROSPOT CIGAR BOX MATCHES ,Storage & Boxes,515
20764,-2.0410338481784187,0.3322945425050001,3.75,4.752458364976635,79,28,fitted,ABSTRACT CIRCLES SKETCHBOOK ,General Giftware,200
21035,-3.463292351590113,0.3448642806040878,3.2758623548922063,39.1221600461217,104,93,fitted,SET/2 RED RETROSPOT TEA TOWELS ,Bath & Body,962
37432,-2.45291949563188,,0.65,6.0,1,1,category_fallback_insufficient_price_variation,MUG PINK AND PURPLE ARABIC DESIGN,Kitchen & Dining,1
22252,-1.286981843532477,0.0386440415720087,1.25,9.47399526687981,67,7,fitted,BIRDCAGE DECORATION TEALIGHT HOLDER,Lighting & Candles,120
21000,-2.4405677367344385,,3.5933333333333333,3.25,60,14,category_fallback_implausible_fit,ROSE DU SUD COSMETICS BAG,Bags,98
21907,-5.579297399030716,0.3258042189781962,2.1000000000000005,46.304203166895824,97,54,fitted,I'M ON HOLIDAY METAL SIGN,Home Decor,799
21992,-2.623030710964223,0.512579642916384,2.6065625000000003,14.40846072386546,100,68,fitted,VINTAGE PAISLEY STATIONERY SET,General Giftware,688
90023,-1.6950974262848952,,4.25,1.6842105263157894,19,6,category_fallback_insufficient_price_variation,FILIGREE DIAMANTE EARRINGS,Jewellery & Accessories,22
22819,-4.189556928508723,0.6069196455902428,0.42,52.267049784845845,62,25,fitted,"BIRTHDAY CARD, RETRO SPOT",Cards & Stationery,333
85040b,-2.278947917977102,,3.36,2.333333333333333,3,1,category_fallback_insufficient_price_variation,SET/4 BLUE FLOWER CANDLES IN BOWL,Lighting & Candles,3
21871,-2.101654986463628,0.1070928728794602,1.30275,69.3575226394797,95,76,fitted,SAVE THE PLANET MUG,Kitchen & Dining,817
23188,-0.3122782250144212,0.0003500512123172,1.6759054726368157,104.89294009472164,26,25,fitted,VINTAGE  2 METER FOLDING RULER,General Giftware,335
21077,-6.004748095259074,0.3760709514052254,0.85,23.99045851746752,39,21,fitted,SET/20 WOODLAND PAPER NAPKINS ,General Giftware,196
84746,-1.669894889536988,0.2983385919218013,3.75,1.4671520797641326,11,3,fitted,PINK EASTER HENS+FLOWER,Christmas & Seasonal,17
84927F,-0.785775831182087,0.3782661660752896,2.1,2.484330486384193,42,9,fitted,PSYCHEDELIC TILE HOOK,General Giftware,65
17012A,-1.8713709434861932,0.6063207756594484,2.46,2.6060243591788224,53,15,fitted,ORIGAMI VANILLA INCENSE/CANDLE SET ,Lighting & Candles,98
35537,-2.278947917977102,,0.42,4.333333333333333,3,2,category_fallback_insufficient_price_variation,CANDLE RING W/CLEAR BEADS,Lighting & Candles,3
85063,-2.220754847994865,0.1877665865182778,16.95,5.807175747225783,47,24,fitted,CREAM SWEETHEART MAGAZINE RACK,General Giftware,182
84031a,-2.2316348529077747,,16.63,1.0,1,1,category_fallback_insufficient_price_variation,CHARLIE+LOLA RED HOT WATER BOTTLE ,Bottles & Glassware,1
22328,-9.299519190781549,0.5901109693456026,2.8708080808080805,100.3126638601912,99,92,fitted,ROUND SNACK BOXES SET OF 4 FRUITS ,General Giftware,1212
72781,-8.102518798432822,0.3221327320102013,2.1,4.129330623441386,12,3,fitted,BLACK SILOUETTE CANDLE PLATE ,Lighting & Candles,15
21506,-7.507233654456109,0.3735166119877461,0.4233884297520661,79.07151802504364,104,61,fitted,"FANCY FONT BIRTHDAY CARD, ",Cards & Stationery,687
84845A,-2.582768898406496,,1.25,1.0,1,1,category_fallback_insufficient_price_variation,HOLLYHOCK SQUARE HANDY TIN,Storage & Boxes,1
16169K,-1.821089539187171,0.4377587168326829,0.42,34.15247045211153,34,3,fitted,WRAP FOLK ART,General Giftware,61
47590B,-7.444183322038187,0.4284672913481979,5.45,32.7688298805874,100,65,fitted,PINK HAPPY BIRTHDAY BUNTING,General Giftware,893
21126,-3.13300627245146,0.3985232207585863,1.25,13.488535272339035,95,22,fitted,SET OF 6 GIRLS CELEBRATION CANDLES,Lighting & Candles,295
22600,-5.297261513293334,0.5767557862498303,0.8592206185567011,82.026272509342,52,33,fitted,CHRISTMAS RETROSPOT STAR WOOD,Christmas & Seasonal,452
22136,-3.144744672450126,0.2715420602221097,1.6990171990171987,13.398462568879342,88,42,fitted,LOVE HEART SOCK HANGER,General Giftware,280
22924,-0.2586710792172779,0.0028442537446869,0.85,23.45762568561392,43,12,fitted,FRIDGE MAGNETS LA VIE EN ROSE,General Giftware,105
90177E,-1.6950974262848952,,2.96,1.45,20,6,category_fallback_insufficient_price_variation,DROP DIAMANTE EARRINGS GREEN,Jewellery & Accessories,23
46776C,-2.0577250557082296,0.2119171224941737,4.21,2.708263197501927,50,11,fitted,WOVEN FROST CUSHION COVER,Home Decor,98
23241,-2.5843178540975087,0.1921420301569565,2.153782051282051,69.2369046531254,27,23,fitted,TREASURE TIN GYMKHANA DESIGN,Home Decor,374
79323GR,-7.867424069907855,0.3269962513254347,6.75,9.741595876947896,19,13,fitted,GREEN CHERRY LIGHTS,Lighting & Candles,83
22435,-4.718772622293293,0.2488713393696597,1.2646176470588235,45.969017849731294,84,54,fitted,SET OF 9 HEART SHAPED BALLOONS,General Giftware,572
90179B,-1.6950974262848952,,5.95,1.25,8,2,category_fallback_insufficient_price_variation,PURPLE FINE BEAD NECKLACE W TASSEL,Jewellery & Accessories,8
21657,-1.2695884629331116,0.1485950161743424,6.95,4.532107527299789,54,13,fitted,MILK BOTTLE WITH GLASS STOPPER ,Bottles & Glassware,124
22588,-3.722926621645336,0.2394777544913416,2.89,30.00058767902774,54,38,fitted,CARD HOLDER GINGHAM HEART,Cards & Stationery,506
90059D,-2.314681272087272,,1.67,2.03125,32,6,category_fallback_insufficient_price_variation,DIAMANTE HAIR GRIP PACK/2 PERIDOT,General Giftware,41
22608,-1.499789624247107,0.638544695286445,0.24,104.2178434412196,56,30,fitted,PENS ASSORTED FUNKY JEWELED ,Jewellery & Accessories,172
35913B,-2.55654479163404,,0.85,6.0588235294117645,17,2,category_fallback_implausible_fit,WHITE/PINK CHICK EASTER DECORATION,Christmas & Seasonal,26
84926F,-1.4539714918538982,0.7016650197063623,1.25,4.3418127171336645,32,12,fitted,PSYCHEDELIC TILE COASTER,General Giftware,42
20750,-5.614010919531968,0.3270661445579639,7.470000000000001,28.8481835467673,103,69,fitted,RED RETROSPOT MINI CASES,General Giftware,936
23567,-3.142315545732314,0.5335186683829345,1.4516666666666669,19.312696467501556,9,8,fitted,EGG CUP HENRIETTA HEN PINK,Kitchen & Dining,38
35650,-1.6950974262848952,,4.95,1.0,3,1,category_fallback_insufficient_price_variation,VINTAGE BEAD PINK JEWEL STAND,Jewellery & Accessories,3
21874,-2.6572833445845534,0.1599641501249983,1.3207465277777777,36.805179666088215,104,73,fitted,GIN AND TONIC MUG,Kitchen & Dining,647
20737,-2.314681272087272,,1.7,1.0,1,1,category_fallback_insufficient_price_variation,RED MINI TAPE MEASURE ,General Giftware,1
20898,-2.6349148119334105,0.3228135179392848,2.95,4.061319108063714,32,9,fitted,VINTAGE NOTEBOOK TRAVELOGUE,Cards & Stationery,55
23538,-3.845276141280816,0.6015669907938703,4.950000000000001,13.483288855117951,9,7,fitted,WALL ART VINTAGE HEART,General Giftware,32
72803b,-2.278947917977102,,8.47,2.0,1,1,category_fallback_insufficient_price_variation,OCEAN SCENT CANDLE JEWELLED DRAWER,Lighting & Candles,2
85151,-2.375411544782531,,1.25,14.666666666666666,3,1,category_fallback_insufficient_price_variation,WELCOME METAL SIGN,Home Decor,8
90049,-2.672858820768129,0.7464248542633907,7.455,2.169086578312968,4,2,fitted,IVORY GOLD METAL BAG CHARM,Bags,5
85184B,-2.55654479163404,,2.95,2.333333333333333,6,1,category_fallback_insufficient_price_variation,SET 4 EASTER DECOUPAGE OVAL BOXES,Christmas & Seasonal,7
22023,-5.026940889744994,0.7369374185768989,0.4274336810730254,44.02320248452807,100,52,fitted,EMPIRE BIRTHDAY CARD,Cards & Stationery,440
22466,-3.160019562332039,0.1621276342851825,1.95,34.83631944592817,84,44,fitted,FAIRY TALE COTTAGE NIGHTLIGHT,Lighting & Candles,410
21371,-1.2227272795465594,0.6068929517390687,2.55,3.5480011421475464,43,9,fitted,MIRRORED WALL ART POPPIES,Home Decor,63
21353,-2.314681272087272,,7.95,9.0,2,1,category_fallback_insufficient_price_variation,SILVER SLEIGHBELL  WREATH,General Giftware,8
90130A,-1.6950974262848952,,2.95,2.076923076923077,13,5,category_fallback_insufficient_price_variation,WHITE STONE/CRYSTAL EARRINGS,Jewellery & Accessories,15
21678,-2.5556900432346485,0.6374047983367865,0.85,7.947734296252619,54,19,fitted,PAISLEY PATTERN  STICKERS,Cards & Stationery,84
22969,-2.935526936665075,0.0728668413782818,1.4744559585492227,192.228665310141,55,49,fitted,HOMEMADE JAM SCENTED CANDLES,Lighting & Candles,753
22408,-1.8697526611578608,0.1712087744540606,1.25,6.378013471658125,53,11,fitted,MONEY BOX CONFECTIONERY DESIGN,Home Decor,99
22557,-5.8803442516817706,0.24062801262092,1.65,87.09356801828659,89,67,fitted,PLASTERS IN TIN VINTAGE PAISLEY ,Storage & Boxes,1207
22676,-3.654677377451645,0.4430476928638577,1.3139849624060151,22.72259737515969,68,36,fitted,FRENCH BLUE METAL DOOR SIGN 1,Home Decor,311
21367,-0.8193701898824222,0.2977086939313997,2.55,2.2136778400448844,36,13,fitted,MIRRORED WALL ART GENTS,Home Decor,64
84908B,-3.331664955846449,0.7670586427644457,5.91,2.20692293423175,22,4,fitted,BLUE 5 PATCH FLOWER CUSHION COVER,Home Decor,35
90004A,-2.314681272087272,,3.75,1.0,1,1,category_fallback_insufficient_price_variation,JADE GREEN PAIR ENAMEL HAIR SLIDES,General Giftware,1
90204,-2.314681272087272,,3.35,1.9615384615384612,26,6,category_fallback_insufficient_price_variation,PAIR OF ENAMEL BUTTERFLY HAIRCLIP,General Giftware,38
72800A,-2.740355814633856,0.6808809423786012,2.55,5.743899179034213,19,8,fitted,S/4 BLACK DINNER CANDLE SILVER FLOC,Lighting & Candles,49
21400,-1.4653417869725716,0.535374762498992,0.42,5.010260774977488,54,18,fitted,RED PUDDING SPOON,General Giftware,91
22880,-1.4457177634086522,0.6044795683329256,4.13,1.579834239057492,25,8,fitted,NUMBER TILE VINTAGE FONT 1,General Giftware,39
90182B,-1.6950974262848952,,2.9,1.25,4,1,category_fallback_insufficient_price_variation,AMETHYST 3 BEAD DROP EARRINGS,Jewellery & Accessories,5
22516,-2.466090478002833,0.2731977043159936,2.1,8.439918214640011,56,22,fitted,CHILDS GARDEN RAKE BLUE,Garden & Outdoor,174
84510c,-2.314681272087272,,2.46,2.458333333333333,24,2,category_fallback_insufficient_price_variation,SET OF 4 POLKADOT COASTERS,General Giftware,36
20855,-2.314681272087272,,1.65,5.576923076923077,26,2,category_fallback_insufficient_price_variation,PINK PATCH PURSE BLUE HEART,General Giftware,49
84859B,-1.6497094129104173,0.3200324741217678,1.95,5.980598378095697,15,7,fitted,BLUE DISCO HANDBAG,Bags,19
90003C,-2.314681272087272,,3.75,1.8571428571428568,28,4,category_fallback_insufficient_price_variation,MIDNIGHT BLUE PAIR HEART HAIR SLIDE,General Giftware,36
62074B,-2.45291949563188,,0.42,3.4545454545454546,11,2,category_fallback_insufficient_price_variation,ELEPHANT CLIP W SUCTION CUP,Kitchen & Dining,13
90056,-1.6950974262848952,,11.05,1.1666666666666667,12,3,category_fallback_insufficient_price_variation,CHUNKY CRACKED GLAZE NECKLACE IVORY,Jewellery & Accessories,14
21160,-1.9787814639047043,0.384543607535225,1.45,5.344763133637131,28,12,fitted,KEEP OUT GIRLS DOOR HANGER ,General Giftware,59
21119,-2.314681272087272,,13.57,1.0,2,1,category_fallback_insufficient_price_variation,Glow In The Dark Shot Glasses ,General Giftware,2
22735,-2.8837029505948526,0.3890477567101724,1.7627272727272727,29.400300361664893,37,29,fitted,RIBBON REEL SOCKS AND MITTENS,Cards & Stationery,255
23512,-8.658557466684135,0.6987089139451204,2.128809523809524,24.683334584794093,12,10,fitted,EMBROIDERED RIBBON REEL ROSIE,Cards & Stationery,58
35004P,-0.832718229703768,0.0355638061602449,5.45,3.865263292022228,17,8,fitted,SET OF 3 PINK FLYING DUCKS,General Giftware,43
84306,-0.220683944473549,0.007246187992716,10.95,2.0675618291107374,19,6,fitted,S/3 PINK SQUARE PLANTERS ROSES,General Giftware,30
22410,-2.7854732948472307,0.2482885917614142,1.25,11.208300013220043,71,20,fitted,MONEY BOX HOUSEKEEPING DESIGN,Home Decor,200
23256,-7.970224718579432,0.1754445387374414,4.15,47.46444966013814,36,23,fitted,CHILDRENS CUTLERY SPACEBOY ,Kitchen & Dining,374
90150,-1.6950974262848952,,7.5,1.8571428571428568,7,1,category_fallback_insufficient_price_variation,BLUE SHELL+SILVER NECKLACE,Jewellery & Accessories,8
84840,-0.168007366962585,0.0005756736310721,8.5,5.977722068516186,36,12,fitted,SWEETHEART CARRY-ALL BASKET,Storage & Boxes,144
72802B,-2.115739406702371,0.2684462143430617,4.25,7.727474284037364,79,19,fitted,OCEAN SCENT CANDLE IN JEWELLED BOX,Lighting & Candles,220
23266,-5.236479869126473,0.304953728927958,1.302608695652174,55.83533323314489,27,19,fitted,SET OF 3 WOODEN STOCKING DECORATION,Home Decor,340
20686,-1.653438885103904,0.1130085763165943,3.25,5.163629711282586,83,16,fitted,DOLLY MIXTURE CHILDREN'S UMBRELLA,General Giftware,190
23445,-2.314681272087272,,0.8299999999999998,168.0,16,6,category_fallback_insufficient_price_variation,ICE CREAM BUBBLES,General Giftware,103
22727,-2.8237479725008217,0.1015220523366782,3.956111111111111,111.27582764849882,63,62,fitted,ALARM CLOCK BAKELIKE RED ,Home Decor,1447
22682,-3.1804223447930897,0.3877853494042744,1.25,16.3212651903914,64,23,fitted,FRENCH BLUE METAL DOOR SIGN 7,Home Decor,183
22117,-1.7235203651379691,0.1210727775891259,2.95,5.697906958566756,85,26,fitted,METAL SIGN HER DINNER IS SERVED ,Home Decor,233
23166,-9.920622615792032,0.3806363510745285,1.2401829268292683,96.40742733140956,32,30,fitted,MEDIUM CERAMIC TOP STORAGE JAR,Storage & Boxes,250
90206C,-1.6950974262848952,,4.996666666666667,2.102564102564102,39,8,category_fallback_insufficient_price_variation,CRYSTAL DIAMANTE STAR BROOCH,Jewellery & Accessories,59
22705,-2.314681272087272,,0.42,60.671875,64,2,category_fallback_insufficient_price_variation,WRAP GREEN PEARS ,General Giftware,157
90041,-2.314681272087272,,3.73,1.2,5,3,category_fallback_insufficient_price_variation,PEARL AND CHERRY QUARTZ BRACLET,General Giftware,5
90214V,-1.6950974262848952,,0.85,1.318181818181818,22,3,category_fallback_implausible_fit,"LETTER ""V"" BLING KEY RING",Jewellery & Accessories,26
90000B,-2.314681272087272,,6.225,1.5789473684210529,19,5,category_fallback_insufficient_price_variation,MIDNIGHT BLUE COPPER FLOWER NECKLAC,General Giftware,22
16156N,-2.314681272087272,,0.42,64.1304347826087,23,1,category_fallback_insufficient_price_variation,"WRAP, FRIENDSHIP ON GREEN",General Giftware,56
20818,-1.2678245910063244,0.3268330473051101,3.75,2.509904932953755,20,6,fitted,GOLD TEDDY BEAR,General Giftware,30
22142,-4.179944860721127,0.3587232071061399,1.45,52.0964622409716,42,25,fitted,CHRISTMAS CRAFT WHITE FAIRY ,Christmas & Seasonal,543
82095,-0.9463473297638928,0.0737694110052724,7.65,1.821484134178468,33,4,fitted,HEART BUTTONS JEWELLERY BOX,Jewellery & Accessories,49
35654,-2.375411544782531,,4.95,2.4,5,1,category_fallback_insufficient_price_variation,VINTAGE BEAD FILLED PINK CUSHION,Home Decor,5
23184,-1.558686594062143,0.1872484520438174,5.367307692307692,18.59819089281073,40,31,fitted,BULL DOG BOTTLE OPENER,Bottles & Glassware,266
84859A,-1.3100605839077375,0.447379447568749,2.148181818181818,5.243540099430541,39,9,fitted,SILVER DISCO HANDBAG,Bags,60
84596e,-2.45291949563188,,2.51,2.9166666666666665,12,2,category_fallback_insufficient_price_variation,SMALL LICORICE DES PINK BOWL,Kitchen & Dining,22
21464,-2.314681272087272,,4.25,6.133333333333334,90,1,category_fallback_insufficient_price_variation,DISCO BALL ROTATOR BATTERY OPERATED,General Giftware,220
46776A,-2.58171757662117,0.2704562898761041,4.21,2.7712463949265524,60,12,fitted,WOVEN BUBBLE GUM CUSHION COVER,Home Decor,120
90186A,-1.6950974262848952,,2.9507142857142865,3.5,22,10,category_fallback_insufficient_price_variation,AMETHYST HOOP EARRING FLORAL LEAF,Jewellery & Accessories,37
22548,-3.722347329435751,0.295724407186505,1.25,28.669582130928944,83,37,fitted,HEADS AND TAILS SPORTING FUN,General Giftware,458
85033G,-0.66055985648279,0.2744294129149887,1.64588779956427,29.13369504369873,6,5,fitted,SET/6 GOLD REINDEER T-LIGHT CANDLES,Christmas & Seasonal,33
23473,-2.314681272087272,,0.8454645873944118,60.875,8,7,category_fallback_insufficient_price_variation,WOODLAND SMALL RED FELT HEART,General Giftware,51
47021G,-1.2016207086322053,0.4517682052888164,1.25,5.897727288538643,42,13,fitted,SET/6 BEAD COASTERS GAUZE BAG GOLD,Bags,73
85018C,-2.314681272087272,,4.25,2.0,3,1,category_fallback_insufficient_price_variation,S/6 PAPER BOXES CURIOUS IMAGES ,General Giftware,3
47503K,-2.3601781013893213,0.2268588025640044,1.95,6.861280579176526,24,9,fitted,ASSORTED FLORAL SECATEURS,General Giftware,44
84227,-2.314681272087272,,0.42,14.0,8,2,category_fallback_insufficient_price_variation,HEN HOUSE W CHICK IN NEST,General Giftware,13
21110,-2.015561913091366,0.398098039226015,6.75,7.663051704713451,88,43,fitted,LARGE CAKE TOWEL PINK SPOTS,Bath & Body,341
10120,-2.3545309281833,0.1738889737779465,0.21,9.854065712412435,42,5,fitted,DOGGY RUBBER,General Giftware,77
84031B,-1.8902181498639576,0.2257772574332095,4.470972222222223,5.666734710728631,74,45,fitted,CHARLIE LOLA BLUE HOT WATER BOTTLE ,Bottles & Glassware,288
37352,-2.45291949563188,,1.25,5.833333333333333,6,1,category_fallback_insufficient_price_variation,BIRD IN TREE MUG ,Kitchen & Dining,7
85014A,-6.047970745326363,0.3094116957704028,5.95,19.01537449610611,102,43,fitted,BLACK/BLUE POLKADOT UMBRELLA,General Giftware,697
23107,-1.7298438940706466,0.186669544839046,2.89,8.246329507489067,27,11,fitted,WHITE HEARTS WIRE PLANT POT HOLDER,Garden & Outdoor,73
71215,-2.278947917977102,,0.42,11.818181818181818,11,2,category_fallback_insufficient_price_variation,METAL BASE FOR CANDLES,Lighting & Candles,12
82613a,-2.375411544782531,,2.51,1.0,2,1,category_fallback_insufficient_price_variation,"METAL SIGN,CUPCAKE SINGLE HOOK",Home Decor,2
84952C,-1.9060640965290976,0.7432441095275981,3.75,5.400240486121144,22,7,fitted,MIRROR LOVE BIRD T-LIGHT HOLDER,Lighting & Candles,46
23421,-3.014156481647799,0.2457941130604933,2.08,11.6143150430851,13,7,fitted,PANTRY HOOK SPATULA,General Giftware,34
84086B,-2.314681272087272,,2.95,2.1818181818181817,11,2,category_fallback_insufficient_price_variation,YELLOW/BLUE RETRO RADIO,General Giftware,13
48195,-1.2475963062624775,0.0508070940886614,7.49,4.991726479640568,24,12,fitted,DOOR MAT GREEN PAISLEY ,General Giftware,86
17033,-6.754368976941766,0.1831076310548771,0.29,55.447330671270485,26,6,fitted,"BROCADE PURSE,SMALL ARCH BUTTON",General Giftware,69
23284,-3.8145362865144135,0.1711619139037232,7.6795575630252095,99.99860112218,28,28,fitted,DOORMAT KEEP CALM AND COME IN,General Giftware,731
84760L,-2.278947917977102,,1.6,560.0,1,1,category_fallback_insufficient_price_variation,LARGE HANGING GLASS+ZINC LANTERN,Lighting & Candles,1
20863,-2.128565565477153,0.2337226512972016,2.1,6.240490884499846,26,8,fitted,BLUE PATCH PENCIL CASE PINK HEART,General Giftware,52
90183C,-1.6950974262848952,,2.9,1.0833333333333333,12,4,category_fallback_insufficient_price_variation,BLACK DROP EARRINGS W LONG BEADS,Jewellery & Accessories,13
84205C,-3.114237677208787,,0.19,2.0,1,1,category_fallback_insufficient_price_variation,HAPPY BIRTHDAY GINGER CAT CARD,Cards & Stationery,1
21102,-3.943306214845857,0.7510396575004175,2.607241379310344,8.465249210916383,11,6,fitted,"CANDLE IN JAR COLLAGE , VANILLA",Lighting & Candles,20
47518f,-2.314681272087272,,4.21,1.0,9,3,category_fallback_insufficient_price_variation,ICON PLACEMAT POP ART ELVIS,General Giftware,9
85189,-8.436936088230812,0.0317648099702737,0.85,15.662829812202956,21,9,fitted,HANGING BUTTERFLY  EGG,General Giftware,70
90162C,-1.6950974262848952,,2.95,2.625,16,2,category_fallback_insufficient_price_variation,ANT SILVER FUSCHIA BOUDICCA RING,Jewellery & Accessories,16
72807B,-2.293493635713141,0.2170549671044999,4.25,8.876550865210454,86,34,fitted,SET/3 OCEAN SCENT CANDLE JEWEL BOX,Lighting & Candles,241
21981,-2.6937601958154245,0.2576002341500696,0.3026829268292682,100.50413514365889,93,67,fitted,PACK OF 12 WOODLAND TISSUES ,General Giftware,589
90062,-1.6950974262848952,,12.75,4.3125,48,7,category_fallback_insufficient_price_variation,CARNIVAL BRACELET,Jewellery & Accessories,113
22170,-3.343062367686458,0.2795404125782892,6.75,19.325512872136617,97,56,fitted,PICTURE FRAME WOOD TRIPLE PORTRAIT,Home Decor,583
21873,-2.1051860300772725,0.2806333929810719,1.25,9.956726073886133,82,33,fitted,IF YOU CAN'T STAND THE HEAT MUG,Kitchen & Dining,210
84709A,-1.6950974262848952,,5.95,2.083333333333333,12,1,category_fallback_insufficient_price_variation,SILVER OVAL JEWELLED MIRROR,Jewellery & Accessories,15
22411,-2.2196568185605883,0.3209794138451441,2.0617384370015945,257.7201997381471,97,97,fitted,JUMBO SHOPPER VINTAGE RED PAISLEY,Bags,2263
23401,-5.639819703586493,0.495908037930802,6.25,13.52690408209926,14,9,fitted,RUSTIC MIRROR WITH LACE HEART,Home Decor,83
22807,-3.1884269036089763,0.4831734275683487,3.161428571428572,16.945548352388176,59,41,fitted,SET OF 6 T-LIGHTS TOADSTOOLS,Lighting & Candles,314
84356,-1.7602458806797976,0.2763849637635679,6.95,4.153688400187106,67,18,fitted,POMPOM CURTAIN,General Giftware,132
23611,-2.314681272087272,,2.49,3.333333333333333,12,1,category_fallback_insufficient_price_variation,SET 10 CARDS RED RIDING HOOD 17214,General Giftware,16
22663,-4.136368396372113,0.2083958273368048,2.0499234099234096,59.76567125914511,72,63,fitted,JUMBO BAG DOLLY GIRL DESIGN,Bags,695
84757,-2.2366473473461657,,14.95,1.6666666666666667,3,1,category_fallback_insufficient_price_variation,ENCHANTED GARDEN WROUGHT IRON TABLE,Garden & Outdoor,4
23695,-7.17728168049884,0.8545202594235075,0.42,171.04342813530974,5,5,fitted,DOILY THANK YOU CARD,Cards & Stationery,59
22799,-1.6454060871261134,0.1459334454186381,8.5,3.604412024499684,45,10,fitted,SWEETHEART WIRE FRUIT BOWL,Kitchen & Dining,108
35980B,-2.314681272087272,,0.38,2.0,2,1,category_fallback_insufficient_price_variation,RED TOP SCANDINAVIAN HEART ,General Giftware,2
62097B,-2.4405677367344385,,0.83,3.0,3,2,category_fallback_insufficient_price_variation,BLUE STRIPES SHOULDER BAG,Bags,3
21397,-1.6760778123719708,0.3348015890694314,1.3344,15.652637042276242,58,30,fitted,BLUE  SPOTTY EGG CUP ,Kitchen & Dining,183
23455,-2.375411544782531,,2.89,23.0,9,4,category_fallback_insufficient_price_variation,SMALL PARLOUR PICTURE FRAME,Home Decor,36
84288B,-2.582768898406496,,1.95,4.428571428571429,14,1,category_fallback_insufficient_price_variation,SET/2 BLUE  NOODLE BASKETS,Storage & Boxes,25
17011E,-2.314681272087272,,0.65,124.0,1,1,category_fallback_insufficient_price_variation,ORIGAMI OPIUM SCENT INCENSE+FLOWER,General Giftware,1
35603C,-2.314681272087272,,0.42,5.1875,16,4,category_fallback_implausible_fit,SET/16 WHITE SHINY & MATT BAUBLES,General Giftware,25
22110,-2.084176312067807,0.2548844457268844,3.45,12.603962445323516,89,53,fitted,BIRD HOUSE HOT WATER BOTTLE,Garden & Outdoor,548
23311,-2.55654479163404,,2.6057632978723406,103.9090909090909,22,16,category_fallback_implausible_fit,VINTAGE CHRISTMAS STOCKING ,Christmas & Seasonal,343
22255,-2.4172064734563405,0.2370360352628052,0.8926315789473684,13.846958846319971,67,28,fitted,FELT TOADSTOOL  SMALL,General Giftware,151
16161E,-2.314681272087272,,0.1,125.0,6,1,category_fallback_insufficient_price_variation,WRAP BOUDOIR ,General Giftware,9
23053,-1.244084967869979,0.0407604765400365,8.894615384615385,7.092167917891816,36,17,fitted,RECYCLED ACAPULCO MAT PINK,General Giftware,165
21287,-1.664972378141909,0.5968025757600595,0.38,72.09377561605686,58,7,fitted,SCENTED VELVET LOUNGE CANDLE ,Lighting & Candles,96
23626,-2.314681272087272,,2.49,4.777777777777778,9,1,category_fallback_insufficient_price_variation,SET 10 CARDS DINKY TREE 17076,General Giftware,16
22738,-4.520954606017666,0.420028165444735,1.789642857142857,61.86588792916034,45,36,fitted,RIBBON REEL SNOWY VILLAGE,Cards & Stationery,535
20906,-3.114237677208787,,2.95,3.9615384615384617,26,7,category_fallback_implausible_fit,VINTAGE NOTEBOOK BEAUTY GIRL,Cards & Stationery,50
20662,-1.5538755766124503,0.5436454167545719,2.51,3.138789953420422,33,12,fitted,FIRST CLASS HOLIDAY PURSE ,General Giftware,51
85160b,-2.45291949563188,,16.13,1.0,1,1,category_fallback_insufficient_price_variation,BLACK BIRD GARDEN DESIGN MUG,Kitchen & Dining,1
23177,-6.749169956267872,0.2259652605120098,2.25,33.92148431366247,41,22,fitted,TREASURE ISLAND BOOK BOX,Storage & Boxes,272
22701,-2.009789468073352,0.4838581808756315,2.95,4.807883299408964,58,29,fitted,PINK DOG BOWL,Kitchen & Dining,161
35240,-2.314681272087272,,8.49,2.45,20,1,category_fallback_insufficient_price_variation,ENAMEL BLUE RIM OVAL TRAY SET/2,General Giftware,39
90145,-1.6950974262848952,,5.95,2.0,38,5,category_fallback_insufficient_price_variation,SILVER HOOP EARRINGS WITH FLOWER,Jewellery & Accessories,46
22692,-2.6816840413189937,0.5639175071051912,8.329571428571429,22.283309840197617,72,69,fitted,DOORMAT WELCOME TO OUR HOME,General Giftware,609
17129D,-0.5981134829021071,0.0157262017102397,0.94,37.829649536642926,11,11,fitted,CLEAR COLOUR GLASS GEMS IN BAG,Bags,39
72708,-2.278947917977102,,0.21,11.0,4,2,category_fallback_insufficient_price_variation,SCULPTED ROUND IVORY CANDLE ,Lighting & Candles,5
84596l,-2.278947917977102,,2.46,1.0,1,1,category_fallback_insufficient_price_variation,BISCUITS SMALL BOWL LIGHT BLUE,Lighting & Candles,1
46307,-0.1446872855440314,0.0075972734205753,5.91,2.2633443065640493,17,4,fitted,ROSES BLUE BASE CUSHION COVER ,Home Decor,34
79323B,-3.2093411349547853,0.4828588145810344,6.75,8.834680019436723,20,11,fitted,BLACK CHERRY LIGHTS,Lighting & Candles,59
23433,-2.314681272087272,,0.8300000000000001,86.42857142857143,14,9,category_fallback_implausible_fit,HANGING QUILTED PATCHWORK APPLES,General Giftware,88
21649,-6.040607529861123,0.5424356238600488,2.9500000000000006,56.29759689240296,5,5,fitted,ASSORTED TUTTI FRUTTI PHOTO FRAME,Home Decor,29
23070,-2.1988979232268857,0.3793596623367238,4.15,6.300120136909407,25,7,fitted,EDWARDIAN HEART PHOTO FRAME,Home Decor,44
22322,-2.95509875429925,0.4823233537726076,0.9737873754152824,14.560109204953172,84,36,fitted,BIRD DECORATION GREEN POLKADOT,Home Decor,275
21202,-2.1108826970476438,0.2501216757482007,1.65,6.456001721604692,50,11,fitted,DOLLY HONEYCOMB GARLAND,General Giftware,69
47013A,-2.2316348529077747,,0.29,7.05,20,2,category_fallback_implausible_fit,WINE BOTTLE DRESSING LT.BLUE,Bottles & Glassware,25
21429,-3.777775976794121,0.1596849838229663,1.8154838709677417,51.279452191201926,87,80,fitted,RED GINGHAM ROSE JEWELLERY BOX,Jewellery & Accessories,1047
40003,-2.5986207372036003,0.2598123438206746,1.25,11.368121088134414,41,12,fitted,WHITE BAMBOO RIBS LAMPSHADE,Lighting & Candles,60
90091,-2.314681272087272,,0.85,1.5,2,1,category_fallback_insufficient_price_variation,CRYSTAL DRAGONFLY PHONE CHARM,General Giftware,2
47351B,-2.278947917977102,,2.95,3.8461538461538463,13,2,category_fallback_insufficient_price_variation,BLUE  VOILE LAMPSHADE,Lighting & Candles,13
21906,-2.521085507750068,0.2256882896178205,7.292593406593406,10.839940621800205,94,45,fitted,PHARMACIE FIRST AID TIN,Storage & Boxes,443
84805A,-1.0309297535714572,0.3178830181573212,3.75,3.866364089863526,7,2,fitted,CREAM CLIMBING HYDRANGA ART FLOWER,General Giftware,7
85199L,-3.892789285301711,0.2568253654680412,0.6582543258832012,23.974838799290232,92,44,fitted,LARGE HANGING IVORY & RED WOOD BIRD,General Giftware,281
35809B,-0.9761544889329032,0.0613356239522099,2.1,2.840628626578885,22,6,fitted,ENAMEL BLUE RIM TEA CONTAINER,General Giftware,32
84619,-2.153720047039118,0.8323616512339224,45.95,2.145439094140707,9,4,fitted,BLUE GINGHAM ROSE QUILT ,General Giftware,28
20889,-1.8617573721499847,0.854132548366175,2.95,4.919018971698728,9,3,fitted,JARDIN DE FEMME SCENTED CANDLE,Lighting & Candles,11
22264,-2.5298452976059247,0.488963241045499,0.87625,13.035207765494867,53,24,fitted,FELT FARM ANIMAL WHITE BUNNY ,General Giftware,179
21164,-5.340830612735984,0.1812195850304874,2.9500000000000006,35.04036520320768,104,58,fitted,HOME SWEET HOME METAL SIGN ,Home Decor,733
21084,-1.7140793818394937,0.4578403576170723,0.65,10.404064422549604,71,36,fitted,SET/6 COLLAGE PAPER CUPS,General Giftware,226
84247C,-2.55654479163404,,2.95,5.214285714285714,14,2,category_fallback_insufficient_price_variation,PACK/12 BLUE REINDEER CARD,Christmas & Seasonal,23
21190,-2.3649647715152216,0.0688943213466964,1.65,10.334546457988498,41,21,fitted,PINK HEARTS PAPER GARLAND,General Giftware,118
20992,-2.41499244085132,0.4803512898110125,0.85,17.450629125418605,96,38,fitted,JAZZ HEARTS PURSE NOTEBOOK,Cards & Stationery,455
62095B,-5.199138421789849,0.7370250954418545,1.69,3.3548974014350232,12,6,fitted,TURQOISE ICE CREAM SUNHAT,General Giftware,20
48173c,-2.314681272087272,,16.98,3.391304347826087,23,5,category_fallback_implausible_fit,DOORMAT BLACK FLOCK ,General Giftware,39
21375,-1.008783767932928,0.3520683169465295,8.080277777777779,1.978661706895018,42,12,fitted,LARGE CAMPHOR WOOD FIELD MUSHROOM ,General Giftware,65
71101E,-7.387489035413243,0.3731902360434301,0.85,14.08327084065417,37,3,fitted,STANDING FAIRY POLE SUPPORT ,General Giftware,49
22263,-2.523790992640384,0.5581717898345815,1.0525,4.901829319416143,57,20,fitted,FELT EGG COSY LADYBIRD ,General Giftware,111
20976,-2.4873795080881576,0.1908583075242579,0.65,11.149882879615989,34,12,fitted,12 PENCILS SMALL TUBE POSY,General Giftware,77
21774,-2.637737110625802,0.5254597639192116,1.8907692307692303,6.353693582131526,100,50,fitted,DECORATIVE CATS BATHROOM BOTTLE,Bath & Body,384
22712,-5.467249494687916,0.3045979098045001,0.4330303030303031,73.74793011202794,69,58,fitted,CARD DOLLY GIRL ,Cards & Stationery,527
90202C,-2.314681272087272,,2.96,1.4545454545454546,22,6,category_fallback_insufficient_price_variation,GREEN ENAMEL FLOWER HAIR TIE,General Giftware,26
21790,-5.208161364396683,0.3021490145428416,0.8567754150150508,188.119186664372,104,103,fitted,VINTAGE SNAP CARDS,General Giftware,1966
23524,-4.850349969510436,0.3277300190326766,3.75,20.787537301419373,11,9,fitted,WALL ART HORSE & PONY ,General Giftware,63
22539,-4.508770244606906,0.4197376230800769,0.42,40.117795375233605,80,37,fitted,MINI JIGSAW DOLLY GIRL,General Giftware,264
22979,-3.0803551537855385,0.0818701217814001,1.5024999999999995,69.84529259266739,41,38,fitted,PANTRY WASHING UP BRUSH,General Giftware,389
85036C,-2.251376230459902,0.4562159323380919,4.25,2.574478762533123,53,11,fitted,ROSE 1 WICK MORRIS BOXED CANDLE,Lighting & Candles,136
35443,-2.0533511102062985,,0.85,1.6,10,1,category_fallback_insufficient_price_variation,RASTA IN BATH W SPLIFF ASHTRAY,Bath & Body,10
22985,-2.375411544782531,,0.42,63.310344827586206,58,1,category_fallback_insufficient_price_variation,"WRAP, BILLBOARD FONTS DESIGN",Home Decor,136
84648,-2.375411544782531,,12.75,1.0,1,1,category_fallback_insufficient_price_variation,NEW BAROQUE WALL MIRROR,Home Decor,1
22583,-2.223245242210389,0.103937357931514,2.55,16.031680620269903,84,37,fitted,PACK OF 6 HANDBAG GIFT BOXES,Bags,377
22711,-2.314681272087272,,0.42,70.61764705882354,68,1,category_fallback_insufficient_price_variation,WRAP CIRCUS PARADE,General Giftware,180
90152A,-1.6950974262848952,,5.95,1.0,6,3,category_fallback_insufficient_price_variation,SILVER/NAT SHELL NECKLACE W PENDANT,Jewellery & Accessories,6
22577,-3.56639363284122,0.5046578672853543,0.85,34.32842853923913,64,33,fitted,WOODEN HEART CHRISTMAS SCANDINAVIAN,Christmas & Seasonal,881
21802,-3.4358775178338243,0.1879863630203985,0.427772119535605,31.848230554286214,64,36,fitted,CHRISTMAS TREE HEART DECORATION,Christmas & Seasonal,345
35793,-2.6745208335505715,0.9569480185060428,4.5568,4.9337666355977206,4,3,fitted,S/3 PUPPIES CHRISTMAS DECORATIONS,Christmas & Seasonal,16
84536A,-4.237570081343578,0.4654840335847556,0.4412772785622593,47.007134608209896,102,74,fitted,ENGLISH ROSE NOTEBOOK A7 SIZE,Cards & Stationery,644
22555,-7.268430272894792,0.1987532934113266,1.65,98.3538280298388,89,58,fitted,PLASTERS IN TIN STRONGMAN,Storage & Boxes,1009
22580,-4.098136092314139,0.2541130236620722,5.95,25.95937474901037,46,29,fitted,ADVENT CALENDAR GINGHAM SACK,Christmas & Seasonal,512
22058,-1.9038099547192135,0.0575732592762034,1.49,7.958924647017703,35,10,fitted,CERAMIC LOVE HEARTS DESIGN MUG,Kitchen & Dining,117
35968,-0.9754588473943648,0.211450939672612,0.38,12.343273793675866,45,14,fitted,FOLK ART METAL HEART T-LIGHT HOLDER,Lighting & Candles,77
90200B,-1.6950974262848952,,4.24,3.381818181818182,55,12,category_fallback_insufficient_price_variation,BLACK SWEETHEART BRACELET,Jewellery & Accessories,86
16162M,-2.4405677367344385,,0.42,8.8,10,2,category_fallback_insufficient_price_variation,THE KING GIFT BAG 25x24x12cm,Bags,13
20953,-2.314681272087272,,1.65,5.5,6,2,category_fallback_insufficient_price_variation,PORCELAIN CHERUB BELL LARGE,General Giftware,9
23161,-2.847753584060758,0.4034365822922817,1.2984,47.72625901553948,29,21,fitted,REGENCY CAKE FORK,General Giftware,98
90190C,-1.6950974262848952,,2.95,2.375,24,5,category_fallback_insufficient_price_variation,SILVER/AMETHYST DROP EARRINGS LEAF,Jewellery & Accessories,38
15034,-1.728421018498744,0.5692817925057666,0.1461907650314656,76.42415153602767,92,48,fitted,PAPER POCKET TRAVELING FAN ,General Giftware,264
22100,-1.2679627272187677,0.2990090181754088,1.25,4.54499655456229,63,20,fitted,SKULLS SQUARE TISSUE BOX,Storage & Boxes,143
90199B,-1.6950974262848952,,6.35,1.681818181818182,22,10,category_fallback_insufficient_price_variation,5 STRAND GLASS NECKLACE AMETHYST,Jewellery & Accessories,32
84877B,-1.8898840603851017,0.453489543519486,3.29,2.057597128857983,30,10,fitted,GREEN ROUND COMPACT MIRROR,Home Decor,42
20857,-2.314681272087272,,1.65,6.142857142857143,42,3,category_fallback_insufficient_price_variation,BLUE ROSE PATCH PURSE PINK BUTTERFL,General Giftware,81
17096,-4.926090271032489,0.7725054986848593,0.2414285714285714,28.445776778146715,53,16,fitted,ASSORTED LAQUERED INCENSE HOLDERS,General Giftware,79
35653,-1.8330795408011988,0.3237611161714264,2.9500000000000006,5.675359062756503,52,20,fitted,VINTAGE BEAD NOTEBOOK,Cards & Stationery,118
85061W,-3.355155656295587,0.2688811525757805,0.8965775401069518,41.89915701177865,100,75,fitted,WHITE JEWELLED HEART DECORATION,Jewellery & Accessories,497
44228,-2.314681272087272,,0.85,16.0,3,1,category_fallback_insufficient_price_variation,CANNABIS LEAF BEAD CURTAIN,General Giftware,3
90092,-2.314681272087272,,0.85,14.428571428571429,7,2,category_fallback_insufficient_price_variation,BLUE CRYSTAL BOOT PHONE CHARM,General Giftware,11
20991,-4.052927203650803,0.6063125146246884,0.78,17.718782264691022,9,9,fitted,JAZZ HEARTS MAGNETIC MEMO PAD,General Giftware,31
23211,-2.28249832044953,0.0638243400069394,1.25,68.23438816935285,25,17,fitted,RED ROCKING HORSE HAND PAINTED,General Giftware,162
22921,-2.0541278181517555,0.0884562171529567,0.6500000000000001,23.427392811364196,49,23,fitted,HERB MARKER CHIVES ,General Giftware,237
90199C,-1.6950974262848952,,6.35,2.333333333333333,24,4,category_fallback_insufficient_price_variation,5 STRAND GLASS NECKLACE CRYSTAL,Jewellery & Accessories,36
90046,-2.4405677367344385,,4.95,2.1666666666666665,6,1,category_fallback_insufficient_price_variation,WHITE WITH METAL BAG CHARM,Bags,7
23490,-2.278947917977102,,3.75,52.888888888888886,9,5,category_fallback_insufficient_price_variation,T-LIGHT HOLDER HANGING LOVE BIRD,Lighting & Candles,100
17090A,-6.4848433849973794,0.4492786698142148,1.25,2.9071973351726177,24,3,fitted,LAVENDER INCENSE 40 CONES IN TIN,Storage & Boxes,28
90152B,-1.6950974262848952,,5.95,1.5,4,1,category_fallback_insufficient_price_variation,BLUE/GREEN SHELL NECKLACE W PENDANT,Jewellery & Accessories,5
21171,-3.4548933187466946,0.2749619634400653,1.45,13.741135320918714,76,33,fitted,BATHROOM METAL SIGN ,Home Decor,263
72753B,-2.8193557804690927,0.5645244543302476,2.1,40.13089196634169,8,4,fitted,S/3 FLWR FAIRY LAVENDER CANDLES,Lighting & Candles,14
21671,-2.9762171280516734,0.3815567200653424,1.3204477611940295,91.4169998147537,91,79,fitted,RED SPOT CERAMIC DRAWER KNOB,General Giftware,745
23367,-2.314681272087272,,0.6737033195020747,250.58333333333331,12,12,category_fallback_implausible_fit,SET 12 COLOUR PENCILS SPACEBOY ,General Giftware,286
84971L,-4.24680558955941,0.0993360949204875,1.2596923076923077,27.40616672448422,16,10,fitted,LARGE HEART FLOWERS HOOK   ,General Giftware,62
90143,-1.6950974262848952,,7.661666666666667,2.5625,32,6,category_fallback_insufficient_price_variation,SILVER BRACELET W PASTEL FLOWER,Jewellery & Accessories,44
85129C,-2.734962627264581,0.461898868311637,1.25,8.101866284080508,43,7,fitted,BEADED CRYSTAL HEART BLUE SMALL,General Giftware,68
84842,-2.0830729857242933,0.7918174782397356,3.75,2.5553496670836218,29,7,fitted,HELLO SAILOR BATHROOM SET,Bath & Body,36
22618,-3.5008250365564417,0.1731318524369325,9.95,8.60339596673662,50,22,fitted,COOKING SET RETROSPOT,General Giftware,257
22208,-1.5257324708581537,0.2429685885802608,1.6499999999999997,12.902814983260338,89,40,fitted,WOOD STAMP SET THANK YOU,General Giftware,457
79342B,-1.9592407825554643,0.2755254641233537,6.75,5.911988846761316,13,5,fitted,BROWN FLOWER LIGHTS,Lighting & Candles,32
84967C,-2.314681272087272,,79.95,1.0,3,1,category_fallback_insufficient_price_variation,GREEN KASHMIRI OCCASIONAL TABLE,General Giftware,3
22277,-2.946356295684435,0.2033896815214607,2.1,9.933134972351496,87,36,fitted,COSMETIC BAG VINTAGE ROSE PAISLEY,Bags,258
47559B,-6.022040654134649,0.3822882482075226,1.25,41.78195122860858,99,68,fitted,TEA TIME OVEN GLOVE,General Giftware,738
22736,-3.834776488758113,0.4110494426179191,1.775371610845295,35.90352011799554,46,34,fitted,RIBBON REEL MAKING SNOWMEN ,Cards & Stationery,440
21504,-5.096625775921061,0.6080288842170753,0.42,43.58760127920732,90,37,fitted,SKULLS GREETING CARD,Cards & Stationery,333
21448,-1.762153691014463,0.0710107139018213,1.65,7.23096545329279,80,21,fitted,12 DAISY PEGS IN WOOD BOX,Storage & Boxes,224
22097,-1.4661609163476286,0.3744690394491123,1.25,5.38542322220934,88,21,fitted,SWALLOW SQUARE TISSUE BOX,Storage & Boxes,270
21647,-1.5526124644181305,0.041982815171529,2.1,10.563232416304816,52,16,fitted,ASSORTED TUTTI FRUTTI LARGE PURSE,General Giftware,163
21309,-2.314681272087272,,9.95,2.6666666666666665,3,1,category_fallback_insufficient_price_variation,LOUVRE CHALKBOARD,General Giftware,4
84968e,-2.45291949563188,,25.49,1.4166666666666667,12,3,category_fallback_insufficient_price_variation,SET OF 16 VINTAGE BLACK CUTLERY,Kitchen & Dining,14
72084B,-2.278947917977102,,1.95,2.0,1,1,category_fallback_insufficient_price_variation,CHOCOLATE ICE CREAM CANDLE,Lighting & Candles,1
37475,-0.7552221881817962,0.058670943985124,9.95,1.926362421677712,47,14,fitted,SET/4 COLOURFUL MIXING BOWLS,Kitchen & Dining,72
37444C,-1.031795385855791,0.4925369466577169,4.577999999999999,2.4108329920068576,32,13,fitted,PINK BREAKFAST CUP AND SAUCER ,Kitchen & Dining,59
21026,-2.369473348423075,0.4422174970342057,1.3179569892473115,8.398337997381432,52,21,fitted,SPACE OWL,General Giftware,134
22068,-1.403735055118317,0.1970501770671126,1.765181818181818,8.053962136046758,96,49,fitted,BLACK PIRATE TREASURE CHEST,General Giftware,295
23029,-2.314681272087272,,1.65,44.61538461538461,26,14,category_fallback_implausible_fit,DRAWER KNOB CRACKLE GLAZE GREEN,General Giftware,154
18094C,-1.9898889973868896,0.5029811974016727,1.4264285714285716,6.313180194951087,60,21,fitted,WHITE AND BLUE CERAMIC OIL BURNER,General Giftware,100
15044C,-2.051657733520455,0.2328530649736,2.9500000000000006,8.764028603021572,84,33,fitted,PURPLE PAPER PARASOL,General Giftware,237
79144B,-1.8648542615858643,0.3404321525088184,0.5740000000000001,4.113854560503757,56,17,fitted,PAINTED LIGHTBULB STAR+ MOON,Lighting & Candles,98
23294,-4.598173076128864,0.4819312669025403,0.8467386987196237,169.87314998382814,22,21,fitted,SET OF 6 SNACK LOAF BAKING CASES,Kitchen & Dining,365
21588,-2.314681272087272,,2.55,41.95061728395062,81,20,category_fallback_implausible_fit,RETROSPOT GIANT TUBE MATCHES,General Giftware,306
84437A,-2.55654479163404,,0.85,11.666666666666666,9,1,category_fallback_insufficient_price_variation,S/6 PINK EASTER DECS IN BOX,Christmas & Seasonal,19
22825,-2.2366473473461657,,7.95,3.5384615384615383,26,3,category_fallback_implausible_fit,DECORATIVE PLANT POT WITH FRIEZE,Garden & Outdoor,38
22446,-2.806277322451915,0.4765850360383173,3.35,6.255023506550705,57,22,fitted,PIN CUSHION BABUSHKA PINK,Home Decor,192
22214,-2.323290352260156,0.4463954340053037,2.55,6.313078260012364,51,13,fitted,CANDLE PLATE LACE WHITE,Lighting & Candles,91
23299,-5.1472734974694125,0.6222659947391691,3.9310833333333335,22.65729826203375,30,17,fitted,FOOD COVER WITH BEADS SET 2 ,General Giftware,148
72803A,-1.7048925429465325,0.059635957164263,4.25,3.3939981281537284,62,3,fitted,ROSE SCENT CANDLE JEWELLED DRAWER,Lighting & Candles,99
22984,-6.425220436183353,0.5102601947474361,0.42,42.19036861508433,63,25,fitted,CARD GINGHAM ROSE ,Cards & Stationery,220
20877,-2.55654479163404,,0.42,6.0,2,1,category_fallback_insufficient_price_variation,MODERN CHRISTMAS BAUBLE CANDLE ,Christmas & Seasonal,5
84803B,-2.314681272087272,,1.69,4.2,10,2,category_fallback_insufficient_price_variation,WHITE ALLIUM  ARTIFICIAL FLOWER,General Giftware,11
21172,-3.612208628130813,0.5281525542237753,1.5080152671755729,66.07514765799486,97,79,fitted,PARTY METAL SIGN ,Home Decor,1002
23435,-1.3669032086173465,0.3603489060395403,0.8014285714285714,54.96749557991048,14,14,fitted,3 RAFFIA RIBBONS VINTAGE CHRISTMAS,Christmas & Seasonal,99
46776F,-2.375411544782531,,4.21,5.144927536231884,69,16,category_fallback_implausible_fit,WOVEN ROSE GARDEN CUSHION COVER ,Home Decor,155
85131B,-2.545193818340723,0.1127910366294323,0.83,9.148436696710537,61,11,fitted,BEADED CRYSTAL HEART GREEN ON STICK,General Giftware,221
90075,-1.6950974262848952,,8.95,1.2857142857142858,7,2,category_fallback_insufficient_price_variation,MONTANA DIAMOND CLUSTER NECKLACE,Jewellery & Accessories,7
21891,-3.736845150955193,0.1995024595187973,1.2984,82.73142437729346,94,71,fitted,TRADITIONAL WOODEN SKIPPING ROPE,General Giftware,902
21779,-3.637791351565777,0.7597224418478006,5.253731343283582,16.933597322274927,5,4,fitted,MA CAMPAGNE MINI WOODEN CHEST,General Giftware,22
20795,-1.3304886951173145,0.2895530907647281,2.1,4.420314527878069,24,5,fitted,LARGE BLUE PROVENCAL CERAMIC BALL,General Giftware,28
22180,-1.59005178593769,0.072545466284577,9.95,8.321580689661008,95,40,fitted,RETROSPOT LAMP,Lighting & Candles,419
20893,-2.5816789630951407,0.1884739464422972,2.55,5.786923350788322,47,15,fitted,HANGING BAUBLE T-LIGHT HOLDER SMALL,Lighting & Candles,85
21612,-3.2711012067668084,0.0620496409520123,2.9500000000000006,15.024591451492755,33,14,fitted,SET 12 WILDFLOWER BOTANICAL T-LIGHT,Lighting & Candles,114
16169D,-2.314681272087272,,0.42,125.0,2,1,category_fallback_insufficient_price_variation,WRAP WINTER FOREST,General Giftware,9
22965,-4.375396069026516,0.078892500006676,2.1,21.53269366395756,55,22,fitted,3 TRADITIONAl BISCUIT CUTTERS  SET,General Giftware,274
23535,-2.314681272087272,,6.289677419354839,103.54545454545456,11,11,category_fallback_implausible_fit,WALL ART BICYCLE SAFETY,General Giftware,215
90195A,-0.1329489634292839,0.0030818704500898,9.005714285714285,2.209760166757205,25,12,fitted,PURPLE GEMSTONE BRACELET,Jewellery & Accessories,46
22794,-0.8057670665425583,0.0188207902275677,7.95,5.578224858328523,59,20,fitted,SWEETHEART WIRE MAGAZINE RACK,General Giftware,215
85196,-2.420036969488266,0.1294534438603363,0.55,93.48799672036998,12,8,fitted,EASTER BUNNIES ON A STICK,Christmas & Seasonal,71
21197,-0.6271402190705248,0.032318618518082,1.6499999999999997,9.03801766467218,32,8,fitted,MULTICOLOUR  CONFETTI IN TUBE,General Giftware,47
90157,-1.6950974262848952,,4.95,2.7,20,6,category_fallback_insufficient_price_variation,RIVIERA NECKLACE,Jewellery & Accessories,25
22904,-1.923580859447508,0.0187053112467806,2.9500000000000006,35.38442054200751,60,33,fitted,CALENDAR PAPER CUT DESIGN,Home Decor,492
20771,-2.859891020267162,0.3842726978106784,2.55,4.408635924432964,67,14,fitted,CHRYSANTHEMUM  JOURNAL,General Giftware,143
21118,-1.1886406829455491,0.5292471341072988,1.25,14.124565982259416,5,3,fitted,SHOPPING BAG DOORSTOP,Bags,7
85039A,-2.291823023016317,0.4104132128094998,1.6416666666666666,7.367395760722256,76,41,fitted,SET/4 RED MINI ROSE CANDLE IN BOWL,Lighting & Candles,260
22133,-3.911651915184067,0.6007823909369476,0.9635714285714284,18.896402100631207,98,53,fitted,PINK LOVE HEART SHAPE CUP,Kitchen & Dining,335
90093,-1.8841124594975407,0.451657171839348,0.85,6.069482497326544,19,5,fitted,CLEAR CRYSTAL STAR PHONE CHARM,General Giftware,25
23067,-1.9101168360975291,0.0227682996737554,4.15,6.640022547834072,31,7,fitted,HANGING ENGRAVED METAL HEART,General Giftware,85
21652,-0.6533564650075159,0.0151470019228718,1.95,27.167470713264155,29,11,fitted,GLASS ETCHED T-LIGHT HOLDER MEDIUM,Lighting & Candles,81
22483,-3.51048557495984,0.2148731418331635,2.9500000000000006,13.264104681697116,91,32,fitted,RED GINGHAM TEDDY BEAR ,General Giftware,362
85006,-2.1102651411390863,0.6099358568368616,2.95,3.2844650995360047,27,4,fitted,SET 4 NURSERY DES ROUND BOXES,General Giftware,36
21868,-3.6060160645507056,0.6892846409778133,1.2849356869184456,81.17937844533935,94,70,fitted,POTTING SHED TEA MUG,Kitchen & Dining,915
22158,-5.525445714355262,0.416671271907057,2.95,47.80161218903856,74,42,fitted,3 HEARTS HANGING DECORATION RUSTIC,Home Decor,781
22176,-1.5652361230859502,0.0477485601264948,2.9500000000000006,8.587220307570714,89,29,fitted,BLUE OWL SOFT TOY,Toys & Games,271
22922,-1.4664539066044695,0.5246889892516076,0.85,39.90322964508713,42,16,fitted,FRIDGE MAGNETS US DINER ASSORTED,General Giftware,116
84341B,-1.7859745057119352,0.3860623282263331,0.6042869073275862,23.995319501130552,38,22,fitted,SMALL PINK MAGIC CHRISTMAS TREE,Christmas & Seasonal,137
21063,-2.734616938251801,0.154088070165189,0.85,11.25590903806892,91,27,fitted,PARTY INVITES JAZZ HEARTS,General Giftware,239
23323,-5.7842797425947055,0.1487465957923396,2.130757575757576,42.26186900048479,25,18,fitted,WHITE WICKER STAR ,General Giftware,302
21760,-2.314681272087272,,125.0,1.4,10,2,category_fallback_insufficient_price_variation,FRENCH STYLE WALL DRESSER,General Giftware,12
22717,-4.19053683009748,0.705126533661824,0.4299282956425813,28.25807372805433,72,24,fitted,CARD DOG AND BALL ,Cards & Stationery,218
22380,-4.929338584369322,0.5209273761779644,2.1655506883604505,34.33679144213589,98,75,fitted,TOY TIDY SPACEBOY  ,Toys & Games,703
84509a,-2.314681272087272,,7.46,2.921052631578948,38,3,category_fallback_insufficient_price_variation,SET OF 4 ENGLISH ROSE PLACEMATS,General Giftware,74
21842,-5.305436507610784,0.4800640557504513,2.55,26.09355317295786,10,7,fitted,PINK HEART CANDY BUTTON CALCULATOR,General Giftware,47
20891,-2.278947917977102,,7.95,2.0,1,1,category_fallback_insufficient_price_variation,LARGE GLASS ROSE SCENTED CANDLE ,Lighting & Candles,1
84856L,-2.266253493367135,0.3872728566509154,6.105789473684212,5.3914638470636485,36,12,fitted,LARGE TAHITI BEACH BAG,Bags,81
90098,-5.268603752904545,0.3557953200056781,2.55,2.367573521584931,28,7,fitted,NECKLACE+BRACELET PINK BUTTERFLY,Jewellery & Accessories,56
16238,-3.790711140676409,0.5845989309264406,0.2303151364764268,25.35277062659652,86,35,fitted,PARTY TIME PENCIL ERASERS,General Giftware,247
82582,-5.384913790305648,0.440322500037668,2.1,56.183572172110914,97,71,fitted,AREA PATROLLED METAL SIGN,Home Decor,830
21691,-0.9825796075593124,0.0220703591741793,3.75,5.604409133443183,35,5,fitted,SILVER VANILLA FLOWER CANDLE POT,Lighting & Candles,83
85017A,-3.114237677208787,,0.8465517241379309,16.333333333333332,45,22,category_fallback_insufficient_price_variation,ENVELOPE 50 ROMANTIC IMAGES,Cards & Stationery,179
35821P,-1.6950974262848952,,2.95,1.0,2,1,category_fallback_insufficient_price_variation,"JEWELLED DECORATION,PINK",Jewellery & Accessories,2
81985A,-2.375411544782531,,2.55,3.2857142857142856,7,1,category_fallback_insufficient_price_variation,"ICON ALARM CLOCK,FUSCHIA  PIN UP",Home Decor,7
90125E,-0.7653792604914982,0.4132661046684693,2.1,1.5506770295380188,12,6,fitted,AMBER BERTIE GLASS BEAD BAG CHARM,Bags,17
20719,-2.4405677367344385,,1.0458743169398903,242.18446601941747,103,102,category_fallback_implausible_fit,WOODLAND CHARLOTTE BAG,Bags,1621
85071C,-1.046153690725499,0.4112355687751523,2.55,2.809732745007939,63,24,fitted,"CHARLIE+LOLA""EXTREMELY BUSY"" SIGN",Home Decor,143
22409,-2.6273084499509904,0.1904228659035196,1.25,9.207764172988428,69,22,fitted,MONEY BOX BISCUITS DESIGN,Home Decor,170
23314,-3.0999400852968964,0.0443140145674378,12.5,15.567741074375473,19,9,fitted,VINTAGE CHRISTMAS TABLECLOTH,Christmas & Seasonal,119
21194,-1.0183808295819037,0.3673809652040374,2.1,4.656739503048088,53,19,fitted,PINK  HONEYCOMB PAPER FAN,General Giftware,99
85230B,-2.841383163863456,0.1393679700832361,0.29,30.35320559515586,46,7,fitted,CINNAMON SCENTED VOTIVE CANDLE,Lighting & Candles,72
23461,-0.6304468420685791,0.0157327202108232,4.292758620689655,18.94928962834917,11,10,fitted,SWEETHEART BIRD HOUSE,Garden & Outdoor,105
22312,-1.123290411195098,0.0804917733231942,3.186666666666667,8.429981345224212,85,38,fitted,OFFICE MUG WARMER POLKADOT,Kitchen & Dining,292
22839,-1.9981139840883888,0.2032905692563716,16.114488372093028,6.903513221671771,60,44,fitted,3 TIER CAKE TIN GREEN AND CREAM,Kitchen & Dining,277
48173C,-6.353813280864952,0.5965770822975704,7.476,12.170055302804386,96,69,fitted,DOORMAT BLACK FLOCK ,General Giftware,509
84402D,-1.9281906349895204,0.9100602114225916,0.85,55.352370828056685,9,6,fitted,PINK DRESS JEWELLERY STAND ,Jewellery & Accessories,13
23297,-2.314681272087272,,1.65,286.8666666666667,15,12,category_fallback_implausible_fit,SET 40 HEART SHAPE PETIT FOUR CASES,General Giftware,163
84968A,-1.9761483179880128,0.2704505127120972,12.75,4.527589600525851,81,22,fitted,SET OF 16 VINTAGE ROSE CUTLERY,Kitchen & Dining,207
82494L,-4.0412261599958885,0.2958528122803424,2.8727660080225825,137.81327338706325,98,94,fitted,WOODEN FRAME ANTIQUE WHITE ,Home Decor,2051
21068,-3.597707633431482,0.4447522432691378,1.316315789473684,16.509959859436297,97,54,fitted,VINTAGE BILLBOARD LOVE/HATE MUG,Kitchen & Dining,400
17011D,-2.314681272087272,,1.375,96.5,2,2,category_fallback_insufficient_price_variation,ORIGAMI ROSE INCENSE+FLOWER,General Giftware,2
23334,-4.4143810044021885,0.7664626399364334,0.6706883190080315,114.80121202676752,18,14,fitted,IVORY WICKER HEART SMALL,General Giftware,134
22888,-1.419438809699952,0.6994503432661687,4.13,1.0237402742935606,20,5,fitted,NUMBER TILE VINTAGE FONT 9 ,General Giftware,23
20782,-0.666888962434925,0.0395344937979167,5.49,3.417575300175271,36,15,fitted,CAMOUFLAGE EAR MUFF HEADPHONES,General Giftware,91
20982,-2.316171872412297,0.0406194084105558,0.85,32.076688128956974,100,47,fitted,12 PENCILS TALL TUBE SKULLS,General Giftware,604
84926A,-1.3338661619277257,0.6451301535511164,1.25,3.988493721922525,35,7,fitted,WAKE UP COCKEREL TILE COASTER,General Giftware,54
85206A,-4.284463933113915,0.2456466649623421,1.65,48.159289512052894,33,24,fitted,CREAM FELT EASTER EGG BASKET,Christmas & Seasonal,326
17129C,-2.4405677367344385,,0.85,1.6666666666666667,9,1,category_fallback_insufficient_price_variation,SKY BLUE COLOUR GLASS GEMS IN BAG,Bags,11
44236,-1.0642888417415892,0.6449219309203484,4.65,1.919471219577405,10,2,fitted,PINK/PURPLE CIRCLE CURTAIN,General Giftware,13
84706A,-2.297567555869002,0.9256029564846212,2.7277777777777774,22.15868759849682,5,4,fitted,ENGLISH ROSE TABLE CLOCK,Home Decor,6
37492B,-2.5705166701322884,0.734836118886529,4.65,1.8255739303174177,27,7,fitted,BLUE YELLOW FLOWER PIGGY BANK,General Giftware,43
85094,-0.8577108445447034,0.3391661585558579,0.83,6.835086692761349,43,26,fitted,CANDY SPOT EGG WARMER RABBIT,General Giftware,110
35001P,-3.114237677208787,,3.49,2.0,1,1,category_fallback_insufficient_price_variation,HAND OPEN SHAPE PINK,Cards & Stationery,2
23005,-0.6759887497919512,0.003221385954972,0.4262599067599068,108.98860365413172,28,23,fitted,TRAVEL CARD WALLET I LOVE LONDON,Cards & Stationery,244
22070,-3.2446969360527342,0.1897963433366678,3.75,12.301653155463534,87,28,fitted,SMALL RED RETROSPOT MUG IN BOX ,Kitchen & Dining,328
90130B,-1.6950974262848952,,2.95,1.8333333333333333,36,8,category_fallback_insufficient_price_variation,TURQ STONE/CRYSTAL EARRINGS,Jewellery & Accessories,51
35816P,-1.7778805147959311,0.7391205303133439,0.8150000000000001,13.377122439626197,8,4,fitted,"ACRYLIC JEWEL ANGEL,PINK",Jewellery & Accessories,9
22795,-1.0404570651447371,0.020699039046318,6.76375786163522,28.961071125067416,48,38,fitted,SWEETHEART RECIPE BOOK STAND,General Giftware,533
23654,-3.114237677208787,,2.49,1.25,4,1,category_fallback_insufficient_price_variation,SET 10 CARD SNOWMAN 16965,Cards & Stationery,4
22150,-6.355684143544803,0.2607634637298429,1.95,47.86463410193777,102,63,fitted,3 STRIPEY MICE FELTCRAFT,General Giftware,990
20770,-3.578304518160479,0.204024902649935,2.535,5.0336095406385,77,38,fitted,ABSTRACT CIRCLE JOURNAL ,General Giftware,209
71050,-2.278947917977102,,0.3499999999999999,7.285714285714286,7,2,category_fallback_insufficient_price_variation,SMALL SINGLE FLAME CANDLE HOLDER,Lighting & Candles,8
22492,-8.63245436540874,0.3195333955470906,0.65,365.7302364163399,83,58,fitted,MINI PAINT SET VINTAGE ,General Giftware,746
84993A,-3.1600655737845806,0.2363447487293961,0.42,14.268942942674409,78,27,fitted,75 GREEN PETIT FOUR CASES,General Giftware,179
85123a,-2.278947917977102,,6.63,12.4375,48,7,category_fallback_implausible_fit,WHITE HANGING HEART T-LIGHT HOLDER,Lighting & Candles,101
21717,-2.46474989399156,0.1116505122903513,2.55,18.29849955340438,43,20,fitted,EASTER TIN BUCKET,Christmas & Seasonal,179
84206A,-3.114237677208787,,0.19,11.285714285714286,7,2,category_fallback_insufficient_price_variation,3 BLACK CATS W HEARTS BLANK CARD,Cards & Stationery,10
90030A,-0.8895429361849879,0.4722009451429562,1.0,10.921724834223784,7,3,fitted,SPOTTED WHITE NATURAL SEED NECKLACE,Jewellery & Accessories,9
90025F,-1.6950974262848952,,3.75,1.0,7,3,category_fallback_insufficient_price_variation,BAROQUE BUTTERFLY EARRINGS CRYSTAL,Jewellery & Accessories,7
22250,-3.7383843749078247,0.5895191512198079,0.9763636363636364,13.442002493511064,80,44,fitted,DECORATION  BUTTERFLY  MAGIC GARDEN,Home Decor,266
85019B,-1.7623849598034258,0.4369991992681163,1.25,16.39975710058167,34,6,fitted,BLOSSOM  IMAGES NOTEBOOK SET,Cards & Stationery,47
21755,-5.778569585760076,0.2641442011515138,6.20066265060241,47.845931935898285,104,95,fitted,LOVE BUILDING BLOCK WORD,General Giftware,1783
20895,-3.114237677208787,,2.95,4.0,4,2,category_fallback_insufficient_price_variation,VINTAGE NOTEBOOK FRENCH LETTER ,Cards & Stationery,4
79062D,-2.582768898406496,,0.29,13.333333333333334,3,1,category_fallback_insufficient_price_variation,"RETRO TIN ASHTRAY,REVOLUTIONARY",Storage & Boxes,3
21520,-3.7675939390909017,0.7434012548637281,0.42,18.24709743614075,59,19,fitted,BOOZE & WOMEN GREETING CARD ,Cards & Stationery,113
22054,-3.3333814695777613,0.4469005984265332,1.876,18.259490073787585,14,12,fitted,MINI CAKE STAND HANGING HEARTS,General Giftware,80
20828,-4.53658947240398,0.4584478809483688,2.6160526315789467,30.97486249416849,101,75,fitted,GLITTER BUTTERFLY CLIPS,General Giftware,638
90205A,-2.314681272087272,,1.67,1.9090909090909087,22,4,category_fallback_insufficient_price_variation,LARGE MINT DIAMANTE HAIRSLIDE,General Giftware,24
84534b,-3.114237677208787,,1.66,1.5,4,1,category_fallback_insufficient_price_variation,FAIRY CAKE NOTEBOOK A5 SIZE,Cards & Stationery,5
35471D,-1.7138267233198377,0.559830390944827,1.346923076923077,7.171269760683792,89,52,fitted,SET OF 3 BIRD LIGHT PINK FEATHER ,Lighting & Candles,368
85232D,-1.068914562258163,0.0465637503231164,4.95,6.205639571051634,82,29,fitted,SET/3 DECOUPAGE STACKING TINS,General Giftware,234
21869,-3.515042523994346,0.5779461310756253,1.25,33.42380542154333,22,11,fitted,POTTING SHED COFFEE MUG,Kitchen & Dining,113
21540,-0.9554339778655908,0.0432951196059393,4.25,5.101477504831021,35,11,fitted,DAIRY MAID CERAMIC BUTTER DISH,General Giftware,88
20994,-2.314681272087272,,0.85,11.75,4,1,category_fallback_insufficient_price_variation,JAZZ HEARTS SPIRAL NOTEPAD,General Giftware,12
90198B,-1.6950974262848952,,4.25,2.9444444444444446,36,7,category_fallback_insufficient_price_variation,VINTAGE ROSE BEAD BRACELET BLACK,Jewellery & Accessories,51
22595,-6.308631460335386,0.4026152393995393,0.8741237113402063,107.31375202155432,73,57,fitted,GINGHAM HEART DECORATION,Home Decor,837
22911,-3.1034333908606886,0.2194474209191512,2.9500000000000006,9.934278772497144,55,19,fitted,PAPER CHAIN KIT LONDON,General Giftware,177
84741C,-1.4867202971469655,0.065365039781293,1.95,4.71264511048462,30,6,fitted,CITRUS GARLAND FELT FLOWERS ,General Giftware,52
23147,-2.314681272087272,,1.45,54.64705882352941,34,12,category_fallback_implausible_fit,SINGLE ANTIQUE ROSE HOOK IVORY,General Giftware,265
23235,-3.059512691001176,0.5049270910612447,2.89,17.46358086954299,25,14,fitted,STORAGE TIN VINTAGE LEAF,Storage & Boxes,108
22377,-3.2507853243646623,0.5070682813366634,2.179615384615385,18.160114255601503,96,67,fitted,BOTTLE BAG RETROSPOT ,Bags,441
21543,-2.314681272087272,,0.9869186046511628,21.0,4,4,category_fallback_implausible_fit,BUTTERFLY WATER TRANSFER TATTOOS ,General Giftware,23
16051,-2.314681272087272,,0.42,36.0,2,1,category_fallback_insufficient_price_variation,TEATIME PENCIL W STAMP ASST,General Giftware,2
21884,-2.088321602476928,0.6778173229574022,0.7942857142857144,7.786765788925125,75,21,fitted,CAKES AND BOWS GIFT  TAPE,General Giftware,165
90141C,-3.8737728648388328,0.2355602638395868,5.4,1.128354667279661,12,3,fitted,TURQ PENDANT TRIPLE SHELL NECKLACE,Jewellery & Accessories,13
21824,-1.597732296942274,0.2772822725833259,1.45,20.12878245555724,41,21,fitted,PAINTED METAL STAR WITH HOLLY BELLS,General Giftware,228
84845D,-2.582768898406496,,1.25,5.125,8,1,category_fallback_insufficient_price_variation,GERANIUM SQUARE HANDY TIN,Storage & Boxes,11
47480,-2.7381921357145607,0.3133328433051584,1.65,15.253117515250285,73,30,fitted,HANGING PHOTO CLIP ROPE LADDER,General Giftware,154
21425,-1.3564413476049395,0.2105418423477019,3.1791851851851853,4.201081027845695,56,21,fitted,SKULLS STORAGE BOX LARGE,Storage & Boxes,94
21881,-2.3336802467550446,0.6986980604862245,0.65,10.830340499638034,59,20,fitted,CUTE CATS TAPE,General Giftware,120
21503,-2.314681272087272,,0.42,37.23255813953488,43,1,category_fallback_insufficient_price_variation,TOYBOX  WRAP ,General Giftware,63
22867,-5.13565383490088,0.2963628435795081,2.1232891832229583,178.28918689513944,39,32,fitted,HAND WARMER BIRD DESIGN,Home Decor,1211
84664,-2.0533511102062985,,4.95,11.352941176470589,17,3,category_fallback_insufficient_price_variation,CHERRY BLOSSOM BATHROOM CABINET,Bath & Body,51
22271,-3.885762339480369,0.2070968091606462,2.9500000000000006,35.54450766922358,99,58,fitted,FELTCRAFT DOLL ROSIE,Toys & Games,826
84519B,-1.0361490638796365,0.2239417183466802,2.95,4.474147694861897,87,31,fitted,CARROT CHARLIE+LOLA COASTER SET,General Giftware,215
22270,-1.1266989406639758,0.0225674385361438,3.75,6.004809068413791,57,14,fitted,HAPPY EASTER HANGING DECORATION,Christmas & Seasonal,165
20984,-2.546258737094108,0.6339252158155253,0.85,7.7948767588201,73,18,fitted,12 PENCILS TALL TUBE POSY,General Giftware,258
84905,-1.732385826095349,0.4654043975579321,5.005,3.40110685985614,43,10,fitted,PINK BUTTERFLY CUSHION COVER ,Home Decor,104
21928,-4.0016559908818765,0.2524504813221061,1.95,190.5123475227944,102,101,fitted,JUMBO BAG SCANDINAVIAN PAISLEY,Bags,1584
84659A,-2.582307820826368,0.0583331564032257,2.529230769230769,5.478076101054024,70,25,fitted,WHITE TRAVEL ALARM CLOCK,Home Decor,230
22603,-5.421019366132263,0.6184433399880597,0.8773505001064057,65.48160841859149,48,35,fitted,CHRISTMAS RETROSPOT TREE WOOD,Christmas & Seasonal,416
20761,-1.847579166044649,0.2151048465243826,3.75,3.514100854629432,72,15,fitted,BLUE PAISLEY SKETCHBOOK,General Giftware,155
22532,-4.563460795769921,0.2255282510157956,0.42,16.221276033282717,67,19,fitted,MAGIC DRAWING SLATE LEAP FROG ,General Giftware,186
23237,-2.314681272087272,,4.15,39.03703703703704,27,12,category_fallback_implausible_fit,SET OF 4 KNICK KNACK TINS LEAF,General Giftware,178
21064,-2.135590277250929,0.2780397299499306,5.95,4.419923743469258,60,28,fitted,BOOM BOX SPEAKER BOYS,Storage & Boxes,185
21632,-1.878132154997208,0.4780946294640645,12.75,2.112348650988175,28,8,fitted,VINTAGE PINK DECORATIVE PARASOL,General Giftware,55
21662,-1.055046702845272,0.0798493397882574,5.95,3.631459922095035,55,16,fitted,VINTAGE GLASS COFFEE CADDY,Bottles & Glassware,110
23439,-6.834105954532365,0.0773484831514966,2.1000000000000005,159.60888567570225,16,15,fitted,HAND WARMER RED LOVE HEART,General Giftware,423
35051B,-2.55654479163404,,0.42,7.0,2,1,category_fallback_insufficient_price_variation,PINK BEADED CONE CHRISTMAS,Christmas & Seasonal,2
84595B,-4.002380710258563,0.906820729885292,3.75,1.360790000174378,14,2,fitted,LARGE TRIFLE DESIGN L BLUE BOWL,Kitchen & Dining,16
84653,-2.314681272087272,,45.95,1.8571428571428568,7,4,category_fallback_implausible_fit,GREEN ROSE QUILT ,General Giftware,11
20672,-2.067632048282964,0.2623666605471619,1.4385714285714286,10.1803451103421,11,8,fitted,PINK TEATIME PRINT BOWL,Kitchen & Dining,36
35840,-0.055183840993068,0.0007293748785129,2.3841935483870964,4.393420606458046,4,4,fitted,FLAT GLASS  BAUBLE WHITE FLOCK ,Bottles & Glassware,11
22645,-1.473777842109477,0.2027642020349697,1.8784367245657567,47.05952416485648,82,77,fitted,CERAMIC HEART FAIRY CAKE MONEY BANK,General Giftware,785
21635,-1.4507872530585388,0.3302017413562121,3.75,4.100955007573503,30,3,fitted,MADRAS NOTEBOOK LARGE ,Cards & Stationery,44
23226,-5.627533351117801,0.7480011804091934,1.2668923312296805,45.75592363042302,28,17,fitted,FILIGREE HEART DAISY WHITE,General Giftware,99
84997d,-2.45291949563188,,8.29,8.27659574468085,47,7,category_fallback_implausible_fit,CHILDRENS CUTLERY POLKADOT PINK,Kitchen & Dining,85
85114c,-2.314681272087272,,3.29,5.696969696969697,33,5,category_fallback_insufficient_price_variation,RED ENCHANTED FOREST PLACEMAT,General Giftware,43
21552,-2.419812818263699,0.2130499706228662,5.95,6.408100496424903,9,5,fitted,CERAMIC BIRDHOUSE BLACK ROSE  LARGE,Garden & Outdoor,36
72755C,-2.2725074294505214,0.5228555075166202,1.25,61.15622216640322,8,4,fitted,FLOWER FAIRY OIL BURNER SET ROSE,General Giftware,14
21209,-1.1006893041309889,0.4587957112632557,1.6499999999999997,7.743846919201241,69,32,fitted,MULTICOLOUR HONEYCOMB FAN,General Giftware,138
23308,-5.250069578656285,0.2479866424889651,0.557790590181482,152.60453283039882,28,26,fitted,SET OF 60 VINTAGE LEAF CAKE CASES ,General Giftware,394
21373,-1.360981389283885,0.2681322987648523,0.75,15.761250836348395,30,7,fitted,MIRRORED WALL ART SNOWFLAKES,Home Decor,60
22508,-2.9384110189712143,0.1051347317082437,3.948592105263158,21.240027120899043,90,63,fitted,DOORSTOP RETROSPOT HEART,General Giftware,728
84673A,-0.5920565500490473,0.0109057730264221,0.65,3.7478079553818575,47,13,fitted,PINK FLY SWAT,General Giftware,101
23627,-2.55654479163404,,2.49,3.5,2,1,category_fallback_insufficient_price_variation,SET 10 CARDS XMAS GRAPHIC  17218,Christmas & Seasonal,2
22106,-2.035800642574669,0.3476836793734219,5.308333333333334,3.5258269817290064,50,13,fitted,MIRROR MOSAIC HURRICANE LAMP ,Lighting & Candles,82
90149,-1.6950974262848952,,7.5,1.75,8,2,category_fallback_insufficient_price_variation,SILVER FLOWR PINK SHELL NECKLACE,Jewellery & Accessories,8
22443,-2.0388806479720265,0.0652717086560559,7.95,6.730070751663266,66,19,fitted,GROW YOUR OWN HERBS SET OF 3,General Giftware,281
90134,-1.6950974262848952,,2.9599999999999995,2.1166666666666667,60,8,category_fallback_insufficient_price_variation,OLD ROSE COMBO BEAD NECKLACE,Jewellery & Accessories,97
90211B,-1.6950974262848952,,5.942500000000001,1.95,20,8,category_fallback_insufficient_price_variation,JET BLACK LAS VEGAS NECKLACE 45CM,Jewellery & Accessories,28
17012F,-2.1910994911262107,0.5542917212579901,2.46,2.013051040282643,48,16,fitted,ORIGAMI SANDLEWOOD INCENSE/CAND SET,General Giftware,110
15056p,-2.314681272087272,,12.46,1.7241379310344829,29,3,category_fallback_insufficient_price_variation,EDWARDIAN PARASOL PINK,General Giftware,41
90036D,-2.2316348529077747,,7.95,2.7142857142857144,14,2,category_fallback_insufficient_price_variation,"FLOWER GLASS GARLAND NECKL.36""BLACK",Bottles & Glassware,16
20836,-0.078348481996548,0.0042420114997615,0.83,10.536707961613834,19,4,fitted,FRENCH PAISLEY CUSHION COVER,Home Decor,22
85027L,-1.4801696290146713,0.797911022366457,7.95,1.7152931294250269,25,5,fitted,FRENCH CHATEAU LARGE PLATTER ,General Giftware,41
85049G,-5.004827762026266,0.1403869297938783,1.25,27.81480083711521,91,38,fitted,CHOCOLATE BOX RIBBONS ,Cards & Stationery,540
37438,-2.314681272087272,,3.75,2.0,1,1,category_fallback_insufficient_price_variation,FUNKY FLOWER COFFEE POT,General Giftware,2
84251G,-1.5598542854470534,0.6429240828990481,0.2842857142857143,8.08592388932235,47,20,fitted,"GREETING CARD, OVERCROWDED POOL.",Cards & Stationery,92
35937,-2.55654479163404,,0.38,18.8,10,3,category_fallback_insufficient_price_variation,CERISE+GOLD CHRISTMAS STOCKING DEC,Christmas & Seasonal,17
20837,-0.3811147833224973,0.29269130187392,0.83,12.25627400801518,14,3,fitted,FRENCH FLORAL CUSHION COVER ,Home Decor,18
79191B,-1.078621679497219,0.0509220982105057,0.85,5.32261433126562,45,12,fitted,RETRO PLASTIC POLKA TRAY,General Giftware,71
35160,-2.314681272087272,,0.85,62.285714285714285,35,11,category_fallback_implausible_fit,BUDDHA INCENSE HOLDER ASSORTED,General Giftware,56
21133,-2.55654479163404,,1.69,26.4375,16,2,category_fallback_insufficient_price_variation,PAINTED BIRD ASSORTED CHRISTMAS,Christmas & Seasonal,43
84965A,-2.314681272087272,,30.0,2.5,2,1,category_fallback_insufficient_price_variation,PINK KASHMIRI COFFEE TABLE ,General Giftware,2
23120,-5.227405824743742,0.2832965357309485,0.42,37.02986766919967,25,12,fitted,PACK OF 6 SMALL FRUIT STRAWS,General Giftware,111
21613,-2.26098536845763,0.0697238438951443,2.95,6.097617935403043,71,13,fitted,S/12 VANILLA  BOTANICAL T-LIGHTS,Lighting & Candles,148
22956,-2.419496373886468,0.107524342289874,2.1,19.3150762040566,55,26,fitted,36 FOIL HEART CAKE CASES,General Giftware,295
16016,-9.825849600096564,0.147571528859662,0.85,14.198390721599504,69,8,fitted,LARGE CHINESE STYLE SCISSOR,General Giftware,110
90135,-1.6950974262848952,,4.98,2.0,1,1,category_fallback_insufficient_price_variation,ORANGE/WHT/FUSCHIA STONES NECKLACE,Jewellery & Accessories,1
21420,-1.5278550376237214,0.3194781867448624,3.25,2.3351462902329527,27,4,fitted,OYSTER TRINKET BOX,Storage & Boxes,33
23392,-2.314681272087272,,2.2636229946524065,33.92857142857143,14,14,category_fallback_implausible_fit,SPACEBOY ROCKET LOLLY MAKERS,General Giftware,116
47585A,-1.872879091677082,0.5840793536018596,3.75,7.102630761012995,65,19,fitted,PINK FAIRY CAKE CUSHION COVER,Home Decor,150
21903,-3.4067513412163897,0.1903798781954312,2.1000000000000005,19.39970629719313,100,54,fitted,MAN FLU METAL SIGN,Home Decor,429
23116,-2.2366473473461657,,4.95,3.8181818181818175,11,3,category_fallback_implausible_fit,VEGETABLE GARDEN CHOPPING BOARD,Garden & Outdoor,22
23628,-2.314681272087272,,2.91,1.0,1,1,category_fallback_insufficient_price_variation,SET 10 CARDS TRIANGLE ICONS  17220,General Giftware,1
85042,-2.278947917977102,,4.683064312736445,58.391304347826086,46,29,category_fallback_implausible_fit,ANTIQUE LILY FAIRY LIGHTS,Lighting & Candles,297
22987,-2.375411544782531,,0.42,22.90909090909091,11,1,category_fallback_insufficient_price_variation,"WRAP , SUMMER ROSE DESIGN",Home Decor,11
21661,-1.2938281078866265,0.0691770032627665,5.95,4.034971668002776,44,15,fitted,VINTAGE GLASS TEA CADDY,Bottles & Glassware,100
21945,-2.9024672577679462,0.5175361119656502,0.9657142857142856,12.349238144292428,73,39,fitted,STRAWBERRIES  DESIGN FLANNEL ,Home Decor,254
90185D,-1.6950974262848952,,4.2492857142857146,3.227272727272727,22,8,category_fallback_insufficient_price_variation,CRYSTAL DIAMANTE EXPANDABLE RING,Jewellery & Accessories,36
23228,-3.9719902124388535,0.7686960555395279,1.343076923076923,50.4029826500438,28,23,fitted,FILIGREE HEART BIRD WHITE ,General Giftware,126
75013B,-0.7912945387224628,0.037944115131746,1.65,6.789377403771147,39,14,fitted,"STRING OF 8 BUTTERFLIES,PINK",Jewellery & Accessories,82
22195,-3.476506955482558,0.3119557436939837,1.7757692307692303,39.016247770394855,102,86,fitted,LARGE HEART MEASURING SPOONS,Jewellery & Accessories,857
23080,-0.3687259670524356,0.0007385165942492,8.25,20.684223732211866,31,15,fitted,RED METAL BOX TOP SECRET,Storage & Boxes,264
22488,-2.9558524193828117,0.1626068503546286,1.6891874145006838,64.78084161546849,92,82,fitted,NATURAL SLATE RECTANGLE CHALKBOARD,General Giftware,824
90024E,-1.6950974262848952,,8.5,1.75,8,2,category_fallback_insufficient_price_variation,NEW BAROQUE B'FLY NECKLACE MONTANA,Jewellery & Accessories,9
22917,-1.9558986818123152,0.087021117314983,0.6655555555555557,23.52956999557992,53,29,fitted,HERB MARKER ROSEMARY,General Giftware,272
84836,-2.375411544782531,,1.2547286527514232,194.60576923076923,104,74,category_fallback_implausible_fit,ZINC METAL HEART DECORATION,Home Decor,1489
21476,-2.314681272087272,,14.95,3.317073170731707,41,5,category_fallback_implausible_fit,STEEL SWEETHEART ROUND TABLE CREAM,General Giftware,85
84596f,-2.45291949563188,,2.46,1.5833333333333333,12,2,category_fallback_insufficient_price_variation,SMALL MARSHMALLOWS PINK BOWL,Kitchen & Dining,14
84687,-1.7585819511726906,0.5114899297275379,5.95,2.88021727311106,47,17,fitted,BEACH HUT SHELF W 3 DRAWERS,General Giftware,74
21480,-5.866060896801141,0.989451483578081,3.190560995184591,84.57723411507098,4,4,fitted,PINK STRIPE HOT WATER BOTTLE,Bottles & Glassware,59
23025,-2.2316348529077747,,2.08,17.5,20,5,category_fallback_implausible_fit,DRAWER KNOB VINTAGE GLASS BALL,Bottles & Glassware,54
21720,-3.9171754418267226,0.4498112697920556,0.8500000000000001,19.77710920528612,45,22,fitted,CAKE SHOP  STICKER SHEET,Cards & Stationery,113
84661b,-2.375411544782531,,4.96,1.0,1,1,category_fallback_insufficient_price_variation,BLACK SQUARE TABLE CLOCK,Home Decor,1
23138,-3.3547268293581043,0.4444429947715889,1.45,15.909428029634364,34,9,fitted,SINGLE WIRE HOOK IVORY HEART,General Giftware,87
21284,-2.277716055020066,0.632337095787744,1.7234000000000005,9.492376272178046,62,28,fitted,RETROSPOT CANDLE  SMALL,Lighting & Candles,143
84920,-1.3116723429636896,0.204784786187876,3.75,3.62050626571676,50,15,fitted,PINK FLOWER FABRIC PONY,General Giftware,91
22495,-1.6954137502264863,0.1073054660426562,2.9500000000000006,7.832389708825296,74,27,fitted,SET OF 2 ROUND TINS CAMEMBERT ,General Giftware,244
22558,-3.5403872373031997,0.1997415002595972,1.5202702702702702,127.474923208319,71,67,fitted,CLOTHES PEGS RETROSPOT PACK 24 ,General Giftware,1254
84679,-2.278947917977102,,5.95,4.0,2,1,category_fallback_insufficient_price_variation,CLASSICAL ROSE TABLE LAMP,Lighting & Candles,2
20786,-5.854664564749621,0.1271968406771575,34.0,4.4358411482611215,17,8,fitted,BLACK RETRO BAR STOOL,General Giftware,31
22771,-3.062195914977306,0.2415797742930709,1.3377265372168283,113.13130401431486,60,55,fitted,CLEAR DRAWER KNOB ACRYLIC EDWARDIAN,General Giftware,532
90214O,-1.6950974262848952,,1.25,1.5625,16,3,category_fallback_implausible_fit,"LETTER ""O"" BLING KEY RING",Jewellery & Accessories,18
47593b,-2.314681272087272,,0.83,6.0,1,1,category_fallback_insufficient_price_variation,SCOTTIE DOGS BABY BIB,General Giftware,1
23002,-4.826864738247134,0.2116047786897487,0.427008547008547,36.91298362307002,43,29,fitted,TRAVEL CARD WALLET SKULLS,Cards & Stationery,196
21872,-3.613816275629462,0.4171791153589871,1.25,19.574854092841065,94,41,fitted,GLAMOROUS  MUG,Kitchen & Dining,341
23347,-2.9076423769159545,0.1327505970259993,1.2827027027027027,22.03291006851863,21,13,fitted,I LOVE LONDON BEAKER,General Giftware,97
21470,-2.087977390425201,0.1008344618912145,3.75,8.00670878009443,93,25,fitted,FLOWER VINE RAFFIA FOOD COVER,General Giftware,326
21010,-4.421586540124893,0.6563861399949136,1.25,44.90800407949391,20,6,fitted,ETCHED GLASS BIRD TREE DECORATION,Home Decor,86
85080,-0.9105716295592826,0.0836722603249587,0.42,7.248158769734749,11,4,fitted,PADDED RED HEART DECORATION,Home Decor,23
47503H,-0.3755302529421588,0.0575341031825763,1.95,2.395843293461663,39,9,fitted,ASS FLORAL PRINT SPIRIT LEVEL ,General Giftware,67
85184C,-3.260263108635716,0.5022842163576778,2.9500000000000006,9.418465924744153,91,43,fitted,S/4 VALENTINE DECOUPAGE HEART BOX,Storage & Boxes,357
47590A,-6.554377825869011,0.4916910747756273,5.45,32.26431097115417,88,53,fitted,BLUE HAPPY BIRTHDAY BUNTING,General Giftware,697
21481,-2.639481258461064,0.1008196116562831,3.1067730496453905,35.26838228987786,100,78,fitted,FAWN BLUE HOT WATER BOTTLE,Bottles & Glassware,1132
22505,-4.4435580780010975,0.3582382600116384,4.95,29.79227138890007,91,63,fitted,MEMO BOARD COTTAGE DESIGN,Home Decor,773
22210,-1.9187182528405424,0.3188982252674485,1.6499999999999997,7.744406213644801,80,26,fitted,WOOD STAMP SET BEST WISHES,General Giftware,300
22951,-5.650098552794981,0.4121506705235872,0.5554350403034614,114.6786497740446,64,51,fitted,60 CAKE CASES DOLLY GIRL DESIGN,Home Decor,674
22081,-2.9849037517637247,0.3692053292755655,1.7212500000000002,14.734567811474644,95,43,fitted,RIBBON REEL FLORA + FAUNA ,Cards & Stationery,315
79191C,-2.088708101654991,0.0437988686445802,0.85,10.133772971750927,76,13,fitted,RETRO PLASTIC ELEPHANT TRAY,General Giftware,161
23296,-6.263568950136562,0.5494369490880363,1.269412048969072,158.02796018405203,22,22,fitted,SET OF 6 TEA TIME BAKING CASES,Kitchen & Dining,383
22280,-1.6570250780065667,0.2622803920111365,1.653333333333333,6.391826658295625,67,20,fitted,POCKET BAG PINK PAISELY BROWN SPOT,Bags,166
22935,-2.905724918222802,0.2301132686418807,3.25,9.32119102808397,35,14,fitted,BAKING MOULD ROSE MILK CHOCOLATE,Kitchen & Dining,68
22062,-1.0373265716481692,0.2552215604050496,2.95,3.48813181317767,66,22,fitted,CERAMIC BOWL WITH LOVE HEART DESIGN,Kitchen & Dining,137
22858,-1.4782520148133187,0.0311350040316256,1.65,34.994663738802814,22,14,fitted,EASTER TIN KEEPSAKE,Christmas & Seasonal,141
22031,-3.697743621325525,0.7818004665119634,0.42,19.77754774251711,67,15,fitted,BOTANICAL LAVENDER BIRTHDAY CARD,Cards & Stationery,141
23541,-4.084526343115312,0.3771795013844339,8.196176470588236,52.99225411961432,11,11,fitted,WALL ART CLASSIC PUDDINGS ,General Giftware,152
85035C,-2.383325019441196,0.5444527886334587,4.25,3.9260259708161023,64,20,fitted,ROSE 3 WICK MORRIS BOX CANDLE,Lighting & Candles,212
72796A,-2.278947917977102,,1.65,2.2,5,1,category_fallback_insufficient_price_variation,S/3 ENGLISH LAVENDER SQU CANDLE,Lighting & Candles,6
23047,-2.278947917977102,,5.75,3.0526315789473686,19,1,category_fallback_insufficient_price_variation,PAPER LANTERN 5 POINT SEQUIN STAR,Lighting & Candles,26
35910B,-1.7742368319130557,0.3870992338674029,1.95,4.300259349476695,7,3,fitted,PINK FLOWERS RABBIT EASTER,Christmas & Seasonal,8
23073,-2.582768898406496,,12.5,5.76,25,5,category_fallback_implausible_fit,GEORGIAN TRINKET BOX,Storage & Boxes,62
23035,-4.414123647282336,0.2668848013283129,1.4500000000000002,79.3969339587357,26,18,fitted,DRAWER KNOB CERAMIC IVORY,General Giftware,195
18098C,-2.429000226482214,0.1693882211473957,2.9500000000000006,11.396716014058956,64,32,fitted,PORCELAIN BUTTERFLY OIL BURNER,General Giftware,258
90120C,-1.6950974262848952,,4.243333333333334,2.775,40,9,category_fallback_insufficient_price_variation,GREEN MURANO TWIST BRACELET,Jewellery & Accessories,60
22853,-1.6035606923753956,0.0610404528154988,3.25,8.57368841999827,54,18,fitted,CAT BOWL VINTAGE CREAM,Kitchen & Dining,147
20845,-0.7777787905770666,0.0161861915481831,6.35,2.5058095564829714,18,5,fitted,ZINC HEART LATTICE 2 WALL PLANTER,General Giftware,24
84609,-1.8684726518004708,0.6032857239407764,8.5,4.882680756123087,31,7,fitted,TALL ROCOCO CANDLE HOLDER,Lighting & Candles,38
20718,-1.625202769229548,0.1452278019634147,1.2949074074074074,108.9814436144425,104,100,fitted,RED RETROSPOT SHOPPER BAG,Bags,1233
84686,-1.658327081377177,0.5308582114761671,5.797333333333333,2.525412856241752,38,13,fitted,BEACH HUT MIRROR,Home Decor,76
21009,-4.037134878183536,0.3677471957079017,1.2773096976016682,26.70291215154602,24,10,fitted,ETCHED GLASS STAR TREE DECORATION,Home Decor,107
20704,-1.6535572878603668,0.6238868525981268,6.95,2.655321739704611,47,13,fitted,MR ROBOT SOFT TOY,Toys & Games,80
21843,-5.402093816761937,0.3397105401166224,11.14222222222222,44.848064210775576,104,91,fitted,RED RETROSPOT CAKE STAND,General Giftware,1556
22697,-3.1571691022095214,0.3985398924108621,3.1093220338983056,138.39217455976785,69,69,fitted,GREEN REGENCY TEACUP AND SAUCER,Kitchen & Dining,1425
22430,-2.9252415129881757,0.2374520930879952,4.95,12.19530122757996,81,36,fitted,ENAMEL WATERING CAN CREAM,Jewellery & Accessories,371
22327,-2.176084586581708,0.35360082338964,3.2225925925925933,27.418213999043,99,83,fitted,ROUND SNACK BOXES SET OF 4 SKULLS,General Giftware,687
84914A,-2.314681272087272,,25.95,1.2,5,1,category_fallback_insufficient_price_variation,PINK ROSE PICNIC RUG,General Giftware,5
20658,-2.1172387097324705,0.2424345043524518,1.3793157894736845,15.514614943600115,86,50,fitted,RED SPOTTY LUGGAGE TAG,General Giftware,376
84247N,-0.1283790305577163,0.0046242955375135,2.95,1.8527522031309125,38,6,fitted,PACK/12 BLUE FOLKART CARDS,General Giftware,55
85089,-1.557898559084963,0.2588187577628139,2.9500000000000006,4.7556413939007545,19,6,fitted,CANDY SPOT BUNNY,General Giftware,31
21384,-2.375411544782531,,0.8654123649459782,79.31818181818181,22,18,category_fallback_implausible_fit,IVORY HANGING DECORATION  BUTTERFLY,Home Decor,151
21693,-3.0124134497764032,0.426609458541603,2.9500000000000006,12.01691174866668,67,12,fitted,SMALL HAMMERED SILVER CANDLEPOT ,Lighting & Candles,132
21639,-1.6950974262848952,,0.85,86.33333333333333,3,2,category_fallback_insufficient_price_variation,ASSORTED TUTTI FRUTTI KEYRING,Jewellery & Accessories,15
22742,-1.8245660799215828,0.1764724089267429,2.9500000000000006,8.939865238749704,59,15,fitted,MAKE YOUR OWN PLAYTIME CARD KIT,Cards & Stationery,189
82483,-2.9318333858181616,0.1460030867743817,5.950000000000001,44.40979655460573,95,81,fitted,WOOD 2 DRAWER CABINET WHITE FINISH,General Giftware,1187
90024D,-1.6950974262848952,,8.5,1.181818181818182,11,1,category_fallback_insufficient_price_variation,NEW BAROQUE B'FLY NECKLACE PINK,Jewellery & Accessories,11
23060,-2.164838850567536,0.2206939073004125,2.08,9.1038649471406,22,3,fitted,HEART BEADED TRELLIS DECORATION,Home Decor,44
47586A,-3.4485421793974584,0.7580579358013899,2.55,2.2164159622695587,22,3,fitted,PINK FAIRY CAKE CUSHION COVER,Home Decor,31
85017B,-2.013398887948741,0.1804173115122963,0.83,8.86288000598389,89,39,fitted,ENVELOPE 50 BLOSSOM IMAGES,Cards & Stationery,326
21524,-3.784636795564994,0.3656119360035379,7.594420731707316,34.688252213446155,104,102,fitted,DOORMAT SPOTTY HOME SWEET HOME,General Giftware,1178
21545,-3.2415477085930986,0.4298867046997401,2.9500000000000006,9.422988437687152,30,17,fitted,CERAMIC BIRDHOUSE BUTTERFLY SMALL,Garden & Outdoor,83
22773,-3.4354386019025958,0.2663728485249934,1.318555114200596,36.36031495749766,56,34,fitted,GREEN DRAWER KNOB ACRYLIC EDWARDIAN,General Giftware,240
79331,-0.994265115284917,0.3343675929500571,1.6499999999999997,4.64501141975166,8,3,fitted,PINK FLOCK GLASS CANDLEHOLDER,Lighting & Candles,9
90126B,-2.314681272087272,,3.36,1.0,1,1,category_fallback_insufficient_price_variation,BLUE BERTIE MOBILE PHONE CHARM,General Giftware,1
84919,-0.6169639701083246,0.0172365387332008,6.95,2.442570983528556,31,5,fitted,BLUE CUSHION COVER WITH FLOWER,Home Decor,41
22472,-2.463628219862689,0.219581192410448,4.95,8.720873700526948,73,31,fitted,TV DINNER TRAY DOLLY GIRL,General Giftware,261
85126,-0.4635108778708212,0.0115937739319483,6.75,3.723859894336451,29,3,fitted,LARGE ROUND CUTGLASS CANDLESTICK,Lighting & Candles,36
82069,-2.375411544782531,,5.91,1.7,10,2,category_fallback_implausible_fit,BEECH WOOD P/FRAME,Home Decor,11
23200,-5.98340980480957,0.4793509967922899,2.08,174.14767130776778,32,31,fitted,JUMBO BAG PEARS,Bags,595
90071,-1.6950974262848952,,1.26,1.84,50,6,category_fallback_insufficient_price_variation,RUBY GLASS CLUSTER EARRINGS,Jewellery & Accessories,76
22981,-1.86509305736884,0.1618371544934649,1.5549999999999995,6.983065588868507,35,15,fitted,PANTRY APPLE CORER,General Giftware,108
22478,-3.0003183330022103,0.3083766490951997,1.334,20.300518168739814,87,39,fitted,BIRDHOUSE GARDEN MARKER ,Garden & Outdoor,321
47562,-2.314681272087272,,3.75,6.5,16,1,category_fallback_insufficient_price_variation,ENGLISH ROSE IRONING BOARD COVER,General Giftware,42
79149B,-2.314681272087272,,0.42,2.6666666666666665,12,2,category_fallback_insufficient_price_variation,SILICON STAR BULB  BLUE,General Giftware,14
21973,-2.288482565659506,0.0839183368187808,1.45,10.583288238930132,75,29,fitted,SET OF 36 MUSHROOM PAPER DOILIES,General Giftware,211
90081C,-1.6950974262848952,,4.98,1.7586206896551724,29,7,category_fallback_insufficient_price_variation,LILY BROOCH OLIVE COLOUR,Jewellery & Accessories,37
37501,-2.582768898406496,,6.95,7.0,70,18,category_fallback_implausible_fit,TEA TIME TEA SET IN GIFT BOX,Storage & Boxes,183
20661,-0.9459914719878928,0.087408643523047,2.774,3.742679292402809,57,18,fitted,BLUE SPOTTY PURSE ,General Giftware,124
23154,-3.5963939632214905,0.0893109912960443,2.08,53.583419610716376,38,20,fitted,SET OF 4 JAM JAR MAGNETS,Bottles & Glassware,248
20887,-2.278947917977102,,5.924285714285714,6.0,3,3,category_fallback_implausible_fit,BOX OF 6 PEBBLE CANDLES,Lighting & Candles,8
23548,-2.314681272087272,,0.42,59.72222222222222,18,1,category_fallback_insufficient_price_variation,WRAP MAGIC FOREST ,General Giftware,43
20666,-1.6126629725113228,0.6287736022991564,2.53,2.63149873627635,28,10,fitted,ECONOMY HOLIDAY PURSE,General Giftware,45
21539,-2.5755590753252204,0.1770530060930567,4.950000000000001,23.18299369604586,99,69,fitted,RED RETROSPOT BUTTER DISH,General Giftware,745
90201A,-1.6950974262848952,,2.9500000000000006,3.0232558139534884,43,6,category_fallback_insufficient_price_variation,PURPLE ENAMEL FLOWER RING,Jewellery & Accessories,54
21845,-1.2131162307751695,0.4051418417591704,2.95,9.165740867191664,78,14,fitted,DAIRY MAID STRIPE MUG,Kitchen & Dining,160
23102,-3.243512260593689,0.4397226649999409,0.83,43.48788817841691,27,18,fitted,SILVER HEARTS TABLE DECORATION,Home Decor,162
23114,-0.5522973794237067,0.0106170510632966,4.950000000000001,9.22304575411986,11,5,fitted,VINTAGE LEAF CHOPPING BOARD  ,General Giftware,44
84815,-1.947224741867423,0.4484048231669446,4.695444444444444,4.884676038410605,24,10,fitted,SET OF 3 DANISH ROSE PLANTERS,General Giftware,56
23291,-2.062127601684114,0.1312444210358859,1.2881693989071037,48.915017952269054,26,20,fitted,DOLLY GIRL CHILDRENS CUP,Kitchen & Dining,197
85116,-0.9943886335251136,0.0730471323713209,1.6599999999999997,8.584462691065601,75,34,fitted,BLACK CANDELABRA T-LIGHT HOLDER,Lighting & Candles,196
22892,-4.989662527968313,0.0716800962000929,1.25,44.81630213962693,57,12,fitted,SET OF SALT AND PEPPER TOADSTOOLS,General Giftware,299
84508C,-1.0181800877704807,0.1046283016070884,2.55,2.324353306616857,38,4,fitted,BLUE CIRCLES DESIGN TEDDY,Home Decor,46
22934,-4.76721041260573,0.2899442468009051,2.95,12.131862296866762,25,11,fitted,BAKING MOULD EASTER EGG WHITE CHOC,Christmas & Seasonal,77
35833G,-0.5550703758315163,0.0662553634805834,1.25,6.501728295302091,16,6,fitted,4 GOLD FLOCK CHRISTMAS BALLS,Christmas & Seasonal,35
22660,-3.0242692156338884,0.3989038527681698,8.056428571428572,6.6196615066160245,66,39,fitted,DOORMAT I LOVE LONDON,General Giftware,201
21439,-3.1480536253434472,0.2381306991561401,1.25,14.915924667390586,86,31,fitted,BASKET OF TOADSTOOLS,Storage & Boxes,248
21386,-0.8563786768050291,0.3037146643841554,0.85,12.266423537186103,47,14,fitted,IVORY HANGING DECORATION  EGG,Home Decor,112
23090,-5.737000020206782,0.635107974060625,0.83,68.36056793719636,28,18,fitted,VINTAGE GLASS T-LIGHT HOLDER,Lighting & Candles,153
22854,-5.042953411867253,0.3047581638618645,4.95,20.07045454727408,46,26,fitted,CREAM SWEETHEART EGG HOLDER,General Giftware,252
84081,-2.622736025925048,0.3133425441482435,4.25,4.072903181919411,12,6,fitted,WHITE CERAMIC PARTY SET (5PCS),General Giftware,20
23533,-1.8039023827784733,0.4442218746840858,6.275500000000001,7.103618370435723,10,8,fitted,WALL ART GARDEN HAVEN ,Garden & Outdoor,36
21509,-5.6415241324181,0.6167519495882297,0.42,70.9938975900355,103,71,fitted,COWBOYS AND INDIANS BIRTHDAY CARD ,Cards & Stationery,631
22872,-1.4322762758575391,0.24500342063446,2.192222222222222,3.3650887690832048,28,6,fitted,NUMBER TILE COTTAGE GARDEN 4,Garden & Outdoor,39
47566,-2.457680919032472,0.1600768905027664,5.262846153846154,179.30966634235983,103,99,fitted,PARTY BUNTING,General Giftware,2737
21773,-2.7368448715860296,0.6455697182553775,2.056666666666666,4.611451892398765,97,45,fitted,DECORATIVE ROSE BATHROOM BOTTLE,Bath & Body,319
22622,-4.815972145730249,0.2437894505095545,10.143548387096772,23.5653504346238,83,55,fitted,BOX OF VINTAGE ALPHABET BLOCKS,Storage & Boxes,597
23089,-3.3893763928428373,0.346308742800125,1.8686666666666665,51.36821340022564,31,29,fitted,GLASS BON BON JAR,Bottles & Glassware,229
21811,-2.9792986314866146,0.5856829257769194,1.25,20.16106671547824,77,35,fitted,HANGING HEART WITH BELL,General Giftware,424
84929,-0.8129203989687068,0.2032678505286583,0.55,22.98984667169853,57,7,fitted,ASSTD FRUIT+FLOWERS FRIDGE MAGNETS,General Giftware,94
44091C,-0.589808544468278,0.0381887589641618,0.42,2.954098085593044,14,4,fitted,MULTICOLOUR CRUSOE CHECK LAMPSHADE,Lighting & Candles,17
72128,-2.7897014523928134,0.3310449950518113,0.85,4.431528427146988,57,12,fitted,COLUMBIAN CANDLE ROUND,Lighting & Candles,97
90011D,-1.6950974262848952,,2.93,1.0,4,2,category_fallback_insufficient_price_variation,PURPLE CRYSTAL DROP EARRINGS,Jewellery & Accessories,4
23408,-2.375411544782531,,2.08,22.142857142857142,14,1,category_fallback_insufficient_price_variation,PHOTO FRAME LINEN AND LACE SMALL,Home Decor,59
16050,-0.8577650607861345,0.0630485331076927,0.25,15.137000520175455,7,2,fitted,TEATIME PENCIL WITH RUBBER,General Giftware,8
35911A,-0.7289243152210079,0.1214047584159602,0.85,5.947441781675793,44,16,fitted,MULTICOLOUR RABBIT EGG WARMER,General Giftware,97
23057,-2.6296930951709845,0.6059882281347688,4.95,6.559968130003774,23,10,fitted,BEADED CHANDELIER T-LIGHT HOLDER,Lighting & Candles,48
17014A,-1.1080337599088317,0.4240903310180265,1.075,6.174013779336838,14,7,fitted,ORIGAMI VANILLA INCENSE CONES,General Giftware,17
23467,-1.8150765098639243,0.7013017993885176,3.712857142857143,4.6339865750485725,7,6,fitted,VINTAGE ZINC PLANTER  ,General Giftware,11
21633,-1.4443152619300816,0.5372540656761331,12.75,2.3994282279162795,43,12,fitted,SUNFLOWER DECORATIVE PARASOL,General Giftware,73
90128B,-0.1163225671556307,0.0013224389946573,1.25,2.168943542395397,6,2,fitted,BLUE LEAVES AND BEADS PHONE CHARM,General Giftware,8
21154,-1.274004897614729,0.1336431531632921,1.4067441860465115,59.970433465723055,104,88,fitted,RED RETROSPOT OVEN GLOVE ,General Giftware,954
21742,-2.314681272087272,,5.95,5.325301204819277,83,5,category_fallback_implausible_fit,LARGE ROUND WICKER PLATTER ,General Giftware,200
20617,-0.5624466898711826,0.0291905487075571,2.1,3.2256242707477094,66,17,fitted,FIRST CLASS PASSPORT COVER ,General Giftware,106
21159,-1.334462145423941,0.369796438465376,1.45,5.675938447161919,87,31,fitted,MOODY BOY  DOOR HANGER ,General Giftware,253
22044,-1.0946762555550953,0.1580615138053323,0.42,34.757584878969354,27,8,fitted,CHRISTMAS CARD STACK OF PRESENTS,Christmas & Seasonal,92
84625C,-1.348797660302826,0.397320217394381,1.620344827586207,9.995973204575645,41,17,fitted,BLUE NEW BAROQUE CANDLESTICK CANDLE,Lighting & Candles,78
22765,-4.717671773167877,0.4726533302137125,14.95,9.94376857687247,10,9,fitted,NEWSPAPER STAND,General Giftware,57
35004G,-1.9202154437601568,0.5448640115032753,6.35,2.781813092530757,50,15,fitted,SET OF 3 GOLD FLYING DUCKS,General Giftware,78
37410,-1.6508174274254797,0.80119567398039,1.25,62.565533232758526,13,12,fitted,BLACK AND WHITE PAISLEY FLOWER MUG,Kitchen & Dining,33
21972,-3.147301477267688,0.2257411954087537,1.45,8.410834044261549,85,21,fitted,SET OF 36 DINOSAUR PAPER DOILIES,General Giftware,170
22071,-3.0743732529073147,0.2102707829943401,3.75,8.708545615572095,82,17,fitted,SMALL WHITE RETROSPOT MUG IN BOX ,Kitchen & Dining,269
23287,-3.4249738146515933,0.3853013907597743,0.8734023402340233,57.4160619423524,26,24,fitted,RED VINTAGE SPOT BEAKER,General Giftware,202
22900,-4.865848745360776,0.3420660936037158,3.215428571428572,59.61814696176393,63,59,fitted, SET 2 TEA TOWELS I LOVE LONDON ,Bath & Body,803
72815,-1.7635184142451603,0.1248119374405647,3.75,10.35278361090245,20,8,fitted,3 WICK CHRISTMAS BRIAR CANDLE ,Christmas & Seasonal,72
23543,-4.552576468641266,0.5727375282981078,8.097619047619048,32.33450032123443,10,10,fitted,WALL ART KEEP CALM ,General Giftware,106
23250,-2.45291949563188,,1.25,41.65384615384615,26,9,category_fallback_implausible_fit,VINTAGE RED TRIM ENAMEL BOWL ,Kitchen & Dining,109
23283,-4.261690217166263,0.6166810180313929,7.915714285714286,23.45980124923604,27,22,fitted,DOORMAT VINTAGE LEAF,General Giftware,230
21473,-2.314681272087272,,19.95,3.466666666666667,45,3,category_fallback_insufficient_price_variation,SWEETHEART CREAM STEEL TABLE RECT,General Giftware,89
85049E,-3.982558553961563,0.1461284187268987,1.2752249999999998,38.66019989573047,102,59,fitted,SCANDINAVIAN REDS RIBBONS,Cards & Stationery,888
85186B,-2.314681272087272,,0.42,14.0,1,1,category_fallback_insufficient_price_variation,BUNNY BUNCH OF FLOWERS,General Giftware,2
23604,-2.55654479163404,,1.66,2.0,2,1,category_fallback_insufficient_price_variation,SET 10 MINI SANTA & SNOWMAN  17087,Christmas & Seasonal,2
21786,-4.176167579544729,0.573275086376963,0.4744827586206897,40.83356474487607,99,81,fitted,POLKADOT RAIN HAT ,General Giftware,493
21648,-3.148546406639509,0.3519569186294405,1.3004,27.684559108492824,77,32,fitted,ASSORTED TUTTI FRUTTI SMALL PURSE,General Giftware,245
82011A,-0.4289085678316758,0.0311932845993117,3.75,1.5842702658849912,29,4,fitted,"BATHROOM SCALES, TROPICAL BEACH",Bath & Body,34
23411,-4.679101567306237,0.3962104857987597,5.401904761904762,9.27568911432948,14,12,fitted, TRELLIS COAT RACK,General Giftware,57
21809,-2.169595645232594,0.4423172631377612,1.25,17.93767395863607,45,29,fitted,CHRISTMAS HANGING TREE WITH BELL,Christmas & Seasonal,225
23502,-2.314681272087272,,1.25,58.333333333333336,12,5,category_fallback_implausible_fit,PLAYING CARDS VINTAGE DOILY ,General Giftware,94
22358,-3.174952545239346,0.5293612631568023,3.2932605042016814,21.26563454022789,100,79,fitted,KINGS CHOICE TEA CADDY ,General Giftware,632
21943,-2.473515879714985,0.4173981241236302,0.9123076923076924,7.231934038241331,65,19,fitted,CAKES AND RABBITS DESIGN FLANNEL ,Home Decor,149
21846,-2.4334644210641088,0.5023519303522508,4.246080586080586,4.4104970416760105,82,40,fitted,PINK DIAMANTE PEN IN GIFT BOX,Cards & Stationery,275
21672,-2.7639880884952546,0.1540707674058566,1.30438202247191,88.23329456816445,101,87,fitted,WHITE SPOT RED CERAMIC DRAWER KNOB,General Giftware,836
22560,-7.556928197980698,0.3106553650590377,1.2142727272727272,113.63380119983351,89,70,fitted,TRADITIONAL MODELLING CLAY,General Giftware,780
21440,-4.641979250006467,0.1659770171564439,1.25,13.155115224935198,30,7,fitted,12 MINI TOADSTOOL PEGS,General Giftware,103
21870,-3.4173147138780986,0.3989851350146973,1.25,69.86622643237278,77,47,fitted,I CAN ONLY PLEASE ONE PERSON MUG,Kitchen & Dining,669
21032,-1.6997123176792357,0.2324014030962492,1.25,4.20983543603009,33,9,fitted,SPACE CADET WHITE,General Giftware,53
79190D,-2.692155413797099,0.4399685727410937,0.4313888888888889,9.355693166760616,70,20,fitted,RETRO PLASTIC DAISY TRAY,General Giftware,114
79163,-0.9162267171165704,0.5353975925715257,1.6499999999999997,13.37900888971866,41,8,fitted,BLACK CHAMPAGNE GLASS,Bottles & Glassware,66
79413,-2.375411544782531,,1.25,6.0,5,1,category_fallback_insufficient_price_variation,GLASS WINE GLASS DECORATIONS,Home Decor,9
21051,-2.910772007982471,0.2725691774231255,2.1,7.824970664421166,60,15,fitted,RIBBONS PURSE ,Cards & Stationery,132
85016,-1.7773503911850108,0.3796416799406272,2.5165,5.736631059344123,66,31,fitted,SET OF 6 VINTAGE NOTELETS KIT,General Giftware,170
16201A,-2.314681272087272,,1.95,16.666666666666668,6,3,category_fallback_implausible_fit,PASTEL PINK PHOTO ALBUM,General Giftware,8
22546,-3.893308501641558,0.2590673253009611,0.42,26.819355490046032,68,31,fitted,MINI JIGSAW PURDEY,General Giftware,187
37474,-0.6945861565476525,0.0456561293575906,9.95,1.720508603641506,31,7,fitted,SET/4 2 TONE EGG SHAPE MIXING BOWLS,Kitchen & Dining,47
22393,-1.6335191030741558,0.4646676677088115,2.55,6.307631018131072,61,19,fitted,PAPERWEIGHT VINTAGE COLLAGE,General Giftware,125
22845,-1.5943783973056207,0.0830979824495518,6.976444444444445,12.900029221420644,60,48,fitted,VINTAGE CREAM CAT FOOD CONTAINER,General Giftware,409
21814,-2.659773292162825,0.2731484609675787,1.45,11.752042272334672,41,13,fitted,HEART T-LIGHT HOLDER ,Lighting & Candles,104
22053,-2.477753569436888,0.2488771630016231,1.25,8.842679340142796,53,13,fitted,EMPIRE DESIGN ROSETTE,Home Decor,88
72799B,-2.4149898215098458,0.4335907970945299,1.7436281745170392,35.43575432312619,4,4,fitted,PURPLE PILLAR CANDLE BLACK FLOCK,Lighting & Candles,16
90210A,-3.058889134188048,0.3391249171307952,2.95,2.363557574228248,15,7,fitted,GREY ACRYLIC FACETED BANGLE,General Giftware,21
23146,-3.6293324740676582,0.0424521397399147,3.29,19.233878897507907,34,18,fitted,TRIPLE HOOK ANTIQUE IVORY ROSE,General Giftware,234
21507,-6.142339296518001,0.6737384212882567,0.42,69.5304246017744,104,59,fitted,"ELEPHANT, BIRTHDAY CARD, ",Cards & Stationery,585
47348A,-0.480463441312915,0.1364678554409427,0.39,6.311937033051866,12,3,fitted,FUSCHIA VOILE POINTY SHOE DEC,General Giftware,17
84924D,-1.8420272749738376,0.9092594427186804,3.75,1.9630605507417531,14,3,fitted,LA PALMIERA METAL SIGN CALENDAR,Home Decor,15
15039,-2.542503957138029,0.2909059011289048,0.9014285714285716,29.53979145470757,93,57,fitted,SANDALWOOD FAN,General Giftware,312
85184D,-3.132525008260201,0.6505208876976412,2.95,6.5921277096567685,33,14,fitted,S/4 BLUE ROUND DECOUPAGE BOXES,General Giftware,67
22550,-2.216225211403167,0.0741489557859653,3.75,15.244952625403318,87,37,fitted,HOLIDAY FUN LUDO,General Giftware,438
84985B,-2.3073316480536143,0.342005278170445,1.45,9.92712781960937,11,6,fitted,SET OF 72 BLACK PAPER DOILIES ,General Giftware,24
37422,-0.9445851665499676,0.1086421975607386,1.3136363636363635,6.617420900176119,23,11,fitted,WHITE WITH BLACK CATS BOWL,Kitchen & Dining,72
23281,-6.11116774358117,0.4172079506604781,0.83,29.03979099897616,28,16,fitted,FOLDING BUTTERFLY MIRROR RED  ,Home Decor,104
84795A,-1.115334900736335,0.0336606356954845,7.95,6.019012881981495,22,12,fitted,PASTEL STRIPE HAMMOCK ,General Giftware,72
20692,-3.878621662624202,0.3674200887706658,4.25,16.063609446972777,32,21,fitted,FLORAL ELEPHANT SOFT TOY,Toys & Games,144
22037,-5.53717947691558,0.6522406260649853,0.431081081081081,66.29164125513655,94,50,fitted,ROBOT BIRTHDAY CARD,Cards & Stationery,642
20816,-0.8741784664436519,0.3431138828748443,6.75,2.701920077041227,6,2,fitted,GOLD FLOWER CUSHION COVER ,Home Decor,7
23046,-2.278947917977102,,6.65,5.142857142857143,21,2,category_fallback_insufficient_price_variation,PAPER LANTERN 9 POINT DELUXE STAR,Lighting & Candles,34
90082D,-1.6950974262848952,,6.35,3.264705882352941,34,6,category_fallback_insufficient_price_variation,DIAMANTE BOW BROOCH BLACK COLOUR,Jewellery & Accessories,56
20825,-2.2316348529077747,,3.75,72.0,5,2,category_fallback_implausible_fit,GOLD WINE GLASS,Bottles & Glassware,6
37477B,-2.45291949563188,,3.75,2.0,8,1,category_fallback_insufficient_price_variation,"FLOWER FAIRY MUG+COASTER,LAVENDER",Kitchen & Dining,14
84625A,-1.2102178394789105,0.4332788687254626,2.95,4.701324613682379,49,13,fitted,PINK NEW BAROQUECANDLESTICK CANDLE,Lighting & Candles,89
23420,-3.79948371898594,0.3603815378128603,2.08,14.039256850013048,11,4,fitted,PANTRY HOOK TEA STRAINER ,General Giftware,33
85147,-2.278947917977102,,4.95,10.166666666666666,6,3,category_fallback_insufficient_price_variation,JARDIN ETCHED GLASS CANDLEHLDR LONG,Lighting & Candles,19
22156,-2.8955076047203154,0.1710734011358847,0.8905,42.05497784488577,103,79,fitted,HEART DECORATION WITH PEARLS ,Home Decor,613
84563A,-1.4107518107247683,0.421842626519735,5.95,2.6135200133383427,34,13,fitted,PINK & WHITE BREAKFAST TRAY,General Giftware,63
23395,-2.375411544782531,,4.336666666666667,49.93333333333333,15,13,category_fallback_implausible_fit,BELLE JARDINIERE CUSHION COVER,Home Decor,219
23468,-2.314681272087272,,8.25,2.375,8,1,category_fallback_insufficient_price_variation,TUSCAN VILLA BIRD TABLE ,General Giftware,11
20901,-0.8733543420508234,0.2433146039225568,11.8625,1.7107922790186212,34,11,fitted,VINTAGE KEEPSAKE BOX PINK FLOWER,Storage & Boxes,68
22402,-0.8757779016941655,0.1429821022270913,1.25,15.51538018981043,79,14,fitted,MAGNETS PACK OF 4 VINTAGE COLLAGE,General Giftware,262
16169C,-2.55654479163404,,0.42,112.5,12,1,category_fallback_insufficient_price_variation,WRAP BLUE REINDEER,Christmas & Seasonal,43
21541,-4.291122425226583,0.3984670308930987,0.8665306122448978,33.244766229750226,45,29,fitted,DINOSAURS WATER TRANSFER TATTOOS ,General Giftware,200
84830,-5.075519166453921,0.5368694311941796,16.95,1.4142135623730965,5,2,fitted,LARGE ENGLISH ARBORETUM,General Giftware,6
84247J,-0.054691057064041,0.0043879138549903,0.86,3.162277660168379,3,2,fitted,PACK/12 RUSSIAN DOLL CARDS,Toys & Games,9
22952,-5.442455366783622,0.4966272805677958,0.5792,288.51904715854,51,42,fitted,60 CAKE CASES VINTAGE CHRISTMAS,Christmas & Seasonal,1257
84849A,-1.6060706498650146,0.1717722817309764,1.6900000000000002,4.813857668013175,62,15,fitted,HELLO SAILOR BLUE SOAP HOLDER,Bath & Body,105
21402,-1.5652572936497584,0.603916387889718,0.42,6.490045219413624,68,29,fitted,RED  EGG  SPOON,General Giftware,152
23399,-1.9912086355996887,0.1320826540147019,0.8872727272727273,112.13543502707932,15,15,fitted,HOME SWEET HOME HANGING HEART,General Giftware,239
37444B,-1.7727445591042157,0.9167614269094212,2.95,3.140960774135982,21,6,fitted,BLUE BREAKFAST CUP AND SAUCER ,Kitchen & Dining,29
23429,-2.45291949563188,,8.476153846153847,15.666666666666666,3,3,category_fallback_insufficient_price_variation,RED RETRO KITCHEN WALL CLOCK,Kitchen & Dining,23
35974,-2.55654479163404,,3.75,1.0,1,1,category_fallback_insufficient_price_variation,S/6 CHRISTMAS TREE PLACE SETTING,Christmas & Seasonal,1
90087,-2.26136832922294,0.5861778465266415,1.63,1.5617325160894246,38,9,fitted,CRYSTAL SEA HORSE PHONE CHARM,General Giftware,55
21946,-2.7571699511638803,0.5132199186425604,0.85,5.567685653985486,41,12,fitted,PARTY TIME DESIGN FLANNEL,Home Decor,67
21336,-1.575023757731189,0.7021106906284265,2.95,2.9880520488486,28,10,fitted,GOLD WASHBAG,General Giftware,44
84620,-0.915417313493938,0.1369933654957291,5.95,3.204105140925378,30,3,fitted,BLUE GINGHAM ROSE CUSHION COVER,Home Decor,50
90129E,-2.4405677367344385,,1.66,3.0930232558139537,43,7,category_fallback_implausible_fit,PURPLE GLASS TASSLE BAG CHARM,Bags,61
22363,-2.3447225726097978,0.2784130143561775,2.9500000000000006,6.6690074940178885,77,27,fitted,GLASS JAR MARMALADE ,Bottles & Glassware,174
35819P,-1.6950974262848952,,0.38,12.0,5,2,category_fallback_insufficient_price_variation,"ACRYLIC HANGING JEWEL,PINK",Jewellery & Accessories,6
23407,-2.314681272087272,,10.3675,15.933333333333334,15,10,category_fallback_implausible_fit,SET OF 2 TRAYS HOME SWEET HOME,General Giftware,132
23049,-2.5558623621631877,0.1931803260825461,8.25,8.723726589139968,40,11,fitted,RECYCLED ACAPULCO MAT RED,General Giftware,185
16119,-3.6564309028979833,0.8594114174934898,0.5258381502890174,62.5904765830575,3,3,fitted,FUNKY GIRL ADDRESS BOOK,General Giftware,8
84925A,-1.0526925621661518,0.1415818765560106,2.55,2.104380959948454,13,2,fitted,WAKE UP COCKEREL WALL THERMOMETER,General Giftware,16
84598,-4.42305823742469,0.6098777527825219,0.42,12.42572017680446,87,31,fitted,BOYS ALPHABET IRON ON PATCHES,General Giftware,221
21414,-1.7330068474009572,0.2336624649743597,2.1,4.825161856211264,24,7,fitted,SCALLOP SHELL SOAP DISH,Bath & Body,36
22762,-1.295384598071358,0.1510244938545052,14.95,3.5188970951551823,51,16,fitted,CUPBOARD 3 DRAWER MA CAMPAGNE,General Giftware,138
21696,-3.523736676234741,0.5020317919308568,2.9500000000000006,11.823724687705443,61,9,fitted,SMALL SILVER TRELLIS CANDLEPOT,Lighting & Candles,114
84795B,-1.9814496546041585,0.2257799146116382,7.95,4.816136320363111,48,15,fitted,SUNSET CHECK HAMMOCK,General Giftware,97
21124,-6.898107699032601,0.3882819607700042,1.25,71.1757608027698,102,26,fitted,SET/10 BLUE SPOTTY PARTY CANDLES,Lighting & Candles,651
37491B,-0.4896749498149343,0.0528520533353062,1.65,1.843991789091617,6,3,fitted,BLUE/YELLOW CERAMIC CANDLE HOLDER,Lighting & Candles,7
21677,-3.281472948077476,0.3601236311905361,0.85,21.10627556983216,86,29,fitted,HEARTS  STICKERS,Cards & Stationery,282
21793,-2.071300489082794,0.2783229924186433,6.35,2.489553373605122,54,12,fitted,CLASSIC FRENCH STYLE BASKET BROWN,Storage & Boxes,103
85121C,-1.6627456274321084,0.3891371677279356,8.5,3.6597219084079153,27,5,fitted,RETRO LAUNDRY TUB PISTACHIO,General Giftware,53
85062,-5.462848287409151,0.2874364005666923,1.65,32.67206380622489,98,55,fitted,PEARL CRYSTAL PUMPKIN T-LIGHT HLDR,Lighting & Candles,362
84569A,-1.6172512093535838,0.1595549120018394,1.25,6.558543110096309,61,16,fitted,PACK 3 IRON ON DOG PATCHES,General Giftware,117
22229,-0.4776541330270378,0.0249048944166639,0.85,10.028043052046971,56,32,fitted,BUNNY WOODEN PAINTED WITH FLOWER ,General Giftware,189
17091B,-2.569253678060872,0.171720150328019,1.25,5.185986397631949,30,10,fitted,JASMINE TEA INCENSE IN TIN,Storage & Boxes,52
22215,-2.2454585473968587,0.1785200654786262,8.5,7.61153979632289,95,33,fitted,CAKE STAND WHITE TWO TIER LACE,General Giftware,363
23239,-1.625303980838493,0.1930049119026845,4.150000000000001,24.64746390141592,27,17,fitted,SET OF 4 KNICK KNACK TINS POPPIES,General Giftware,186
90084,-2.314681272087272,,0.85,10.666666666666666,6,1,category_fallback_insufficient_price_variation,PINK CRYSTAL GUITAR PHONE CHARM,General Giftware,9
16053,-2.1496290983107373,0.8249457244208808,0.21,30.50581680765328,10,3,fitted,POPART COL BALLPOINT PEN ASST,Cards & Stationery,10
22301,-4.067122603822214,0.3690142134127919,2.6143589743589737,36.6485155378761,103,76,fitted,COFFEE MUG CAT + BIRD DESIGN,Kitchen & Dining,675
20799,-0.5782666570869658,0.076187860439901,2.401428571428572,5.719632613762214,15,7,fitted,PINK MILKSHAKE GLASS,Bottles & Glassware,25
22936,-2.148272596714063,0.3272307447577022,3.25,6.582396116056768,29,9,fitted,BAKING MOULD ROSE WHITE CHOCOLATE,Kitchen & Dining,54
90124C,-1.6950974262848952,,9.95,1.4,15,3,category_fallback_insufficient_price_variation,GREEN MURANO TWIST NECKLACE,Jewellery & Accessories,15
20778,-3.114237677208787,,1.65,6.095238095238095,42,7,category_fallback_implausible_fit,GARDEN PATH NOTEBOOK ,Cards & Stationery,93
90082C,-1.6950974262848952,,6.79,1.0,2,1,category_fallback_insufficient_price_variation,DIAMANTE BOW BROOCH WHITE COLOUR,Jewellery & Accessories,2
35599D,-1.94890781048612,0.3740951861116316,3.936666666666667,6.126537644085589,37,23,fitted,PINK AND WHITE CHRISTMAS TREE 120CM,Christmas & Seasonal,106
23077,-5.697228188872271,0.1392611812790609,1.25,184.63651714460116,38,19,fitted,DOUGHNUT LIP GLOSS ,General Giftware,342
84661C,-1.382950331014886,0.6583652853633536,2.55,2.5512310701904317,19,9,fitted,PINK SQUARE TABLE CLOCK,Home Decor,25
22876,-2.4427134394105803,0.6132446616513995,2.192222222222222,5.481809739082766,19,6,fitted,NUMBER TILE COTTAGE GARDEN 8,Garden & Outdoor,26
22065,-2.7322073398982782,0.6380590731699352,1.45,27.261024024680708,60,40,fitted,CHRISTMAS PUDDING TRINKET POT ,Christmas & Seasonal,504
22689,-2.2412249558757105,0.2590434016611926,8.002972972972973,13.170191318925037,47,39,fitted,DOORMAT MERRY CHRISTMAS RED ,Christmas & Seasonal,264
22268,-1.1210309456629888,0.2457885600908804,0.85,12.230956625123286,62,35,fitted,EASTER DECORATION SITTING BUNNY,Christmas & Seasonal,252
15058A,-2.045338381954068,0.3484359775660746,7.95,4.468654283330317,54,24,fitted,BLUE POLKADOT GARDEN PARASOL,Garden & Outdoor,149
23010,-5.642591732400332,0.2201178991048886,16.026923076923076,5.21998334724173,35,19,fitted,CIRCUS PARADE BABY GIFT SET,General Giftware,112
21175,-2.4610813540483107,0.0927362648314438,2.2980412371134027,124.9638469303092,99,94,fitted,GIN + TONIC DIET METAL SIGN,Home Decor,1708
21610,-5.369342126864822,0.1302984472785611,2.95,7.149686023206521,43,10,fitted,SET 12 PEAR BOTANICAL T-LIGHTS,Lighting & Candles,103
22316,-3.407136790287726,0.2517652063688484,1.25,6.848090245577759,69,17,fitted,200 BENDY SKULL STRAWS,General Giftware,124
16161P,-9.855247928442209,0.0241352492913505,0.42,111.88092958204638,88,2,fitted,WRAP ENGLISH ROSE ,General Giftware,439
84682,-2.396266213736612,0.6037913176469039,2.95,3.8481964958612433,32,11,fitted,CLASSICAL ROSE DISH,General Giftware,50
22242,-8.068783867237146,0.2132347988456471,1.65,50.22477651343864,59,39,fitted,"HOOK, 5 HANGER , MAGIC TOADSTOOL",General Giftware,388
23050,-1.5582931294803282,0.0415413506638445,8.25,8.811217189654169,40,16,fitted,RECYCLED ACAPULCO MAT GREEN,General Giftware,203
20620,-2.314681272087272,,4.3,2.0,7,2,category_fallback_insufficient_price_variation,RED SPOTTY PASSPORT COVER,General Giftware,13
85023B,-1.6950974262848952,,2.55,9.451612903225806,31,2,category_fallback_implausible_fit,EAU DE NILE JEWELLED PHOTOFRAME,Jewellery & Accessories,38
85026B,-1.529120421061705,0.16129121839448,0.85,6.845138175743646,27,4,fitted,EAU DE NILE JEWELLED T-LIGHT HOLDER,Lighting & Candles,33
23275,-7.482136774539519,0.1821664239342013,1.2756127450980397,72.33379802208243,28,24,fitted,SET OF 3 HANGING OWLS OLLIE BEAK,General Giftware,341
22498,-2.481616238854895,0.2418970962820342,5.950000000000001,9.179408785320597,91,42,fitted,WOODEN REGATTA BUNTING,General Giftware,386
22927,-1.3347058287582416,0.061192422530911,5.95,7.516437643284333,42,13,fitted,GREEN GIANT GARDEN THERMOMETER,Garden & Outdoor,174
21621,-2.742723897716401,0.1217777825736776,8.698764705882354,46.38421017421842,102,70,fitted,VINTAGE UNION JACK BUNTING,General Giftware,1311
22641,-0.9116664844595956,0.0534340762892013,2.55,4.478493737306966,38,10,fitted,SET OF 4 NAPKIN CHARMS INSTRUMENT,General Giftware,70
84708B,-0.9825967540345064,0.0528038811035512,4.95,2.586517603680804,41,4,fitted,PINK JEWELLED PHOTO FRAME ,Jewellery & Accessories,53
84819,-2.0923920212305958,0.7747674836319263,4.25,3.5505672549495837,47,9,fitted,DANISH ROSE ROUND SEWING BOX,Storage & Boxes,97
23317,-2.306815229588171,0.1524606634386431,9.95,6.374770095504163,25,11,fitted,BLUE REFECTORY CLOCK ,Home Decor,83
22286,-0.199449701703985,0.0129618205661395,1.6499999999999997,18.245173221335367,54,30,fitted,"DECORATION , WOBBLY RABBIT , METAL ",Home Decor,198
20819,-1.818767743197612,0.3389369114298531,3.75,2.3828061789316624,43,11,fitted,SILVER TEDDY BEAR,General Giftware,65
75011,-0.6005129192006773,0.0878340441050387,0.79,6.691771603099769,15,3,fitted,BLUE DAISY MOBILE,General Giftware,15
22653,-3.9574184698878,0.2931851491341428,1.95,24.32712289375746,68,41,fitted,BUTTON BOX ,Storage & Boxes,398
23339,-2.314681272087272,,2.08,7.954545454545454,22,8,category_fallback_implausible_fit,EGG FRYING PAN BLUE ,General Giftware,77
72140F,-2.278947917977102,,0.42,9.363636363636363,11,1,category_fallback_insufficient_price_variation,HAPPY ANNIVERSARY CANDLE LETTERS,Lighting & Candles,14
84909A,-2.3399154034414837,0.5640215798477719,13.106989247311828,19.117508685394395,7,4,fitted,PINK PAISLEY QUILT ,General Giftware,30
84923,-2.4405677367344385,,4.130000000000001,3.815384615384616,65,11,category_fallback_implausible_fit,PINK BUTTERFLY HANDBAG W BOBBLES,Bags,159
22640,-1.8148642829894728,0.2811535413344863,2.55,4.07441764625429,51,12,fitted,SET OF 4 NAPKIN CHARMS 3 KEYS ,General Giftware,92
82587,-0.4924585647177502,0.0068469618775032,1.25,5.026481170095376,19,6,fitted,TEXRIO TOMATOES CANDLE+CUP,Lighting & Candles,45
21438,-2.55654479163404,,3.75,12.384615384615383,13,1,category_fallback_insufficient_price_variation,TUB 24 HANGING EASTER EGGS SPOTTY,Christmas & Seasonal,36
22664,-2.692833377480179,0.3125886534332852,2.231421370967742,12.154343036628292,70,36,fitted,TOY TIDY DOLLY GIRL DESIGN,Home Decor,274
90094,-1.6950974262848952,,2.55,3.3043478260869565,23,4,category_fallback_insufficient_price_variation,NECKLACE+BRACELET SET FRUIT SALAD ,Jewellery & Accessories,41
79342b,-2.278947917977102,,13.57,1.0,1,1,category_fallback_insufficient_price_variation,BROWN FLOWER LIGHTS,Lighting & Candles,1
72796C,-2.278947917977102,,1.65,1.0,1,1,category_fallback_insufficient_price_variation,S/3 ROSE GARDEN SCENT SQU CANDLE,Lighting & Candles,1
22333,-6.6275714812909285,0.3498113876004035,1.6499999999999997,58.29563001042976,103,70,fitted,RETROSPOT PARTY BAG + STICKER SET,Bags,714
23329,-2.314681272087272,,1.6667346938775511,88.3157894736842,19,14,category_fallback_insufficient_price_variation,DECORATIVE WICKER HEART LARGE,General Giftware,258
23037,-3.654646427731304,0.5191427826474186,1.6499999999999997,13.970396777977797,12,5,fitted,CANDLE HOLDER SILVER MADELINE,Lighting & Candles,19
22096,-1.668793086913125,0.4176650126177047,1.25,4.300945381785739,68,17,fitted,PINK PAISLEY SQUARE TISSUE BOX ,Storage & Boxes,194
37494a,-2.314681272087272,,6.04,4.0,1,1,category_fallback_insufficient_price_variation,FAIRY CAKE CERAMIC BUTTER DISH,General Giftware,3
22847,-4.7083765364240175,0.1546099545485141,16.06111111111111,18.705096017808103,51,42,fitted,BREAD BIN DINER STYLE IVORY,General Giftware,491
22629,-8.512449913574416,0.4669013213805277,1.852324324324324,227.0176323129499,75,74,fitted,SPACEBOY LUNCH BOX ,Storage & Boxes,1432
21204,-2.5174305531569217,0.2964664034636844,1.65,12.703298008452528,87,28,fitted,DAISIES  HONEYCOMB GARLAND ,General Giftware,208
90183A,-1.6950974262848952,,2.946428571428572,2.25,24,8,category_fallback_insufficient_price_variation,AMBER DROP EARRINGS W LONG BEADS,Jewellery & Accessories,32
23616,-2.314681272087272,,2.49,1.6,5,1,category_fallback_insufficient_price_variation,SET 10 CARDS JINGLE BELLS 17217,General Giftware,7
23187,-1.127839809844413,0.2484421419635036,0.29,93.519120869252,21,3,fitted,FRENCH STYLE STORAGE JAR BONBONS,Storage & Boxes,74
72751B,-2.278947917977102,,5.95,1.0,1,1,category_fallback_insufficient_price_variation,"F.FAIRY S/3 SML CANDLE, LAVENDER",Lighting & Candles,1
90182C,-1.6950974262848952,,2.925,1.5833333333333333,12,4,category_fallback_insufficient_price_variation,BLACK 3 BEAD DROP EARRINGS,Jewellery & Accessories,13
21155,-0.8860771400328297,0.0788959525809633,2.409074074074074,55.88975533070828,94,85,fitted,RED RETROSPOT PEG BAG,Bags,994
47469,-8.275906851473614,0.5766666663569671,0.65,8.847139811938192,23,5,fitted,ASSORTED SHAPES PHOTO CLIP SILVER ,General Giftware,40
84617,-2.314681272087272,,12.75,1.8333333333333333,6,1,category_fallback_insufficient_price_variation,NEW BAROQUE BLACK BOXES,General Giftware,7
21628,-1.1282386486756932,0.2248963313768064,22.37,2.0865940954384468,55,15,fitted,TRIANGULAR POUFFE VINTAGE ,General Giftware,89
85166A,-2.5151578276835984,0.7864845319286862,3.75,4.100540091106938,5,4,fitted,WHITE METAL BAROQUE PHOTO FRAME,Home Decor,12
82494l,-2.375411544782531,,8.29,10.6,40,4,category_fallback_implausible_fit,WOODEN FRAME ANTIQUE WHITE ,Home Decor,88
47420,-2.45291949563188,,0.19,13.814814814814817,27,2,category_fallback_insufficient_price_variation,ASSORTED COLOUR SUCTION CUP HOOK,Kitchen & Dining,40
23243,-5.188407813057765,0.2566439291684036,5.107837837837838,102.04495505765136,27,26,fitted,SET OF TEA COFFEE SUGAR TINS PANTRY,General Giftware,471
15058C,-2.074813185537435,0.512535312298411,7.95,4.347377413694495,51,22,fitted,ICE CREAM DESIGN GARDEN PARASOL,Home Decor,122
20914,-7.133642132601212,0.4445232586387685,2.8459177355152585,158.89038440028585,104,104,fitted,SET/5 RED RETROSPOT LID GLASS BOWLS,Kitchen & Dining,2107
22245,-4.837872102980508,0.4252970530394796,0.8852173913043478,44.21164725268496,75,53,fitted,"HOOK, 1 HANGER ,MAGIC GARDEN",Garden & Outdoor,431
23521,-3.0846057325977467,0.8999740060676655,3.387142857142857,13.903934742779814,10,10,fitted,WALL ART CAT AND BIRD ,General Giftware,44
21698,-1.58828472220354,0.4678490283855111,1.255,2.9160429410737234,63,21,fitted,MOCK LOBSTER FRIDGE MAGNET,General Giftware,119
21976,-3.4605994708195893,0.5037812798466685,0.568176039646628,109.60785132128966,104,95,fitted,PACK OF 60 MUSHROOM CAKE CASES,General Giftware,1002
22459,-3.1324691860377287,0.3051010393701072,2.55,15.827465568855018,51,19,fitted,CAST IRON HOOK GARDEN TROWEL,Garden & Outdoor,180
20970,-2.656957888319135,0.1067124801839655,3.75,17.29740293122007,104,37,fitted,PINK FLORAL FELTCRAFT SHOULDER BAG,Bags,602
22131,-4.64096754872019,0.6122145316532253,2.111428571428571,31.0171167296025,103,85,fitted,FOOD CONTAINER SET 3 LOVE HEART ,General Giftware,732
35649,-2.4405677367344385,,3.35,2.8,35,7,category_fallback_implausible_fit,VINTAGE BEAD COSMETIC BAG ,Bags,53
23190,-6.511217584747558,0.2236615468088242,1.6499999999999997,43.94234770459486,31,21,fitted,BUNDLE OF 3 SCHOOL EXERCISE BOOKS  ,General Giftware,203
20979,-5.104336799148119,0.4622289761938939,1.283611111111111,64.2994698343297,103,75,fitted,36 PENCILS TUBE RED RETROSPOT,General Giftware,723
37444A,-0.9047115794525522,0.4395177114248887,2.95,2.159934263324608,35,10,fitted,YELLOW BREAKFAST CUP AND SAUCER,Kitchen & Dining,49
21895,-1.6798646432984834,0.1037120420710572,4.25,6.223001829056995,36,11,fitted,POTTING SHED SOW 'N' GROW SET,General Giftware,87
22890,-2.5482172796098306,0.0626154767312273,9.95,7.588876565697363,58,27,fitted,NOVELTY BISCUITS CAKE STAND 3 TIER,General Giftware,278
22192,-1.3096128008460255,0.0156459986942542,8.5,13.782095295430857,84,33,fitted,BLUE DINER WALL CLOCK,Home Decor,555
21987,-4.831874952141352,0.1712428932590709,0.65,36.2691774613966,100,37,fitted,PACK OF 6 SKULL PAPER CUPS,General Giftware,399
90122B,-1.6950974262848952,,4.95,2.0,23,5,category_fallback_insufficient_price_variation,JADE CRYSTAL+GLASS BRACELET,Jewellery & Accessories,26
22167,-1.096137688171208,0.1149428511140157,9.95,4.55623589690195,93,48,fitted, OVAL WALL MIRROR DIAMANTE ,Home Decor,307
22642,-2.1857099419726542,0.1543802994053817,2.55,11.430108014249695,44,17,fitted,SET OF 4 NAPKIN CHARMS STARS   ,General Giftware,149
35610A,-2.416927076451554,0.8525487502412784,1.25,7.228609308579592,9,3,fitted,PINK CHRISTMAS FLOCK DROPLET ,Christmas & Seasonal,12
23569,-2.314681272087272,,5.030961803957663,106.625,8,7,category_fallback_insufficient_price_variation,TRADTIONAL ALPHABET STAMP SET,General Giftware,201
21408,-1.9225941984132435,0.3409381041398163,5.241923076923077,4.730341158242575,86,33,fitted,SPOTTY PINK DUCK DOORSTOP,General Giftware,249
35607B,-2.55654479163404,,0.19,22.142857142857142,14,2,category_fallback_insufficient_price_variation,BLACK FEATHER CHRISTMAS DECORATION,Christmas & Seasonal,16
37408,-2.45291949563188,,1.25,5.0,1,1,category_fallback_insufficient_price_variation,ASSORTED DESIGN GEISHA GIRL MUGS,Kitchen & Dining,1
15044D,-3.374486619309994,0.3741805370684837,2.9500000000000006,13.018932563267512,83,36,fitted,RED PAPER PARASOL,General Giftware,231
16169M,-1.825978755741832,0.5594379702622154,0.42,27.630878506086034,43,2,fitted,WRAP DAISY CARPET ,General Giftware,60
35955,-2.55654479163404,,0.42,13.0,3,1,category_fallback_insufficient_price_variation,SMALL FOLKART CHRISTMAS TREE DEC,Christmas & Seasonal,4
22895,-4.191583595052124,0.2474383181255183,3.25,24.157914967499945,63,37,fitted,SET OF 2 TEA TOWELS APPLE AND PEARS,Bath & Body,431
21252,-2.765717291979511,0.5305160951207861,2.95,9.705480433540624,8,7,fitted,SET OF MEADOW  FLOWER STICKERS,Cards & Stationery,21
23065,-0.6222545635087142,0.0052506062927103,12.5,6.434845288740546,28,7,fitted,LARGE DECO JEWELLERY STAND,Jewellery & Accessories,100
23469,-5.777220560567436,0.505234320481142,4.322500000000001,22.31292050997102,11,10,fitted,CARD HOLDER LOVE BIRD SMALL,Cards & Stationery,72
85104,-0.8833997129038775,0.0441368366149926,2.95,4.128162202961774,36,7,fitted,SILVER GLASS T-LIGHT SET,Lighting & Candles,60
84388,-0.8125097833987832,0.1938574107377271,1.65,3.2488114163883384,11,3,fitted,WISE MAN STAR SHAPE EGG PAN,General Giftware,25
22049,-1.0457846216067852,0.2089567004319601,0.42,73.20140242014337,27,5,fitted,WRAP CHRISTMAS SCREEN PRINT,Christmas & Seasonal,119
90192,-1.6950974262848952,,4.98,2.6944444444444446,36,9,category_fallback_insufficient_price_variation,JADE DROP EARRINGS W FILIGREE,Jewellery & Accessories,56
22578,-3.078505518798541,0.5610558331054698,0.85,54.04164769234256,45,29,fitted,WOODEN STAR CHRISTMAS SCANDINAVIAN,Christmas & Seasonal,823
85107,-1.8291174225614948,0.2821150502361423,2.55,10.110828606418046,43,12,fitted,CUT GLASS T-LIGHT HOLDER OCTAGON,Lighting & Candles,78
23324,-3.4999106648842893,0.3685483808418637,2.08,18.12784373190977,16,6,fitted,RUSTIC STRAWBERRY JAM POT LARGE ,General Giftware,44
84676,-6.135600139107974,0.2081764460709925,2.95,9.156672566495075,30,12,fitted,BATH DUCK WATERING CAN,Jewellery & Accessories,107
20787,-0.5255860628098739,0.0096450917321881,34.4875,2.6616285971128564,16,6,fitted,BLUE RETRO BAR STOOL,General Giftware,32
23532,-2.300941345074107,0.2997989131826841,4.95,7.074002053754702,10,7,fitted,WALL ART WORK REST AND PLAY  ,General Giftware,31
23036,-2.278947917977102,,1.25,15.25,12,1,category_fallback_insufficient_price_variation,T-LIGHT HOLDER SILVER PETIT FOUR ,Lighting & Candles,16
20935,-3.1405950782522574,0.552058321104675,2.95,3.8007839185759167,25,7,fitted,ROUND CACTUS CANDLE,Lighting & Candles,49
22293,-3.494192608514066,0.4123072546713842,1.45,18.601465056259038,70,27,fitted,HANGING CHICK GREEN DECORATION,Home Decor,236
90142A,-1.6950974262848952,,5.09,1.25,4,1,category_fallback_insufficient_price_variation,GREEN PENDANT SHELL NECKLACE,Jewellery & Accessories,4
84926E,-1.4202150674323246,0.6366079725602936,0.835,10.121298600050874,34,9,fitted,FLOWERS TILE COASTER,General Giftware,54
10125,-2.9391901278954675,0.2575503108051457,0.85,17.73208025219504,71,21,fitted,MINI FUNKY DESIGN TAPES,Home Decor,179
23081,-2.352540047352226,0.0559078695431457,8.25,10.081269484113289,31,17,fitted,GREEN METAL BOX ARMY SUPPLIES,Storage & Boxes,140
21290,-2.4405677367344385,,1.25,2.0,1,1,category_fallback_insufficient_price_variation,LARGE SPOTTY CHOCOLATE GIFT BAG,Bags,1
72811,-1.994904233107824,0.6473553287374169,1.49,6.48870962747788,20,6,fitted,SMALL ZINC/GLASS CANDLEHOLDER,Lighting & Candles,22
90214H,-0.5553816558459577,0.0490189788553213,0.85,1.952390893759431,36,7,fitted,"LETTER ""H"" BLING KEY RING",Jewellery & Accessories,58
79303A,-2.278947917977102,,2.95,2.0,1,1,category_fallback_insufficient_price_variation,WHITE ROHMBIC BLOCK TABLE LAMP,Lighting & Candles,1
84970S,-4.076123839419496,0.4835197651070735,0.8567909301651694,208.26708935672647,104,100,fitted,HANGING HEART ZINC T-LIGHT HOLDER,Lighting & Candles,1463
23020,-6.562407691047242,0.1312759520355274,12.5,4.665789654854794,26,10,fitted,GLASS  SONGBIRD STORAGE JAR,Storage & Boxes,76
16219,-1.3532753010264598,0.77620186658235,0.21,23.638154291420747,61,25,fitted,HOUSE SHAPE PENCIL SHARPENER,General Giftware,129
22620,-1.4071448347787516,0.0297739728897878,1.4231297709923665,64.19976764871592,83,67,fitted,4 TRADITIONAL SPINNING TOPS,General Giftware,889
90064A,-6.4769019016496685,0.4488415434241402,4.15,1.2040098142475053,12,3,fitted,WHITE VINTAGE CRYSTAL EARRINGS,Jewellery & Accessories,12
90147,-1.6950974262848952,,9.95,2.261904761904762,42,6,category_fallback_insufficient_price_variation,CHUNKY SILVER NECKLACE PASTEL FLOWE,Jewellery & Accessories,61
21525,-2.314681272087272,,6.75,2.0,1,1,category_fallback_insufficient_price_variation,BEWARE OF THE CAT DOORMAT,General Giftware,2
90038B,-1.6950974262848952,,3.75,2.1,10,4,category_fallback_insufficient_price_variation,GLASS AND PAINTED BEADS BRACELET OL,Jewellery & Accessories,13
23083,-2.433516625706541,0.0279213182509937,3.75,40.34274574224213,30,18,fitted,SET 6 PAPER TABLE LANTERN STARS ,Lighting & Candles,248
21066,-2.708877226018213,0.5829968048538199,1.25,6.205912244288032,71,21,fitted,VINTAGE RED MUG,Kitchen & Dining,135
82486,-3.9706521642570856,0.3073416837156031,8.089025470653379,42.0206986663761,104,90,fitted,WOOD S/3 CABINET ANT WHITE FINISH,General Giftware,1349
22707,-2.314681272087272,,0.42,39.94444444444444,54,1,category_fallback_insufficient_price_variation,WRAP MONSTER FUN ,General Giftware,83
84457,-2.419903456319228,0.2419111646640137,0.913015734265734,7.421365112047277,28,14,fitted,SET/3 RABBITS FLOWER SKIPPPING ROPE,General Giftware,67
85169C,-1.4618976432750783,0.1258096391503387,1.25,4.156123022989323,45,10,fitted,EAU DE NIL LOVE BIRD CANDLE,Lighting & Candles,70
48111,-4.479008655449079,0.6160580300372106,7.621348837209302,20.55142033459807,102,91,fitted,DOORMAT 3 SMILEY CATS,General Giftware,747
84522,-0.9773971890089592,0.0052301561251895,1.95,2.325253297983103,21,4,fitted,PINK PARTY SUNGLASSES,General Giftware,26
85131C,-1.498055694076425,0.177407588885188,0.83,4.466737398589069,49,11,fitted,BEADED CRYSTAL HEART BLUE ON STICK,General Giftware,75
22647,-2.0582131954562666,0.5806978696391771,1.45,7.381622891798751,45,17,fitted,CERAMIC LOVE HEART MONEY BANK,General Giftware,85
21555,-1.3767672962641062,0.1186551184669707,2.55,3.7344028196874905,70,17,fitted,CERAMIC STRAWBERRY TRINKET TRAY,General Giftware,132
84292B,-2.314681272087272,,7.95,1.25,4,1,category_fallback_insufficient_price_variation,BLUE COL METAL FOLDING CHAIR,General Giftware,5
35597B,-2.55654479163404,,1.25,3.1666666666666665,6,1,category_fallback_insufficient_price_variation,BLACKCHRISTMAS TREE 30CM,Christmas & Seasonal,7
22206,-2.45291949563188,,0.85,1.5555555555555556,9,2,category_fallback_insufficient_price_variation,"MUG , DOTCOMGIFTSHOP.COM ",Kitchen & Dining,10
90160D,-1.6950974262848952,,6.95,3.260869565217391,23,2,category_fallback_insufficient_price_variation,PINK BOUDICCA LARGE BRACELET,Jewellery & Accessories,24
79323P,-7.351763587048416,0.3237137459522651,6.131954125299554,72.26326869237197,22,20,fitted,PINK CHERRY LIGHTS,Lighting & Candles,266
21876,-1.522694688382837,0.1870969150878858,1.3448314606741574,33.41200333915317,103,73,fitted,POTTERING MUG,Jewellery & Accessories,649
90187A,-1.6950974262848952,,3.39,1.2,5,2,category_fallback_insufficient_price_variation,BLUE DROP EARRINGS W BEAD CLUSTER,Jewellery & Accessories,5
85034a,-2.278947917977102,,8.29,1.0,3,1,category_fallback_insufficient_price_variation,3 GARDENIA MORRIS BOXED CANDLES,Lighting & Candles,3
46000R,-2.314681272087272,,1.45,5.790697674418604,43,2,category_fallback_insufficient_price_variation,POLYESTER FILLER PAD 45x30cm,General Giftware,64
23632,-2.314681272087272,,2.08,2.5,6,1,category_fallback_insufficient_price_variation,SET 10 CARDS CHEERFUL ROBIN 17065,General Giftware,10
21277,-2.314681272087272,,21.95,1.4615384615384617,39,6,category_fallback_implausible_fit,FRENCH STYLE EMBOSSED HEART CABINET,General Giftware,51
23014,-2.405804751691305,0.5244029120810441,4.010909090909091,32.672723522642194,25,24,fitted,GLASS APOTHECARY BOTTLE ELIXIR,Bottles & Glassware,213
21925,-2.375411544782531,,1.25,19.31746031746032,63,9,category_fallback_implausible_fit,UNION STRIPE CUSHION COVER ,Home Decor,171
23218,-3.909561385067643,0.7538992326768867,1.2725884647534134,26.868481405549545,14,9,fitted,LAUREL STAR ANTIQUE GOLD,General Giftware,40
21830,-5.699138490596535,0.5831150499662632,0.42,64.25371350702328,91,17,fitted,ASSORTED CREEPY CRAWLIES,General Giftware,277
21893,-2.582768898406496,,4.25,5.777777777777778,9,5,category_fallback_implausible_fit,POTTING SHED SEED TIN,Storage & Boxes,19
20931,-2.1323739760959795,0.3773748367810148,3.75,5.383016954891926,72,25,fitted,BLUE POT PLANT CANDLE ,Lighting & Candles,160
84459B,-2.845664037989966,0.3703481613279775,1.6338461538461535,15.53809076117434,54,27,fitted,YELLOW METAL CHICKEN HEART ,General Giftware,221
23423,-3.768844280008656,0.6730190818544717,3.9542708333333336,15.901818024730773,14,9,fitted,PANTRY 3 HOOK ROLLING PIN HANGER,General Giftware,66
84279P,-1.538883382280908,0.0988571248337943,3.75,8.48225457596121,97,37,fitted,CHERRY BLOSSOM  DECORATIVE FLASK,General Giftware,306
21673,-2.559259511113478,0.2483682952036672,1.342051282051282,78.31482764963198,104,96,fitted,WHITE SPOT BLUE CERAMIC DRAWER KNOB,General Giftware,791
84509G,-1.8462859211362768,0.3323995302568395,3.75,4.556763530950422,72,20,fitted,SET OF 4 FAIRY CAKE PLACEMATS ,General Giftware,160
84912A,-2.17332413974681,0.0691683117761829,3.635294117647059,5.224816047847569,71,32,fitted,PINK ROSE WASHBAG,General Giftware,231
90016C,-1.6950974262848952,,8.49,1.4545454545454546,11,3,category_fallback_insufficient_price_variation,SILVER/BLACK PENDANT ORBIT NECKLACE,Jewellery & Accessories,13
85178,-3.707124937548654,0.2751803365885604,1.25,26.307207781626545,93,34,fitted,VICTORIAN SEWING KIT,General Giftware,332
90018C,-1.6950974262848952,,4.24,1.5555555555555556,18,4,category_fallback_insufficient_price_variation,SILVER BLACK ORBIT DROP EARRINGS,Jewellery & Accessories,20
84984A,-2.204473285597961,0.7193199221299246,4.65,2.724668971886198,14,2,fitted,GREEN PEONY CUSHION COVER,Home Decor,16
82580,-3.2727008247331764,0.3817050679147167,0.581536231884058,105.64598419208146,104,96,fitted,BATHROOM METAL SIGN,Home Decor,1377
90129C,-2.4405677367344385,,1.6942857142857142,3.142857142857143,35,10,category_fallback_implausible_fit,GREEN GLASS TASSLE BAG CHARM,Bags,52
22887,-1.5748008884583655,0.6750086297852431,4.13,0.921998225704618,25,6,fitted,NUMBER TILE VINTAGE FONT 8,General Giftware,28
22130,-0.9138421935084386,0.0789286529027591,0.85,64.45136752363958,64,35,fitted,PARTY CONE CHRISTMAS DECORATION ,Christmas & Seasonal,463
90048,-2.4405677367344385,,4.95,5.0,6,1,category_fallback_insufficient_price_variation,GREEN WITH METAL BAG CHARM,Bags,7
22820,-4.030199356483681,0.3554874222485356,0.65,18.812609697606312,45,12,fitted,GIFT BAG BIRTHDAY,Bags,110
20803,-1.7551684586034382,0.6396903287141573,1.65,7.24381800045598,46,15,fitted,SMALL PINK GLASS SUNDAE DISH,Bottles & Glassware,87
84032B,-3.2756921733999795,0.2790352769605638,2.9500000000000006,11.147921857579082,91,53,fitted,CHARLIE + LOLA RED HOT WATER BOTTLE,Bottles & Glassware,627
37482B,-2.2413768703324344,0.7068975605067065,2.55,12.528338145916216,8,4,fitted,CUBIC MUG BLUE POLKA DOT,Kitchen & Dining,9
23551,-3.948997512946914,0.6883687219202064,0.3972131147540983,116.03700008525024,15,14,fitted,PACK OF 12 PAISLEY PARK TISSUES ,General Giftware,139
84968a,-2.45291949563188,,25.225,1.75,4,3,category_fallback_insufficient_price_variation,SET OF 16 VINTAGE ROSE CUTLERY,Kitchen & Dining,5
84989a,-2.314681272087272,,2.08,2.027027027027027,37,3,category_fallback_implausible_fit,75 GREEN FAIRY CAKE CASES,General Giftware,42
22313,-1.8508617281191224,0.2641310294302665,3.208787878787879,8.05930601978871,64,24,fitted,OFFICE MUG WARMER PINK,Kitchen & Dining,144
85206B,-2.7725699812532008,0.0891333016572379,1.6499999999999997,45.37953136398315,17,13,fitted,PINK FELT EASTER EGG BASKET,Christmas & Seasonal,187
84876B,-1.4482869020337683,0.4296046067832881,1.25,11.125428502159725,26,7,fitted,GREEN HEART COMPACT MIRROR,Home Decor,42
84875A,-2.375411544782531,,3.75,1.6,10,1,category_fallback_insufficient_price_variation,PINK SQUARE COMPACT MIRROR,Home Decor,12
84616,-1.6517610110516658,0.5184445113921591,29.95,2.10619712433248,17,5,fitted,SILVER ROCCOCO CHANDELIER,General Giftware,25
84596G,-1.8475990879704645,0.4940684194755481,1.0956410256410258,7.064041551407555,89,46,fitted,SMALL CHOCOLATES PINK BOWL,Kitchen & Dining,356
22567,-5.761855204663228,0.2809854991169059,1.2847735059002665,47.41300353260228,80,53,fitted,20 DOLLY PEGS RETROSPOT,General Giftware,539
84580,-3.757484498607804,,3.794111111111111,11.081632653061224,98,46,category_fallback_implausible_fit,MOUSE TOY WITH PINK T-SHIRT,Toys & Games,466
23209,-8.314780447895213,0.3581309285900478,1.65,357.59785641328045,32,30,fitted,LUNCH BAG VINTAGE DOILY ,Bags,1123
22361,-2.4344857973863587,0.3208228154147959,3.481282051282051,15.00292186507879,89,74,fitted,GLASS JAR DAISY FRESH COTTON WOOL,Bottles & Glassware,507
20829,-4.833922421192112,0.278289666056661,2.1000000000000005,27.88228114590535,102,61,fitted,GLITTER HANGING BUTTERFLY STRING,Jewellery & Accessories,503
21880,-1.7367164916511229,0.3462982361833757,0.6447727272727273,13.250439741958946,94,51,fitted,RED RETROSPOT TAPE,General Giftware,335
22473,-2.2144378787379217,0.4263866114661353,4.95,5.312029954649232,71,28,fitted,TV DINNER TRAY VINTAGE PAISLEY,General Giftware,218
21617,-1.965077580511219,0.358538875236419,3.75,4.660324557469382,69,17,fitted,4 LILY  BOTANICAL DINNER CANDLES,Lighting & Candles,177
84803A,-2.314681272087272,,1.6900000000000002,8.0,14,2,category_fallback_insufficient_price_variation,PINK ALLIUM  ARTIFICIAL FLOWER,General Giftware,17
22038,-3.114237677208787,,0.42,30.405405405405407,37,1,category_fallback_insufficient_price_variation,BOTANICAL LAVENDER GIFT WRAP ,Cards & Stationery,44
22667,-6.086213946302719,0.2282006782809074,2.9499999999999997,45.697156220357854,67,40,fitted,RECIPE BOX RETROSPOT ,Storage & Boxes,899
79191D,-1.4098163076301635,0.2208408581315133,1.12,2.295315464988384,40,13,fitted,RETRO PLASTIC DAISY TRAY,General Giftware,56
22177,-2.314681272087272,,9.95,9.478260869565217,23,15,category_fallback_implausible_fit,5 HOOK BLACKBOARD ORGANISER ,General Giftware,125
23388,-7.841497710961281,0.1185616660541242,4.174939759036145,39.71273532196163,14,12,fitted,WOODLAND MINI BACKPACK,Bags,156
21905,-1.8886120135012845,0.3328266435604278,2.1,4.509374195553083,89,41,fitted,MORE BUTTER METAL SIGN ,Home Decor,267
22621,-2.343915011757092,0.0671363150764651,1.5479386416259324,66.50729719128225,80,62,fitted,TRADITIONAL KNITTING NANCY,General Giftware,913
22861,-3.5904492378492168,0.6578314628652346,1.65,22.14125672153469,15,9,fitted,EASTER TIN CHICKS IN GARDEN,Christmas & Seasonal,50
35979,-2.821711617468137,0.1808557593433413,3.488409090909091,6.627973997218282,6,6,fitted,SIX STRING SCANDINAVIAN HEART DECS,Jewellery & Accessories,28
47563A,-1.0763126643208247,0.3225093124471977,3.36,2.868265712826639,63,24,fitted,RETRO LONGBOARD IRONING BOARD COVER,General Giftware,154
85205A,-2.55654479163404,,2.55,8.25,8,1,category_fallback_insufficient_price_variation,IVORY FELT EASTER RABBIT GARLAND,Christmas & Seasonal,23
90214K,-0.4795952366345499,0.0259960808066718,1.25,1.8437859220007768,50,12,fitted,"LETTER ""K"" BLING KEY RING",Jewellery & Accessories,86
72760B,-3.7131485172383303,0.298366983905785,9.95,12.62830706039768,89,48,fitted,VINTAGE CREAM 3 BASKET CAKE STAND,Storage & Boxes,507
23163,-4.281908712383977,0.6702935438437048,2.5641000000000003,47.15909777224949,33,33,fitted,REGENCY SUGAR TONGS,General Giftware,209
84725,-0.6271849768964839,0.133361430823934,1.65,2.6809572460514275,22,4,fitted,FREESTYLE CANVAS ART PICTURE,General Giftware,30
90142D,-1.6950974262848952,,4.95,2.5,4,1,category_fallback_insufficient_price_variation,MOP PENDANT SHELL NECKLACE,Jewellery & Accessories,4
90030C,-0.8996775142671373,0.5455478894231924,3.41,2.9006309268647974,12,4,fitted,BROWN KUKUI COCONUT SEED NECKLACE,Jewellery & Accessories,16
22586,-3.4413114521469867,0.1741600193226052,0.85,20.311857692666425,78,28,fitted,FELTCRAFT HAIRBAND PINK AND BLUE,General Giftware,314
21364,-1.025134350358826,0.0363854097505362,6.75,4.001624931447883,52,12,fitted,PEACE SMALL WOOD LETTERS,General Giftware,173
84458,-2.314681272087272,,0.85,17.714285714285715,7,2,category_fallback_insufficient_price_variation,S/3 RABBIT FLOWER/EGG/CARROT ROPE,General Giftware,20
84962,-2.314681272087272,,59.95,1.5,2,1,category_fallback_insufficient_price_variation,SET/3 COLOUR PAINTED KASHMIRI STOOL,General Giftware,2
22649,-2.850612788562954,0.1702583370180673,4.95,20.405174962236217,81,43,fitted,STRAWBERRY FAIRY CAKE TEAPOT,Kitchen & Dining,518
90189A,-1.6950974262848952,,7.5,1.4285714285714286,7,1,category_fallback_insufficient_price_variation,SILVER 2 STRAND NECKLACE-LEAF CHARM,Jewellery & Accessories,7
84228,-2.555410941314486,0.3666355543598656,0.5606862745098039,4.882020272411571,24,11,fitted,HEN HOUSE W CHICK STANDING,General Giftware,47
22281,-2.55654479163404,,5.950000000000001,8.825,40,20,category_fallback_implausible_fit,EASTER TREE YELLOW BIRDS,Christmas & Seasonal,149
21493,-2.375411544782531,,0.8791984732824427,68.0,4,3,category_fallback_implausible_fit, VINTAGE DESIGN GIFT TAGS,Home Decor,30
37345,-1.2272046232107827,0.7072966127172766,2.147058823529412,11.020907079122974,4,3,fitted,ASSTD HEARTS DESIGN MUGS,Kitchen & Dining,8
90202D,-2.314681272087272,,2.9500000000000006,2.1818181818181817,22,6,category_fallback_insufficient_price_variation,PINK ENAMEL FLOWER HAIR TIE,General Giftware,24
47563B,-2.314681272087272,,3.75,1.3333333333333333,6,1,category_fallback_insufficient_price_variation,WAVELINE SURF IRONING BOARD COVER,General Giftware,6
22320,-2.70189896239789,0.0834408106088323,5.95,5.184743946888449,81,11,fitted,BIRDS MOBILE VINTAGE DESIGN,Home Decor,180
90165B,-1.6950974262848952,,2.54,1.8571428571428568,28,7,category_fallback_insufficient_price_variation,WHITE ROSEBUD  PEARL EARRINGS,Jewellery & Accessories,35
22601,-4.730456524486431,0.4594174077195511,0.8864485981308411,68.48681531112608,51,36,fitted,CHRISTMAS RETROSPOT ANGEL WOOD,Christmas & Seasonal,445
35818C,-1.6950974262848952,,3.43,1.0,1,1,category_fallback_insufficient_price_variation,"ACRYLIC JEWEL ICICLE, CLEAR ",Jewellery & Accessories,1
23370,-5.609845188100976,0.5525944508780032,1.3303933955929923,92.63090628515478,12,10,fitted,SET 36 COLOURING PENCILS DOILY,Jewellery & Accessories,154
21463,-2.818984058446863,0.1425157055105215,5.95,7.492276736941175,98,28,fitted,MIRRORED DISCO BALL ,Home Decor,310
85123A,-4.389644186116215,0.0929368819602434,2.733875014254761,785.9425985793563,104,104,fitted,WHITE HANGING HEART T-LIGHT HOLDER,Lighting & Candles,5650
90162B,-1.6950974262848952,,2.95,3.733333333333333,15,2,category_fallback_insufficient_price_variation,ANT SILVER LIME GREEN BOUDICCA RING,Jewellery & Accessories,21
20833,-1.7144493909187988,0.9008106077448608,31.35,4.4448753708144695,4,2,fitted,SHAKER THROW  QUILTED,General Giftware,5
21585,-2.314681272087272,,1.65,1.0,1,1,category_fallback_insufficient_price_variation,SWALLOW SMALL TUBE MATCHES,General Giftware,1
90070,-1.6950974262848952,,6.23,2.032258064516129,31,5,category_fallback_insufficient_price_variation,RUBY GLASS CLUSTER BRACELET,Jewellery & Accessories,35
84705C,-2.5555897062774444,0.850099308299724,4.21,1.4489361447480675,7,3,fitted,PINK FLOCK PHOTO FRAME ,Home Decor,7
21289,-2.9858886026424507,0.2480137786636435,1.25,8.76017733721896,64,8,fitted,LARGE STRIPES CHOCOLATE GIFT BAG,Bags,105
35638B,-0.8915879556161548,0.2024208422896509,3.95,3.467029661354805,10,3,fitted,PINK/BLUE STRING CURTAIN ,Jewellery & Accessories,10
21668,-2.5118258550482007,0.1676656075642846,1.3793167701863354,85.44394484861044,97,92,fitted,RED STRIPE CERAMIC DRAWER KNOB,General Giftware,852
85160A,-1.390723048341938,0.627970282931994,1.25,14.632658521444196,23,8,fitted,WHITE BIRD GARDEN DESIGN MUG,Kitchen & Dining,32
35833P,-0.1430267842900542,0.0041863375979515,1.25,4.636731138278344,29,10,fitted,4 PINK FLOCK CHRISTMAS BALLS,Christmas & Seasonal,69
22309,-3.0627774459284423,0.4198097619188209,2.846319444444444,9.149443719426502,90,44,fitted,TEA COSY RED  STRIPE,General Giftware,278
23459,-2.314681272087272,,12.5,3.6666666666666665,9,1,category_fallback_insufficient_price_variation,DOLLY CABINET 2 DRAWERS ,General Giftware,19
84576,-1.3331775120878822,0.5283037313739523,5.95,1.8476272895365569,21,7,fitted,BLUE CAT BISCUIT BARREL PINK HEART,General Giftware,31
85040a,-2.278947917977102,,3.29,1.9615384615384612,26,5,category_fallback_insufficient_price_variation,S/4 PINK FLOWER CANDLES IN BOWL,Lighting & Candles,34
85171,-2.278947917977102,,2.55,1.0,1,1,category_fallback_insufficient_price_variation,S/2 HYACINTH BULB CANDLES,Lighting & Candles,1
22966,-7.073149873283873,0.5150060644641143,1.2615622222222225,107.71059697003096,52,43,fitted,GINGERBREAD MAN COOKIE CUTTER,General Giftware,784
16161U,-2.314681272087272,,0.42,103.8762886597938,97,9,category_fallback_implausible_fit,WRAP SUKI AND FRIENDS,General Giftware,320
23268,-3.844650760501586,0.3155747465417468,1.45,33.611280199313065,20,11,fitted,SET OF 2 CERAMIC CHRISTMAS REINDEER,Christmas & Seasonal,90
84924A,-1.477714440914803,0.2783800323373835,3.75,3.517931150854228,39,10,fitted,WAKE UP COCKEREL CALENDAR SIGN ,Home Decor,65
21226,-2.3147637655355786,0.0952299187821948,1.25,4.372601177559744,23,4,fitted,POCKET MIRROR WOODLAND,Home Decor,41
23550,-2.314681272087272,,0.42,82.75,20,1,category_fallback_insufficient_price_variation,WRAP ALPHABET POSTER  ,General Giftware,63
22164,-1.418724645155663,0.0779606791311666,2.9500000000000006,6.132468529245848,31,8,fitted,STRING OF STARS CARD HOLDER,Jewellery & Accessories,50
84709B,-1.6950974262848952,,5.95,3.297872340425532,47,12,category_fallback_insufficient_price_variation,PINK OVAL JEWELLED MIRROR,Jewellery & Accessories,89
82552,-3.298331132245077,0.1861195765444525,1.45,39.32873035075356,100,68,fitted,WASHROOM METAL SIGN,Home Decor,812
35930,-2.55654479163404,,0.38,1.0,1,1,category_fallback_insufficient_price_variation,PINK HEART CHRISTMAS DECORATION,Christmas & Seasonal,1
44242B,-2.2046666219778235,0.1449774197050891,1.25,5.633174634143819,9,2,fitted,PINK FEATHERS CURTAIN,General Giftware,9
21099,-2.027956856354901,0.1056224382602064,0.65,10.882790470570942,17,6,fitted,SET/6 STRAWBERRY PAPER CUPS,General Giftware,35
23355,-2.2316348529077747,,4.737683431952664,360.125,16,16,category_fallback_implausible_fit,HOT WATER BOTTLE KEEP CALM,Bottles & Glassware,802
84884A,-2.787532400391761,0.2124052689807174,3.95,10.64389120610894,91,42,fitted,ANT WHITE WIRE HEART SPIRAL,General Giftware,313
21089,-0.8234443589971535,0.3205570630725075,0.65,4.776510742363863,29,6,fitted,SET/6 GREEN SPRING PAPER CUPS,Jewellery & Accessories,41
23009,-2.2359817242267863,0.1589897753171147,16.72833333333333,4.148315489800893,38,19,fitted,I LOVE LONDON BABY GIFT SET,General Giftware,102
37489C,-0.4070932330192762,0.4915252979620017,0.39,3.062765294716767,11,4,fitted,GREEN/BLUE FLOWER DESIGN BIG MUG,Kitchen & Dining,13
20774,-0.7996217819238424,0.0156155100530889,1.65,3.807568630933491,54,15,fitted,GREEN FERN NOTEBOOK,Cards & Stationery,125
84884a,-2.314681272087272,,8.29,2.24,25,2,category_fallback_insufficient_price_variation,ANT WHITE WIRE HEART SPIRAL,General Giftware,39
35004c,-2.314681272087272,,12.72,2.0,13,1,category_fallback_insufficient_price_variation,SET OF 3 COLOURED  FLYING DUCKS,General Giftware,24
51008,-2.314681272087272,,3.45,69.8780487804878,41,8,category_fallback_implausible_fit,AFGHAN SLIPPER SOCK PAIR,General Giftware,84
90102,-2.314681272087272,,0.85,5.666666666666667,3,1,category_fallback_insufficient_price_variation,WHITE FRANGIPANI HAIR CLIP,General Giftware,3
23342,-3.884678411520956,0.0424889455300728,8.5,12.279856479010784,25,7,fitted,MINT DINER WALL CLOCK,Home Decor,165
84971s,-2.314681272087272,,1.66,2.0,3,1,category_fallback_insufficient_price_variation,SMALL HEART FLOWERS HOOK ,General Giftware,3
51020B,-1.8273050748305315,0.527975142794114,1.25,3.1155188475307254,41,5,fitted,STRIPY DESIGN SHOWER CAP,Home Decor,62
20757,-3.507156552223067,0.2446376416248836,0.85,5.645643548013531,40,7,fitted,RED DAISY POCKET BOOK ,General Giftware,84
85185D,-1.2457170425027346,0.1382532060018072,2.9500000000000006,4.028385730152635,38,11,fitted,FROG SOCK PUPPET,General Giftware,70
84548,-1.6950974262848952,,1.65,3.692307692307693,13,2,category_fallback_insufficient_price_variation,CROCHET BEAR RED/BLUE  KEYRING,Jewellery & Accessories,14
15056N,-6.768702788455995,0.5396329539489378,5.874531816873021,61.59648651516672,104,91,fitted,EDWARDIAN PARASOL NATURAL,General Giftware,1050
84972L,-2.314681272087272,,3.95,10.636363636363637,11,3,category_fallback_insufficient_price_variation,GIANT PINK HEART MEMO HOLDER,General Giftware,46
22767,-2.8120489035823497,0.0811187994140764,9.95,11.695901764064637,59,23,fitted,TRIPLE PHOTO FRAME CORNICE ,Home Decor,304
84707A,-1.2942058180905,0.4280363593725597,9.95,2.438212088008484,38,13,fitted,SILVER JEWELLED MIRROR TRINKET TRAY,Jewellery & Accessories,66
84932A,-1.0420617152307814,0.3453203577073532,1.95,16.049482866725974,14,5,fitted,SMALL GREEN PEONY FOLDING STOOL,General Giftware,24
22860,-2.55654479163404,,1.65,29.52380952380953,21,9,category_fallback_implausible_fit,EASTER TIN CHICKS PINK DAISY,Christmas & Seasonal,115
84406b,-2.314681272087272,,6.91,2.0,1,1,category_fallback_insufficient_price_variation,CREAM CUPID HEARTS COAT HANGER,General Giftware,2
22674,-5.490584952492873,0.2999659384864757,1.2679999999999998,24.335992308406684,67,31,fitted,FRENCH TOILET SIGN BLUE METAL,Home Decor,305
22788,-3.0985517647408365,0.2986211729572365,9.95,7.21781989192095,32,15,fitted,BROCANTE COAT RACK,General Giftware,91
22517,-2.376344746498575,0.184085908802991,2.1,6.250532337276487,60,16,fitted,CHILDS GARDEN RAKE PINK,Garden & Outdoor,158
47591c,-2.45291949563188,,4.21,1.3333333333333333,3,1,category_fallback_insufficient_price_variation,BLUE FAIRY CAKE CHILD'S APRON,Kitchen & Dining,3
21366,-1.2082135781223278,0.2215228267001993,7.15125,1.961880283660824,48,12,fitted,MIRRORED WALL ART PHOTO FRAMES,Home Decor,81
37461,-2.9833994212269377,0.3570689092087894,1.25,7.809033217894888,44,18,fitted,FUNKY MONKEY MUG,Kitchen & Dining,97
90059A,-2.314681272087272,,1.6899999999999995,2.742857142857143,35,5,category_fallback_insufficient_price_variation,DIAMANTE HAIR GRIP PACK/2 CRYSTAL,General Giftware,50
85176,-2.518190124664502,0.252395800159698,0.8824,16.59977781344171,93,50,fitted,SEWING SUSAN 21 NEEDLE SET,General Giftware,314
22503,-1.3394813484886277,0.2193882354305821,29.95,2.125830571792083,36,10,fitted,CABIN BAG VINTAGE PAISLEY,Bags,57
84951b,-2.314681272087272,,5.115,2.5,4,2,category_fallback_insufficient_price_variation,S/4 BLACK LOVEBIRD COASTERS,General Giftware,5
85054,-1.9958942075577444,0.4091120547235999,2.9500000000000006,7.555600905484102,88,29,fitted,FRENCH ENAMEL POT W LID,General Giftware,212
47369B,-0.7092495271467679,0.1767083526476504,2.95,2.402705132344554,18,5,fitted,BLUE GREEN EMBROIDERY COSMETIC BAG,Bags,33
85036A,-2.305494924416286,0.1597767854370065,4.25,3.893496029809811,80,13,fitted,GARDENIA 1 WICK MORRIS BOXED CANDLE,Lighting & Candles,182
22487,-1.7594693423221417,0.1150070699653267,9.95,15.86528718328054,90,69,fitted,WHITE WOOD GARDEN PLANT LADDER,Garden & Outdoor,911
35004p,-2.314681272087272,,12.72,1.0,1,1,category_fallback_insufficient_price_variation,SET OF 3 PINK FLYING DUCKS,General Giftware,1
22428,-0.6723036174586726,0.0141005658216597,6.95,4.3381930576568015,76,26,fitted,ENAMEL FIRE BUCKET CREAM,General Giftware,203
22774,-3.19290151376811,0.4001166985211547,1.3122380952380952,40.052364838188176,54,28,fitted,RED DRAWER KNOB ACRYLIC EDWARDIAN,General Giftware,196
20735,-0.5058694656668984,0.014054613113777,1.0509523809523809,7.98727648116539,68,43,fitted,BLACK MINI TAPE MEASURE ,General Giftware,214
22427,-2.496044323480469,0.0537137948172514,5.95,36.22666152210602,70,60,fitted,ENAMEL FLOWER JUG CREAM,General Giftware,825
21303,-1.8360725731852183,0.5580901285110612,16.95,3.244487521220064,11,6,fitted,FILIGREE WALL MIRROR  ANTIQUE WHITE,Home Decor,29
21056,-1.1284623632283324,0.0297235115744294,8.95,4.002871243659763,80,15,fitted,DOCTOR'S BAG SOFT TOY,Bags,197
22996,-3.762700572895116,0.0946444875030706,0.4351851851851852,84.00792169565548,43,41,fitted,TRAVEL CARD WALLET VINTAGE TICKET,Cards & Stationery,414
23487,-3.0872890882343937,0.0707166046711629,9.95,8.562062611249939,8,5,fitted,SWEET HEART CAKE CARRIER,General Giftware,44
23182,-1.854387424820574,0.5092807003066472,0.9583464566929132,88.22411674396906,41,40,fitted,TOILET SIGN OCCUPIED OR VACANT,Home Decor,443
72752A,-2.278947917977102,,4.25,1.0,1,1,category_fallback_insufficient_price_variation,"F.FAIRY,CANDLE IN GLASS,LILY/VALLEY",Lighting & Candles,1
23156,-6.038507930162205,0.1056495472391442,2.08,30.324041694622117,38,20,fitted,SET OF 5 MINI GROCERY MAGNETS,General Giftware,212
23432,-0.9582721118728208,0.0090990936537354,0.83,63.3404112931193,15,6,fitted,PRETTY HANGING QUILTED HEARTS,General Giftware,76
22168,-2.314681272087272,,8.5,9.106060606060606,66,6,category_fallback_insufficient_price_variation,ORGANISER WOOD ANTIQUE WHITE ,General Giftware,320
37441,-1.2798931305133694,0.4594782781807878,2.1,20.920250708769508,26,12,fitted,ASSORTED WHITE EMBOSSED CHINA MUGS,Kitchen & Dining,55
23608,-2.314681272087272,,2.91,1.3333333333333333,3,1,category_fallback_insufficient_price_variation,SET 10 CARDS RUDOLPHS NOSE 17097,General Giftware,3
72741,-3.684928217370641,0.1612825053919934,1.4499999999999995,118.9797882259368,103,81,fitted,GRAND CHOCOLATECANDLE,Lighting & Candles,954
22770,-2.375411544782531,,14.95,2.5609756097560976,41,6,category_fallback_implausible_fit,MIRROR CORNICE,Home Decor,71
84206C,-3.114237677208787,,0.19,2.5,4,2,category_fallback_insufficient_price_variation,CHAMPAGNE TRAY BLANK CARD,Cards & Stationery,4
85114b,-2.314681272087272,,3.29,3.5,16,4,category_fallback_insufficient_price_variation,IVORY ENCHANTED FOREST PLACEMAT,General Giftware,19
21262,-1.0875238292081544,0.334769763480879,3.163720159151194,11.904112932663432,48,21,fitted,WHITE GOOSE FEATHER CHRISTMAS TREE ,Christmas & Seasonal,145
85226A,-1.1735759880061898,0.0598498009028165,0.55,20.625228587732096,41,17,fitted,WHITE/BLUE PULL BACK RACING CAR,General Giftware,151
84509e,-2.314681272087272,,7.62,2.0,1,1,category_fallback_insufficient_price_variation,SET OF 4 CAROUSEL PLACEMATS ,General Giftware,1
21912,-2.539531818813708,0.167324803259719,4.121,23.169150524334995,104,72,fitted,VINTAGE SNAKES & LADDERS,General Giftware,854
84926C,-1.6803221520384934,0.1400065309525594,1.25,8.59254820722081,14,6,fitted,FAIRY CAKES TILE COASTER,General Giftware,32
21382,-1.0555113899855215,0.3211706032348844,2.95,5.899348075285919,56,17,fitted,SET/4 SPRING FLOWER DECORATION,Jewellery & Accessories,157
84510b,-2.314681272087272,,2.15,1.0,1,1,category_fallback_insufficient_price_variation,SET OF 4 FAIRY CAKES COASTERS ,General Giftware,1
90028,-1.6950974262848952,,8.49,1.631578947368421,19,3,category_fallback_insufficient_price_variation,NEW BAROQUE LARGE NECKLACE BLK/WHIT,Jewellery & Accessories,26
21471,-1.7122244203046724,0.0281195140204294,3.75,9.36129882810925,91,35,fitted,STRAWBERRY RAFFIA FOOD COVER,General Giftware,322
23048,-3.3209233036925347,0.2701315788275883,4.15,11.08814845510745,29,12,fitted,SET OF 10 LANTERNS FAIRY LIGHT STAR,Lighting & Candles,105
21918,-6.531138533750158,0.5101339594208409,0.4270955882352941,104.23465745516178,104,83,fitted,SET 12 KIDS COLOUR  CHALK STICKS,General Giftware,821
35400,-2.5152758431915747,0.111697803594437,9.05653594771242,22.815253686851086,31,22,fitted,WOODEN BOX ADVENT CALENDAR ,Christmas & Seasonal,427
23326,-1.478444008550331,0.0447705808235745,0.6584758364312269,118.54747503947574,17,13,fitted,HANGING MINI COLOURED BOTTLES,Bottles & Glassware,76
21153,-0.6642095101154235,0.0110379246117725,10.65,7.641964933332056,35,13,fitted,RED SPOTTY TABLECLOTH ,General Giftware,138
37451,-2.45291949563188,,4.95,1.0,1,1,category_fallback_insufficient_price_variation,CERAMIC CAKE TEAPOT WITH CHERRY,Kitchen & Dining,1
21125,-2.456181289500183,0.2513279380624035,1.25,12.297046417345117,90,20,fitted,SET 6 FOOTBALL CELEBRATION CANDLES,Lighting & Candles,265
21852,-2.314681272087272,,6.95,1.0,2,1,category_fallback_insufficient_price_variation,EMPIRE TEDDY,General Giftware,2
84948,-2.278947917977102,,1.6499999999999997,21.23076923076923,13,3,category_fallback_implausible_fit,SILVER HANGING T-LIGHT HOLDER DOME,Lighting & Candles,37
84250M,-3.114237677208787,,0.85,1.4444444444444444,9,2,category_fallback_insufficient_price_variation,"GREETING CARD, BLACKPOOL ROCK",Cards & Stationery,11
20796,-1.911761842175895,0.5148122459064751,1.65,5.481230492829774,19,4,fitted,SMALL BLUE PROVENCAL CERAMIC BALL,General Giftware,21
79303D,-1.0656573976198442,0.0914754525290477,4.43,2.870701473894108,11,5,fitted,LILAC FLOWER BLOCK TABLE LAMP,Lighting & Candles,19
84016,-0.3996951879411692,0.3968998613196619,0.42,27.99928911123416,22,11,fitted,FLAG OF ST GEORGE CAR FLAG,General Giftware,60
22036,-5.284509176251564,0.7401213383894292,0.42,42.879753303557926,36,16,fitted,DINOSAUR BIRTHDAY CARD,Cards & Stationery,137
22437,-6.075032692360209,0.5086847693074499,0.8605872973691202,59.22673368885124,86,61,fitted,SET OF 9 BLACK SKULL BALLOONS,General Giftware,464
22857,-2.036180741418988,0.2212946339616729,0.85,45.30351307978111,22,6,fitted,ASSORTED EASTER GIFT TAGS,Christmas & Seasonal,69
90203,-1.6950974262848952,,7.5,3.3181818181818183,22,6,category_fallback_insufficient_price_variation,SILVER CHARM NECKLACE 70CM,Jewellery & Accessories,35
23028,-2.314681272087272,,1.6882978723404256,65.47619047619048,21,16,category_fallback_implausible_fit,DRAWER KNOB CRACKLE GLAZE BLUE,General Giftware,139
16225,-1.933640793616496,0.3219417446749744,1.25,8.47676272920682,61,28,fitted,RATTLE SNAKE EGGS,General Giftware,174
84562A,-1.4728778071906488,0.1935690464047972,7.95,3.3071267870950822,42,10,fitted,PINK/WHITE RIBBED MELAMINE JUG,General Giftware,81
21216,-2.6258218332449985,0.2973301795456328,5.3047121212121215,32.993738439495154,98,90,fitted,"SET 3 RETROSPOT TEA,COFFEE,SUGAR",General Giftware,833
84969,-1.1320273960131009,0.0619552610857824,4.25,7.948415786575069,94,48,fitted,BOX OF 6 ASSORTED COLOUR TEASPOONS,Storage & Boxes,353
20860,-2.4405677367344385,,2.1,2.2222222222222223,9,1,category_fallback_insufficient_price_variation,GOLD COSMETICS BAG WITH BUTTERFLY,Bags,11
21201,-3.2222491942076465,0.321482610681864,2.55,16.623621074590837,95,44,fitted,TROPICAL  HONEYCOMB PAPER GARLAND ,General Giftware,246
22474,-2.098930889978861,0.2422830683075648,4.950000000000001,8.517154993995177,75,35,fitted,SPACEBOY TV DINNER TRAY,General Giftware,269
22043,-2.744908493871685,0.4183249452971574,0.42,15.267022931110288,40,21,fitted,CHRISTMAS CARD SCREEN PRINT ,Christmas & Seasonal,131
48116,-3.825571023674602,0.4297191014179942,7.4872,17.20114921960952,88,71,fitted,DOORMAT MULTICOLOUR STRIPE,General Giftware,502
84527,-1.9695733801387376,0.1536128017486302,1.95,2.9608848242129358,16,3,fitted,FLAMES SUNGLASSES PINK LENSES,General Giftware,23
85048,-3.097347725916133,0.2192087371107272,7.95,21.817536797788957,60,42,fitted,15CM CHRISTMAS GLASS BALL 20 LIGHTS,Christmas & Seasonal,551
23004,-4.195659865094465,0.4557581794209223,0.4503703703703703,41.52624468242147,43,38,fitted,TRAVEL CARD WALLET PANTRY,Cards & Stationery,227
23664,-2.45291949563188,,1.65,1.0,1,1,category_fallback_insufficient_price_variation,FLOWER SHOP DESIGN MUG,Kitchen & Dining,1
21232,-2.928474228635803,0.3635937225434916,1.2554462418216477,338.04669845449183,104,104,fitted,STRAWBERRY CERAMIC TRINKET BOX,Storage & Boxes,2537
84192,-9.635482451129914,0.1903795605594302,1.25,5.180093528597857,28,3,fitted,ASSORTED COLOUR METAL CAT ,General Giftware,45
84858C,-1.9910752720548257,0.8455229172790856,5.95,2.0518798568126195,22,6,fitted,PINK RIVIERA HANDBAG,Bags,30
20615,-0.9418657480247844,0.1782201272346513,2.1,3.63944561422193,80,27,fitted,BLUE POLKADOT PASSPORT COVER,General Giftware,204
51014c,-3.114237677208787,,0.83,1.0,1,1,category_fallback_insufficient_price_variation,"FEATHER PEN,COAL BLACK",Cards & Stationery,1
21422,-3.7391269195236143,0.4295023201787268,0.85,28.24547455635018,74,28,fitted,PORCELAIN ROSE SMALL,General Giftware,151
22426,-2.505496770009356,0.3162039447144142,3.965665634674923,13.447934200847556,80,59,fitted,ENAMEL WASH BOWL CREAM,Kitchen & Dining,380
10133,-3.501937184382284,0.5387184163491495,0.85,17.620160257128518,74,34,fitted,COLOURING PENCILS BROWN TUBE,Jewellery & Accessories,298
35915B,-1.401744944073076,0.0717486102208065,1.6499999999999997,5.008156711880562,26,10,fitted,BLUE KNITTED HEN ,General Giftware,70
21593,-2.582768898406496,,1.25,35.47826086956522,23,1,category_fallback_insufficient_price_variation,SWALLOW CIGAR BOX MATCHES ,Storage & Boxes,96
22033,-4.039724599311854,0.5768391704603728,0.42,25.39228664183192,59,17,fitted,BOTANICAL ROSE GREETING CARD,Cards & Stationery,129
21120,-2.314681272087272,,16.98,2.0,1,1,category_fallback_insufficient_price_variation,*Boombox Ipod Classic,General Giftware,2
22324,-1.5108297425238215,0.2054692458779283,3.04,4.2503804069074205,71,28,fitted,BLUE POLKADOT KIDS BAG,Bags,154
22668,-4.234640843910869,0.615598715213626,3.184276094276094,40.03308135094672,74,65,fitted,PINK BABY BUNTING,General Giftware,588
23583,-6.261601752442384,0.7337190639012482,1.6041605839416058,535.8164092927552,7,7,fitted,LUNCH BAG PAISLEY PARK  ,Bags,338
47599A,-6.884400179910149,0.3791786566177497,2.1,28.152259718614648,89,53,fitted,PINK PARTY BAGS,General Giftware,377
23280,-5.970109554390424,0.1731803547535576,0.83,41.31627563390744,30,22,fitted,FOLDING BUTTERFLY MIRROR HOT PINK ,Home Decor,159
85049c,-3.114237677208787,,2.46,1.0,1,1,category_fallback_insufficient_price_variation,ROMANTIC PINKS RIBBONS ,Cards & Stationery,1
22758,-3.322010670046627,0.2526545517674208,1.2751501976284585,17.29491436933957,64,39,fitted,LARGE PURPLE BABUSHKA NOTEBOOK  ,Cards & Stationery,337
85031A,-2.0274173788080017,0.6387177253716879,3.36,3.740314789943484,44,18,fitted,ROMANTIC IMAGES SCRAP BOOK SET,General Giftware,102
23052,-0.6536547701959117,0.0092312286338015,8.948333333333332,10.989828994641604,41,26,fitted,RECYCLED ACAPULCO MAT TURQUOISE,General Giftware,277
85167B,-1.927995317063664,0.644115241026088,4.25,5.091886941556723,34,13,fitted,BLACK GRAND BAROQUE PHOTO FRAME,Home Decor,63
72351B,-7.563503647443144,0.3004306961441931,2.1,26.66454021554862,101,56,fitted,SET/6 PINK  BUTTERFLY T-LIGHTS,Lighting & Candles,519
90177B,-1.6950974262848952,,2.955,1.8235294117647056,17,6,category_fallback_insufficient_price_variation,DROP DIAMANTE EARRINGS BLACK DIAMON,Jewellery & Accessories,19
47343A,-1.0126300194297508,0.0844176276022824,1.49,4.567819749972978,20,3,fitted,FUSCHIA FLOWER PURSE WITH BEADS,General Giftware,28
37509,-2.45291949563188,,2.55,2.583333333333333,12,1,category_fallback_insufficient_price_variation,NEW ENGLAND MUG W GIFT BOX,Kitchen & Dining,17
22685,-3.607384109731034,0.3456916519971666,1.25,15.85877211867218,58,16,fitted,FRENCH BLUE METAL DOOR SIGN 0,Home Decor,161
21499,-8.74786253542215,0.3426327935085284,0.42,103.96851513661204,97,12,fitted,BLUE POLKADOT WRAP,General Giftware,468
82567,-1.4995845741165583,0.0888295649664062,2.1,9.062933091595786,100,59,fitted,"AIRLINE LOUNGE,METAL SIGN",Home Decor,497
90120A,-1.6950974262848952,,4.25,3.4814814814814814,27,6,category_fallback_insufficient_price_variation,PINK MURANO TWIST BRACELET,Jewellery & Accessories,42
21490,-0.7250345549777899,0.0182728494436862,1.95,12.152468518800369,6,3,fitted,SET OF THREE 50'S GIFT WRAPS ,Cards & Stationery,57
85049A,-3.119107458969427,0.0892572632168196,1.2561764705882352,25.04566604846779,84,42,fitted,TRADITIONAL CHRISTMAS RIBBONS,Christmas & Seasonal,715
21413,-0.9127227681925244,0.0613687337398926,1.25,4.941367995277962,32,9,fitted,PERIWINKLE T-LIGHT HOLDER,Lighting & Candles,59
46000U,-2.314681272087272,,1.25,5.976190476190476,42,1,category_fallback_insufficient_price_variation,POLYESTER FILLER PAD 30CMx30CM,General Giftware,51
16237,-4.475162878679355,0.543990598664241,0.2187301587301587,81.33886907434213,103,82,fitted,SLEEPING CAT ERASERS,General Giftware,606
85183A,-1.78526801310281,0.4619913706000641,1.396153846153846,16.106442987011206,68,10,fitted,CHARLIE & LOLA WASTEPAPER BIN BLUE,General Giftware,139
21443,-0.9297197589741388,0.1032455416297256,3.75,3.5007178142625786,13,5,fitted,OLIVE CHALET BIRDFEEDER,General Giftware,26
84510C,-0.7254427017808256,0.0567765386515821,1.25,2.92179075343099,65,13,fitted,SET OF 4 POLKADOT COASTERS,General Giftware,101
22928,-2.2366473473461657,,5.95,6.309523809523809,42,17,category_fallback_implausible_fit,YELLOW GIANT GARDEN THERMOMETER,Garden & Outdoor,120
23289,-5.133005277959121,0.4806532879305457,1.30775,48.04030198447235,26,22,fitted,DOLLY GIRL CHILDRENS BOWL,Kitchen & Dining,192
46775B,-2.314681272087272,,16.95,2.5,2,1,category_fallback_insufficient_price_variation,BERRIES CHUNKY KNITTED THROW ,General Giftware,4
21637,-3.6925119910651354,0.6629730538026924,1.300184921763869,25.763410608766375,44,12,fitted,ASSORTED SANSKRIT MINI NOTEBOOK,Cards & Stationery,92
22454,-4.843497652744512,0.1582881053319245,2.95,11.274461302852895,57,18,fitted,MEASURING TAPE BABUSHKA RED,Jewellery & Accessories,194
22153,-4.467813561580805,0.2360677959696262,0.4286592782808488,56.58528563296091,58,33,fitted,ANGEL DECORATION STARS ON DRESS,Home Decor,310
16215,-2.314681272087272,,0.6500000000000001,8.0,1,1,category_fallback_insufficient_price_variation,FUNKY GIRLZ MAGNETIC TO DO LIST ,General Giftware,3
21990,-2.832632513015241,0.4907194690778564,2.51,9.743925137174848,93,58,fitted,MODERN FLORAL STATIONERY SET,General Giftware,519
21094,-4.5660064894273695,0.4163130544781251,0.8422737712448323,118.24173403425984,104,95,fitted,SET/6 RED SPOTTY PAPER PLATES,Kitchen & Dining,1001
22351,-2.0533511102062985,,3.29,1.0,1,1,category_fallback_insufficient_price_variation,DOTCOMGIFTSHOP TEA TOWEL,Bath & Body,1
16162L,-2.6040180129616277,0.8421436670464195,0.65,5.211886938215532,25,7,fitted,THE KING GIFT BAG,Bags,29
84564,-2.45291949563188,,7.95,2.5,8,1,category_fallback_insufficient_price_variation,6 SEGMENT COLOURED SNACK BOWL ,Kitchen & Dining,10
22751,-4.295789677578426,0.1758480231986905,3.75,22.45524186582894,65,35,fitted,FELTCRAFT PRINCESS OLIVIA DOLL,Toys & Games,494
81950B,-1.2900955846881927,0.3773954694976071,0.85,3.310288735627171,27,6,fitted,FLOWER BLUE CLOCK W/SUCKER,Home Decor,36
45013,-2.314681272087272,,2.95,3.4285714285714284,7,1,category_fallback_insufficient_price_variation,FOLDING SHOE TIDY,General Giftware,7
22389,-1.4103433055473995,0.2774974732081027,2.55,5.914775857774127,52,12,fitted,PAPERWEIGHT SAVE THE PLANET,General Giftware,94
21007,-1.8733927771377024,0.679133757342116,0.3848198198198198,109.65920546914413,17,10,fitted,ETCHED GLASS DROPLET DECORATION,Home Decor,48
30086C,-2.314681272087272,,1.7,1.0,1,1,category_fallback_insufficient_price_variation,ASSORTED FRUIT STRAWS,General Giftware,1
21027,-1.693019142391219,0.1554873575038587,1.25,6.434854077287228,41,13,fitted,NINJA RABBIT PINK,General Giftware,86
21322,-1.4418252733919945,0.8689730320574064,2.0642857142857145,90.96905421427,3,3,fitted,GLASS SPHERE CANDLE STAND LARGE ,Lighting & Candles,13
21989,-3.3478201733896715,0.3663908471695066,0.8925454545454545,51.138197704459145,101,83,fitted,PACK OF 20 SKULL PAPER NAPKINS,General Giftware,674
21911,-3.940305716711805,0.3254975810391775,1.696216216216216,21.8307470551796,65,37,fitted,GARDEN METAL SIGN ,Home Decor,348
21424,-1.650813254266193,0.3298429719430311,4.43,5.144090388557165,71,28,fitted,WOODLAND STORAGE BOX LARGE ,Storage & Boxes,142
21328,-2.287542481153706,0.316366476419558,1.9623809523809523,16.398706491078226,101,76,fitted,BALLOONS  WRITING SET ,General Giftware,685
90159,-1.6950974262848952,,4.95,1.947368421052632,19,3,category_fallback_insufficient_price_variation,COTE D'AZURE NECKLACE,Jewellery & Accessories,19
35936,-2.55654479163404,,0.38,4.5,8,2,category_fallback_insufficient_price_variation,CERISE+GOLD CHRISTMAS TREE DEC,Christmas & Seasonal,9
22291,-3.903050197585658,0.1966899307358999,1.45,24.699572103669983,65,32,fitted,"SPRING DEC , HANGING CHICK CREAM",Jewellery & Accessories,275
37333,-2.314681272087272,,4.95,4.0,37,13,category_fallback_implausible_fit,"RETRO ""TEA FOR ONE"" ",General Giftware,61
85232b,-3.757484498607804,,10.17,1.8461538461538465,13,1,category_fallback_insufficient_price_variation,SET/3 RUSSIAN DOLL STACKING TINS,Toys & Games,21
21059,-3.328538230349204,0.062252766687496,0.85,12.2602443275229,90,21,fitted,PARTY INVITES DINOSAURS,General Giftware,224
90024A,-1.6950974262848952,,8.5,1.25,4,1,category_fallback_insufficient_price_variation,NEW BAROQUE B'FLY NECKLACE BLACK,Jewellery & Accessories,4
22486,-1.1779880859197294,0.2581853523717499,12.75,1.9625874488027295,26,5,fitted,PLASMATRONIC LAMP,Lighting & Candles,41
22330,-2.314681272087272,,1.45,14.11111111111111,9,4,category_fallback_implausible_fit,72 ROUND PINK DOILIES,General Giftware,21
85232d,-2.314681272087272,,10.17,1.0,1,1,category_fallback_insufficient_price_variation,SET/3 DECOUPAGE STACKING TINS,General Giftware,1
84849D,-2.00490344957149,0.0393272146511433,1.6900000000000002,9.591156839114344,88,28,fitted,HOT BATHS SOAP HOLDER,Bath & Body,263
23183,-0.2373151459903323,0.0031508844488218,3.75,5.269650438983076,31,11,fitted,MOTHER'S KITCHEN SPOON REST ,Kitchen & Dining,84
47591d,-2.45291949563188,,4.96,7.25,40,3,category_fallback_insufficient_price_variation,PINK FAIRY CAKE CHILDRENS APRON,Kitchen & Dining,74
22269,-1.3140652903930572,0.3633782590601789,1.25,8.793536650143487,77,37,fitted,EGG CUP NATURAL CHICKEN,Kitchen & Dining,209
84750A,-1.9036778847087008,0.2834075561671016,2.3121794871794874,16.74718311874949,24,21,fitted,PINK SMALL GLASS CAKE STAND,Bottles & Glassware,105
20831,-1.546910196723002,0.3471784649677767,2.1,6.462102142341458,53,13,fitted,GOLD PHOTO FRAME,Home Decor,81
22116,-1.4303565651610586,0.3904451277053982,2.29,3.440856928143872,77,35,fitted,METAL SIGN HIS DINNER IS SERVED,Home Decor,202
22091,-1.5060712701363077,0.3696423740949413,1.25,11.156259045730868,88,42,fitted,EMPIRE TISSUE BOX,Storage & Boxes,339
37343,-2.3682465088477724,0.3658277693184807,1.6499999999999997,17.241168341078232,49,22,fitted,SPOTS DESIGN MUG W PINK INSIDE,Kitchen & Dining,107
90001B,-1.6950974262848952,,4.25,1.5,8,2,category_fallback_insufficient_price_variation,ANTIQUE MID BLUE FLOWER EARRINGS,Jewellery & Accessories,9
22310,-2.504653226283053,0.2567131512863251,1.8842857142857143,11.16698103719218,79,42,fitted,IVORY KNITTED MUG COSY ,Kitchen & Dining,242
21836,-0.2059382033379328,0.0015738013944311,3.75,4.948723648387209,39,12,fitted,GINGHAM OVEN GLOVE RED HEART ,General Giftware,104
22992,-7.083483175545258,0.5457755025789062,1.95,75.91169588980783,42,32,fitted,REVOLVER WOODEN RULER ,General Giftware,356
90096,-1.8902436985488795,0.1200549207235459,2.485,2.1767147794618027,34,9,fitted,NECKLACE+BRACELET SET BLUE BLOSSOM,Jewellery & Accessories,54
84510A,-3.042087875649501,0.415822552615542,1.3622727272727273,20.73194542542776,102,75,fitted,SET OF 4 ENGLISH ROSE COASTERS,General Giftware,488
82581,-3.70069837899043,0.1829381302986082,0.5745689655172415,58.03282524933538,104,83,fitted,TOILET METAL SIGN,Home Decor,928
85114C,-0.6212858418193009,0.0143377645591065,1.65,10.58064427561224,66,24,fitted,RED ENCHANTED FOREST PLACEMAT,General Giftware,174
21401,-1.2482051988880114,0.3491688818010634,0.42,6.1329001176546365,65,24,fitted,BLUE PUDDING SPOON,General Giftware,125
21224,-2.314681272087272,,1.25,22.87628865979381,97,47,category_fallback_implausible_fit,SET/4 SKULL BADGES,General Giftware,327
22331,-4.43826952695301,0.4111190272681441,1.65,30.48178168764918,101,63,fitted,WOODLAND PARTY BAG + STICKER SET,Bags,450
85198,-2.110127897500124,0.1344951482596651,0.85,16.542695527108933,26,12,fitted,ASSORTED FARMYARD ANIMALS IN BUCKET,General Giftware,53
62018,-8.535249114847284,0.7545560672058456,1.95,6.830458689554653,72,17,fitted,SOMBRERO ,General Giftware,130
22173,-2.949756480529483,0.2392167575834179,3.143636363636364,51.50069307342169,83,82,fitted,METAL 4 HOOK HANGER FRENCH CHATEAU,General Giftware,1035
84847,-2.1635982309033484,0.7137622521431974,3.75,2.856864288341922,35,6,fitted,FLORAL BATHROOM SET,Bath & Body,50
90022,-1.6950974262848952,,3.790000000000001,1.826086956521739,23,7,category_fallback_insufficient_price_variation,EDWARDIAN DROP EARRINGS JET BLACK,Jewellery & Accessories,37
84795E,-2.314681272087272,,7.95,2.0,5,1,category_fallback_insufficient_price_variation,RIO PINK STRIPE HAMMOCK,General Giftware,6
21833,-3.275069732491729,0.1453889788733985,1.6900000000000002,42.5973665726415,97,46,fitted,CAMOUFLAGE LED TORCH,General Giftware,460
44089C,-2.278947917977102,,0.42,4.533333333333333,15,2,category_fallback_insufficient_price_variation,LILAC GAUZE BUTTERFLY LAMPSHADE,Lighting & Candles,18
85185B,-1.322760677710863,0.0640881591646244,2.95,5.92607264812014,80,21,fitted,PINK HORSE SOCK PUPPET,General Giftware,207
21243,-5.327575812741769,0.5936280959716691,1.6900000000000002,46.85309363395016,101,71,fitted,PINK  POLKADOT PLATE ,Kitchen & Dining,508
82607C,-1.6013560521693504,0.1705029915673264,1.4492857142857145,7.75619358868124,12,11,fitted,GLASS BONBON JAR. SUPERFINES,Bottles & Glassware,43
17014E,-2.314681272087272,,1.65,1.2,5,1,category_fallback_insufficient_price_variation,ORIGAMI OPIUM INCENSE CONES,General Giftware,5
75172,-1.4461046877855086,0.8158511646417462,2.27,3.1323958761139643,10,2,fitted,PAINTED SEA SHELL METAL WINDCHIME,General Giftware,11
90036C,-2.2316348529077747,,7.95,2.5,12,4,category_fallback_insufficient_price_variation,"FLOWER GLASS GARLAND NECKL.36""BLUE",Bottles & Glassware,14
22290,-2.314681272087272,,2.1,27.642857142857142,14,7,category_fallback_implausible_fit,STANDING METAL RABBIT WITH EGG,General Giftware,80
79030A,-1.2031502733372983,0.6805290413029487,2.367085020242915,13.883822220021516,12,8,fitted,"TUMBLER, ENGLISH ROSE",General Giftware,33
79532,-2.278947917977102,,1.25,7.461538461538462,13,1,category_fallback_insufficient_price_variation,MOSAIC GLASS BALL CANDLEHOLDER,Lighting & Candles,18
21792,-1.9327069833383117,0.2718373482113498,6.75,3.6398776748922543,60,16,fitted,CLASSIC FRENCH STYLE BASKET GREEN ,Storage & Boxes,145
22360,-3.179857740591115,0.3907434226424369,3.129558823529412,20.59525218765752,88,67,fitted,GLASS JAR ENGLISH CONFECTIONERY,Bottles & Glassware,445
20980,-1.5149383724553764,0.145789568335898,1.25,4.445033398561456,33,7,fitted,36 PENCILS TUBE POSY,General Giftware,60
22024,-3.8446477801611594,0.5565530567758654,0.4267213114754098,47.48066081020776,97,60,fitted,RAINY LADIES BIRTHDAY CARD,Cards & Stationery,445
21444,-0.8297533460220166,0.1058574707790729,3.965,4.722502899538672,16,7,fitted,BLUE CHALET BIRDFEEDER,General Giftware,35
22257,-2.198186161418588,0.441570362622759,1.25,6.014978972770723,26,10,fitted,FELT FARM ANIMAL SHEEP,General Giftware,60
35967,-1.1668564571311515,0.3115584668467175,0.43,17.174046492280347,50,25,fitted,FOLK ART METAL STAR T-LIGHT HOLDER,Lighting & Candles,117
72800D,-2.3261263497751044,0.4034014504048935,2.55,3.851390392802632,56,11,fitted,4 BLUE DINNER CANDLES SILVER FLOCK,Lighting & Candles,92
21030,-0.8647488657565393,0.0249521381582844,1.25,5.098584562897682,31,8,fitted,SPACE CADET RED,General Giftware,54
90016B,-1.6950974262848952,,8.5,1.5416666666666667,24,4,category_fallback_insufficient_price_variation,GOLD/M.O.P PENDANT ORBIT NECKLACE,Jewellery & Accessories,30
23337,-2.314681272087272,,2.08,7.5,24,7,category_fallback_implausible_fit,EGG FRYING PAN MINT ,General Giftware,69
47504K,-2.0620354848522875,0.3849535121498686,1.95,7.021243570492273,90,33,fitted,ENGLISH ROSE GARDEN SECATEURS,Garden & Outdoor,323
21844,-4.229575626834184,0.2674354514764664,2.9500000000000006,35.672455285241874,101,61,fitted,RED RETROSPOT MUG,Kitchen & Dining,509
90212B,-1.6950974262848952,,3.81,1.8636363636363635,22,6,category_fallback_insufficient_price_variation,JET BLACK LAS VEGAS BRACELET ROUND,Jewellery & Accessories,30
90177A,-1.6950974262848952,,2.9,1.3571428571428572,14,4,category_fallback_insufficient_price_variation,CLASSIC DIAMANTE EARRINGS JET,Jewellery & Accessories,14
20616,-0.492510782989694,0.0831789403528854,2.1,2.541898596868867,63,22,fitted,CHERRY BLOSSOM PASSPORT COVER,General Giftware,124
20762,-2.413893536405555,0.2925637998656318,3.75,3.4387489892456045,65,14,fitted,GREEN FERN SKETCHBOOK ,General Giftware,142
85071B,-1.4705173028841427,0.7363979246745129,0.6244768069039914,28.51350316106628,62,23,fitted,RED CHARLIE+LOLA PERSONAL DOORSIGN,Home Decor,174
21265,-1.5163884468282285,0.4952916995149646,1.95,11.053135478776486,25,7,fitted,PINK GOOSE FEATHER TREE 60CM,General Giftware,36
84720,-2.314681272087272,,3.95,17.0,2,2,category_fallback_insufficient_price_variation,DOT MATRIX CANVAS ART PICTURE,General Giftware,2
17012C,-1.6256856674488835,0.4075067659550195,2.46,2.71109738071982,60,22,fitted,ORIGAMI LAVENDER INCENSE/CANDL SET ,General Giftware,117
37351,-0.5842903014987799,0.7154067853041247,1.25,4.386432401142318,9,3,fitted,ORANGE FLOWER MUG ,Kitchen & Dining,9
45008C,-1.4789287136217697,0.3126546206724282,9.838,3.681549296708591,18,8,fitted,DECORATIVE NET CANOPY CREAM,General Giftware,33
84612B,-2.314681272087272,,2.55,5.0,4,1,category_fallback_insufficient_price_variation,SET/4 BLACK  BAROQUE FLOCK COASTER,General Giftware,4
90183c,-1.6950974262848952,,2.9,1.0,1,1,category_fallback_insufficient_price_variation,BLACK DROP EARRINGS W LONG BEADS,Jewellery & Accessories,1
21625,-1.2637114929924953,0.1090676604106831,6.95,7.28655876138797,99,44,fitted,VINTAGE UNION JACK APRON,Kitchen & Dining,357
22045,-3.114237677208787,,0.42,138.18367346938774,98,4,category_fallback_insufficient_price_variation,SPACEBOY GIFT WRAP,Cards & Stationery,473
35646,-1.1103463851912556,0.2568601241896399,1.518888888888889,12.764964340686566,39,19,fitted,VINTAGE BEAD PINK EVENING BAG,Bags,108
23519,-5.853841021757607,0.3648959160171576,3.75,13.814324970577694,9,7,fitted,EMBROIDERED RIBBON REEL CLAIRE,Cards & Stationery,24
85079,-2.55654479163404,,1.00875,6.0,4,3,category_fallback_implausible_fit,EMBROIDERED REINDEER DECORATION,Christmas & Seasonal,10
90001A,-1.6950974262848952,,4.25,1.1,10,4,category_fallback_insufficient_price_variation,ANTIQUE RASPBERRY FLOWER EARRINGS,Jewellery & Accessories,10
23130,-0.790807816635178,0.0005452286096913,4.15,17.970786108729428,28,12,fitted,MISTLETOE HEART WREATH GREEN,General Giftware,184
23621,-2.314681272087272,,2.49,2.0,3,1,category_fallback_insufficient_price_variation,SET 10 CARDS DAVID'S MADONNA 17074,General Giftware,4
85060,-3.774128078206793,0.2368090705550948,1.25,29.09939335002185,28,16,fitted,WOOD FAN WITH FLOWER DESIGN,Home Decor,88
22407,-1.9426419958835268,0.1744908059267244,1.25,4.348906373716089,48,9,fitted,MONEY BOX FIRST ADE DESIGN,Home Decor,76
21431,-1.5618999387638393,0.0241019654582042,1.707,22.270868376690345,45,29,fitted,GREEN GINGHAM FLOWER JEWELLERY BOX,Jewellery & Accessories,281
85170D,-1.6973203064167672,0.3820691191228337,2.46,4.529673786658718,75,32,fitted,SET/6 PINK BIRD T-LIGHT CANDLES,Lighting & Candles,155
84731,-2.314681272087272,,1.65,1.0,2,1,category_fallback_insufficient_price_variation,3 BIRDS CANVAS SCREEN,General Giftware,2
70007,-2.104090765942713,0.3239512067118717,1.65,11.03469995020757,52,31,fitted,HI TEC ALPINE HAND WARMER,General Giftware,234
84360,-2.189037171349648,0.2762742383229102,5.95,3.354424338821423,34,3,fitted,TABLE LAMP WHITE SHADE WOOD BASE,Lighting & Candles,42
90068,-1.6950974262848952,,7.5,1.0,2,1,category_fallback_insufficient_price_variation,"RUBY GLASS NECKLACE 42""",Jewellery & Accessories,2
23221,-3.410086500006386,0.3664709829933579,0.8669230769230768,46.803766435972726,25,18,fitted,REINDEER HEART DECORATION SILVER,Christmas & Seasonal,149
23603,-2.55654479163404,,2.49,2.857142857142857,7,1,category_fallback_insufficient_price_variation,SET 10 CARD KRAFT REINDEER 17084,Christmas & Seasonal,14
22980,-5.138319289281462,0.3294857021819696,1.65,45.45970909826266,42,31,fitted,PANTRY SCRUBBING BRUSH,General Giftware,296
20957,-2.314681272087272,,1.45,9.615384615384617,13,1,category_fallback_insufficient_price_variation,PORCELAIN HANGING BELL SMALL,General Giftware,14
85202,-3.274254170437301,0.4548732367011432,0.49,10.862194645817064,73,37,fitted,HANGING WOOD AND FELT HEART,General Giftware,227
22851,-5.728912941027157,0.5186959415645298,0.8661501210653753,52.06437068472373,68,50,fitted,SET 20 NAPKINS FAIRY CAKES DESIGN ,Home Decor,560
90160A,-1.6950974262848952,,6.95,2.4285714285714284,21,2,category_fallback_insufficient_price_variation,PURPLE BOUDICCA LARGE BRACELET,Jewellery & Accessories,24
23006,-4.09537253276315,0.2451252209086306,0.4272708725674827,31.09614417387132,42,26,fitted,TRAVEL CARD WALLET FLOWER MEADOW,Cards & Stationery,173
18096C,-2.134754504186416,0.3221741100380009,2.625,9.313093809101822,8,5,fitted,WHITE ROUND PORCELAIN TLIGHT HOLDER,Lighting & Candles,20
48179,-0.13335304740641,0.0337227539117237,9.598,4.330539896276116,3,3,fitted,DOOR MAT SWEET HOME,General Giftware,10
22447,-2.065082313023721,0.4019684215090167,3.35,4.500699740114608,44,11,fitted,PIN CUSHION BABUSHKA BLUE,Home Decor,84
47590b,-2.314681272087272,,10.79,1.7142857142857142,7,1,category_fallback_insufficient_price_variation,PINK HAPPY BIRTHDAY BUNTING,General Giftware,9
47591b,-2.45291949563188,,4.21,3.5,2,1,category_fallback_insufficient_price_variation,SCOTTIES CHILDRENS APRON,Kitchen & Dining,3
22902,-3.763264626756321,0.4870632117185143,2.1,22.969311174860906,59,37,fitted,TOTE BAG I LOVE LONDON,Bags,218
22302,-5.737979886658353,0.1724431584392058,2.55,24.295582047457053,90,47,fitted,COFFEE MUG PEARS  DESIGN,Kitchen & Dining,393
16161C,-2.314681272087272,,0.1,225.0,2,1,category_fallback_insufficient_price_variation,WRAP SPEED DEMONS ,General Giftware,2
15030,-2.375411544782531,,0.29,10.583333333333334,24,1,category_fallback_insufficient_price_variation,FAN BLACK FRAME ,Home Decor,27
21107,-3.7546973026833705,0.4492797950615022,2.9500000000000006,17.015651666623718,88,41,fitted,CREAM SLICE FLANNEL PINK SPOT ,General Giftware,341
22451,-0.3901687427704849,0.0003487349390576,3.35,15.700896878774314,51,21,fitted,SILK PURSE BABUSHKA RED,General Giftware,267
84849B,-3.760331909767948,0.261740838031407,1.6900000000000002,17.89774460495443,78,41,fitted,FAIRY SOAP SOAP HOLDER,Bath & Body,301
22414,-2.3369599562578998,0.2799303482672606,7.95,4.929578135059031,89,40,fitted,DOORMAT NEIGHBOURHOOD WITCH ,General Giftware,224
21071,-3.4703790420689025,0.3473004929098,1.342142857142857,22.315673099052773,96,64,fitted,VINTAGE BILLBOARD DRINK ME MUG,Kitchen & Dining,511
23306,-5.76393575894294,0.7525341527066733,1.5042897727272724,82.94898718205033,28,26,fitted,SET OF 36 DOILIES PANTRY DESIGN,Home Decor,276
22942,-2.078469337270555,0.1238312642037609,8.5,27.911055904611526,25,18,fitted,CHRISTMAS LIGHTS 10 SANTAS ,Christmas & Seasonal,268
22823,-9.03202052183355,0.7568196440689303,125.0,1.0144965023611343,15,3,fitted,CHEST NATURAL WOOD 20 DRAWERS,General Giftware,18
47581B,-0.0910107973421036,0.0016096938845628,12.75,1.6600693411982588,22,6,fitted,FAIRY CAKE WICKER PICNIC BASKET ,Storage & Boxes,37
84872A,-2.879375439864761,0.2181357714597258,11.02,4.075493078222815,34,7,fitted,TEATIME FUNKY FLOWER BACKPACK FOR 2,Bags,102
20823,-0.5713815582478748,0.2037495847251463,4.25,7.262998408669671,13,4,fitted,GOLD WINE GOBLET,General Giftware,20
22910,-6.059162898273177,0.5382084734026499,2.9225866559807656,193.09240718628615,50,43,fitted,PAPER CHAIN KIT VINTAGE CHRISTMAS,Christmas & Seasonal,1537
20621,-0.3764184337015705,0.0041986008245432,2.1,4.108677052431576,19,2,fitted,ECONOMY PASSPORT COVER ,General Giftware,33
22157,-5.538056353081895,0.3043593758058077,0.85,43.50335477702428,28,8,fitted,ANGEL DECORATION WITH LACE PADDED,Home Decor,134
90088,-2.314681272087272,,0.85,11.11111111111111,9,2,category_fallback_insufficient_price_variation,CRYSTAL KEY+LOCK PHONE CHARM,General Giftware,13
20721,-2.4405677367344385,,0.85,1.0,1,1,category_fallback_insufficient_price_variation,OWLS CHARLOTTE BAG,Bags,1
21466,-1.578501470124131,0.038365885372029,3.75,6.680552519960765,90,27,fitted,RED FLOWER CROCHET FOOD COVER,General Giftware,280
84761,-1.2918593340340565,0.1204066891044852,2.55,8.09113407197076,29,11,fitted,IVORY HANGING BIRD PLANTER ,General Giftware,63
23549,-2.2366473473461657,,0.42,68.6842105263158,19,2,category_fallback_insufficient_price_variation,WRAP BIRD GARDEN ,Garden & Outdoor,52
22696,-3.076274344962032,0.2436488765788607,1.95,16.55273032496221,57,24,fitted,WICKER WREATH LARGE,General Giftware,315
21067,-2.8786975974951585,0.5130096483442401,1.2942241379310344,13.410454201411586,80,43,fitted,VINTAGE RED TEATIME MUG,Kitchen & Dining,279
22617,-5.340624676627853,0.1469451791441002,4.95,33.13421879750892,90,51,fitted,BAKING SET SPACEBOY DESIGN,Kitchen & Dining,965
90152C,-1.6950974262848952,,5.95,1.75,4,1,category_fallback_insufficient_price_variation,BLUE/NAT SHELL NECKLACE W PENDANT,Jewellery & Accessories,4
84951B,-1.469690773159822,0.4241719818870986,2.46,3.3770808417018507,48,21,fitted,SET OF 4 BLACK LOVEBIRD COASTERS,General Giftware,119
84970s,-2.278947917977102,,2.08,7.897959183673469,49,5,category_fallback_insufficient_price_variation,HANGING HEART ZINC T-LIGHT HOLDER,Lighting & Candles,103
84030b,-2.2316348529077747,,8.46,1.0,1,1,category_fallback_insufficient_price_variation,KNITTED POM POM HOT WATER BOTTLE,Bottles & Glassware,1
85212,-1.3359580465060754,0.5527282946002643,0.85,11.933061021256105,67,16,fitted,MINI PAINTED GARDEN DECORATION ,Home Decor,124
46776E,-2.0536334799630223,0.2702167822959997,4.21,2.267705436101344,44,9,fitted,WOVEN CANDY CUSHION COVER ,Home Decor,79
84921,-2.314681272087272,,3.75,2.2142857142857144,14,1,category_fallback_insufficient_price_variation,CREAM AND PINK FLOWERS PONY ,General Giftware,18
90003D,-2.314681272087272,,3.75,2.5,24,8,category_fallback_insufficient_price_variation,CRYSTAL PAIR HEART HAIR SLIDES,General Giftware,32
23245,-3.230312804963007,0.3785126689428826,5.022444444444444,209.2727790328988,27,27,fitted,SET OF 3 REGENCY CAKE TINS,Kitchen & Dining,882
23479,-5.436845399674293,0.8681338293672655,7.85,13.46877287671851,8,6,fitted,WIRE EGG BASKET ,Storage & Boxes,44
84951A,-1.3598152422634593,0.4497382323330434,2.46,3.2357797138051163,60,21,fitted,SET OF 4 PISTACHIO LOVEBIRD COASTER,General Giftware,136
21554,-2.3780307964586926,0.0909014732812175,5.950000000000001,8.594379401439115,5,4,fitted,CERAMIC BIRDHOUSE RED ROOF LARGE,Garden & Outdoor,22
72045D,-7.127106477775298,0.189053399236756,1.69,86.94826047713661,3,2,fitted,ROSES ON BLUE TEACUP CANDLE ,Lighting & Candles,6
22778,-2.856527040430953,0.3649025540250878,3.95,14.198595632612909,53,30,fitted,GLASS CLOCHE SMALL,Bottles & Glassware,212
22032,-3.562461571289413,0.5193141480184218,0.42,15.963068587461988,57,13,fitted,BOTANICAL LILY GREETING CARD,Cards & Stationery,109
22199,-2.6037548463355717,0.2672629925971499,4.270625,12.058261341043073,97,55,fitted,FRYING PAN RED RETROSPOT,General Giftware,415
16236,-2.914257196454435,0.3411463671896918,0.2222222222222222,22.143875941304543,89,43,fitted,KITTY PENCIL ERASERS,General Giftware,270
23016,-1.6448352687168062,0.0846825019676489,7.85,4.054508056563838,15,7,fitted,GLASS TWIST BON BON JAR,Bottles & Glassware,24
17165B,-2.314681272087272,,1.05,26.17241379310345,29,6,category_fallback_implausible_fit,ASS COL LARGE SAND GECKO P'WEIGHT,General Giftware,63
21611,-3.7228713845381,0.0184040940407564,2.95,10.242551153227188,45,10,fitted,SET OF 12 LILY BOTANICAL T-LIGHTS,Lighting & Candles,155
84711A,-0.4382936847440098,0.0264229947316039,9.95,2.012790959689108,18,4,fitted,SILVER OVAL SHAPE TRINKET BOX,Storage & Boxes,24
22093,-1.7890926200625945,0.4920193148475257,1.25,6.451950669453503,76,26,fitted,MOTORING TISSUE BOX,Jewellery & Accessories,290
90063A,-2.314681272087272,,8.5,1.6153846153846154,13,2,category_fallback_insufficient_price_variation,WHITE VINT ART DECO CRYSTAL NECKLAC,General Giftware,13
21426,-2.1452189096253176,0.5975027652354752,2.327692307692308,6.541816100938471,69,22,fitted,WOODLAND STORAGE BOX SMALL,Storage & Boxes,102
22151,-3.350259487031667,0.4294317631323305,0.42,225.5075274078439,103,63,fitted,PLACE SETTING WHITE HEART,General Giftware,754
85025B,-2.1792710188348714,0.3362175623213004,1.65,7.219844042726061,52,12,fitted,EAU DE NILE HEART SHAPE PHOTO FRAME,Home Decor,100
22415,-2.314681272087272,,7.95,6.392156862745098,51,3,category_fallback_insufficient_price_variation,WHITE TISSUE REAM,General Giftware,210
21162,-1.4572426183193492,0.4452405333179642,1.45,6.81675238384733,88,28,fitted,TOXIC AREA  DOOR HANGER ,General Giftware,290
22146,-2.55654479163404,,1.95,72.0,19,11,category_fallback_implausible_fit,EASTER CRAFT IVY WREATH WITH CHICK,Christmas & Seasonal,111
44089A,-2.278947917977102,,0.42,4.0,10,2,category_fallback_insufficient_price_variation,PINK GAUZE BUTTERFLY LAMPSHADE,Lighting & Candles,13
85034B,-2.216358126280823,0.7002626357541506,4.25,6.333333733706673,47,23,fitted,3 WHITE CHOC MORRIS BOXED CANDLES,Lighting & Candles,158
84865,-0.4104211602926932,0.0689371346700953,8.5,2.11603467877504,28,9,fitted,NEW BAROQUE BLACK PHOTO ALBUM,General Giftware,52
78027,-2.314681272087272,,15.95,1.0,3,1,category_fallback_insufficient_price_variation,SEAGRASS S/2 CORNER LAUNDRY ,General Giftware,3
84762B,-4.722459461242427,0.4832164983736537,8.56,2.579379761854625,22,12,fitted,PINK PICNIC BARBECUE BUCKET,General Giftware,48
21087,-0.6891714569011578,0.1342588329741434,0.65,7.60196914710834,22,9,fitted,SET/6 POSIES PAPER CUPS,General Giftware,33
79026B,-2.314681272087272,,1.25,3.684210526315789,19,7,category_fallback_implausible_fit,"S/4 ICON COASTER,ELVIS LIVES",General Giftware,38
21112,-2.790333805981957,0.4308597675016801,2.9500000000000006,10.820963121439991,76,35,fitted,"SWISS ROLL TOWEL, PINK  SPOTS",Bath & Body,196
23155,-0.8953602493475611,0.0142667078051323,0.83,44.573509381632256,37,18,fitted,KNICKERBOCKERGLORY MAGNET ASSORTED ,General Giftware,137
23204,-1.3754011255042464,0.3045662683926143,0.9918848167539266,207.737595499786,35,35,fitted,CHARLOTTE BAG APPLES DESIGN,Bags,586
23269,-3.015510801725179,0.2454416730641686,1.45,20.48630158848885,23,12,fitted,SET OF 2 CERAMIC CHRISTMAS TREES,Christmas & Seasonal,96
21415,-2.02187999047059,0.383759490208477,2.1,4.755942585340157,59,10,fitted,CLAM SHELL SMALL ,General Giftware,88
20939,-2.278947917977102,,0.85,12.0,1,1,category_fallback_insufficient_price_variation,ORANGE CANDLE,Lighting & Candles,1
35598C,-2.55654479163404,,2.95,1.0,3,1,category_fallback_insufficient_price_variation,WHITE CHRISTMAS TREE 60CM,Christmas & Seasonal,3
22274,-3.6224167109149934,0.1441999159567814,2.9500000000000006,22.73633173694763,103,54,fitted,FELTCRAFT DOLL EMILY,Toys & Games,693
79072,-3.85570081989474,0.3281707225243692,10.819603174603174,13.890101437613412,16,16,fitted,TEATIME CAKE TIN WITH HANDLE,Kitchen & Dining,108
22972,-4.503490930735631,0.5336143711314405,1.6743867228661748,34.30000136177464,50,32,fitted,CHILDREN'S SPACEBOY MUG,Kitchen & Dining,268
72801E,-2.8861636841605853,0.5546050735262176,1.25,4.7196081583288665,13,2,fitted,S/4 FESTIVE GREEN DINNER CANDLES,Lighting & Candles,23
84247G,-3.2814871943595154,0.422973378640639,0.42,21.34605506522215,56,9,fitted,"DECOUPAGE,GREETING CARD,",Cards & Stationery,112
17129F,-2.0951221384816408,0.3545635679409453,1.63,5.9354050709120685,81,31,fitted,BLUE GLASS GEMS IN BAG,Bags,149
21207,-4.20630186438944,0.2373081997424655,1.6499999999999997,18.220117509799078,93,44,fitted,SKULL AND CROSSBONES  GARLAND ,General Giftware,285
22139,-4.594266662038223,0.2871105541338419,4.97959349593496,84.88362406014613,101,96,fitted,RETROSPOT TEA SET CERAMIC 11 PC ,General Giftware,2128
20839,-1.2881300548947725,0.5285819415667204,1.9227586206896552,9.545819835461051,46,24,fitted,FRENCH PAISLEY CUSHION COVER ,Home Decor,120
35810A,-1.713348449723996,0.5977033389768451,2.1,6.381099836066204,77,31,fitted,ENAMEL PINK COFFEE CONTAINER,General Giftware,173
35471A,-1.8172133401207733,0.2444634245327642,1.289375,7.275814994717951,32,11,fitted,SET OF 3 BIRD L.BLUE FEATHER,General Giftware,85
84029C,-5.664501764212002,0.2635356582127995,3.75,32.28241157241991,5,5,fitted,BROWN FURRY HOT WATER BOTTLE,Bottles & Glassware,48
21004,-0.3707813602400868,0.0079797971061683,4.25,2.910799692953268,37,10,fitted,ROSE DU SUD CHILDS APRON,Kitchen & Dining,71
20888,-2.10688911289603,0.781344078537892,3.75,4.728354442961902,11,9,fitted,SET 3 JARDIN DE FEMME SCENT CANDLES,Lighting & Candles,19
79164,-0.8497815098138508,0.3378340540301492,1.6499999999999997,18.28974757441513,47,23,fitted,BLACK WINE GLASS,Bottles & Glassware,96
22366,-3.038160595504422,0.2867556983995707,7.95,14.411491115243653,99,86,fitted,DOORMAT AIRMAIL ,General Giftware,575
22838,-2.384700061595276,0.1170794324148165,14.95,10.484580284859964,50,31,fitted,3 TIER CAKE TIN RED AND CREAM,Kitchen & Dining,281
22865,-5.917455906700358,0.1431500233050301,2.1082848837209305,97.11949699201104,47,35,fitted,HAND WARMER OWL DESIGN,Home Decor,1353
20896,-3.114237677208787,,2.95,3.636363636363636,11,2,category_fallback_insufficient_price_variation,VINTAGE NOTEBOOK PINK FLOWER,Cards & Stationery,16
85129A,-2.552788208370976,0.1498507492186525,1.25,8.271671508107495,34,9,fitted,"WHITE PEARL BEADED HEART, SMALL",General Giftware,81
22748,-2.45291949563188,,2.183564356435644,56.84126984126984,63,45,category_fallback_implausible_fit,POPPY'S PLAYHOUSE KITCHEN,Kitchen & Dining,791
22563,-5.556591842291454,0.255773082508807,1.25,31.00204166031237,88,35,fitted,HAPPY STENCIL CRAFT,General Giftware,571
22632,-7.920949051028087,0.2555209917822392,2.08649017403082,132.11817450340328,32,27,fitted,HAND WARMER RED RETROSPOT,General Giftware,909
85014D,-6.048227311907967,0.7826749287025339,5.95,12.094808543055157,14,8,fitted,PINK/BROWN DOTS RUFFLED UMBRELLA,General Giftware,91
22217,-1.8559697562828004,0.1699319420106341,1.25,16.000406482002617,83,30,fitted,T-LIGHT HOLDER HANGING LACE,Lighting & Candles,219
22907,-5.48844872115768,0.3397735438385504,0.8648792016806723,101.87606057030052,64,56,fitted,PACK OF 20 NAPKINS PANTRY DESIGN,Home Decor,876
23486,-3.503967090107684,0.2996552502930083,16.8956,15.122621516282049,8,8,fitted,ANTIQUE HEART SHELF UNIT,General Giftware,73
21428,-4.267045937192787,0.494151685654324,4.25,24.496591652814608,85,55,fitted,SET3 BOOK BOX GREEN GINGHAM FLOWER ,Storage & Boxes,475
21702,-2.3348919864940587,0.9232683946751776,1.6900000000000002,19.25390603467575,5,3,fitted,SET 5 MINI GATEAUX  FRIDGE MAGNETS,General Giftware,8
71143,-1.373182917810446,0.2988286652506466,2.46,2.5957330432348367,43,12,fitted,SILVER BOOK MARK WITH BEADS,General Giftware,103
20736,-2.314681272087272,,0.85,23.875,8,3,category_fallback_insufficient_price_variation,PINK MINI TAPE MEASURE ,General Giftware,19
85180A,-2.4746995094038846,0.7356318045828105,4.65,5.435896581757748,37,16,fitted,RED HEARTS LIGHT CHAIN ,Lighting & Candles,100
21313,-2.649000932805426,0.3426586398444304,0.8730434782608695,54.731508464099846,96,73,fitted,GLASS HEART T-LIGHT HOLDER ,Lighting & Candles,431
48173A,-2.314681272087272,,6.75,1.0,1,1,category_fallback_insufficient_price_variation,DOOR MAT BLUE FLOCK,General Giftware,1
21690,-1.0300360359745473,0.0175023707186482,3.75,3.5747372655725744,44,5,fitted,SILVER  CANDLEPOT JARDIN ,Lighting & Candles,100
21450,-2.278947917977102,,5.95,6.5,2,1,category_fallback_insufficient_price_variation,DISTRESSED CANDLE STICK WHITE,Lighting & Candles,3
23136,-2.234025465874448,0.2171336886149512,3.75,5.271128583226819,22,6,fitted,IVORY WIRE SWEETHEART LETTER TRAY,General Giftware,49
90197B,-1.6950974262848952,,5.048,1.8823529411764703,34,6,category_fallback_insufficient_price_variation,BLACK GLASS BRACELET W HEART CHARMS,Jewellery & Accessories,51
84882,-0.7346839599123286,0.1558099474363297,3.75,2.0320047214728105,32,4,fitted,GREEN WIRE STANDING CANDLE HOLDER,Lighting & Candles,38
21810,-2.9847061343527024,0.6532367730151677,1.25,27.499584652582453,43,30,fitted,CHRISTMAS HANGING STAR WITH BELL,Christmas & Seasonal,378
84855,-1.4662569918173245,0.0878921864821772,4.95,3.897326260581524,7,3,fitted,BLOKEY SILVER TOOL SET,General Giftware,16
23639,-2.314681272087272,,3.33,1.0,4,1,category_fallback_insufficient_price_variation,SET 10 CARDS MAGICAL TREE 17086,General Giftware,4
23117,-0.6272797683581752,0.0170478608294094,4.950000000000001,7.266367163389285,11,6,fitted,POPPY FIELDS CHOPPING BOARD,General Giftware,45
90024C,-1.6950974262848952,,8.5,1.25,8,2,category_fallback_insufficient_price_variation,NEW BAROQUE B'FLY NECKLACE GREEN,Jewellery & Accessories,9
37482b,-2.45291949563188,,17.35,1.0,1,1,category_fallback_insufficient_price_variation,CUBIC MUG BLUE POLKA DOT,Kitchen & Dining,1
21135,-1.1886527930614954,0.1279167466830042,1.69,34.87729637453723,103,9,fitted,VICTORIAN  METAL POSTCARD SPRING,Jewellery & Accessories,420
20701,-2.429963724278078,0.4983665446901336,3.826,3.243005035686486,21,10,fitted,PINK CAT FLORAL CUSHION COVER ,Home Decor,50
23033,-2.1035634585927063,0.2244999900716672,1.45,20.361997666412098,25,14,fitted,DRAWER KNOB CERAMIC RED,General Giftware,75
21687,-1.8218402553986088,0.1488528155462416,3.75,8.924902421573297,37,16,fitted,SILVER PLATE CANDLE BOWL LARGE,Lighting & Candles,110
79341,-3.939390865466555,0.4367446520613566,6.9715384615384615,15.672075492372546,19,14,fitted,WILLOW BRANCH LIGHTS.,Lighting & Candles,80
22687,-1.5401382997276096,0.1684554104395691,8.114776190476189,8.339395776490667,34,24,fitted,DOORMAT CHRISTMAS VILLAGE,Christmas & Seasonal,147
22571,-5.123097528490693,0.3679070877183165,0.8720358056265984,76.57496526166652,50,41,fitted,ROCKING HORSE RED CHRISTMAS ,Christmas & Seasonal,551
79323LP,-2.278947917977102,,6.000814599646375,65.04545454545455,22,18,category_fallback_implausible_fit,LIGHT PINK CHERRY LIGHTS,Lighting & Candles,168
90214A,-1.6950974262848952,,1.04,3.288135593220339,59,15,category_fallback_implausible_fit,"LETTER ""A"" BLING KEY RING",Jewellery & Accessories,104
85123b,-2.314681272087272,,6.04,1.0,1,1,category_fallback_insufficient_price_variation,ZINC HANGING HEART T-LITE HLDR,General Giftware,1
84748,-2.07132479218708,0.6669068601278825,3.75,4.490155894990289,41,14,fitted,FOLK FELT HANGING MULTICOL GARLAND,General Giftware,97
22989,-5.217471640120017,0.354503925685155,3.293333333333333,42.25368571626881,45,34,fitted,SET 2 PANTRY DESIGN TEA TOWELS,Home Decor,377
37503,-5.198026810469518,0.3879282948503877,10.75,57.89559057230039,34,32,fitted,TEA TIME CAKE STAND IN GIFT BOX,Storage & Boxes,524
22161,-1.913054335673129,0.4710533604073736,0.7151612903225807,17.857745671372474,91,71,fitted,HEART DECORATION RUSTIC HANGING ,Home Decor,523
16192,-2.582768898406496,,4.3,3.0,1,1,category_fallback_insufficient_price_variation,PINK BALLET OPENING CUBE BOX ,Storage & Boxes,1
23643,-2.55654479163404,,3.33,1.0,1,1,category_fallback_insufficient_price_variation,SET 10 CARDS CHRISTMAS BAUBLE 16954,Christmas & Seasonal,1
84968D,-2.2048423733928675,0.1972859189924265,12.75,4.132833941722403,46,17,fitted,SET OF 16 VINTAGE RED CUTLERY,Kitchen & Dining,107
84984D,-1.5332501655213235,0.4318255512816009,4.65,3.3096886701788444,17,6,fitted,ORIENTAL RED C/COVER ,General Giftware,21
84932C,-1.3608859562666549,0.6359465568985155,1.95,15.467916116984131,19,4,fitted,SMALL ORIENTAL BLUE FOLDING STOOL,General Giftware,34
90183B,-1.6950974262848952,,2.9,1.380952380952381,21,4,category_fallback_insufficient_price_variation,AMETHYST DROP EARRINGS W LONG BEADS,Jewellery & Accessories,25
22396,-1.1987436088772576,0.2334753096916576,1.25,7.510785781638238,74,19,fitted,MAGNETS PACK OF 4 RETRO PHOTO,General Giftware,195
18098c,-2.314681272087272,,5.06,10.06060606060606,33,4,category_fallback_insufficient_price_variation,PORCELAIN BUTTERFLY OIL BURNER,General Giftware,142
21452,-4.053606716536732,0.2941413521248021,3.0823648103309123,16.394757555321366,88,54,fitted,TOADSTOOL MONEY BOX,Storage & Boxes,439
21847,-2.130542720500181,0.621610098260597,4.21,1.7486149611947994,39,16,fitted,GREEN  DIAMANTE PEN IN GIFT BOX,Cards & Stationery,72
90011C,-1.6950974262848952,,2.9500000000000006,1.7142857142857142,7,4,category_fallback_insufficient_price_variation,GREEN CRYSTAL DROP EARRINGS,Jewellery & Accessories,7
23208,-5.672470586771406,0.468547289339786,1.6648124999999996,168.15833408823593,35,32,fitted,LUNCH BAG VINTAGE LEAF DESIGN,Bags,686
23515,-5.247884682277862,0.4909340485092566,2.08,33.47978879201194,12,9,fitted,EMBROIDERED RIBBON REEL DAISY ,Cards & Stationery,71
22367,-2.0053327415269786,0.1349814650903772,1.95,66.98280481289163,100,76,fitted,CHILDRENS APRON SPACEBOY DESIGN,Kitchen & Dining,1196
21757,-1.1397413120711393,0.1296904021291,4.95,3.798853842298304,20,10,fitted,LIGHTHOUSE PRINTED METAL SIGN,Lighting & Candles,43
90201B,-1.6950974262848952,,2.950384615384616,3.391304347826087,46,7,category_fallback_insufficient_price_variation,BLACK ENAMEL FLOWER RING,Jewellery & Accessories,56
21815,-1.67100312605519,0.0839179004187677,1.45,13.355672785953589,36,16,fitted,STAR  T-LIGHT HOLDER ,Lighting & Candles,106
17012E,-3.152725740150545,0.7413594981708922,2.527058823529412,2.447151086209173,16,6,fitted,ORIGAMI OPIUM INCENSE/CANDLE SET ,Lighting & Candles,34
22458,-2.5725099277434564,0.1082082798524461,2.55,16.254961223031618,49,17,fitted,CAST IRON HOOK GARDEN FORK,Garden & Outdoor,179
72753D,-2.278947917977102,,2.1,28.8,5,1,category_fallback_insufficient_price_variation,S/3 FLWR FAIRY SUMMER CANDLES,Lighting & Candles,9
21012,-1.4896764787844416,0.0929144733014014,2.288034188034188,11.663911660497696,90,47,fitted,ANTIQUE ALL GLASS CANDLESTICK,Lighting & Candles,310
84456,-0.0770677086338147,0.0003920318961948,0.85,2.109743646404087,13,2,fitted,SET OF 3 RABBIT EGG EASTER,Christmas & Seasonal,16
84927A,-0.980891467746716,0.6916716574331232,2.1,2.181446770266976,27,7,fitted,WAKE UP COCKEREL TILE HOOK,General Giftware,34
85166B,-2.187150560001487,0.727944093286151,3.75,3.82198283830251,27,9,fitted,BLACK METAL BAROQUE PHOTO FRAME,Home Decor,38
35233,-2.314681272087272,,3.75,1.5,8,1,category_fallback_insufficient_price_variation,PASTA ENAMEL/BRASS CONTAINER,General Giftware,10
23615,-2.314681272087272,,2.49,1.0,4,1,category_fallback_insufficient_price_variation,SET 10 CARDS PRINTED GRAPHIC 17219,General Giftware,4
90162A,-1.6950974262848952,,2.95,3.75,8,2,category_fallback_insufficient_price_variation,ANT SILVER TURQUOISE BOUDICCA RING,Jewellery & Accessories,11
37424,-2.818680813121372,0.5111481947205052,1.218181818181818,4.81869879058097,43,26,fitted,WHITE WITH BLACK CATS MUG,Kitchen & Dining,108
21280,-2.534711204610494,0.7585069543040153,2.55,4.919419258808464,48,13,fitted,VINTAGE KITCHEN PRINT VEGETABLES,Kitchen & Dining,70
40001,-3.0329057289236485,0.3535717162405238,0.85,18.941362802719407,68,24,fitted,WHITE BAMBOO RIBS LAMPSHADE,Lighting & Candles,123
72225D,-6.863664888511515,0.4045275601706701,0.29,23.99999999999997,8,4,fitted,VANILLA SCENT CAKE CANDLE ,Lighting & Candles,11
22896,-3.5683943107457874,0.4356531603518015,2.6705,24.33238679955337,63,47,fitted,PEG BAG APPLES DESIGN,Bags,380
82001S,-2.612726598929544,0.1177461567274346,3.75,19.666748971319848,84,40,fitted,VINYL RECORD FRAME SILVER,Home Decor,234
21685,-2.314681272087272,,14.949999999999998,3.0,1,1,category_fallback_insufficient_price_variation,MEDINA STAMPED METAL TRAY ,General Giftware,2
37340,-1.1846285457123005,0.6331319165295377,0.85,26.51939912122612,83,39,fitted,MULTICOLOUR SPRING FLOWER MUG,Jewellery & Accessories,210
22533,-4.154189816410467,0.1168626171513793,0.42,20.70855439345382,71,24,fitted,MAGIC DRAWING SLATE BAKE A CAKE ,General Giftware,246
35969,-1.7820384596606378,0.5671468512408288,1.6514829192546578,6.274941663326223,32,18,fitted,FOLKART CROWN TABLE DECORATIONS,Home Decor,78
21390,-3.872978736519225,0.1384501307425446,1.2555040161406985,77.96788436379506,102,64,fitted,FILIGRIS HEART WITH BUTTERFLY,General Giftware,606
22849,-7.338889223780919,0.1657868886512348,15.921304347826084,7.222153865612629,41,20,fitted,BREAD BIN DINER STYLE MINT,General Giftware,170
84945,-2.302751272901788,0.3417052737434343,0.85,162.52636836523655,91,56,fitted,MULTI COLOUR SILVER T-LIGHT HOLDER,Lighting & Candles,689
84688,-2.2598080995401757,0.5904367858015491,4.852857142857142,4.064012916332881,45,15,fitted,BEACH HUT DESIGN BLACKBOARD,Home Decor,81
20974,-2.0325988675435847,0.039633107411907,0.6581081081081082,87.42404892853467,101,66,fitted,12 PENCILS SMALL TUBE SKULL,General Giftware,881
90141B,-1.6950974262848952,,4.98,1.5555555555555556,9,3,category_fallback_insufficient_price_variation,IVORY PENDANT TRIPLE SHELL NECKLACE,Jewellery & Accessories,10
84804A,-0.5993189147803856,0.0375370623039226,2.95,5.448212079112596,14,3,fitted,CREAM DELPHINIUM ARTIFICIAL FLOWER,General Giftware,18
44241C,-1.6950974262848952,,0.85,10.0,7,2,category_fallback_insufficient_price_variation,BLUE BUTTERFLY ON SPRING,Jewellery & Accessories,8
21622,-1.8939062232798585,0.0623295418716309,4.95,20.095349444388656,94,43,fitted,VINTAGE UNION JACK CUSHION COVER,Home Decor,645
85231L,-7.192055082618499,0.1293439774368862,0.85,24.17335912836748,18,9,fitted,LAVENDER SCENTED SET/9 T-LIGHTS,Lighting & Candles,118
20713,-3.6047932052842384,0.2414765662357797,1.9462021792730453,188.4452304943975,90,89,fitted,JUMBO BAG OWLS,Bags,1359
23192,-8.221814492433573,0.2866548202696257,1.6499999999999997,77.77483684912136,31,26,fitted,BUNDLE OF 3 ALPHABET EXERCISE BOOKS,General Giftware,355
22565,-3.074232878307999,0.3504349545566827,0.85,21.56796295737239,81,32,fitted,FELTCRAFT HAIRBANDS PINK AND WHITE ,General Giftware,293
21261,-1.183074397337161,0.2335574527758652,3.617142857142858,5.920240562455103,37,12,fitted,GREEN GOOSE FEATHER CHRISTMAS TREE ,Christmas & Seasonal,83
71510,-5.632068358514924,0.6128483471255022,0.85,3.074034082066292,15,3,fitted,SQUARE METAL CANDLEHOLDER BASE,Lighting & Candles,17
37492C,-2.8802457613493355,0.8307472090638274,4.65,1.7990707254373293,15,6,fitted,GREEN BLUE FLOWER PIGGY BANK,General Giftware,25
22693,-6.431287661493235,0.5100603643991599,1.25,105.86248531335008,68,28,fitted,GROW A FLYTRAP OR SUNFLOWER IN TIN,Storage & Boxes,345
22720,-4.793810001687082,0.4241732938939515,5.114050179211469,116.90301411669024,50,48,fitted,SET OF 3 CAKE TINS PANTRY DESIGN ,Kitchen & Dining,1396
23375,-7.568716724917498,0.1867910961875869,0.8386823966065746,63.59175547442153,16,12,fitted,50'S CHRISTMAS PAPER GIFT BAG,Christmas & Seasonal,103
15060b,-2.375411544782531,,8.29,1.0,5,2,category_fallback_insufficient_price_variation,FAIRY CAKE DESIGN UMBRELLA,Home Decor,5
23481,-2.314681272087272,,1.25,25.375,8,1,category_fallback_insufficient_price_variation,PEARLISED IVORY HEART SMALL ,General Giftware,30
35598B,-1.37900890842941,0.5497496438266546,1.265409836065574,15.531055332900351,29,13,fitted,BLACK CHRISTMAS TREE 60CM,Christmas & Seasonal,64
23614,-2.314681272087272,,3.33,3.25,8,1,category_fallback_insufficient_price_variation,SET 10 CARDS 12 DAYS WRAP  17058,General Giftware,11
23511,-6.455984709277183,0.8751775235498827,2.1247555766492647,41.31347764188615,12,9,fitted,EMBROIDERED RIBBON REEL EMILY ,Cards & Stationery,100
22885,-1.257250677757872,0.4272963617286743,2.6766666666666663,2.12831046350815,27,9,fitted,NUMBER TILE VINTAGE FONT 6 ,General Giftware,36
90016A,-1.6950974262848952,,8.5,1.3571428571428572,14,3,category_fallback_insufficient_price_variation,SILVER/M.O.P PENDANT ORBIT NECKLACE,Jewellery & Accessories,14
90059C,-2.314681272087272,,1.65,2.0,21,5,category_fallback_insufficient_price_variation,DIAMANTE HAIR GRIP PACK/2 MONTANA,General Giftware,24
84874B,-2.314681272087272,,1.65,2.806451612903226,31,3,category_fallback_insufficient_price_variation,BLUE TRAVEL FIRST AID KIT,General Giftware,38
23267,-2.55654479163404,,1.25,48.08695652173913,23,8,category_fallback_implausible_fit,SET OF 4 SANTA PLACE SETTINGS,Christmas & Seasonal,110
22329,-4.326842289974253,0.4039123905384267,1.700026737967914,36.26209726946199,98,81,fitted,ROUND CONTAINER SET OF 5 RETROSPOT,General Giftware,626
22429,-1.6950974262848952,0.0453453798478157,4.403505291005291,17.634182370314388,82,42,fitted,ENAMEL MEASURING JUG CREAM,Jewellery & Accessories,655
85232a,-2.314681272087272,,10.17,1.0,2,1,category_fallback_insufficient_price_variation,SET/3 POLKA DOT STACKING TINS,General Giftware,2
22871,-2.267402130579468,0.610364440164155,4.13,1.1449618105450674,26,4,fitted,NUMBER TILE COTTAGE GARDEN 3 ,Garden & Outdoor,30
22866,-6.434766617703954,0.1304485314186668,2.1,142.5117665471709,36,29,fitted,HAND WARMER SCOTTY DOG DESIGN,Home Decor,1244
21549,-4.769250310562193,0.4847026394294271,2.9500000000000006,10.127544426847244,17,11,fitted,CERAMIC BIRDHOUSE RED ROOF SMALL,Garden & Outdoor,51
85194S,-0.7874938550636585,0.1177848726626504,0.65,13.793232035567396,54,26,fitted,HANGING SPRING FLOWER EGG SMALL,Jewellery & Accessories,133
84990,-4.934109380554931,0.3896060438948252,0.55,36.4796856583949,45,25,fitted,60 GOLD AND SILVER FAIRY CAKE CASES,General Giftware,203
85232C,-2.314681272087272,,4.95,1.0,1,1,category_fallback_insufficient_price_variation,RUSSIAN FOLKART STACKING TINS,General Giftware,1
23224,-2.907077821915925,0.1806347173240965,0.8490476190476189,28.776021299557915,17,13,fitted,CHERUB HEART DECORATION GOLD,Home Decor,71
21196,-1.8462229124354603,0.1897366033879083,1.6499999999999997,7.150971905166838,20,3,fitted,ROUND WHITE CONFETTI IN TUBE,General Giftware,23
84967A,-2.314681272087272,,79.95,1.0,2,1,category_fallback_insufficient_price_variation,PINK KASHMIRI OCCASIONAL TABLE,General Giftware,2
21351,-3.520340034356374,0.6668566296039544,6.75,5.157219662613225,34,12,fitted,CINAMMON & ORANGE WREATH,General Giftware,183
90184c,-1.6950974262848952,,9.15,1.0,1,1,category_fallback_insufficient_price_variation,BLACK CHUNKY BEAD BRACELET W STRAP,Jewellery & Accessories,1
21187,-2.771414159270893,0.3202124262090956,1.65,14.664621119246789,58,22,fitted,WHITE BELL HONEYCOMB PAPER GARLAND ,General Giftware,161
90026B,-1.6950974262848952,,8.5,1.1666666666666667,6,1,category_fallback_insufficient_price_variation,GLASS BEAD HOOP NECKLACE MONTANA,Jewellery & Accessories,6
90072,-5.555264066529518,0.2777659843164408,4.15,1.225743808767167,27,6,fitted,RUBY DROP CHANDELIER EARRINGS,Jewellery & Accessories,30
23340,-6.5565622708196365,0.2244825816988807,1.65,89.5903906149535,19,14,fitted,VINTAGE CHRISTMAS CAKE FRILL,Christmas & Seasonal,153
21532,-1.811424297781073,0.0995347720108404,2.1,5.359815541218178,36,10,fitted,DAIRY MAID SUGAR JAM BOWL,Kitchen & Dining,93
84968B,-1.868816047218739,0.118842588445184,12.75,7.745682585106846,36,18,fitted,S/16 VINTAGE IVORY CUTLERY,Kitchen & Dining,134
23328,-2.2316348529077747,,4.552031514127022,158.05555555555554,18,18,category_fallback_implausible_fit,SET 6 SCHOOL MILK BOTTLES IN CRATE,Bottles & Glassware,413
23452,-3.112282653252957,0.0602089828795664,1.95,55.32312034859154,9,5,fitted,HEART MINI PORTRAIT FRAME,Home Decor,86
72750C,-1.4780716441495734,0.0711836295307859,1.95,18.15257128067885,10,3,fitted,"F.FAIRY S/3 CANDLE/GLASS, ROSE",Lighting & Candles,15
21508,-5.170507954562824,0.5221691286112302,0.4270491803278688,52.56622617946471,102,65,fitted,VINTAGE KID DOLLY CARD ,Cards & Stationery,543
22602,-5.339299705139727,0.6873321117619493,0.8847352795645719,69.31402962078982,72,53,fitted,CHRISTMAS RETROSPOT HEART WOOD,Christmas & Seasonal,568
85211,-1.1659693346388067,0.20341968725945,1.65,3.7980258522507406,47,14,fitted,S/4 GROOVY CAT MAGNETS,General Giftware,79
84858B,-2.066253063029017,0.8297728911511935,1.25,71.69047930663505,5,3,fitted,BLUE RIVIERA HANDBAG,Bags,9
21908,-6.47655235413835,0.3996501556083029,2.1449154443485763,60.67694896297983,104,83,fitted,CHOCOLATE THIS WAY METAL SIGN,Home Decor,1008
37485,-2.582768898406496,,4.65,3.125,8,2,category_fallback_insufficient_price_variation,ENGLISH ROSE TEA SET IN GIFT BOX,Storage & Boxes,15
85049d,-3.114237677208787,,2.46,1.0,2,1,category_fallback_insufficient_price_variation,BRIGHT BLUES RIBBONS ,Cards & Stationery,2
90201C,-1.6950974262848952,,2.9500000000000006,3.305555555555556,36,8,category_fallback_insufficient_price_variation,RED ENAMEL FLOWER RING,Jewellery & Accessories,46
84660B,-1.7322320480873197,0.6806254214276763,3.75,2.6963891355712386,38,12,fitted,BLACK STITCHED WALL CLOCK,Home Decor,62
22048,-3.114237677208787,,0.42,41.25,64,2,category_fallback_insufficient_price_variation,BIRTHDAY BANQUET GIFT WRAP,Cards & Stationery,102
16011,-3.114237677208787,,0.21,58.81818181818182,66,3,category_fallback_insufficient_price_variation,ANIMAL STICKERS,Cards & Stationery,115
21158,-1.631182597294959,0.449491564638372,1.45,6.573354739549429,90,34,fitted,MOODY GIRL DOOR HANGER ,General Giftware,330
23210,-4.948722206211096,0.1141086996735436,1.25,78.60858422514639,26,15,fitted,WHITE ROCKING HORSE HAND PAINTED,General Giftware,205
90174,-2.314681272087272,,2.54,1.8888888888888888,27,4,category_fallback_insufficient_price_variation,BUTTERFLY HAIR BAND,General Giftware,33
22943,-3.903197529208398,0.4376211581711637,4.95,35.5509760930152,40,26,fitted,CHRISTMAS LIGHTS 10 VINTAGE BAUBLES,Christmas & Seasonal,390
22702,-1.830646207736828,0.2321274872099504,2.1,6.080508552474022,51,14,fitted,BLACK AND WHITE CAT BOWL,Kitchen & Dining,99
85170A,-2.6058740499667103,0.3662042252268597,2.1,9.55168614171171,43,18,fitted,SET/6 IVORY BIRD T-LIGHT CANDLES,Lighting & Candles,85
35271S,-2.4405677367344385,,0.19,36.5,12,3,category_fallback_implausible_fit,GOLD PRINT PAPER BAG,Bags,21
21582,-2.314681272087272,,1.65,39.0,3,2,category_fallback_insufficient_price_variation,KINGS CHOICE SMALL TUBE MATCHES,General Giftware,17
22152,-1.8042638524865653,0.1881922395357976,0.42,49.22119149266939,74,23,fitted,PLACE SETTING WHITE STAR,General Giftware,255
22737,-4.3274100357725525,0.4946447798730893,1.7516281087333718,54.97713207935846,46,34,fitted,RIBBON REEL CHRISTMAS PRESENT ,Christmas & Seasonal,531
20997,-0.4727640156982135,0.0118254258625012,4.527142857142858,2.9924569963442984,43,12,fitted,ROSE DU SUD CUSHION COVER ,Home Decor,83
21282,-1.8392382736072288,0.1493335530960816,4.25,6.164434551136795,38,9,fitted,NATURAL BARK CANDLE LARGE,Lighting & Candles,71
21054,-2.4405677367344385,,8.95,5.420289855072464,69,15,category_fallback_implausible_fit,NURSE'S BAG SOFT TOY,Bags,189
21223,-3.5201711655761505,0.1204597459826742,1.25,11.146304262870007,18,6,fitted,SET/4 BADGES WOODLAND ANIMAL,General Giftware,46
21636,-1.5311821292123018,0.6309737338507602,0.8179032258064516,23.3356807843069,48,7,fitted,MADRAS NOTEBOOK MEDIUM,Cards & Stationery,107
79190A,-2.462632684614611,0.4057887725635456,0.42,10.507228950113433,75,18,fitted,RETRO PLASTIC 70'S TRAY,General Giftware,122
22672,-4.441551432770246,0.370728426689211,1.6694318181818182,33.43861979709587,67,39,fitted,FRENCH BATHROOM SIGN BLUE METAL,Home Decor,382
17061,-2.314681272087272,,0.04,52.0,1,1,category_fallback_insufficient_price_variation,ASSORTED SHAPED STENCIL FOR HENNA,General Giftware,1
84472,-3.184079826506645,0.2747949317900513,45.95,2.0773875728634312,17,5,fitted,PINK AND LILAC QUILTED THROW ,General Giftware,28
22141,-4.735645632340149,0.4565887467719465,2.2515762993576214,53.64315649922801,40,29,fitted,CHRISTMAS CRAFT TREE TOP ANGEL,Christmas & Seasonal,631
84692,-1.3244523931182983,0.2080678042869436,0.4592272022733143,165.03364203219763,104,99,fitted,BOX OF 24 COCKTAIL PARASOLS,Storage & Boxes,1180
84536a,-3.114237677208787,,0.81,2.5,10,3,category_fallback_insufficient_price_variation,ENGLISH ROSE NOTEBOOK A7 SIZE,Cards & Stationery,12
23483,-1.9544928776884587,0.3775827744133317,1.186842105263158,140.24760114178,10,10,fitted,HANGING  BUTTERFLY T-LIGHT HOLDER,Lighting & Candles,76
22733,-6.82558502346426,0.5607829987592352,1.3168169599217987,61.93431804551505,40,32,fitted,3D TRADITIONAL CHRISTMAS STICKERS,Christmas & Seasonal,362
22982,-4.013291477832837,0.4359233762067781,1.343076923076923,24.098468193849676,40,26,fitted,PANTRY PASTRY BRUSH,General Giftware,212
22691,-2.740442889814067,0.4412636707877102,7.95,7.26351349608061,64,42,fitted,DOORMAT WELCOME SUNRISE,General Giftware,217
23531,-5.9502737322385135,0.8876144070595458,6.893083164300203,41.21918892870081,10,10,fitted,WALL ART BIG LOVE ,General Giftware,112
21157,-1.6173592551331892,0.1377257402935245,2.236466165413534,7.550525033777879,64,24,fitted,RED SPOTTY WASHBAG,General Giftware,185
22710,-2.314681272087272,,0.42,101.53521126760565,71,9,category_fallback_implausible_fit,WRAP I LOVE LONDON ,General Giftware,174
85173,-2.1162103676688746,0.4459707969828492,2.55,5.685637266687829,74,26,fitted,SET/6 FROG PRINCE T-LIGHT CANDLES,Lighting & Candles,153
23638,-2.314681272087272,,2.91,1.0,2,1,category_fallback_insufficient_price_variation,SET 10 CARDS ROBIN WATERPUMP  17096,General Giftware,2
22739,-4.867186765311025,0.6687058883894308,1.923333333333333,56.81199183345513,49,40,fitted,RIBBON REEL CHRISTMAS SOCK BAUBLE,Christmas & Seasonal,648
84218,-2.030287251554104,0.0322368124378008,1.95,7.807605889747974,21,6,fitted,BOX/12 CHICK & EGG IN BASKET,Storage & Boxes,98
10135,-3.0221664410926867,0.3838442667713341,1.25,22.504374005063895,94,39,fitted,COLOURING PENCILS BROWN TUBE,Jewellery & Accessories,337
45014,-2.314681272087272,,4.65,1.0,1,1,category_fallback_insufficient_price_variation,FOLDING SHIRT TIDY,General Giftware,1
21457,-3.276802329746331,0.4462575622230706,1.25,13.34122452786796,27,10,fitted,2 PICTURE BOOK EGGS EASTER DUCKS,Christmas & Seasonal,65
82597,-3.683189202866588,0.2386492172362661,2.1239772727272728,21.954449306225936,46,28,fitted,BOMBS AWAY METAL SIGN,Home Decor,221
16045,-1.4640811031759755,0.3747333556888617,0.04,250.41402964953085,36,2,fitted,POPART WOODEN PENCILS ASST,General Giftware,75
35909A,-2.55654479163404,,2.9500000000000006,4.0,5,2,category_fallback_insufficient_price_variation,RABBIT EASTER DECORATION,Christmas & Seasonal,5
23499,-2.314681272087272,,0.4266094850423209,159.0,8,8,category_fallback_insufficient_price_variation,SET 12 VINTAGE DOILY CHALK ,General Giftware,114
22251,-3.3225788723328646,0.4470671109268804,1.3062008281573498,14.375781688017195,82,42,fitted,BIRDHOUSE DECORATION MAGIC GARDEN,Home Decor,305
23322,-5.385361141652149,0.1749698089252942,2.982857142857143,95.47997502136222,27,24,fitted,LARGE WHITE HEART OF WICKER,General Giftware,579
79192A,-0.520219497520025,0.0144884200433991,1.25,3.099632931802911,25,4,fitted,RETRO PLASTIC 70'S TRAY,General Giftware,34
23000,-4.698827545720166,0.1418431369683597,0.4295348837209302,65.88346070027433,43,33,fitted,TRAVEL CARD WALLET TRANSPORT,Cards & Stationery,280
22108,-1.2267788396984365,0.1137227318501005,3.36,3.3947042767143687,59,24,fitted,PING! MICROWAVE PLATE,Kitchen & Dining,133
85018A,-2.314681272087272,,4.25,1.5,10,1,category_fallback_insufficient_price_variation,S/6 PAPER BOXES ROMANTIC IMAGES,General Giftware,10
22236,-6.035561496012147,0.10606339885853,12.75,7.089781009195492,89,28,fitted,CAKE STAND 3 TIER MAGIC GARDEN,Garden & Outdoor,419
20903,-1.4415253676918214,0.817534782786339,6.35,2.954278247024264,47,10,fitted,VINTAGE KEEPSAKE BOX TRAVELOGUE,Storage & Boxes,87
21115,-1.9630781151959225,0.178215037780371,6.75,8.018877355637136,100,38,fitted,ROSE CARAVAN DOORSTOP,General Giftware,444
85169D,-1.894755177967826,0.3579618701944821,1.25,5.85262999682165,55,12,fitted,PINK LOVE BIRD CANDLE,Lighting & Candles,89
84968F,-1.846255772899496,0.2744975256887429,12.75,3.4318322229183758,58,13,fitted,SET OF 16 VINTAGE SKY BLUE CUTLERY,Kitchen & Dining,133
20763,-2.312699641597698,0.4474675471294079,3.75,2.3278879768100698,47,10,fitted,DAISY SKETCHBOOK ,General Giftware,75
22103,-1.980970594386774,0.2847269804537845,1.6499999999999997,10.577662367768012,51,14,fitted,MIRROR MOSAIC T-LIGHT HOLDER ROUND,Lighting & Candles,73
90040B,-7.447605413704552,0.2560927870162051,3.66,1.9058484458764375,31,5,fitted,MURANO STYLE GLASS BRACELET BLACK,Jewellery & Accessories,38
21459,-0.5456366977689978,0.0117402441923651,1.95,5.81125371997843,23,8,fitted,YELLOW EASTER EGG HUNT START POST,Christmas & Seasonal,43
18098A,-2.314681272087272,,2.95,2.0,1,1,category_fallback_insufficient_price_variation,PINK PORCELAIN B'FLY OIL BURNER,General Giftware,2
90130D,-1.6950974262848952,,2.9500000000000006,1.7142857142857142,7,3,category_fallback_insufficient_price_variation,RED STONE/CRYSTAL EARRINGS,Jewellery & Accessories,7
21645,-1.5551370931820925,0.0209927873339061,1.65,12.945734858923949,45,14,fitted,ASSORTED TUTTI FRUTTI ROUND BOX,Storage & Boxes,142
21932,-3.257933470462161,0.4523244652099444,2.95,11.233148465159342,92,55,fitted,SCANDINAVIAN PAISLEY PICNIC BAG,Bags,661
20760,-2.2366473473461657,,0.85,29.38095238095238,42,6,category_fallback_implausible_fit,GARDEN PATH POCKET BOOK,Garden & Outdoor,83
21081,-2.314681272087272,,0.85,1.0,4,1,category_fallback_insufficient_price_variation,SET/20 POSIES PAPER NAPKINS,General Giftware,4
16052,-2.8283681265921934,0.6156474854603469,0.42,19.082990099626404,27,8,fitted,TEATIME PUSH DOWN RUBBER,General Giftware,36
75049L,-4.6001073947728,0.7768085662961111,0.992782608695652,139.0426404153095,81,64,fitted,LARGE CIRCULAR MIRROR MOBILE,Home Decor,355
21967,-2.4916459494753678,0.1550407974223879,0.2983870967741935,58.68936382625523,93,53,fitted,PACK OF 12 SKULL TISSUES,General Giftware,511
22189,-4.752250871194801,0.5923314149788883,3.95,62.92718328972329,96,86,fitted,CREAM HEART CARD HOLDER,Cards & Stationery,1329
90202B,-2.314681272087272,,2.95,1.6,15,5,category_fallback_insufficient_price_variation,WHITE ENAMEL FLOWER HAIR TIE,General Giftware,16
22913,-1.7234898653492534,0.1176592650217104,4.95,5.491887370076649,46,13,fitted,RED COAT RACK PARIS FASHION,General Giftware,130
21740,-2.314681272087272,,2.9500000000000006,25.5,8,5,category_fallback_implausible_fit,COSY SLIPPER SHOES LARGE RED,General Giftware,70
90065A,-1.6950974262848952,,6.75,2.8,10,3,category_fallback_insufficient_price_variation,WHITE VINTAGE CRYSTAL BRACELET,Jewellery & Accessories,17
90158,-1.6950974262848952,,4.98,1.7173913043478262,46,7,category_fallback_insufficient_price_variation,ST TROPEZ NECKLACE,Jewellery & Accessories,65
21758,-0.8115226001754661,0.1545271627148609,7.524857142857144,2.155192417785305,54,9,fitted,VINTAGE SHELLS PRINT,General Giftware,81
22204,-0.9672406668334438,0.0802040864966529,3.75,4.120547533801712,72,18,fitted,MILK PAN BLUE POLKADOT,General Giftware,169
22800,-2.067368918006403,0.1348039571530029,4.1370000000000005,13.130803982994854,57,29,fitted,ANTIQUE TALL SWIRLGLASS TRINKET POT,Bottles & Glassware,286
20998,-0.171167750475237,0.0028637426520822,2.9500000000000006,3.4034787459558635,71,27,fitted,ROSE DU SUD OVEN GLOVE,General Giftware,132
85111,-1.3064480976435493,0.4852655659390793,0.29,39.259461681658905,44,9,fitted,SILVER GLITTER FLOWER VOTIVE HOLDER,General Giftware,81
84507C,-2.532970812936197,0.6262254607867013,2.55,2.8345506107539302,51,8,fitted,BLUE CIRCLES DESIGN MONKEY DOLL,Home Decor,72
21527,-4.841016530977954,0.1831483176514459,7.95,36.36422131103699,66,60,fitted,RED RETROSPOT TRADITIONAL TEAPOT ,Kitchen & Dining,869
21732,-4.391287589412612,0.1760912049437067,3.75,8.222994636726845,28,9,fitted,RED HANGING METAL STAR TLIGHT HLDR,Lighting & Candles,61
79406,-1.3656532011344584,0.5054109164218157,0.22,11.819310636094484,20,4,fitted,FROSTED WHITE BASE ,General Giftware,21
22475,-1.3264638327193234,0.0888852621549447,4.95,5.661919521891738,82,35,fitted,SKULL DESIGN TV DINNER TRAY,Home Decor,268
20768,-3.30753818125812,0.2724674244874939,2.55,4.484773393933297,70,19,fitted,GREEN FERN JOURNAL ,General Giftware,152
72798C,-0.8492829402042062,0.1609478383355149,1.65,1.8293869026249372,14,3,fitted,SET/4 GARDEN ROSE DINNER CANDLE,Lighting & Candles,15
22662,-5.550985010288438,0.6508775180802041,1.6500000000000004,115.84151682919608,72,63,fitted,LUNCH BAG DOLLY GIRL DESIGN,Bags,1033
23069,-2.375411544782531,,6.25,4.238095238095238,21,1,category_fallback_insufficient_price_variation,EDWARDIAN PHOTO FRAME,Home Decor,32
18098B,-2.314681272087272,,2.95,1.0,3,1,category_fallback_insufficient_price_variation,BLUE PORCELAIN B'FLY OIL BURNER,General Giftware,3
90175D,-1.6950974262848952,,9.15,1.7647058823529411,34,5,category_fallback_insufficient_price_variation,TIGRIS EYE CHUNKY CHARM BRACELET,Jewellery & Accessories,42
23576,-2.314681272087272,,2.059,50.0,3,3,category_fallback_implausible_fit,SNACK TRAY RED VINTAGE DOILY,General Giftware,37
90199D,-1.6950974262848952,,6.35,1.4666666666666666,15,4,category_fallback_insufficient_price_variation,5 STRAND GLASS NECKLACE AMBER,Jewellery & Accessories,16
20968,-3.024428722851681,0.8891457889450572,4.433660714285715,10.704032895135956,4,4,fitted,GREEN FLORAL FELTCRAFT SHOULDER BAG,Bags,20
20870,-3.633080757309531,0.9624320367022404,3.2,2.571576285820784,3,3,fitted,OPULENT VELVET CANDLE IN BOX,Lighting & Candles,7
21688,-2.5029792820946684,0.3188773177110316,2.9500000000000006,11.555186070663405,73,20,fitted,SILVER PLATE CANDLE BOWL SMALL,Lighting & Candles,151
85222,-2.870931460514924,0.6735901638730856,2.1,13.81293219238622,22,10,fitted,ASSORTED COLOUR SILK COSMETIC PURSE,General Giftware,52
22046,-9.321198568032948,0.2289131146308121,0.42,51.91486910955778,91,5,fitted,TEA PARTY  WRAPPING PAPER ,General Giftware,208
21686,-2.314681272087272,,39.95,2.3703703703703702,27,4,category_fallback_implausible_fit,MEDINA STAMPED METAL STOOL,General Giftware,32
20688,-1.3619330144812074,0.5534734518332827,5.95,3.293623199472578,5,5,fitted,BEAUTY SPEED EXPRESSO CUPS,General Giftware,10
90014B,-1.6950974262848952,,9.95,1.36,25,5,category_fallback_implausible_fit,GOLD M PEARL  ORBIT NECKLACE,Jewellery & Accessories,29
84782B,-2.45291949563188,,12.75,1.6666666666666667,6,1,category_fallback_insufficient_price_variation,BLACK 3 TIER GLASS PLATE STAND,Kitchen & Dining,6
21406,-2.314681272087272,,8.65,1.0,1,1,category_fallback_insufficient_price_variation,SPOTTY CAT DOORSTOP ,General Giftware,1
82081,-1.8575132564102057,0.7913659716611773,2.6185185185185187,17.067647593409408,10,6,fitted,PINK HEARTS PHOTO ALBUM,General Giftware,23
21330,-1.8994724358925152,0.1796020627988804,1.745,20.802574852826368,39,26,fitted,WOODLAND ANIMAL  WRITING SET ,General Giftware,204
22241,-2.170454621955755,0.0697322113470367,1.289375,19.762976784763943,65,36,fitted,GARLAND WOODEN HAPPY EASTER,Christmas & Seasonal,477
22077,-2.6148383043290875,0.1987660787328833,1.7660563380281689,148.59420349131042,95,92,fitted,6 RIBBONS RUSTIC CHARM,Cards & Stationery,1826
23356,-5.495122306215794,0.1885357441501464,5.762177601809954,123.80262966417408,16,15,fitted,LOVE HOT WATER BOTTLE,Bottles & Glassware,500
23414,-2.375411544782531,,9.95,10.0,14,4,category_fallback_insufficient_price_variation,ZINC BOX SIGN HOME,Home Decor,63
90173,-2.314681272087272,,3.81,2.5428571428571427,35,9,category_fallback_insufficient_price_variation,PAIR BUTTERFLY HAIR CLIPS,General Giftware,56
22722,-3.093413749526495,0.0871466385968184,4.0926470588235295,77.62351323126833,43,38,fitted,SET OF 6 SPICE TINS PANTRY DESIGN,Home Decor,858
18097C,-3.4526157496699423,0.3897940441221196,2.55,11.631502577784548,80,27,fitted,WHITE TALL PORCELAIN T-LIGHT HOLDER,Lighting & Candles,224
20943,-2.495183606820661,0.2674802292422858,1.25,16.862411136380757,21,9,fitted,SET/6 GINGERBREAD STAR T-LIGHTS,Lighting & Candles,73
23125,-1.5902079264043154,0.1738715180853844,1.7877777777777777,5.0884489372992725,17,8,fitted,6PC WOOD PLATE SET DISPOSABLE,Kitchen & Dining,37
23560,-3.114237677208787,,3.08016393442623,37.66666666666666,3,3,category_fallback_implausible_fit,SET OF 6 RIBBONS COUNTRY STYLE,Cards & Stationery,26
22559,-2.827724094136648,0.320945067331672,1.25,13.942205593837516,72,30,fitted,SEASIDE FLYING DISC,General Giftware,206
84987,-4.828047336635488,0.3280692232174267,1.4954999999999998,59.30501543582507,104,85,fitted,SET OF 36 TEATIME PAPER DOILIES,General Giftware,829
23405,-2.318070370396386,0.3653012258739084,4.95,18.894630851032264,14,10,fitted,HOME SWEET HOME 2 DRAWER CABINET,General Giftware,73
22703,-2.212587780062899,0.3044397973417093,2.1,4.697875920303863,57,21,fitted,PINK CAT BOWL,Kitchen & Dining,167
21291,-4.036267675255176,0.3350068947203195,0.85,24.11185979080432,75,20,fitted,SMALL POLKADOT CHOCOLATE GIFT BAG ,Bags,162
37489B,-0.3032222144768568,0.2002485862680765,0.39,2.420808150838691,17,3,fitted,BLUE/YELLOW FLOWER DESIGN BIG MUG,Kitchen & Dining,18
46000M,-2.314681272087272,,1.55,26.42708333333333,96,3,category_fallback_insufficient_price_variation,POLYESTER FILLER PAD 45x45cm,General Giftware,358
72818,-3.617486073950324,0.6886429424142178,0.85,19.182700939661625,34,18,fitted,CHRISTMAS DECOUPAGE CANDLE,Christmas & Seasonal,144
22903,-1.4681252102037918,0.0434514938779293,2.95,5.672867666952596,38,16,fitted,CALENDAR FAMILY FAVOURITES,General Giftware,83
21692,-0.2037660699712457,0.000274621007886,3.75,7.449786679267243,46,6,fitted,SILVER LATTICE VANILLA CANDLE POT,Lighting & Candles,126
82578,-3.5632656998731256,0.3151023199036857,0.5829341926729987,38.84950236249048,102,75,fitted,KITCHEN METAL SIGN,Kitchen & Dining,723
90013C,-8.22958695663762,0.3701713465521652,4.15,1.549861353194466,42,8,fitted,GREEN VINTAGE EARRINGS ,Jewellery & Accessories,60
22248,-3.3296257375480054,0.5105856372374604,0.8500000000000001,14.702946317850596,64,28,fitted,DECORATION  PINK CHICK MAGIC GARDEN,Home Decor,181
37409,-2.45291949563188,,0.85,2.6666666666666665,3,1,category_fallback_insufficient_price_variation,ASSORTED DESIGN FLOWER MUGS,Kitchen & Dining,4
62097A,-2.4405677367344385,,2.95,1.0,3,1,category_fallback_insufficient_price_variation,PINK STRIPES SHOULDER BAG,Bags,3
21041,-0.9047591567585525,0.0452619950807434,3.631481481481481,18.70511820245422,77,65,fitted,RED RETROSPOT OVEN GLOVE DOUBLE,General Giftware,554
47591A,-2.45291949563188,,1.65,4.9393939393939394,33,12,category_fallback_insufficient_price_variation,CAROUSEL DES CHILD'S APRON,Kitchen & Dining,70
46115B,-2.375411544782531,,0.19,18.25,16,3,category_fallback_insufficient_price_variation,GREEN POP ART MAO CUSHION COVER ,Home Decor,23
20892,-1.172268935884034,0.4870447103185766,12.75,2.498136162750338,29,9,fitted,SET/3 TALL GLASS CANDLE HOLDER PINK,Lighting & Candles,40
72785A,-2.278947917977102,,2.1,2.0,4,1,category_fallback_insufficient_price_variation,S/4 CONTEMPORY PINK ROSEBUD CANDLES,Lighting & Candles,4
20783,-0.6690482572389552,0.0239453357522616,5.49,3.498205455545253,22,9,fitted,HEART EAR MUFF HEADPHONES,General Giftware,56
90155,-1.6950974262848952,,7.5,1.7058823529411764,17,5,category_fallback_insufficient_price_variation,RESIN NECKLACE W PASTEL BEADS,Jewellery & Accessories,20
22339,-2.2577990677485924,0.5602700669007956,0.65,24.8495615687264,40,22,fitted,CHRISTMAS TREE PAINTED ZINC ,Christmas & Seasonal,156
84743C,-2.375411544782531,,1.25,2.0,5,1,category_fallback_insufficient_price_variation,ORANGE FELT VASE + FLOWERS,Home Decor,6
47422,-2.45291949563188,,0.42,24.857142857142858,49,7,category_fallback_implausible_fit,ASSORTED MONKEY SUCTION CUP HOOK,Kitchen & Dining,85
90142B,-1.6950974262848952,,5.09,1.0,1,1,category_fallback_insufficient_price_variation,IVORY PENDANT SHELL NECKLACE,Jewellery & Accessories,1
35838B,-2.278947917977102,,0.85,10.0,10,2,category_fallback_insufficient_price_variation,S/6 SILVER ORNAMENETAL CANDLE,Lighting & Candles,25
90054,-1.6950974262848952,,2.54,1.3571428571428572,14,6,category_fallback_insufficient_price_variation,CRACKED GLAZE EARRINGS RED,Jewellery & Accessories,19
23633,-2.314681272087272,,2.49,1.0,3,1,category_fallback_insufficient_price_variation,SET 10 CARDS WORLD CHILDREN 17067,General Giftware,3
84247K,-0.165687779060851,0.0013110777850462,2.95,1.8134896123654636,24,5,fitted,"FOLK ART GREETING CARD,pack/12",Cards & Stationery,30
21744,-2.1857949268873305,0.0781627668575093,2.9500000000000006,12.85864397395077,44,22,fitted,SNOWFLAKE PORTABLE TABLE LIGHT ,Lighting & Candles,237
35638A,-1.251881806870503,0.2991196117096021,3.95,1.6700698989991904,6,3,fitted,PINK AND BLACK STRING CURTAIN,Jewellery & Accessories,6
81953P,-1.2788374708379395,0.6463907905391425,0.85,1.4422495703074083,5,3,fitted,ROUND ARTICULATED PINK CLOCK W/SUCK,Home Decor,6
23448,-2.55654479163404,,1.6499999999999997,12.5,2,1,category_fallback_insufficient_price_variation,CREAM BUNNY EASTER EGG BASKET,Christmas & Seasonal,3
22030,-4.773641005726488,0.2122970863260128,0.42,101.64602355723936,97,55,fitted,SWALLOWS GREETING CARD,Cards & Stationery,713
90003E,-2.314681272087272,,3.75,2.0,17,3,category_fallback_insufficient_price_variation,GREEN PAIR HEART HAIR SLIDES,General Giftware,23
23440,-2.314681272087272,,2.08,6.666666666666667,3,1,category_fallback_insufficient_price_variation,PAINT YOUR OWN EGGS IN CRATE,General Giftware,4
23444,-2.314681272087272,,15.0,3.12,25,1,category_fallback_insufficient_price_variation,Next Day Carriage,General Giftware,78
23650,-2.314681272087272,,2.49,1.0,4,1,category_fallback_insufficient_price_variation,SET 10 CARDS FILIGREE BAUBLE 16961,General Giftware,4
22299,-3.803876212451338,0.5271469756431721,1.267547476939772,32.879770790264864,72,29,fitted,PIG KEYRING WITH LIGHT & SOUND ,Lighting & Candles,209
22433,-4.252752360372133,0.4560687618301856,1.95,24.375437904477863,87,49,fitted,WATERING CAN GREEN DINOSAUR,Jewellery & Accessories,434
21395,-1.554602721695132,0.5642088545355479,0.4275757575757575,57.95090711919296,47,15,fitted,BLUE POLKADOT BEAKER ,General Giftware,117
22596,-1.2578523208609145,0.0440852977760557,1.25,57.53674159794024,43,24,fitted,CHRISTMAS STAR WISH LIST CHALKBOARD,Christmas & Seasonal,449
23536,-6.653411763396586,0.4043318110211105,6.215825000000001,28.499104665791148,10,9,fitted,WALL ART VILLAGE SHOW ,General Giftware,83
72799C,-2.087413583420964,0.4745335843344467,2.95,4.242940829455168,28,10,fitted,PINK PILLAR CANDLE SILVER FLOCK,Lighting & Candles,48
21729,-2.713087004621438,0.8171518729964575,3.69,13.374459211517769,7,6,fitted,SMALL MARAKESH METAL  LANTERN ,Lighting & Candles,30
21697,-2.314681272087272,,1.6900000000000002,26.4,5,2,category_fallback_insufficient_price_variation,SET 5 MINI DOUGHNUT FRIDGE MAGNET ,General Giftware,6
23003,-3.114237677208787,,0.42,32.375,16,2,category_fallback_insufficient_price_variation,TRAVEL CARD WALLET VINTAGE ROSE ,Cards & Stationery,53
46775A,-2.365687604797277,0.5130077952014933,16.95,5.700560363666471,6,4,fitted,BUBBLE GUM CHUNKY KNITTED THROW ,General Giftware,32
85130B,-1.845587952032246,0.5045144817725356,1.6499999999999997,5.45916499284083,51,13,fitted,BEADED CRYSTAL HEART GREEN LARGE,General Giftware,83
47503A,-2.620516532413172,0.6299040570487004,0.835,11.000839048148356,61,7,fitted,ASS FLORAL PRINT MULTI SCREWDRIVER,General Giftware,202
23186,-2.582768898406496,,0.29,78.8,25,5,category_fallback_implausible_fit,FRENCH STYLE STORAGE JAR CAFE ,Storage & Boxes,70
20971,-6.910750586288049,0.382723696245647,1.25,112.52874687606769,104,71,fitted,PINK BLUE FELT CRAFT TRINKET BOX,Storage & Boxes,1200
21644,-0.700979969604157,0.0098568942348183,1.25,11.39294383388738,63,13,fitted,ASSORTED TUTTI FRUTTI HEART BOX,Storage & Boxes,150
84534B,-2.8866550801667783,0.2725723218183747,0.95125,11.52066797037038,53,33,fitted,FAIRY CAKE NOTEBOOK A5 SIZE,Cards & Stationery,197
21589,-2.314681272087272,,2.55,41.44444444444444,27,12,category_fallback_implausible_fit,SWALLOW GIANT TUBE MATCHES,General Giftware,89
22719,-1.8213500899967023,0.1962306311082785,1.3156818181818184,22.91307020434063,51,37,fitted,GUMBALL MONOCHROME COAT RACK,General Giftware,246
21269,-0.1979608627829228,0.0036775615917601,8.5,2.4217527135990453,42,6,fitted,ANTIQUE CREAM CUTLERY SHELF ,Kitchen & Dining,67
23571,-0.4094891943916859,0.0004988800960664,1.7150390879478823,182.031376244088,8,7,fitted,TRADITIONAL NAUGHTS & CROSSES,General Giftware,265
23416,-1.8995224138427216,0.4514635331215108,1.65,6.414874186684331,12,7,fitted,CHAMBRE HOOK,General Giftware,25
21231,-4.475570482011238,0.3051465411173423,1.2543525179856116,156.57959170489175,96,90,fitted,SWEETHEART CERAMIC TRINKET BOX,Storage & Boxes,1566
35610C,-2.420047296218188,0.3081827368124353,1.25,5.403840154082454,6,2,fitted,WHITE CHRISTMAS FLOCK DROPLET ,Christmas & Seasonal,6
21674,-9.666443307106334,0.6323428678154006,16.95,3.5652049159319987,7,2,fitted,RIDGED GLASS PENDANT LAMPSHADE,Lighting & Candles,10
21496,-2.314681272087272,,0.42,25.0,1,1,category_fallback_insufficient_price_variation,WOODLAND CREATURES  WRAP,General Giftware,1
21822,-1.8193323817205307,0.3528779577076758,1.95,12.945360206584812,33,18,fitted,GLITTER CHRISTMAS TREE WITH BELLS,Christmas & Seasonal,160
21274,-1.2079291351699384,0.1445479762470515,12.75,3.604573976016848,43,6,fitted,EMBOSSED HEART 3 DRAWER SHELF,General Giftware,107
23634,-2.55654479163404,,2.91,1.0,5,1,category_fallback_insufficient_price_variation,SET 10 CARDS XMAS CHOIR 17068,Christmas & Seasonal,5
85226C,-2.314681272087272,,0.55,14.6,35,7,category_fallback_implausible_fit,BLUE PULL BACK RACING CAR,General Giftware,84
21359,-1.105914209732714,0.4000810556560445,15.95,2.036360666155694,48,10,fitted,RELAX LARGE WOOD LETTERS,General Giftware,78
35822P,-2.314681272087272,,0.38,114.0,1,1,category_fallback_insufficient_price_variation,"ACRYLIC BEAD CHAIN, PINK",General Giftware,1
72807b,-2.278947917977102,,8.47,2.888888888888889,9,4,category_fallback_insufficient_price_variation,SET/3 OCEAN SCENT CANDLE JEWEL BOX,Lighting & Candles,19
22039,-4.784712044290443,0.084781666414763,0.42,30.974134208846326,23,2,fitted,BOTANICAL LILY GIFT WRAP,Cards & Stationery,30
23313,-1.0913596846605491,0.0042071573464463,4.95,93.4269464769506,22,18,fitted,VINTAGE CHRISTMAS BUNTING,Christmas & Seasonal,411
37471,-1.496525276902008,0.9485397465768968,0.85,17.35396126117239,9,4,fitted,MULTICOLOUR DOTS PLATE,Kitchen & Dining,9
21675,-3.445914774550534,0.4427086983039974,0.85,19.50573648778325,87,34,fitted,BUTTERFLIES STICKERS,Cards & Stationery,277
84797B,-2.129604136568085,0.7102824290309357,5.734259259259259,41.0049338411604,7,6,fitted,BLUE SAVANNAH PICNIC HAMPER FOR 4,General Giftware,33
84975,-4.567201270046415,0.1508034778152197,1.6900000000000002,24.617070993764216,48,26,fitted,HEART SHAPED MIRROR,Home Decor,218
22083,-3.128748544066643,0.2348458280744608,2.9736616106740845,105.55341639850728,104,104,fitted,PAPER CHAIN KIT RETROSPOT,General Giftware,1447
23122,-6.1073690167589625,0.2904229610176143,0.83,48.1142470543801,25,19,fitted,PARTY CHARMS 50 PIECES,General Giftware,137
22824,-2.2366473473461657,,35.95,2.032258064516129,31,4,category_fallback_insufficient_price_variation,3 TIER SWEETHEART GARDEN SHELF,Garden & Outdoor,50
20765,-2.1020475864016865,0.3690774915393346,3.75,3.548812345015019,67,15,fitted,CHRYSANTHEMUM SKETCHBOOK ,General Giftware,156
22283,-2.0193856259913883,0.2262571568322753,7.950000000000001,8.540867953110089,98,37,fitted,6 EGG HOUSE PAINTED WOOD,General Giftware,389
90214M,-1.6950974262848952,,0.9783333333333332,3.325,40,8,category_fallback_implausible_fit,"LETTER ""M"" BLING KEY RING",Jewellery & Accessories,66
22434,-5.251173127355616,0.1902219556398603,1.95,17.41176250233369,78,23,fitted,BALLOON PUMP WITH 10 BALLOONS,General Giftware,299
23110,-3.757123971064495,0.3089328449673099,5.769375,22.6362248103564,31,22,fitted,PARISIENNE KEY CABINET ,General Giftware,257
90121B,-1.6950974262848952,,4.25,3.8,5,1,category_fallback_insufficient_price_variation,VINTAGE ROSE BEAD BRACELET BLUE,Jewellery & Accessories,9
20879,-1.838801689795257,0.8711870019306338,2.09,6.173186987702594,4,4,fitted,TREE OF NOAH FESTIVE SCENTED CANDLE,Lighting & Candles,13
22334,-4.419074574779983,0.1829410503594003,1.65,14.048676668154824,94,22,fitted,DINOSAUR PARTY BAG + STICKER SET,Bags,270
22400,-1.1563041313069753,0.1975648431058466,1.25,10.925459080692878,71,13,fitted,MAGNETS PACK OF 4 HOME SWEET HOME,General Giftware,244
22391,-1.5586053748816422,0.5163870585817016,2.55,4.36303083221966,41,9,fitted,PAPERWEIGHT HOME SWEET HOME,General Giftware,68
84893,-2.582768898406496,,5.95,2.6666666666666665,9,1,category_fallback_insufficient_price_variation,ANT WHITE IRON BASKET,Storage & Boxes,15
84536b,-3.114237677208787,,0.81,3.25,4,2,category_fallback_insufficient_price_variation,FAIRY CAKES NOTEBOOK A7 SIZE,Cards & Stationery,5
21991,-2.4077613868315826,0.4537485635963311,2.46,5.321185749163486,76,41,fitted,BOHEMIAN COLLAGE STATIONERY SET,General Giftware,301
84875B,-1.209389087243253,0.2337583790137241,1.25,8.474840817041512,20,5,fitted,GREEN SQUARE COMPACT MIRROR,Home Decor,41
23007,-2.814164825280532,0.0846274186988499,15.640476190476187,9.19761178164052,38,28,fitted, SPACEBOY BABY GIFT SET,General Giftware,185
17013C,-2.314681272087272,,0.42,106.5,2,1,category_fallback_insufficient_price_variation,ORIGAMI LAVENDER INCENSE IN TUBE,General Giftware,2
79320,-3.692349948580557,0.4900814569859246,4.95,16.89499955334476,41,23,fitted,FLAMINGO LIGHTS,Lighting & Candles,150
23516,-3.114237677208787,,3.75,26.63636363636364,11,3,category_fallback_implausible_fit,EMBROIDERED RIBBON REEL SOPHIE  ,Cards & Stationery,44
35915A,-2.314681272087272,,1.27,288.0,1,1,category_fallback_insufficient_price_variation,CREAM KNITTED HEN,General Giftware,1
23472,-0.9113643803813272,0.0311884597920434,14.95,4.174524758742995,11,6,fitted, NINE DRAWER OFFICE TIDY,General Giftware,34
22174,-1.2432209242513634,0.0684632570570833,2.1125,25.29454527136645,91,77,fitted,PHOTO CUBE,General Giftware,596
72751C,-2.278947917977102,,5.95,1.0,1,1,category_fallback_insufficient_price_variation,"F.FAIRY S/3 SML CANDLE, ROSE",Lighting & Candles,1
21680,-3.502119555820824,0.4229738437081821,0.8907763157894737,21.61444699006184,88,44,fitted,WOODLAND  STICKERS,Cards & Stationery,275
84255B,-0.1252977228492539,0.0031520144316669,2.1,4.709650598011458,9,5,fitted,ORANGE COCKTAIL GLASS LAMP,Lighting & Candles,19
20822,-2.314681272087272,,4.65,2.0,1,1,category_fallback_insufficient_price_variation,SILVER WINE GOBLET,General Giftware,1
22670,-4.064155274246383,0.2963387372082843,1.2994083333333335,39.12623611784721,68,50,fitted,FRENCH WC SIGN BLUE METAL,Home Decor,440
23371,-5.903653812483686,0.7110403986397904,1.2764217779503106,109.05460159891092,12,12,fitted,SET 36 COLOUR PENCILS SPACEBOY ,General Giftware,190
23143,-1.4271220970219798,0.5142327009576603,10.4,2.470161322890707,8,4,fitted,ZINC WIRE KITCHEN ORGANISER,Kitchen & Dining,16
90042A,-1.6950974262848952,,2.54,3.0,21,7,category_fallback_insufficient_price_variation,FRESHWATER PEARL BRACELET GOLD,Jewellery & Accessories,33
21145,-0.8986010305903492,0.391092337193347,1.25,21.90231463939889,32,9,fitted,ANTIQUE GLASS PLACE SETTING,Bottles & Glassware,49
79000,-2.629078696464813,0.2051042264524205,0.85,92.7962456603196,87,59,fitted,MOROCCAN TEA GLASS,Bottles & Glassware,450
21875,-3.021309159717723,0.3024890224981786,1.2870175438596492,26.89339989946128,99,58,fitted,KINGS CHOICE MUG,Kitchen & Dining,427
23112,-2.8279591853698376,0.3015566825435161,8.353913043478261,14.709979714102762,31,24,fitted,PARISIENNE CURIO CABINET,General Giftware,242
21623,-7.066783397747661,0.5601191291212757,9.95,11.969179212038444,92,43,fitted,VINTAGE UNION JACK MEMOBOARD,General Giftware,553
21739,-2.377348040326346,0.2966951317791827,2.95,6.008783541198578,62,25,fitted,COSY SLIPPER SHOES SMALL GREEN,General Giftware,184
90066A,-2.314681272087272,,6.75,2.5,2,1,category_fallback_insufficient_price_variation,PINK VINTAGE VICTORIAN CHOKER,General Giftware,2
20989,-3.1063480518484923,0.2111026075603977,1.95,15.144076183324469,14,9,fitted,URBAN CHIC CHOPSTICKS SET/5,General Giftware,56
23497,-2.314681272087272,,1.431797752808989,365.8571428571428,7,7,category_fallback_insufficient_price_variation,CLASSIC CHROME BICYCLE BELL ,General Giftware,202
23064,-2.444336201151786,0.8284769161142851,49.95,1.9796637842146456,15,5,fitted,CINDERELLA CHANDELIER ,General Giftware,22
17013D,-1.7788728998504049,0.7314534054807957,1.6499999999999997,5.869082048536689,26,7,fitted,ORIGAMI ROSE INCENSE IN TUBE,General Giftware,31
84901,-4.343527827601888,0.0689565116162482,3.75,3.080691172320573,35,9,fitted,BLACK FACE LAMB WITH PANTS,General Giftware,77
22114,-0.617459264598239,0.0062535157368122,4.514312289728874,58.50786222677967,78,70,fitted,HOT WATER BOTTLE TEA AND SYMPATHY,Bottles & Glassware,1690
72038P,-1.4364540493994806,1.0,0.21,49.99999999999999,9,2,fitted,PRICE'S CANDLE PEACH,Lighting & Candles,9
84898F,-2.4405677367344385,,2.1,5.666666666666667,30,2,category_fallback_implausible_fit,YELLOW FLOWERS FELT HANDBAG KIT,Bags,55
15056P,-5.450413627298047,0.2292092291892343,5.95,9.620075761301838,100,29,fitted,EDWARDIAN PARASOL PINK,General Giftware,344
84212,-3.494308122429883,0.541215397360643,0.65,83.59201320685484,90,28,fitted,"ASSORTED FLOWER COLOUR ""LEIS""",General Giftware,280
22222,-2.351199339282611,0.4073777282793055,4.95,8.604707435681831,101,50,fitted,CAKE PLATE LOVEBIRD WHITE,Kitchen & Dining,404
46000P,-2.314681272087272,,4.25,7.413793103448276,29,1,category_fallback_insufficient_price_variation,POLYESTER FILLER PAD 65CMx65CM,General Giftware,50
22143,-2.352237525118104,0.2347477693329734,2.1,9.698611052831112,26,12,fitted,CHRISTMAS CRAFT HEART DECORATIONS,Christmas & Seasonal,73
20703,-2.314681272087272,,4.25,9.673469387755102,49,5,category_fallback_insufficient_price_variation,BLUE PADDED SOFT MOBILE,General Giftware,171
85183B,-1.7323146750542413,0.5441462904537534,1.558867924528302,18.35990973188402,73,16,fitted,CHARLIE & LOLA WASTEPAPER BIN FLORA,General Giftware,172
21666,-2.760651441932815,0.4610639686614823,0.65,18.95732446018815,56,12,fitted,RIDGED GLASS T-LIGHT HOLDER,Lighting & Candles,87
23607,-2.314681272087272,,1.66,1.1428571428571428,7,1,category_fallback_insufficient_price_variation,SET 10 CARDS HATS & STOCKINGS 17081,General Giftware,7
84550,-1.6950974262848952,,1.65,3.0,5,2,category_fallback_insufficient_price_variation,CROCHET LILAC/RED BEAR KEYRING,Jewellery & Accessories,5
20858,-2.314681272087272,,1.65,4.0,1,1,category_fallback_insufficient_price_variation,SILVER PURSE GOLD PINK BUTTERFLY,General Giftware,1
84597C,-2.0232576628594625,0.126922546490898,1.25,7.175098181825201,29,6,fitted,RETRO PINK BALL ASHTRAY ,General Giftware,44
90024F,-1.6950974262848952,,8.49,1.3333333333333333,6,3,category_fallback_insufficient_price_variation,NEW BAROQUE B'FLY NECKLACE CRYSTAL,Jewellery & Accessories,6
85083,-2.55654479163404,,2.55,2.5,2,1,category_fallback_insufficient_price_variation,KISS REINDEER SCANDINAVIAN STOCKING,Christmas & Seasonal,2
23465,-2.314681272087272,,8.25,4.0,7,1,category_fallback_insufficient_price_variation,TUSCAN VILLA BIRD FEEDER,General Giftware,15
23379,-2.9036333983490654,0.346015457883677,0.4065413533834586,54.65425464338005,14,12,fitted,PACK OF 12 RED APPLE TISSUES,General Giftware,76
22308,-1.1792443017604597,0.0941634964713228,3.353333333333333,3.947620456338552,88,28,fitted,TEA COSY BLUE STRIPE,General Giftware,216
23045,-2.1590279895508786,0.1362034040662478,4.15,4.899620250810079,16,3,fitted,PAPER LANTERN 5 POINT STAR MOON ,Lighting & Candles,25
21626,-2.7720647308911013,0.2617314080312652,1.95,14.79601443809013,74,26,fitted,VINTAGE UNION JACK PENNANT,General Giftware,213
23158,-3.221294065611961,0.1350077641781342,2.111318535079315,57.84876002474137,38,30,fitted,SET OF 5 LUCKY CAT MAGNETS ,General Giftware,257
21944,-3.08404330817519,0.5147689666762476,0.9557931034482756,8.834960052808176,68,34,fitted,KITTENS DESIGN FLANNEL,Home Decor,211
90168,-2.314681272087272,,2.9500000000000006,2.263157894736842,19,6,category_fallback_insufficient_price_variation,2 DAISIES HAIR COMB,General Giftware,25
85032B,-1.5216449560738066,0.4838497372401162,1.14,10.042978759065678,53,28,fitted,BLOSSOM IMAGES GIFT WRAP SET,Cards & Stationery,153
21741,-2.110676087811416,0.209241836658245,3.177692307692308,7.274825750464021,63,24,fitted,COSY SLIPPER SHOES LARGE GREEN,General Giftware,200
90040C,-1.6950974262848952,,3.5,2.411764705882353,17,4,category_fallback_insufficient_price_variation,MURANO STYLE GLASS BRACELET GOLD,Jewellery & Accessories,21
21181,-5.373101916850823,0.2977187942645209,2.0694488188976377,228.03777508167505,79,75,fitted,PLEASE ONE PERSON METAL SIGN,Home Decor,1881
17164D,-2.314681272087272,,0.42,105.36363636363636,11,5,category_fallback_implausible_fit,ASS COL SMALL SAND FROG P'WEIGHT,General Giftware,34
22253,-4.045791083482029,0.485935633003641,1.2752100840336134,36.32062972327911,18,14,fitted,6 CROCHET STRAWBERRIES,General Giftware,94
35921,-0.8727188305153072,0.2040975159426283,1.539602272727273,5.741999107830767,24,10,fitted,EASTER BUNNY HANGING GARLAND,Christmas & Seasonal,50
77101A,-3.599859210183232,0.421415097994133,1.25,12.260550007554754,44,18,fitted,UNION FLAG WINDSOCK,General Giftware,92
16258A,-2.3996369250874383,0.350896207809896,0.42,10.462325045563356,52,15,fitted,SWIRLY CIRCULAR RUBBERS IN BAG,Bags,107
20851,-2.314681272087272,,5.95,2.0,23,1,category_fallback_insufficient_price_variation,ZINC HEART LATTICE TRAY OVAL ,General Giftware,27
21620,-2.4378158644180457,0.5752306449048488,3.75,3.7986079247117615,67,19,fitted,SET OF 4 ROSE BOTANICAL CANDLES,Lighting & Candles,234
22776,-1.7432302399815305,0.089287222213142,10.006339285714288,25.09095985538298,60,50,fitted,SWEETHEART CAKESTAND 3 TIER,General Giftware,712
20854,-2.314681272087272,,1.65,8.065217391304348,46,7,category_fallback_insufficient_price_variation,BLUE PATCH PURSE PINK HEART,General Giftware,113
85215,-1.1294861203488773,0.5555552658579772,0.65,18.461568164171812,43,11,fitted,ASSORTED CHEESE FRIDGE MAGNETS,General Giftware,70
90035A,-2.314681272087272,,10.75,1.8461538461538465,13,4,category_fallback_insufficient_price_variation,"PEARL & SHELL 42""NECKL. GREEN",General Giftware,16
85168B,-3.249437359349257,0.1522156123330176,9.95,1.361828987424775,30,7,fitted,BLACK BAROQUE CARRIAGE CLOCK,Home Decor,52
35957,-1.2949487892627485,0.6798921171226746,0.3472558139534883,96.15375869895044,32,24,fitted,SMALLFOLKART BAUBLE CHRISTMAS DEC,Christmas & Seasonal,169
85162A,-2.1615409748836103,0.5329633379123011,1.95,34.75178207345532,13,5,fitted,SILVER RETRODISC LAMPSHADE,Lighting & Candles,19
22145,-3.949098512130225,0.2381505458829774,2.1,25.154137434961733,29,18,fitted,CHRISTMAS CRAFT HEART STOCKING ,Christmas & Seasonal,206
23415,-1.816890759535587,0.5475545261827546,1.6499999999999997,14.23214228234353,13,7,fitted,HOME SWEET HOME HOOK,General Giftware,47
23390,-9.617114865849134,0.2532189586871942,4.15,37.1755923368243,14,10,fitted,DOLLY GIRL MINI BACKPACK,Bags,170
90175A,-1.6950974262848952,,9.15,2.4318181818181817,44,9,category_fallback_insufficient_price_variation,WHITE GLASS CHUNKY CHARM BRACELET,Jewellery & Accessories,62
84596L,-1.603371559739683,0.4195467821085751,1.25,5.727259317337045,69,38,fitted,BISCUITS SMALL BOWL LIGHT BLUE,Lighting & Candles,261
79303B,-3.748766016873636,0.6994401571243192,5.91,1.0281391357553928,9,4,fitted,BLUE STAR BLOCK TABLE LAMP,Lighting & Candles,10
23625,-2.55654479163404,,4.99,2.25,4,1,category_fallback_insufficient_price_variation,SET 6 CARDS SPARKLY REINDEER 17262,Christmas & Seasonal,4
22834,-4.200089713110075,0.3404473325552301,2.1,38.96981647997313,48,35,fitted,HAND WARMER BABUSHKA DESIGN,Home Decor,683
16049,-2.091400689123342,0.7701227980471494,0.42,28.924902767464317,20,10,fitted,TEATIME GEL PENS ASST,General Giftware,32
21442,-2.215207896635297,0.4864982584141412,0.904,7.789246791295417,70,25,fitted,GREEN BIRDHOUSE DECORATION,Home Decor,137
23194,-3.8884789931942576,0.1753893239791395,2.25,22.731561347425075,41,24,fitted,GYMKHANA TREASURE BOOK BOX,Storage & Boxes,220
71038,-8.780030700937866,0.1919175871802084,5.45,6.347533215517583,74,5,fitted,WHITE HANGING BEADS CANDLE HOLDER,Lighting & Candles,150
22743,-1.905691291280496,0.1956673470874438,3.1275000000000004,15.277186096634964,63,41,fitted,MAKE YOUR OWN FLOWERPOWER CARD KIT,Cards & Stationery,376
23293,-2.78915482542737,0.224824019593345,0.8387745576020222,343.2440739353248,22,22,fitted,SET OF 12 FAIRY CAKE BAKING CASES,Kitchen & Dining,562
22381,-4.3254864989799175,0.435312962497128,2.1907325783972125,74.76998378385102,98,97,fitted,TOY TIDY PINK POLKADOT,Toys & Games,1125
22120,-2.537758365421455,0.1795487391043128,9.95,10.433348593355698,81,42,fitted,WELCOME  WOODEN BLOCK LETTERS,General Giftware,375
21916,-6.2234068397137206,0.5790933951862507,0.4270064516129032,75.93619522433066,104,78,fitted,SET 12 RETRO WHITE CHALK STICKS,General Giftware,745
90162D,-1.6950974262848952,,2.95,2.727272727272727,11,2,category_fallback_insufficient_price_variation,ANT SILVER PURPLE BOUDICCA RING,Jewellery & Accessories,16
22562,-5.657745134755624,0.1541543125595542,1.25,20.626028251442037,86,26,fitted,MONSTERS STENCIL CRAFT,General Giftware,407
84765,-0.6570751019432128,0.18650703866384,12.75,1.8988901416075388,5,3,fitted,SILVER ROCOCO CANDELABRA,General Giftware,6
22538,-3.902413024936617,0.4207885138407852,0.42,18.04317055610523,54,12,fitted,MINI JIGSAW GO TO THE FAIR,General Giftware,86
22864,-2.45291949563188,,0.42,189.0,2,1,category_fallback_insufficient_price_variation,MUG AND COASTER SET RED CIRCLES,Kitchen & Dining,2
84809B,-3.3547368519442857,0.6513309575159516,2.1,10.392304845413264,7,2,fitted,PINK CHRYSANTHEMUMS ART FLOWER,General Giftware,8
35995,-2.55654479163404,,0.42,1.3333333333333333,3,1,category_fallback_insufficient_price_variation,SET/6 BLACK GLITTER REINDEER CANDLE,Christmas & Seasonal,4
84493,-1.658983662807468,0.9486994665121842,2.55,1.81712059283214,5,2,fitted,BLUE/PINK NEST STRIPE BOX,Storage & Boxes,5
71403,-1.7583757028698013,0.3852672845227973,5.316666666666666,1.7121519250752797,46,11,fitted,"PINK/WHITE ""KEEP CLEAN"" BULLET BIN",General Giftware,71
21933,-3.32049670919644,0.4804773374727125,2.95,11.3098782231479,97,58,fitted,PINK VINTAGE PAISLEY PICNIC BAG,Bags,646
23327,-4.4730777583339165,0.4197826047653327,0.63,65.13564250956814,14,9,fitted,HANGING CLEAR MINI BOTTLE,Bottles & Glassware,42
22524,-1.209914516136018,0.1073151262218847,1.25,27.643253881474667,59,31,fitted,CHILDRENS GARDEN GLOVES BLUE,Garden & Outdoor,300
84873a,-2.4405677367344385,,11.02,8.0,11,5,category_fallback_insufficient_price_variation,FUNKY FLOWER PICNIC BAG FOR 4,Bags,59
22587,-2.5777552066191287,0.1327377532037021,0.8500000000000001,18.74207560605919,79,39,fitted,FELTCRAFT HAIRBAND RED AND BLUE,General Giftware,335
35972,-0.9979597665616308,0.0584450046118034,1.25,6.596118650624447,41,12,fitted,DAISY FOLKART HEART DECORATION,Home Decor,88
84997c,-2.45291949563188,,8.29,7.739130434782608,46,8,category_fallback_insufficient_price_variation,CHILDRENS CUTLERY POLKADOT BLUE,Kitchen & Dining,80
35821B,-1.6950974262848952,,0.38,50.0,3,1,category_fallback_insufficient_price_variation,"JEWELLED DECORATION,BLUE",Jewellery & Accessories,3
23225,-0.679815121571666,0.0171490552452402,0.8426984126984126,51.690344095957386,19,18,fitted,CHERUB HEART DECORATION SILVER ,Home Decor,89
84857A,-2.4405677367344385,,8.5,4.0,2,1,category_fallback_insufficient_price_variation,SILVER MONTE CARLO HANDBAG,Bags,3
22111,-4.351270466963457,0.1711438868393848,4.993740458015267,40.96471043962255,101,79,fitted,SCOTTIE DOG HOT WATER BOTTLE,Bottles & Glassware,1824
35916C,-1.172233393766375,0.1817135872824479,1.63,1.839796456281456,30,7,fitted,PINK FELT HANGING HEART W FLOWER,General Giftware,44
22745,-2.314681272087272,,2.1902222222222223,64.92063492063492,63,51,category_fallback_implausible_fit,POPPY'S PLAYHOUSE BEDROOM ,General Giftware,767
90154,-1.6950974262848952,,8.95,1.1666666666666667,6,1,category_fallback_insufficient_price_variation,LAZER CUT NECKLACE W PASTEL BEADS,Jewellery & Accessories,6
90118,-2.4405677367344385,,2.46,1.9523809523809523,21,5,category_fallback_insufficient_price_variation,PINK DAISY BAG CHARM,Bags,28
22468,-2.964139733787908,0.1367872097741767,6.75,12.49195524773253,86,41,fitted,BABUSHKA LIGHTS STRING OF 10,Lighting & Candles,429
22209,-1.7455266838342385,0.3099820701028167,1.6499999999999997,7.41909064849207,84,22,fitted,WOOD STAMP SET HAPPY BIRTHDAY,General Giftware,261
23253,-3.5357060965531,0.1917586866426646,15.95,4.8529028890947,30,12,fitted,16 PIECE CUTLERY SET PANTRY DESIGN,Kitchen & Dining,70
23008,-1.330095544610132,0.013233078537043,15.749999999999996,7.2180104772484865,37,19,fitted,DOLLY GIRL BABY GIFT SET,General Giftware,133
23075,-2.164388980484444,0.1087255773546306,4.15,10.809582567551953,31,5,fitted,PARLOUR CERAMIC WALL HOOK,General Giftware,82
22905,-2.806698309876698,0.0725289155694643,2.95,9.507539796566745,49,27,fitted,CALENDAR IN SEASON DESIGN,Home Decor,200
90185B,-1.6950974262848952,,4.245,2.833333333333333,24,7,category_fallback_insufficient_price_variation,AMETHYST DIAMANTE EXPANDABLE RING,Jewellery & Accessories,35
21437,-2.55654479163404,,3.75,27.857142857142858,14,5,category_fallback_insufficient_price_variation,24 HANGING EASTER EGGS FLORAL TUB,Christmas & Seasonal,113
85064,-4.202851583665882,0.313342709548455,5.45,18.704538850341105,41,30,fitted,CREAM SWEETHEART LETTER RACK,General Giftware,294
21865,-1.42609823685911,0.1490411220391007,2.211052631578948,6.629340949844488,93,39,fitted,PINK UNION JACK  PASSPORT COVER ,General Giftware,311
21147,-2.917718922871825,0.3168511099552152,2.1,6.196758197966022,39,24,fitted,JINGLE BELLS TREE DECORATION,Home Decor,126
35598D,-2.22159060962422,0.7091271509936218,0.7638914027149322,34.157879192466474,44,20,fitted,PINK/WHITE CHRISTMAS TREE 60CM,Christmas & Seasonal,112
17013F,-2.314681272087272,,1.65,1.5,4,2,category_fallback_insufficient_price_variation,ORIGAMI SANDLEWOOD INCENSE IN TUBE,General Giftware,4
85124A,-2.257483580575414,0.3517871076103086,2.55,10.282502375368978,33,16,fitted,PINK JUICY FRUIT PHOTO FRAME,Home Decor,95
90024B,-1.6950974262848952,,8.49,1.368421052631579,19,5,category_fallback_insufficient_price_variation,NEW BAROQUE B'FLY NECKLACE RED,Jewellery & Accessories,23
21078,-2.765635758889809,0.3623256485975628,0.8933333333333332,54.702753294841656,95,84,fitted,SET/20 STRAWBERRY PAPER NAPKINS ,General Giftware,767
22163,-2.2166864194732843,0.4993731941589852,2.9500000000000006,5.97043266502074,64,26,fitted,HEART STRING MEMO HOLDER HANGING,Jewellery & Accessories,207
22540,-5.0513431827356685,0.4791970126954263,0.42,40.26617287892452,77,28,fitted,MINI JIGSAW CIRCUS PARADE ,General Giftware,197
85014C,-4.000129974618633,0.3922834804650581,5.95,5.438462967331202,21,6,fitted,BLUE/BROWN DOTS RUFFLED UMBRELLA,General Giftware,72
21867,-1.8402422066276531,0.1586759542999087,1.2530434782608697,9.477563171856078,92,40,fitted,PINK UNION JACK  LUGGAGE TAG,General Giftware,324
72487,-2.3688033192828297,0.6421472905486247,0.4272340425531915,274.10115640018444,3,3,fitted,ROSES WHITE ROUND CANDLE,Lighting & Candles,13
84582,-2.314681272087272,,4.25,2.5,6,1,category_fallback_insufficient_price_variation,PINK CROCHET CAT WITH SCARF,General Giftware,12
84563B,-1.0661698873386616,0.3766241446886049,5.95,2.4844861522565287,34,11,fitted,BLUE & WHITE BREAKFAST TRAY,General Giftware,63
22319,-1.2294098905828466,0.1935623156159344,0.65,28.389038043363563,75,8,fitted,HAIRCLIPS FORTIES FABRIC ASSORTED,General Giftware,178
90074,-1.6950974262848952,,8.95,1.3333333333333333,6,3,category_fallback_insufficient_price_variation,BLACK DIAMOND CLUSTER NECKLACE,Jewellery & Accessories,7
72807C,-3.148830395572444,0.2450265269384299,4.25,15.006062773595575,88,48,fitted,SET/3 VANILLA SCENTED CANDLE IN BOX,Lighting & Candles,361
22803,-2.314681272087272,,39.95,4.277777777777778,18,5,category_fallback_implausible_fit,IVORY EMBROIDERED QUILT ,General Giftware,44
23382,-1.845176827833147,0.1749890284611536,4.0848,175.2277286304519,9,9,fitted,BOX OF 6 CHRISTMAS CAKE DECORATIONS,Christmas & Seasonal,221
85231g,-2.278947917977102,,1.63,1.0,6,1,category_fallback_insufficient_price_variation,ORANGE SCENTED SET/9 T-LIGHTS,Lighting & Candles,6
22963,-3.2428572690453685,0.3216062064030403,0.8500000000000001,50.98086234258649,55,40,fitted,JAM JAR WITH GREEN LID,Bottles & Glassware,350
22723,-2.531971704890564,0.2872459326618637,3.95,15.110279659099156,51,30,fitted,SET OF 6 HERB TINS SKETCHBOOK,General Giftware,300
72821,-2.278947917977102,,1.65,5.545454545454546,11,2,category_fallback_insufficient_price_variation,CUPID SCENTED CANDLE IN GLASS,Lighting & Candles,15
22086,-4.237218766293401,0.2118664121018887,2.9500000000000006,110.15965361595632,84,65,fitted,PAPER CHAIN KIT 50'S CHRISTMAS ,Christmas & Seasonal,2192
21106,-2.77398427773428,0.3565649013562832,2.9500000000000006,8.74385272500281,74,29,fitted,CREAM SLICE FLANNEL CHOCOLATE SPOT ,General Giftware,175
22123,-1.7114063854847084,0.4921645926885072,4.13,3.1662802877846867,75,28,fitted,PING MICROWAVE APRON,Kitchen & Dining,170
20961,-3.452674719106078,0.3416734854679668,1.36,21.943452453861838,99,61,fitted,STRAWBERRY BATH SPONGE ,Bath & Body,545
21343,-1.6950974262848952,,3.95,9.5,2,2,category_fallback_insufficient_price_variation,GOLD JEWELERY BOX,Jewellery & Accessories,2
16244B,-3.6015806182572048,0.5168913629439844,4.21,2.525223995084401,14,8,fitted,MAXWELL 2 TONE BLUE 60 PAGE PHOTO A,General Giftware,28
82076,-3.560449827059,0.9633308305125132,1.4040798611111112,54.120905280882525,6,6,fitted,BEECH WOOD PHOTO FRAME ,Home Decor,19
72129,-2.278947917977102,,0.65,5.285714285714286,14,2,category_fallback_insufficient_price_variation,COLUMBIAN CANDLE ROUND ,Lighting & Candles,18
84876D,-1.6850774574737497,0.6692870231201715,3.75,3.3370194825274315,27,8,fitted,BLUE HEART COMPACT MIRROR,Home Decor,36
22412,-3.9638858387852633,0.2368852901054376,2.169198924731183,19.496994094274587,90,58,fitted,METAL SIGN NEIGHBOURHOOD WITCH ,Home Decor,419
23476,-2.314681272087272,,1.25,29.285714285714285,7,4,category_fallback_implausible_fit,WOODLAND LARGE RED FELT HEART,General Giftware,22
35809A,-1.8722372343233045,0.525702963641709,2.1000000000000005,7.328455892642505,68,39,fitted,ENAMEL PINK TEA CONTAINER,General Giftware,180
90002A,-1.6950974262848952,,3.75,3.5454545454545454,11,1,category_fallback_insufficient_price_variation,FLOWER BURST SILVER RING OPAL,Jewellery & Accessories,17
90202A,-2.314681272087272,,2.95,1.631578947368421,19,4,category_fallback_insufficient_price_variation,PURPLE ENAMEL FLOWER HAIR TIE,General Giftware,23
23332,-2.314681272087272,,1.675625,104.84210526315788,19,17,category_fallback_implausible_fit,IVORY WICKER HEART LARGE,General Giftware,298
35958,-4.101292030687785,0.4731371266296966,0.85,33.92234122899607,28,9,fitted,FOLKART ZINC STAR CHRISTMAS DEC,Christmas & Seasonal,88
23109,-9.460910509776538,0.327614970476149,2.89,62.21272063684704,30,18,fitted,PACK OF SIX LED TEA LIGHTS,Lighting & Candles,277
21789,-3.165787689743927,0.1106919088093177,0.85,22.35559959975283,82,30,fitted,KIDS RAIN MAC PINK,General Giftware,227
21061,-2.489365258266717,0.2798025516266261,0.85,11.09368464749984,82,29,fitted,PARTY INVITES FOOTBALL,General Giftware,169
22706,-2.314681272087272,,0.42,79.11111111111111,54,5,category_fallback_implausible_fit,WRAP COWBOYS  ,General Giftware,127
85203,-3.2007966180661565,0.5176067642533058,0.4611111111111111,13.750848626725354,83,35,fitted,HANGING WOOD AND FELT BUTTERFLY ,General Giftware,230
21379,-1.8111621246625664,0.5244404259863182,1.565,4.922923301819361,69,25,fitted,CAMPHOR WOOD PORTOBELLO MUSHROOM,General Giftware,129
84532B,-2.314681272087272,,6.293333333333333,3.857142857142857,14,8,category_fallback_implausible_fit,FAIRY CAKES RECTANGLUAR BOXES,General Giftware,31
22371,-2.24182922334688,0.2031691622711463,4.852571428571428,15.89832914902601,92,59,fitted,AIRLINE BAG VINTAGE TOKYO 78,Bags,715
84555A,-2.582768898406496,,2.95,3.5,10,2,category_fallback_insufficient_price_variation,YELLOW VW BEETLE CERAMIC MONEY BOX,Storage & Boxes,16
22597,-2.7883238903905854,0.5056118871960411,0.85,24.876978161137465,54,33,fitted,MUSICAL ZINC HEART DECORATION ,Home Decor,303
21369,-1.0970381582323532,0.3871128943393981,1.25,7.388662341197939,19,4,fitted,MIRRORED WALL ART SPLODGES,Home Decor,24
35096B,-2.582768898406496,,0.42,15.4,10,4,category_fallback_implausible_fit,RED VICTORIAN FABRIC HEART BOX,Storage & Boxes,26
90036B,-2.2316348529077747,,7.95,2.0,9,1,category_fallback_insufficient_price_variation,"FLOWER GLASS GARLAND NECKL.36""GREEN",Bottles & Glassware,10
85091,-2.3075412866495792,0.9123564168569764,4.95,5.717161754576732,13,5,fitted,CANDY SPOT BREAD BASKETS,Storage & Boxes,20
90125B,-1.2614175261326646,0.3474236891688719,2.1,2.5374382885719817,11,6,fitted,AQUA BERTIE GLASS BEAD BAG CHARM,Bags,16
35991,-0.948678237537834,0.3016535505007653,0.42,14.418953844318326,22,5,fitted,SET/6 BLACK SNOWFLAKE T-LIGHTS ,Lighting & Candles,57
21735,-0.2004779937914095,0.0013638700544086,12.75,6.180199489741803,73,26,fitted,TWO DOOR CURIO CABINET,General Giftware,266
23164,-3.444137018897286,0.429551709444946,4.95,13.01196678258397,30,15,fitted,REGENCY CAKE SLICE,General Giftware,92
23078,-5.005322542926013,0.2362208933414095,1.25,156.89361490372517,38,19,fitted,ICE CREAM PEN LIP GLOSS ,Cards & Stationery,256
21930,-3.422025889285897,0.3736250866787678,2.0754444444444444,104.96702744658536,104,99,fitted,JUMBO STORAGE BAG SKULLS,Bags,1362
21015,-2.5801180635003926,0.712230498524743,0.85,10.06864441676847,42,24,fitted,DARK BIRD HOUSE TREE DECORATION,Home Decor,194
21489,-2.2316348529077747,,4.390625,7.0,4,3,category_fallback_implausible_fit,BLUE WHITE SCARF HOT WATER BOTTLE,Bottles & Glassware,14
21788,-4.373753325946473,0.2208757006569711,0.85,23.72652413272601,85,21,fitted,KIDS RAIN MAC BLUE,General Giftware,217
84638,-1.7608108600428276,0.630643908855226,6.95,2.2442188028031,40,14,fitted,SMALL KITCHEN FLOWER POTS PLAQUE,Kitchen & Dining,68
35817P,-0.9719875594981328,0.4993321811836003,0.38,39.71995367231645,9,4,fitted,"ACRYLIC JEWEL SNOWFLAKE,PINK",Jewellery & Accessories,10
22445,-2.5414190547151803,0.2067380964983407,2.9500000000000006,14.423137428844733,77,33,fitted,PENCIL CASE LIFE IS BEAUTIFUL,General Giftware,298
47591D,-6.324518710927557,0.411743263226073,1.95,61.04438652047095,100,69,fitted,PINK FAIRY CAKE CHILDRENS APRON,Kitchen & Dining,1165
22479,-2.8074353304708604,0.2577309776883995,1.308809523809524,14.735586065076957,72,29,fitted,DAISY GARDEN MARKER,Garden & Outdoor,219
22875,-1.2779841483051262,0.1717537203272224,1.95,3.783107406373883,23,5,fitted,NUMBER TILE COTTAGE GARDEN 7,Garden & Outdoor,31
37483,-2.45291949563188,,2.55,5.5,4,1,category_fallback_insufficient_price_variation,ENGLISH ROSE MUG IN GIFT BOX,Kitchen & Dining,12
22262,-2.7053850457523327,0.3148080224889976,0.9519434353918008,18.004055207207248,84,42,fitted,FELT EGG COSY CHICKEN,General Giftware,335
85230F,-4.07440816662102,0.2932612959729258,0.29,33.61922823556319,40,6,fitted,JASMINE VOTIVE CANDLE,Lighting & Candles,63
82613c,-2.375411544782531,,2.51,1.3,10,2,category_fallback_insufficient_price_variation,"METAL SIGN,CUPCAKE SINGLE HOOK",Home Decor,12
22994,-4.16492099145262,0.2780260944620957,0.4324242424242424,43.29139894923659,43,28,fitted,TRAVEL CARD WALLET RETROSPOT,Cards & Stationery,220
22607,-6.421043672890954,0.3297039900113392,9.526410256410257,21.68126258387344,71,57,fitted,WOODEN ROUNDERS GARDEN SET ,Garden & Outdoor,763
22306,-1.624059211893171,0.2313940267535732,1.7699999999999998,18.92315333069608,41,19,fitted,SILVER MUG BONE CHINA TREE OF LIFE,Kitchen & Dining,171
84660C,-1.5854548653280902,0.5932414474815676,3.75,2.9271526494933027,45,17,fitted,PINK STITCHED WALL CLOCK,Home Decor,86
72739C,-1.898856583918014,0.7464038735087338,1.166,22.5865867664141,8,6,fitted,DARK CHOCOLATE SCENTCANDLE,Lighting & Candles,22
22999,-1.7681962808472074,0.0049119597053396,0.42,48.73394322379413,43,22,fitted,TRAVEL CARD WALLET VINTAGE LEAF,Cards & Stationery,228
17091F,-2.582768898406496,,1.36,4.75,4,3,category_fallback_implausible_fit,SANDALWOOD INCENSE IN TIN,Storage & Boxes,8
23566,-4.024894278692986,0.7910320478506132,1.438421610169491,81.98631509157046,8,8,fitted,EGG CUP MILKMAID HEIDI,Kitchen & Dining,84
21365,-0.9439146623795376,0.3408045718624497,2.95,3.5546708479231546,46,16,fitted,MIRRORED WALL ART STARS,Home Decor,80
21192,-1.8242516038605616,0.135602330212365,1.6780327868852456,17.49767604125661,67,31,fitted,WHITE BELL HONEYCOMB PAPER ,General Giftware,243
20702,-3.5200887534233893,0.0790131317291983,4.25,6.888317585529622,78,8,fitted,PINK PADDED MOBILE,General Giftware,254
21121,-2.278947917977102,,1.25,150.6346153846154,104,55,category_fallback_implausible_fit,SET/10 RED POLKADOT PARTY CANDLES,Lighting & Candles,903
84520b,-2.314681272087272,,2.085,18.33333333333333,6,3,category_fallback_implausible_fit,PACK 20 ENGLISH ROSE PAPER NAPKINS,General Giftware,10
23558,-2.375411544782531,,12.5,52.25,8,6,category_fallback_implausible_fit,LANDMARK FRAME LONDON BRIDGE ,Home Decor,55
21206,-3.0240095534738307,0.3348774270448209,1.65,13.400217087082366,89,37,fitted,STRAWBERRY HONEYCOMB  GARLAND ,General Giftware,244
72800B,-2.2607287420893862,0.4639187890206295,2.55,3.845585170503092,52,16,fitted, 4 PURPLE FLOCK DINNER CANDLES,Lighting & Candles,99
85125,-1.1572050513786425,0.1143636542165642,4.95,5.064124653995628,42,14,fitted,SMALL ROUND CUT GLASS CANDLESTICK,Lighting & Candles,66
21531,-3.727671732250136,0.2718262665359907,2.55,32.045196149935045,102,79,fitted,RED RETROSPOT SUGAR JAM BOWL,Kitchen & Dining,805
22072,-1.1813511051929593,0.0656485669235085,3.8895918367346938,17.641062624855266,97,60,fitted,RED RETROSPOT TEA CUP AND SAUCER ,Kitchen & Dining,549
23570,-3.757484498607804,,1.3303288729255245,254.75,8,8,category_fallback_implausible_fit,TRADITIONAL PICK UP STICKS GAME ,Toys & Games,291
22341,-3.879454899686889,0.5857566476289159,1.7741483516483514,20.46025653610427,90,42,fitted,LOVE GARLAND PAINTED ZINC ,General Giftware,247
47016,-2.278947917977102,,2.1,7.75,4,1,category_fallback_insufficient_price_variation,LIGHT DECORATION BATTERY OPERATED,Lighting & Candles,5
22074,-2.5167433962029864,0.5555673339152403,1.6499999999999997,8.339718599259127,87,36,fitted,6 RIBBONS SHIMMERING PINKS ,Jewellery & Accessories,299
21304,-2.703992576129391,0.6249203745270042,12.75,1.638769692239579,10,3,fitted,ARCHED GREY MIRROR,Home Decor,18
84429A,-1.3566177722514272,0.2225195745226785,2.9500000000000006,3.199000295684684,31,10,fitted,MEDIUM PINK BUDDHA HEAD ,General Giftware,44
21276,-3.511942167861033,0.9275952526819888,6.95,2.5550397854378475,9,5,fitted,TWO EMBOSSED HEART MINI DRAWERS,General Giftware,28
20653,-1.5061714079783808,0.3544625627536756,1.25,3.4398675308815867,45,11,fitted,CHERRY BLOSSOM LUGGAGE TAG,General Giftware,81
90196A,-1.6950974262848952,,12.75,2.4,10,1,category_fallback_insufficient_price_variation,PURPLE GEMSTONE NECKLACE 45CM,Jewellery & Accessories,13
22613,-5.740251336726799,0.5005042612395256,0.85,25.12723166094541,76,36,fitted,PACK OF 20 SPACEBOY NAPKINS,General Giftware,284
72799F,-2.694607057726365,0.5127027072664456,2.9500000000000006,6.601557892238708,49,18,fitted,IVORY PILLAR CANDLE GOLD FLOCK,Lighting & Candles,111
37484,-2.582768898406496,,6.75,1.0,1,1,category_fallback_insufficient_price_variation,ENGLISH ROSE TEA FOR ONE GIFT BOX,Storage & Boxes,1
21670,-1.968624522027852,0.2357426657550412,1.37375,76.90880665970882,100,89,fitted,BLUE SPOT CERAMIC DRAWER KNOB,General Giftware,793
46776e,-2.375411544782531,,4.13,1.0,1,1,category_fallback_insufficient_price_variation,WOVEN CANDY CUSHION COVER ,Home Decor,1
79160,-1.7729121236667147,0.066816483130535,2.1,7.243047398471218,71,29,fitted,HEART SHAPE WIRELESS DOORBELL,General Giftware,228
85159b,-2.314681272087272,,13.0,1.0,1,1,category_fallback_insufficient_price_variation,"WHITE TEA,COFFEE,SUGAR JARS",General Giftware,1
85132C,-2.128784645917309,0.7724506400199262,7.402258064516128,4.221649870216435,66,41,fitted,CHARLIE AND LOLA FIGURES TINS,General Giftware,310
90035C,-2.314681272087272,,10.75,7.0,4,1,category_fallback_insufficient_price_variation,"PEARL & SHELL 42""NECKL. IVORY",General Giftware,5
20850,-2.45291949563188,,2.9500000000000006,8.266666666666667,15,2,category_fallback_insufficient_price_variation,ZINC HEART LATTICE PLANTER BOWL,Kitchen & Dining,22
21018,-2.55654479163404,,0.85,13.11111111111111,18,4,category_fallback_implausible_fit,BIRD BOX CHRISTMAS TREE DECORATION,Christmas & Seasonal,50
90185C,-1.6950974262848952,,4.25,2.9565217391304346,23,6,category_fallback_insufficient_price_variation,BLACK DIAMANTE EXPANDABLE RING,Jewellery & Accessories,35
22669,-2.6349723719117906,0.1715275389687905,3.0852380952380947,24.425836914462685,73,48,fitted,RED BABY BUNTING ,General Giftware,457
84509c,-2.314681272087272,,7.62,2.4827586206896552,29,3,category_fallback_insufficient_price_variation,SET OF 4 POLKADOT PLACEMATS ,General Giftware,47
20867,-1.9003210485010185,0.1754582876271789,1.25,9.958430825125502,56,25,fitted,PINK ROSE FABRIC MIRROR,Home Decor,159
23290,-8.496032476662249,0.7808652318634413,1.2680597014925374,61.51783407277399,26,20,fitted,SPACEBOY CHILDRENS BOWL,Kitchen & Dining,215
90199A,-1.6950974262848952,,6.35,1.7857142857142858,14,4,category_fallback_insufficient_price_variation,5 STRAND GLASS NECKLACE BLACK,Jewellery & Accessories,18
21199,-2.183921204069151,0.5359677003665702,1.65,7.894145298613606,70,26,fitted,PINK  HEART CONFETTI IN TUBE,General Giftware,148
20748,-2.9629815695856387,0.3960129936405098,12.75,3.9405000320120207,66,14,fitted,KENSINGTON COFFEE SET,General Giftware,185
47310M,-1.580117416425715,0.2065882919818797,1.27,8.086319839215694,70,28,fitted,SMALL POP BOX FUNKY MONKEY,Storage & Boxes,172
21028,-1.9412652780103827,0.4046258111428232,1.25,5.341140595510932,53,16,fitted,NINJA RABBIT BLACK,General Giftware,93
47594A,-1.7072819840830993,0.1057431629068507,1.95,4.192111511731032,57,12,fitted,CAROUSEL DESIGN WASHBAG,Home Decor,106
21427,-1.5869597636703106,0.3292404282852081,2.5554444444444444,4.396191264021081,60,21,fitted,SKULLS STORAGE BOX SMALL,Storage & Boxes,125
46138D,-2.314681272087272,,1.95,1.0,1,1,category_fallback_insufficient_price_variation,GREEN CHENILLE SHAGGY C/COVER,General Giftware,1
23270,-7.635090316305824,0.2183309093462624,1.45,29.645821803877627,27,10,fitted,SET OF 2 CERAMIC PAINTED HEARTS ,General Giftware,132
22405,-2.209622559544079,0.1663412525214079,1.25,14.512509274466032,71,21,fitted,MONEY BOX POCKET MONEY DESIGN,Home Decor,230
22287,-0.6365267005734384,0.1350438685023463,1.6499999999999997,11.250215047077798,47,23,fitted,"DECORATION , WOBBLY CHICKEN, METAL ",Home Decor,126
37449,-4.2410658917991535,0.1038656512870209,9.95,12.515670497068385,86,48,fitted,CERAMIC CAKE STAND + HANGING CAKES,General Giftware,493
84251J,-4.232578436525602,0.9363422220762972,0.84,1.173671525030487,11,5,fitted,"GREETING CARD, THE BLACK CAT",Cards & Stationery,17
77079,-2.314681272087272,,2.12,5.818181818181818,11,1,category_fallback_insufficient_price_variation,DOLPHIN WINDMILL,General Giftware,12
22976,-3.73643927411043,0.3259116088834566,1.25,20.37712366971905,49,20,fitted,CIRCUS PARADE CHILDRENS EGG CUP ,Kitchen & Dining,165
23039,-3.5319236441650688,0.6960272279600016,1.95,14.11547271865893,14,7,fitted,T-LIGHT HOLDER SILVER HEART HANDLE,Lighting & Candles,28
84455,-0.7680301550700214,0.0231496776043815,0.85,5.084999303083512,12,4,fitted,SET OF 3 RABBIT CARROTS EASTER,Christmas & Seasonal,20
22680,-3.230329692220502,0.3314071489877297,1.28,17.66752965751257,65,29,fitted,FRENCH BLUE METAL DOOR SIGN 5,Home Decor,235
21803,-2.817504636859209,0.0784302374347697,0.4204081632653061,35.7356158624767,59,32,fitted,CHRISTMAS TREE STAR DECORATION,Christmas & Seasonal,344
90011A,-1.6950974262848952,,2.96,1.0,15,4,category_fallback_insufficient_price_variation,MIDNIGHT BLUE CRYSTAL DROP EARRINGS,Jewellery & Accessories,15
21738,-1.2047147579491106,0.0463023386066637,2.95,4.928993972908071,44,13,fitted,COSY SLIPPER SHOES SMALL  RED ,General Giftware,153
20846,-1.327409438085115,0.1203316539352395,1.25,15.873035573775043,78,27,fitted,ZINC HEART LATTICE T-LIGHT HOLDER,Lighting & Candles,177
82605,-1.4581335686170258,0.1649114189597711,2.1,4.338476006605069,52,14,fitted,OLD DOC RUSSEL METAL SIGN,Home Decor,128
21711,-1.3918918920691,0.1264772914836738,4.95,3.185939830568473,48,14,fitted,FOLDING UMBRELLA WHITE/RED POLKADOT,General Giftware,73
21169,-5.4321033241579855,0.4230545492437247,1.69,72.58770690083756,82,71,fitted,YOU'RE CONFUSING ME METAL SIGN ,Home Decor,818
22398,-1.0376893698447336,0.1863995944404604,1.25,22.837505515453444,83,28,fitted,MAGNETS PACK OF 4 SWALLOWS,General Giftware,451
46775D,-0.1197437630348453,0.0022586081099192,11.02,1.8548972682142693,55,8,fitted,SUNSET COLOUR CHUNKY KNITTED THROW,General Giftware,95
23300,-3.2659700605933866,0.1752842304423846,1.6588679245283016,178.20637054265782,31,31,fitted,GARDENERS KNEELING PAD CUP OF TEA ,Kitchen & Dining,770
22041,-3.089774828226958,0.4431439094067625,2.508130081300813,60.64876129183101,101,86,fitted,"RECORD FRAME 7"" SINGLE SIZE ",Home Decor,577
84559B,-1.754049597325807,0.0626532000799113,0.85,10.469086841000928,75,26,fitted,3D SHEET OF CAT STICKERS,Cards & Stationery,205
22547,-3.2541314017027334,0.3927520615716028,0.4301985659128516,19.111639176588863,76,33,fitted,MINI JIGSAW DINOSAUR ,General Giftware,200
20654,-1.3468920001921418,0.1571982807194113,1.25,4.208874273955859,65,16,fitted,FIRST CLASS LUGGAGE TAG ,General Giftware,121
78034B,-2.582768898406496,,1.95,1.7777777777777777,9,1,category_fallback_insufficient_price_variation,BLUE NETTING STORAGE HANGER,Storage & Boxes,11
35818P,-1.059769997021815,0.3949858071004251,0.38,18.95766803674793,19,4,fitted,"ACRYLIC JEWEL ICICLE, PINK",Jewellery & Accessories,27
23131,-2.314681272087272,,4.15,28.51515151515152,33,7,category_fallback_implausible_fit,MISTLETOE HEART WREATH CREAM,General Giftware,115
22470,-4.878900639581958,0.2018198932696067,2.981157894736842,160.66455472888975,77,74,fitted,HEART OF WICKER LARGE,General Giftware,2076
90040D,-5.085289598702815,0.1473732786913872,3.7,1.9186385925519565,17,5,fitted,MURANO STYLE GLASS BRACELET PINK,Jewellery & Accessories,25
90076,-1.6950974262848952,,2.96,1.0,6,2,category_fallback_insufficient_price_variation,MONTANA DIAMOND CLUSTER EARRINGS,Jewellery & Accessories,6
21272,-3.757890038155033,0.3248466864965761,1.3432051282051285,20.0036239571598,84,55,fitted,SALLE DE BAIN HOOK,General Giftware,357
16243B,-2.314681272087272,,5.975,1.75,4,2,category_fallback_insufficient_price_variation,BROWN COZY SQUARE PHOTO ALBUM,General Giftware,7
72232,-2.278947917977102,,0.19,98.49230769230768,65,3,category_fallback_insufficient_price_variation,FENG SHUI PILLAR CANDLE,Lighting & Candles,126
23602,-2.314681272087272,,2.91,1.0,1,1,category_fallback_insufficient_price_variation,SET 10 CARDS 3 WISE MEN 17107,General Giftware,1
22837,-4.506030049139415,0.216590614386438,4.685125,31.383185428190785,31,21,fitted,HOT WATER BOTTLE BABUSHKA ,Bottles & Glassware,538
20821,-0.5036213871320959,0.0847380308241783,7.56,1.4027009788308331,22,2,fitted,GOLDIE LOOKING MIRROR,Home Decor,24
22833,-9.602480904118863,0.9235607206812524,48.35,2.22156237981312,6,5,fitted,HALL CABINET WITH 3 DRAWERS,General Giftware,13
20983,-2.719575392560525,0.0866115732626116,0.8500000000000001,46.23395927742703,103,52,fitted,12 PENCILS TALL TUBE RED RETROSPOT,General Giftware,675
90123B,-1.6950974262848952,,5.95,2.6,10,1,category_fallback_insufficient_price_variation,TURQUOISE HEART OF GLASS BRACELET,Jewellery & Accessories,13
22681,-3.730446149410744,0.6676514427660997,1.3074458874458874,17.06616963060314,64,29,fitted,FRENCH BLUE METAL DOOR SIGN 6,Home Decor,193
90128A,-0.5591553405704245,0.0326990534834954,1.376,3.050672098009437,8,5,fitted,PINK LEAVES AND BEADS PHONE CHARM,General Giftware,12
85221,-2.461520932673639,0.7089712411869611,0.536603448275862,144.90541379141249,18,10,fitted,ASSORTED COLOUR SILK COIN PURSE,General Giftware,48
79323S,-3.02319608502271,0.39583561492256,6.75,8.684405525976135,17,9,fitted, SILVER CHERRY LIGHTS,Lighting & Candles,56
90200E,-1.6950974262848952,,4.25,3.392857142857143,56,12,category_fallback_insufficient_price_variation,GREEN SWEETHEART BRACELET,Jewellery & Accessories,94
21098,-2.1552191063128423,0.0979958376759698,1.486328125,41.544521913452826,57,40,fitted,CHRISTMAS TOILET ROLL,Christmas & Seasonal,680
84531B,-0.947758985946698,0.4560824225805382,1.95,2.949745110451364,24,4,fitted,BLUE KNITTED EGG COSY,General Giftware,46
21655,-3.834685996028152,0.2792177149649406,1.6900000000000002,35.08564144785153,27,16,fitted,HANGING RIDGE GLASS T-LIGHT HOLDER,Lighting & Candles,90
37492A,-2.58814573113885,0.8920719874959011,3.198387096774194,9.210800869945691,4,3,fitted,YELLOW RED FLOWER PIGGY BANK,General Giftware,10
21557,-2.2425340947981867,0.3808131124146087,3.679375,7.069153414349855,94,64,fitted,SET OF 6 FUNKY BEAKERS,General Giftware,315
20667,-2.314681272087272,,2.46,2.2222222222222223,18,3,category_fallback_implausible_fit,CHERRY BLOSSOM PURSE,General Giftware,24
84575A,-0.8456262598808292,0.2883831753728685,5.95,1.2311444133449163,12,2,fitted,PINK DOG CANNISTER,General Giftware,13
23547,-2.314681272087272,,0.42,78.75,20,1,category_fallback_insufficient_price_variation,WRAP FLOWER SHOP  ,General Giftware,62
21221,-1.7794252818626597,0.2260230090245226,1.25,7.424022362975715,58,17,fitted,SET/4 BADGES CUTE CREATURES,General Giftware,112
72801F,-2.278947917977102,,1.25,39.0,6,1,category_fallback_insufficient_price_variation,S/4 FESTIVE RED DINNER CANDLES,Lighting & Candles,25
84963B,-2.314681272087272,,49.95,2.5,4,3,category_fallback_implausible_fit,BLUE PAINTED KASHMIRI CHAIR,General Giftware,5
90100,-1.6950974262848952,,2.55,3.0,10,1,category_fallback_insufficient_price_variation,NECKLACE+BRACELET SET PINK DAISY,Jewellery & Accessories,12
21627,-0.6538652655489199,0.0652551690416279,22.06,1.7805521343484738,71,18,fitted,ELEPHANT CARNIVAL POUFFE,General Giftware,120
85049C,-4.641111492419359,0.2306950578856638,1.25,23.843113689897063,97,26,fitted,ROMANTIC PINKS RIBBONS ,Cards & Stationery,519
16244A,-3.985307072348332,0.6500031228430602,4.21,3.47805992821095,12,6,fitted,MAXWELL 2 TONE PINK 60 PAGE PHOTO A,General Giftware,28
22493,-5.173591127273742,0.2875001833088764,1.65,40.187939351123696,83,40,fitted,PAINT YOUR OWN CANVAS SET,General Giftware,446
21823,-1.4458762123924744,0.186748971783749,1.45,16.05756898554654,47,25,fitted,PAINTED METAL HEART WITH HOLLY BELL,General Giftware,238
84997C,-9.554543400153657,0.4740062518741129,3.803012048192771,67.82763111964836,102,56,fitted,BLUE 3 PIECE MINI DOTS CUTLERY SET,Kitchen & Dining,982
85099b,-2.4405677367344385,,5.06,41.9,10,4,category_fallback_implausible_fit,JUMBO BAG RED RETROSPOT,Bags,25
22883,-1.4609198851544989,0.6142683180691929,4.13,1.2927032744816327,27,9,fitted,NUMBER TILE VINTAGE FONT 4,General Giftware,35
20820,-2.375411544782531,,4.95,1.75,8,1,category_fallback_insufficient_price_variation,SILVER LOOKING MIRROR,Home Decor,9
23372,-5.673567590885114,0.7551447613357499,1.30444347004857,99.71268775059826,12,12,fitted,SET 36 COLOUR PENCILS DOLLY GIRL,General Giftware,153
84631,-1.7258800994335404,0.7118887179021254,7.95,3.2961142426502934,30,11,fitted,FRUIT TREE AND BIRDS WALL PLAQUE,General Giftware,51
22609,-1.5392901545182125,0.6886873358811476,0.85,25.50883735414405,64,26,fitted,PENS ASSORTED SPACEBALL,General Giftware,207
23474,-2.6288938636406907,0.1069117214990886,0.868095238095238,43.06441975239586,7,7,fitted,WOODLAND SMALL BLUE FELT HEART,General Giftware,38
23609,-2.314681272087272,,2.91,1.0,1,1,category_fallback_insufficient_price_variation,SET 10 CARDS SNOWY ROBIN 17099,General Giftware,1
22509,-2.091853117132362,0.2516785367190393,16.95,2.804385700803264,71,24,fitted,SEWING BOX RETROSPOT DESIGN ,Home Decor,192
21752,-0.146852799147845,0.0013547296680493,14.95,3.193776108914623,16,8,fitted,GLASS CAKE STAND MIRRORED BASE,Home Decor,38
21109,-2.24182765099331,0.5454489615602448,6.75,4.766771614217513,76,27,fitted,"LARGE CAKE TOWEL, CHOCOLATE SPOTS",Bath & Body,237
10123G,-2.169600382806435,0.8840921795016875,0.65,5.354788715623226,10,5,fitted,ARMY CAMO WRAPPING TAPE,General Giftware,16
21407,-2.1349537353521786,0.1460342176349033,4.636833333333334,9.152728958390894,96,59,fitted,BROWN CHECK CAT DOORSTOP ,General Giftware,469
22826,-0.6427218618028561,0.1713968414377171,85.0,2.3793591455263954,24,3,fitted,LOVE SEAT ANTIQUE WHITE METAL,General Giftware,41
22194,-1.709761254595061,0.1620602106626152,8.5,4.105143190427167,71,14,fitted,BLACK DINER WALL CLOCK,Home Decor,163
23500,-1.2643883282190904,0.0121429860465805,1.2618913190095384,139.99539597730904,10,9,fitted,KEY RING BASEBALL BOOT ASSORTED ,Jewellery & Accessories,107
23265,-0.7333135901537895,0.0037094449342617,1.2951492537313434,33.88206473130545,27,17,fitted,SET OF 3 WOODEN TREE DECORATIONS,Home Decor,312
22709,-9.791930920222686,0.6396690734543715,0.42,34.688365570783965,50,4,fitted,WRAP WEDDING DAY,General Giftware,77
35963,-2.314681272087272,,0.38,10.4,10,2,category_fallback_insufficient_price_variation,FOLKART ZINC CLIP ON ANGEL WINGS,General Giftware,16
90128D,-0.941810829095034,0.2670572616055024,2.46,1.2078748434173734,7,3,fitted,PURPLE LEAVES AND BEADS PHONE CHAR,General Giftware,8
21950,-0.835593254319403,0.0533305151485163,2.55,2.5944140431534093,8,5,fitted,SET OF 6 DOTS CHOPSTICKS,General Giftware,17
20660,-2.314681272087272,,1.25,6.083333333333333,12,1,category_fallback_insufficient_price_variation,VIP LUGGAGE TAG ,General Giftware,29
22729,-2.938484446548425,0.5640704932348867,4.042192307692307,37.217001406567086,62,49,fitted,ALARM CLOCK BAKELIKE ORANGE,Home Decor,647
20729,-2.272208794575292,0.1144255735209829,1.25,19.72686568974977,24,14,fitted,RED SPOTTY CANDY BAG,Bags,120
85185E,-2.314681272087272,,2.95,2.0,2,2,category_fallback_insufficient_price_variation,DUCK SOCK PUPPET,General Giftware,2
22953,-0.9140448527034616,0.0136414707237643,1.25,8.563688876462047,46,17,fitted,BIRTHDAY PARTY CORDON BARRIER TAPE,General Giftware,130
22196,-2.686790818983752,0.1594020533880308,0.9371230598669622,48.71519056556238,104,96,fitted,SMALL HEART MEASURING SPOONS,Jewellery & Accessories,1043
21879,-2.290781626205821,0.604034151961873,0.6500000000000001,12.530980758402356,55,27,fitted,HEARTS GIFT TAPE,General Giftware,159
23556,-2.375411544782531,,12.5,54.75,8,4,category_fallback_implausible_fit,LANDMARK FRAME COVENT GARDEN ,Home Decor,55
35922,-0.9429641020029312,0.1543875640384703,4.95,3.4447549447419044,21,4,fitted,EASTER BUNNY WREATH,Christmas & Seasonal,34
23354,-1.0354278046267178,0.0230804814823312,0.8476795580110495,142.23000518267028,19,15,fitted,6 GIFT TAGS 50'S CHRISTMAS ,Christmas & Seasonal,329
48188,-4.372596996843889,0.6035183429759656,7.73,18.188281977055052,103,88,fitted,DOORMAT WELCOME PUPPIES,General Giftware,705
23333,-1.5983689013951454,0.0240499371230663,1.2651209569633788,101.59110244699484,18,12,fitted,IVORY WICKER HEART MEDIUM,General Giftware,247
15059A,-2.314681272087272,,13.0,4.0,1,1,category_fallback_insufficient_price_variation,ENGLISH ROSE EDWARDIAN PARASOL,General Giftware,3
23331,-3.4548827006363814,0.2398195678208283,0.6587168141592921,79.585138224353,18,15,fitted,DECORATIVE WICKER HEART SMALL,General Giftware,113
21704,-6.252437316594135,0.4478714737583772,0.8499999999999999,73.10345065329874,98,72,fitted,BAG 250g SWIRLY MARBLES,Bags,591
85077,-2.55654479163404,,5.95,1.0,1,1,category_fallback_insufficient_price_variation,KISSING REINDEER TABLE RUNNER,Christmas & Seasonal,1
84880,-5.638931739943593,0.6137823476883368,6.513809523809525,9.73697305634832,87,45,fitted,WHITE WIRE EGG HOLDER,General Giftware,384
23051,-2.314681272087272,,8.482777777777777,8.868421052631579,38,13,category_fallback_implausible_fit,RECYCLED ACAPULCO MAT BLUE,General Giftware,160
82616A,-2.6874750790393027,0.5379740099905733,2.95,3.7079634766210257,26,10,fitted,BUBBLE GUM SCARF KNITTING KIT,General Giftware,52
85157,-2.314681272087272,,12.72,1.0,1,1,category_fallback_insufficient_price_variation,SET OF 2 CHESTS CHOCOLAT AU LAIT,General Giftware,1
35637A,-0.9190007243170712,0.3477610417374918,5.95,3.722639397996869,35,10,fitted,IVORY STRING CURTAIN WITH POLE ,Jewellery & Accessories,54
22752,-4.375899670256521,0.2292648267504746,8.5,28.598431774731495,69,47,fitted,SET 7 BABUSHKA NESTING BOXES,General Giftware,757
22635,-7.930256418765067,0.2442161907624366,9.95,11.402313527298066,78,43,fitted,CHILDS BREAKFAST SET DOLLY GIRL ,General Giftware,507
72799A,-4.175614409424609,0.758912443103548,2.95,4.448243656807104,12,6,fitted,BLACK PILLAR CANDLE SILVER FLOCK,Lighting & Candles,18
78056,-2.4405677367344385,,9.95,1.5,2,1,category_fallback_insufficient_price_variation,CAMOUFLAGE BACKPACK ON WHEELS,Bags,2
23507,-2.314681272087272,,0.4218303571428572,240.33333333333331,12,11,category_fallback_implausible_fit,MINI PLAYING CARDS BUFFALO BILL ,General Giftware,129
23207,-1.2844630061978148,0.1007165369228315,1.6835135135135133,196.5180448421388,35,34,fitted,LUNCH BAG ALPHABET DESIGN,Bags,763
84520D,-2.5928766725029706,0.1824788188256535,0.9491666666666664,38.71474465829537,11,10,fitted,PACK OF 20 FAIRY CAKE PAPER NAPKINS,General Giftware,95
47568,-3.777943527696543,0.090941427661089,2.1435051546391755,46.28133076609378,37,31,fitted,ENGLISH ROSE DESIGN PEG BAG,Bags,416
84596K,-1.772157342548539,0.0827270407925963,1.25,6.1871780977513495,36,10,fitted,JELLY BABIES YELLOW SMALL BOWL,Kitchen & Dining,93
22258,-2.564001851243172,0.464886427007826,1.25,15.154755307783477,40,23,fitted,FELT FARM ANIMAL RABBIT,General Giftware,136
21042,-2.501506459272195,0.1934225274800082,5.95,11.57445145115156,94,43,fitted,RED RETROSPOT APRON ,Kitchen & Dining,420
10002,-6.054522297111079,0.3586561765163806,0.85,61.90856101143509,70,41,fitted,INFLATABLE POLITICAL GLOBE ,General Giftware,388
47504E,-0.8156947899654201,0.0886297595289318,1.25,4.476948035602208,27,6,fitted,ENGLISH ROSE SCISSORS,General Giftware,47
23167,-5.797242613490055,0.4023084866907599,0.83,108.81767725244342,31,27,fitted,SMALL CERAMIC TOP STORAGE JAR ,Storage & Boxes,238
22878,-2.609928217312224,0.6334492961111156,4.13,1.206561144640788,31,9,fitted,NUMBER TILE COTTAGE GARDEN No,Garden & Outdoor,45
23697,-0.1210106029693216,0.000106572416392,0.4332258064516129,55.435783526015456,5,5,fitted,A PRETTY THANK YOU CARD,Cards & Stationery,35
84367,-3.026754584530816,1.0,1.6499999999999997,12.0,8,2,fitted,LA STREGA CANVAS PICTURE ,General Giftware,8
84745B,-2.55654479163404,,0.42,5.0,17,2,category_fallback_insufficient_price_variation,BLUE HANGING GINGHAM EASTER HEN,Christmas & Seasonal,20
20910,-0.6839573338713709,0.0837776773788397,6.35,2.1915992820675663,35,9,fitted,VINTAGE PHOTO ALBUM PARIS DAYS,General Giftware,49
22321,-4.109970572100868,0.6093502964730417,0.951596638655462,20.739549390645276,96,44,fitted,BIRD DECORATION RED RETROSPOT,Home Decor,309
22469,-2.910028417797049,0.2630120823788114,1.725136045287559,275.40428274261046,78,76,fitted,HEART OF WICKER SMALL,General Giftware,2290
20996,-2.215866357815949,0.3790088812309975,0.42,15.864833288179671,90,37,fitted,JAZZ HEARTS ADDRESS BOOK,General Giftware,340
22035,-5.000061138845321,0.7660280319187246,0.4316216216216216,39.63253408857542,94,47,fitted,VINTAGE CARAVAN GREETING CARD ,Cards & Stationery,365
21714,-1.0983387958417463,0.0777195384817093,1.4108510638297873,25.195928876677986,95,65,fitted,CITRONELLA CANDLE GARDEN POT,Lighting & Candles,528
84705F,-2.375411544782531,,4.65,2.0,5,1,category_fallback_insufficient_price_variation,RED PEONY PHOTO FRAME ,Home Decor,7
21108,-2.401981408133538,0.4577628083646404,2.7068060064935064,30.0767098996738,100,71,fitted,FAIRY CAKE FLANNEL ASSORTED COLOUR,General Giftware,643
35603B,-2.314681272087272,,0.42,50.0,1,1,category_fallback_insufficient_price_variation,S/16 BLACK SHINY/MAT BAUBLES,General Giftware,2
90055,-1.6950974262848952,,2.54,1.0,9,3,category_fallback_insufficient_price_variation,CRACKED GLAZE EARRINGS BROWN,Jewellery & Accessories,9
23301,-2.2366473473461657,,1.6792041522491348,282.35483870967744,31,31,category_fallback_implausible_fit,GARDENERS KNEELING PAD KEEP CALM ,Garden & Outdoor,925
23058,-0.7673171882141424,0.0755072390999743,0.7900000000000001,29.5029322909742,13,9,fitted,CHRISTMAS HANGING SNOWFLAKE,Christmas & Seasonal,48
20978,-2.918206927554891,0.2449433090986067,1.3090595238095235,29.669903678909257,102,57,fitted,36 PENCILS TUBE SKULLS,General Giftware,578
90019B,-1.845433599404012,0.0514146291407817,5.4,1.2361029391345653,24,3,fitted,GOLD M.O.P ORBIT BRACELET,Jewellery & Accessories,29
85031B,-2.5717902642157298,0.7445956901968525,3.36,3.282915666449552,39,16,fitted,BLOSSOM IMAGES SCRAP BOOK SET,General Giftware,86
75149N,-1.6950974262848952,,1.25,19.428571428571427,14,1,category_fallback_insufficient_price_variation,STRING CRYSTALS NATURAL,Jewellery & Accessories,25
22960,-3.0016274702302037,0.1049670066276597,4.234516129032258,145.94768370474188,54,54,fitted,JAM MAKING SET WITH JARS,General Giftware,1219
90195B,-1.6950974262848952,,8.95,3.588235294117647,17,3,category_fallback_insufficient_price_variation,BLACK GEMSTONE BRACELET,Jewellery & Accessories,28
20693,-0.6865654898216098,0.102177027895655,4.25,3.4839197683933576,9,4,fitted,FLORAL DINOSAUR GREEN,General Giftware,18
23526,-3.2254322228633536,0.6847709712259241,7.007023928215354,54.77542521936622,10,10,fitted,WALL ART DOG LICENCE ,General Giftware,142
20766,-1.8775622924700863,0.284149762647895,3.75,3.795375484632305,71,17,fitted,GARDEN PATH SKETCHBOOK,Garden & Outdoor,163
16239,-4.045817422457831,0.652067090900186,2.8957142857142864,2.7503580065259032,9,8,fitted,BALLERINA HEART DECORATION.,Home Decor,21
21553,-1.119859344681681,0.1441627592498449,6.83125,5.495491032512834,10,7,fitted,CERAMIC BIRDHOUSE FINCH BLUE  LARGE,Garden & Outdoor,40
22906,-4.268966158646271,0.3062678027996421,1.7121372482075796,34.17326129946615,62,46,fitted,12 MESSAGE CARDS WITH ENVELOPES,Cards & Stationery,505
21643,-2.129097477826696,0.2638047131699184,1.346923076923077,15.412165459467404,77,38,fitted,ASSORTED TUTTI FRUTTI MIRROR,Home Decor,207
21360,-1.7858316429992525,0.407850844126255,9.95,2.6805461509561117,48,9,fitted,JOY LARGE WOOD LETTERS,General Giftware,101
79323G,-2.839385652171988,0.2518575924924496,6.75,10.032904708260986,18,11,fitted,GOLD  CHERRY LIGHTS,Lighting & Candles,61
21225,-2.375411544782531,,1.25,1.0,2,1,category_fallback_insufficient_price_variation,POCKET MIRROR BUTTERFLY ,Home Decor,2
23424,-2.582768898406496,,5.193333333333334,31.066666666666663,15,12,category_fallback_implausible_fit,GINGHAM RECIPE BOOK BOX,Storage & Boxes,136
23170,-5.707821638806407,0.5666210948352954,1.6433649289099526,200.69081805337032,31,31,fitted,REGENCY TEA PLATE ROSES ,Kitchen & Dining,446
84509g,-2.314681272087272,,7.46,2.0,1,1,category_fallback_insufficient_price_variation,SET OF 4 FAIRY CAKE PLACEMATS ,General Giftware,2
22549,-4.439447480167986,0.3363318057412812,1.50536231884058,53.290881148376656,89,74,fitted,PICTURE DOMINOES,General Giftware,752
35600D,-1.8052471567071624,0.7585622251498205,2.9500000000000006,19.540403046439597,9,4,fitted,PINK AND WHITE CHRISTMAS TREE 180CM,Christmas & Seasonal,12
84965B,-2.314681272087272,,30.0,8.666666666666666,3,2,category_fallback_implausible_fit,BLUE KASHMIRI COFFEE TABLE ,General Giftware,3
84006,-2.50066788142326,0.2122421641193805,0.85,18.792592054817817,74,27,fitted,MAGIC TREE -PAPER FLOWERS,General Giftware,226
21756,-3.196382346048341,0.1292888828676304,6.161428571428572,16.68135768850163,83,44,fitted,BATH BUILDING BLOCK WORD,Bath & Body,615
90214B,-1.6950974262848952,,0.85,2.2333333333333334,30,4,category_fallback_implausible_fit,"LETTER ""B"" BLING KEY RING",Jewellery & Accessories,41
22147,-5.027328493997122,0.388695354046212,1.45,84.14732979323675,102,72,fitted,FELTCRAFT BUTTERFLY HEARTS,General Giftware,1242
22870,-1.434013681617325,0.2360945931019817,2.495,2.96657451499207,33,7,fitted,NUMBER TILE COTTAGE GARDEN 2,Garden & Outdoor,49
22029,-6.24903714320561,0.5055759103945806,0.42,142.5922990356415,103,91,fitted,SPACEBOY BIRTHDAY CARD,Cards & Stationery,1116
21910,-2.829876968265396,0.1235240084920885,1.65,7.922295205790031,46,8,fitted,WAY OUT METAL SIGN ,Home Decor,110
84870C,-1.1316918121881527,0.043794631317789,3.75,2.746267290172083,23,5,fitted,GREEN GEISHA GIRL ,General Giftware,43
22554,-7.023576944396103,0.1895066524059927,1.6666974093264244,114.66232857296964,88,75,fitted,PLASTERS IN TIN WOODLAND ANIMALS,Storage & Boxes,1344
21816,-2.55654479163404,,1.45,17.75,24,5,category_fallback_implausible_fit,CHRISTMAS TREE T-LIGHT HOLDER,Christmas & Seasonal,54
16168M,-2.818118004767132,0.6128149343224942,0.4471875,12.149446009339009,64,21,fitted,FUNKY MONKEY GIFT BAG MEDIUM,Bags,104
72803B,-2.278947917977102,,4.25,3.9166666666666665,24,3,category_fallback_implausible_fit,OCEAN SCENT CANDLE JEWELLED DRAWER,Lighting & Candles,40
85130D,-1.2859830898210218,0.2210798256772718,1.65,4.4935430905939215,66,20,fitted,BEADED CRYSTAL HEART PINK LARGE,General Giftware,111
72127,-2.731061169469339,0.0762234020703426,1.25,4.4478873579546745,44,8,fitted,COLUMBIAN CANDLE ROUND ,Lighting & Candles,73
21251,-1.431928930114184,0.1125197300143729,2.9500000000000006,5.620584040654727,70,18,fitted,DINOSAUR HEIGHT CHART STICKER SET,Cards & Stationery,133
23213,-4.0650054468425,0.2762897156603843,1.25,52.5577285621251,24,13,fitted,STAR WREATH DECORATION WITH BELL,Home Decor,156
71406C,-2.4004722155049,0.178207990783578,0.42,5.49718867771281,29,5,fitted,BLACK ORANGE SQUEEZER,General Giftware,37
16218,-1.2574850921279286,0.7216630323456716,0.16,37.02635372504076,52,16,fitted,CARTOON  PENCIL SHARPENERS,General Giftware,101
85099B,-4.267698702016158,0.1089475080073691,1.8480008234659395,833.4058577734922,104,104,fitted,JUMBO BAG RED RETROSPOT,Bags,4097
20663,-1.9920398092314375,0.748340355228378,2.51,2.0726947994738967,29,10,fitted,QUEEN OF THE SKIES HOLIDAY PURSE ,General Giftware,45
47556,-2.0533511102062985,,2.55,1.0,1,1,category_fallback_insufficient_price_variation,SET/2 SPOTTY + ROSE TEA TOWELS ,Bath & Body,1
21188,-1.990370467446659,0.1451409845765542,2.9500000000000006,9.723632693870549,69,19,fitted,3D HEARTS  HONEYCOMB PAPER GARLAND,General Giftware,133
84934,-2.375411544782531,,0.85,76.0,9,2,category_fallback_insufficient_price_variation,ASSTD DESIGN POP ART SLIM PEN,Home Decor,12
23644,-2.55654479163404,,3.33,1.0,5,1,category_fallback_insufficient_price_variation,SET 10 CARDS CHRISTMAS TREE 16955,Christmas & Seasonal,5
21659,-2.2316348529077747,,14.95,4.033333333333333,30,9,category_fallback_implausible_fit,GLASS CAKE STAND,Bottles & Glassware,67
90133,-1.6950974262848952,,4.990833333333334,2.136363636363636,22,8,category_fallback_insufficient_price_variation,TEAL/FUSCHIA COL BEAD NECKLACE,Jewellery & Accessories,36
22285,-3.0801766601886524,0.1277521927441344,1.65,18.022431267531783,78,32,fitted,"DECORATION HEN ON NEST, HANGING",Home Decor,274
90122A,-1.6950974262848952,,4.968999999999999,2.1538461538461537,26,6,category_fallback_insufficient_price_variation,PINK CRYSTAL+GLASS BRACELET,Jewellery & Accessories,32
21986,-1.118851595246973,0.0618957794922701,0.2987298387096774,62.679380346488166,102,57,fitted,PACK OF 12 PINK POLKADOT TISSUES,General Giftware,480
21726,-2.1124992467042327,0.0539547335248964,0.85,10.379255004907073,63,18,fitted,MULTI HEARTS  STICKERS,Cards & Stationery,166
23106,-1.2525254131491483,0.2651107193858838,2.89,9.109383793158752,25,6,fitted,ZINC HEARTS PLANT POT HOLDER,Garden & Outdoor,53
85023C,-1.6950974262848952,,2.55,2.875,8,1,category_fallback_insufficient_price_variation,PINK LARGE JEWELED PHOTOFRAME,Jewellery & Accessories,12
23142,-1.8302483371883185,0.1031057636088088,10.4,3.216264047647216,20,6,fitted,IVORY WIRE KITCHEN ORGANISER,Kitchen & Dining,40
22914,-2.068825447803577,0.1280555595473996,4.95,6.906107274341673,51,15,fitted,BLUE COAT RACK PARIS FASHION,General Giftware,185
84615,-2.009578514265503,0.5878532559698518,6.145384615384615,4.857531159503149,9,6,fitted,PINK ROUND BUTTERFLY MIRROR ,Home Decor,21
85014B,-4.472428950569228,0.3376649087449149,5.950000000000001,32.12404663588131,103,70,fitted,RED RETROSPOT UMBRELLA,General Giftware,908
21495,-9.496194029736971,0.1837663180849789,0.42,87.06011502616624,101,9,fitted,SKULLS AND CROSSBONES WRAP,General Giftware,378
21246,-2.45291949563188,,4.95,9.753246753246753,77,31,category_fallback_implausible_fit,RED RETROSPOT BIG BOWL,Kitchen & Dining,210
23044,-2.278947917977102,,4.15,6.0588235294117645,17,2,category_fallback_insufficient_price_variation,PAPER LANTERN 9 POINT HOLLY STAR S,Lighting & Candles,27
23341,-1.3756689621806082,0.0719285654409119,8.9065,10.464991908885136,25,17,fitted,PINK DINER WALL CLOCK,Home Decor,122
23099,-2.278947917977102,,6.65,5.48,25,8,category_fallback_implausible_fit,FRENCH CARRIAGE LANTERN,Lighting & Candles,59
84402B,-1.6950974262848952,,1.87,31.5,2,2,category_fallback_insufficient_price_variation,PURPLE DRESS JEWELLERY STAND,Jewellery & Accessories,5
90020,-2.314681272087272,,12.75,1.6666666666666667,3,1,category_fallback_insufficient_price_variation,FILIGREE DIAMANTE CHAIN,General Giftware,3
47587A,-1.6015502903622494,0.4787486564534727,1.66,3.659768776498036,14,7,fitted,PINK FAIRY CAKE COASTER,General Giftware,25
20767,-2.378209896329411,0.2634476148186506,2.55,5.608693697446295,81,23,fitted,BLUE PAISLEY JOURNAL ,General Giftware,186
22082,-2.7775388554424274,0.0746194465702745,1.6819654088050315,47.05597689418055,104,65,fitted,RIBBON REEL STRIPES DESIGN ,Home Decor,1029
85035c,-2.278947917977102,,8.47,1.5,2,1,category_fallback_insufficient_price_variation,ROSE 3 WICK MORRIS BOX CANDLE,Lighting & Candles,3
22873,-1.4063544303937128,0.2526465938616786,1.95,3.300471857693833,27,4,fitted,NUMBER TILE COTTAGE GARDEN 5,Garden & Outdoor,32
79065A,-2.45291949563188,,9.95,4.0,1,1,category_fallback_insufficient_price_variation,TEATIME ROUND CAKE TINS ,Kitchen & Dining,1
22279,-1.544830394632344,0.2351627216796525,1.5182692307692307,11.61433028172566,78,35,fitted,POCKET BAG BLUE PAISLEY RED SPOT,Bags,223
20856,-2.314681272087272,,1.65,7.172413793103448,58,8,category_fallback_insufficient_price_variation,DENIM PATCH PURSE PINK BUTTERFLY,General Giftware,125
21558,-3.832688535202439,0.4290266349945582,2.700625,37.86919248047729,88,77,fitted,SKULL LUNCH BOX WITH CUTLERY ,Kitchen & Dining,809
20712,-1.4859118806168383,0.1481536855041318,2.1598412698412703,151.3527205782095,97,95,fitted,JUMBO BAG WOODLAND ANIMALS,Bags,1449
23071,-2.093148923265232,0.5742753547973907,12.5,2.904547657273657,14,4,fitted,MARIE ANTOINETTE TRINKET BOX GOLD,Storage & Boxes,23
23076,-4.86231710059012,0.183234368065123,1.25,189.1567774542816,37,16,fitted,ICE CREAM SUNDAE LIP GLOSS,General Giftware,278
23307,-5.0329324991234685,0.21600032061338,0.5568029204209703,299.05795628141146,28,27,fitted,SET OF 60 PANTRY DESIGN CAKE CASES ,Home Decor,654
21715,-3.7279386157709298,0.4833110532570418,2.6821052631578945,24.39645389006177,99,69,fitted,GIRLS VINTAGE TIN SEASIDE BUCKET,Storage & Boxes,487
23101,-2.375411544782531,,0.83,72.75,28,17,category_fallback_implausible_fit,SILVER STARS TABLE DECORATION,Home Decor,219
90025B,-1.6950974262848952,,3.75,1.0,1,1,category_fallback_insufficient_price_variation,BAROQUE BUTTERFLY EARRINGS RED,Jewellery & Accessories,1
84797a,-2.314681272087272,,11.02,2.25,8,3,category_fallback_insufficient_price_variation,PINK HAWAIIAN PICNIC HAMPER FOR 4,General Giftware,17
84508B,-1.027328832876468,0.0565550626763952,2.55,2.409099909579908,56,4,fitted,STRIPES DESIGN TEDDY,Home Decor,79
23478,-2.125826788498408,0.7606521162294525,1.2965384615384616,20.064212664194105,5,3,fitted,WOODLAND LARGE PINK FELT HEART,General Giftware,12
90142C,-1.6950974262848952,,5.09,1.0,1,1,category_fallback_insufficient_price_variation,ROSE PINK PENDANT SHELL NECKLACE,Jewellery & Accessories,1
84396,-2.8048439013861626,0.8379328000836707,3.256666666666667,26.567868330054647,11,10,fitted,6 HOOK JEWELLERY STAND BLACK DRESS,Jewellery & Accessories,50
84966C,-2.375411544782531,,12.0,11.5,2,1,category_fallback_insufficient_price_variation,GREEN KASHMIRI BOXED MIRROR,Home Decor,2
84796a,-2.314681272087272,,8.29,1.8666666666666667,15,2,category_fallback_insufficient_price_variation,PINK HAWAIIAN PICNIC HAMPER FOR 2,General Giftware,20
72133,-0.1222023590358991,0.0009867498913052,1.25,2.969180306742167,24,4,fitted,COLUMBIAN CANDLE RECTANGLE,Lighting & Candles,34
21195,-1.4056262044936834,0.1574585650176617,2.62875,8.18181191763148,58,31,fitted,PINK  HONEYCOMB PAPER BALL ,General Giftware,156
22831,-3.354404562632077,0.4796626877563297,2.9500000000000006,12.440853023354771,48,16,fitted,WHITE BROCANTE SOAP DISH,Bath & Body,143
21432,-3.2088875671004256,0.1489111612476673,5.95,12.990116501496086,48,23,fitted,SET OF 3 CASES WOODLAND DESIGN,Home Decor,240
23646,-2.314681272087272,,2.49,2.0,4,1,category_fallback_insufficient_price_variation,SET 10 CARDS JINGLE BELLS 16957,General Giftware,5
85169B,-1.6582958515331825,0.2622957940782917,1.25,5.379641263919858,50,19,fitted,BLACK LOVE BIRD CANDLE,Lighting & Candles,102
20838,-1.1834709058280848,0.3398332216675098,1.2682857142857142,9.713748018903006,34,15,fitted,FRENCH LATTICE CUSHION COVER ,Home Decor,63
21327,-1.8796479487184024,0.1502397878725022,1.7657142857142856,13.413563301590896,103,68,fitted,SKULLS WRITING SET ,General Giftware,521
90033,-1.6950974262848952,,2.54,1.4375,16,4,category_fallback_insufficient_price_variation,IVORY SHELL HEART EARRINGS,Jewellery & Accessories,19
23525,-8.199881912548681,0.4253795734168898,3.75,19.014138445752792,11,8,fitted,WALL ART BUFFALO BILL ,General Giftware,53
22627,-2.587450654569631,0.1011083200627067,8.758768905021174,19.21099813245069,72,48,fitted,MINT KITCHEN SCALES,Kitchen & Dining,676
72586,-4.361437435446679,0.577845439649061,0.5690909090909091,8.492153779334643,61,27,fitted,SET OF 6 HALLOWEEN GHOST T-LIGHTS,Christmas & Seasonal,188
90169,-2.314681272087272,,2.54,2.333333333333333,18,4,category_fallback_insufficient_price_variation,DAISY HAIR COMB,General Giftware,25
84795C,-0.983628197822432,0.0288276254649262,7.95,7.314272004424186,29,15,fitted,OCEAN STRIPE HAMMOCK ,General Giftware,132
85192S,-1.6950974262848952,,0.65,1.5,2,1,category_fallback_insufficient_price_variation,HANGING SPRING FLOWER HEART SMALL,Jewellery & Accessories,2
22804,-5.905170768300906,0.4008704211231452,2.95,50.67855236950167,63,52,fitted,CANDLEHOLDER PINK HANGING HEART,Lighting & Candles,713
84931B,-1.832682043836992,0.2747041069638581,2.55,3.609331839883425,52,10,fitted,BLUE SCOTTIE DOG W FLOWER PATTERN,General Giftware,86
90200C,-1.6950974262848952,,4.244166666666667,4.586956521739131,46,18,category_fallback_insufficient_price_variation,BLUE SWEETHEART BRACELET,Jewellery & Accessories,103
90039C,-1.6950974262848952,,3.75,2.1818181818181817,11,5,category_fallback_insufficient_price_variation,FIRE POLISHED GLASS BRACELET BLACK,Jewellery & Accessories,13
21768,-1.0200998712846905,0.0619995846468026,15.049375,7.447073791304898,31,23,fitted,WALL MOUNTED VINTAGE ORGANISER,General Giftware,164
22946,-2.9843133302899822,0.2709798676971682,16.79,10.99138578006646,44,27,fitted,WOODEN ADVENT CALENDAR CREAM,Christmas & Seasonal,286
23263,-2.375411544782531,,1.305474003851281,128.75,28,20,category_fallback_implausible_fit,SET OF 3 WOODEN HEART DECORATIONS,Home Decor,482
21179,-1.9037110468832497,0.4004675923603238,1.25,18.436483837969835,87,58,fitted,NO JUNK MAIL METAL SIGN,Home Decor,526
84599,-2.375411544782531,,7.95,3.75,4,2,category_fallback_implausible_fit,CANDY STRIPE ROSE FLOOR CUSHION,Home Decor,6
35265,-2.45291949563188,,1.95,1.75,12,2,category_fallback_implausible_fit,COLOURFUL FLOWER FRUIT BOWL,Kitchen & Dining,16
23470,-1.600962630796653,0.0264395207931034,6.25,15.774314088877718,11,6,fitted,CARD HOLDER LOVE BIRD LARGE ,Cards & Stationery,84
22338,-2.721702144756207,0.6978943069352971,0.65,28.079115752040085,51,27,fitted,STAR DECORATION PAINTED ZINC ,Home Decor,279
37462B,-3.4397357438994067,0.6469846756622953,0.84,1.7080086164983768,21,5,fitted,"PET MUG, BUDGIE",Kitchen & Dining,32
23649,-2.314681272087272,,2.49,1.0,2,1,category_fallback_insufficient_price_variation,SET 10 CARDS DECK THE HALLS 16960,General Giftware,2
37399,-1.6987554256881332,0.9999179866133128,0.5122222222222222,54.52566922792012,3,3,fitted,"ASS RETROSPOOF MUGS,SPORTS",Kitchen & Dining,6
22336,-2.9616792705019703,0.3697233024374553,0.65,21.432730804778863,61,31,fitted,DOVE DECORATION PAINTED ZINC ,Home Decor,233
23119,-4.188602546499977,0.5650273260860625,0.638984520123839,66.91284308316501,26,21,fitted,PACK OF 6 LARGE FRUIT STRAWS ,General Giftware,152
23108,-8.364963377180661,0.4691487204030767,6.055283018867924,49.75053145984574,31,26,fitted,SET OF 10 LED DOLLY LIGHTS,Lighting & Candles,374
22945,-1.5478442115296964,0.468558179643015,0.8529241877256315,114.38898521253029,45,32,fitted,CHRISTMAS METAL TAGS ASSORTED ,Christmas & Seasonal,373
90036F,-2.2316348529077747,,8.07,2.083333333333333,12,3,category_fallback_insufficient_price_variation,"FLOWER GLASS GARLD NECKL36""TURQUOIS",Bottles & Glassware,16
85049b,-3.114237677208787,,2.46,1.0,2,1,category_fallback_insufficient_price_variation,LUSH GREENS RIBBONS,Cards & Stationery,2
85136C,-2.314681272087272,,7.978888888888889,3.9583333333333335,48,16,category_fallback_insufficient_price_variation,RED SHARK HELICOPTER,General Giftware,130
17001,-4.846919776766163,0.383997972441672,0.29,34.66302979837623,16,3,fitted,HEAVENS SCENT FRAGRANCE OILS ASSTD,General Giftware,23
23027,-2.2316348529077747,,2.08,16.38888888888889,18,3,category_fallback_insufficient_price_variation,DRAWER KNOB VINTAGE GLASS HEXAGON,Bottles & Glassware,30
21927,-2.375411544782531,,1.25,18.24242424242424,66,8,category_fallback_implausible_fit,BLUE/CREAM STRIPE CUSHION COVER ,Home Decor,192
84459A,-2.0841849467940188,0.331858134213375,1.7510714285714286,10.336216226901309,70,32,fitted,PINK METAL CHICKEN HEART ,General Giftware,211
21764,-2.45291949563188,,39.95,1.625,8,1,category_fallback_insufficient_price_variation,VINTAGE WOODEN PLATE RACK,Kitchen & Dining,10
85035a,-2.278947917977102,,8.47,1.3333333333333333,3,1,category_fallback_insufficient_price_variation,GARDENIA 3 WICK MORRIS BOXED CANDLE,Lighting & Candles,4
21975,-5.996112764151529,0.581470823555664,0.55,158.03659828022825,104,88,fitted,PACK OF 60 DINOSAUR CAKE CASES,General Giftware,1369
85049H,-1.9070141537878176,0.2549169536300619,1.25,11.41109234945333,90,37,fitted,URBAN BLACK RIBBONS ,Cards & Stationery,341
17107D,-2.314681272087272,,2.55,6.588235294117647,51,2,category_fallback_insufficient_price_variation,"FLOWER FAIRY,5 SUMMER B'DRAW LINERS",General Giftware,94
22384,-7.0542764779923415,0.417574979790663,1.6720963788300836,184.6984707016065,96,93,fitted,LUNCH BAG PINK POLKADOT,Bags,2179
16161M,-2.314681272087272,,0.42,36.206896551724135,29,1,category_fallback_insufficient_price_variation,WRAP  PINK FLOCK,General Giftware,39
21263,-1.6683640409925882,0.4708091886742359,1.95,11.258738963978836,25,7,fitted,GREEN GOOSE FEATHER TREE 60CM,General Giftware,62
35597A,-2.55654479163404,,1.25,3.6666666666666665,3,1,category_fallback_insufficient_price_variation,DUSTY PINK CHRISTMAS TREE 30CM,Christmas & Seasonal,5
23346,-7.76169286038956,0.3464640090217969,1.2683333333333335,71.19922487068628,21,16,fitted,SPACEBOY BEAKER,General Giftware,188
90160C,-1.6950974262848952,,6.95,2.3902439024390243,41,6,category_fallback_insufficient_price_variation,TURQ+RED BOUDICCA LARGE BRACELET,Jewellery & Accessories,46
84797A,-3.651705613661634,0.7741595737754294,9.463589743589743,16.005148145939604,8,6,fitted,PINK HAWAIIAN PICNIC HAMPER FOR 4,General Giftware,43
23196,-1.9431560726810135,0.2098593691159477,1.4853846153846153,71.90957106191956,25,23,fitted,VINTAGE LEAF MAGNETIC NOTEPAD,General Giftware,308
22060,-1.232844382473519,0.2090200293466797,9.95,5.197697446438956,64,25,fitted,LARGE CAKE STAND HANGING HEARTS,General Giftware,164
71496A,-2.165107228955442,0.4606167793853052,1.055,3.805742914153961,16,4,fitted,A4 WALL TIDY BLUE OFFICE,General Giftware,20
16044,-2.314681272087272,,0.42,24.5,2,1,category_fallback_insufficient_price_variation,POP-ART FLUORESCENT PENS,General Giftware,2
21801,-2.148150520238639,0.0697612009773372,0.42,25.518468746446523,58,23,fitted,CHRISTMAS TREE DECORATION WITH BELL,Christmas & Seasonal,276
35824C,-2.1437859059727304,0.7036611733008522,0.565,27.05229919354816,6,3,fitted,"HANGING FLOWERS+MIRROR,CLEAR",Home Decor,8
21250,-2.37873793403327,0.2078942846763102,2.95,4.323462185128126,40,7,fitted,SET OF SKULL WALL STICKERS,Cards & Stationery,59
22098,-1.559632358347879,0.4573301130960983,1.25,9.27846938940742,92,48,fitted,BOUDOIR SQUARE TISSUE BOX,Storage & Boxes,335
90136,-1.6950974262848952,,9.95,1.5,2,1,category_fallback_insufficient_price_variation,PALE PINK/AMETHYST STONE NECKLACE,Jewellery & Accessories,2
90069,-1.6950974262848952,,7.5,2.2,5,1,category_fallback_insufficient_price_variation,RUBY GLASS CLUSTER NECKLACE,Jewellery & Accessories,5
90082A,-1.6950974262848952,,6.35,2.2222222222222223,27,7,category_fallback_insufficient_price_variation,DIAMANTE BOW BROOCH GREEN COLOUR,Jewellery & Accessories,33
23464,-1.6950974262848952,,4.95,3.6,5,2,category_fallback_implausible_fit,VINTAGE ZINC WATERING CAN SMALL,Jewellery & Accessories,8
84030E,-4.104034829616135,0.3434938889539354,4.25,21.522339515603985,65,35,fitted,ENGLISH ROSE HOT WATER BOTTLE,Bottles & Glassware,528
22536,-6.394832773640682,0.2044886455292971,0.42,49.43691536935589,84,30,fitted,MAGIC DRAWING SLATE PURDEY,General Giftware,393
84519A,-0.4917946683121624,0.02954834229284,2.95,5.224476767963504,88,30,fitted,TOMATO CHARLIE+LOLA COASTER SET,General Giftware,204
90026C,-1.6950974262848952,,8.5,1.4,5,1,category_fallback_insufficient_price_variation,GLASS BEAD HOOP NECKLACE GREEN,Jewellery & Accessories,5
44217M,-2.314681272087272,,3.9500000000000006,24.0,1,1,category_fallback_insufficient_price_variation,MULTICOLOUR FEATHERS CURTAIN,General Giftware,2
20932,-1.921096082165814,0.4045480864797046,3.75,3.967101710582098,56,14,fitted,PINK POT PLANT CANDLE,Lighting & Candles,82
84251F,-1.245850874084037,0.3406110154235682,0.2293684210526316,9.58803957996331,28,10,fitted,"GREETING CARD, RITA",Cards & Stationery,50
21710,-2.1274758773021034,0.2658396042354246,4.95,3.3652298913967558,63,17,fitted,FOLDING UMBRELLA PINKWHITE POLKADOT,General Giftware,114
20869,-0.5751231655249331,0.1057095788757466,0.85,3.875707106923304,37,14,fitted,GOLD FABRIC MIRROR,Home Decor,54
90176E,-1.6950974262848952,,7.5,1.5,2,1,category_fallback_insufficient_price_variation,DIAMANTE NECKLACE GREEN,Jewellery & Accessories,2
22449,-1.712687921670169,0.0537427738479923,3.35,12.426258745924612,76,30,fitted,SILK PURSE BABUSHKA PINK,General Giftware,327
84509E,-1.2213899941758148,0.4698050490243372,3.75,2.122327572957609,24,10,fitted,SET OF 4 CAROUSEL PLACEMATS ,General Giftware,31
23191,-6.119429950605867,0.1778649522889037,1.65,63.69186865577547,31,26,fitted,BUNDLE OF 3 RETRO NOTE BOOKS,General Giftware,293
85141,-1.0614763847102957,0.2438196468720204,10.75,2.151133390483849,42,5,fitted,JARDIN ETCHED GLASS FRUITBOWL,Kitchen & Dining,82
85084,-2.55654479163404,,0.85,35.8421052631579,19,10,category_fallback_implausible_fit,HOLLY TOP CHRISTMAS STOCKING,Christmas & Seasonal,87
22099,-1.3826500225910436,0.3430989588028855,1.25,7.898546137529961,91,46,fitted,CARAVAN SQUARE TISSUE BOX,Storage & Boxes,314
84597B,-2.314681272087272,0.3891894659062511,1.25,7.68094222018447,21,3,fitted,RETRO BROWN BALL ASHTRAY ,General Giftware,26
90138,-3.9870107926419736,0.1540495957825745,5.4,1.1977465463207262,17,3,fitted,WHITE/PINK MINI CRYSTALS NECKLACE,Jewellery & Accessories,18
22813,-3.7888384512826745,0.3117995875446664,1.9927615384615385,39.83358966812114,64,43,fitted,PACK 3 BOXES BIRD PANNETONE ,General Giftware,407
20812,-2.375411544782531,,2.55,2.5,2,1,category_fallback_insufficient_price_variation,EMBOSSED FLOWER TRELLIS PHOTO FRAME,Home Decor,3
85040A,-1.6455336767114404,0.1037707519357329,1.683469387755102,15.956052583995952,99,52,fitted,S/4 PINK FLOWER CANDLES IN BOWL,Lighting & Candles,420
85038,-3.740775792835888,0.2153980454271271,2.1,17.96643841967742,89,48,fitted,6 CHOCOLATE LOVE HEART T-LIGHTS,Lighting & Candles,413
22510,-1.4667550572182173,0.4394299208557658,3.75,2.978252246638907,52,9,fitted,GINGHAM BABUSHKA DOORSTOP,General Giftware,93
21279,-1.366526902248961,0.2133337300124017,2.894285714285714,3.779830049211775,59,16,fitted,VINTAGE KITCHEN PRINT FRUITS,Kitchen & Dining,102
23661,-2.8274740143834167,0.4123999246183349,1.716133333333333,21.51664844702251,9,6,fitted,MILK MAIDS MUG ,Kitchen & Dining,34
22378,-2.3993437136231157,0.43602507931525,2.283478260869565,21.84589549692623,94,77,fitted,WALL TIDY RETROSPOT ,General Giftware,560
21754,-4.276718475985638,0.145574927657078,6.085710227272728,66.76275069629882,104,96,fitted,HOME BUILDING BLOCK WORD,General Giftware,2151
21456,-3.617669016908005,0.5471504529817002,1.25,19.3781402556476,23,8,fitted,2 PICTURE BOOK EGGS EASTER CHICKS,Christmas & Seasonal,65
22968,-2.332021622286753,0.1614754629281967,9.95,11.902899052799098,50,25,fitted,ROSE COTTAGE KEEPSAKE BOX ,Storage & Boxes,336
21839,-3.114237677208787,,5.45,5.315789473684211,38,5,category_fallback_insufficient_price_variation,MUMMY MOUSE RED GINGHAM RIBBON,Cards & Stationery,85
85049F,-3.0776482875280493,0.0229280135354154,1.25,13.809209571295892,88,14,fitted,BABY BOOM RIBBONS ,Cards & Stationery,324
84971l,-2.314681272087272,,2.46,2.0,1,1,category_fallback_insufficient_price_variation,LARGE HEART FLOWERS HOOK   ,General Giftware,1
23042,-1.674908800374015,0.2047270486092934,6.65,4.76180127993164,18,5,fitted,PAPER LANTERN 7 POINT SNOW STAR,Lighting & Candles,28
85124B,-1.3134361108596715,0.114727124241011,2.55,4.052997742204435,63,9,fitted,BLUE JUICY FRUIT PHOTO FRAME,Home Decor,104
17013B,-2.314681272087272,,1.27,130.0,1,1,category_fallback_insufficient_price_variation,ORIGAMI JASMINE INCENSE IN TUBE,General Giftware,1
22292,-3.3815909311257744,0.0614231815778258,1.45,13.74299678394646,70,25,fitted,HANGING CHICK  YELLOW DECORATION,Home Decor,238
21116,-2.2653882590366683,0.2176425158149781,6.0633333333333335,9.965427799226918,103,70,fitted,OWL DOORSTOP,General Giftware,552
84596I,-2.278947917977102,,1.25,3.0,5,1,category_fallback_insufficient_price_variation,WRAP SWEETS LIGHT PINK SMALL BOWL,Lighting & Candles,9
84661B,-1.2852899714774808,0.4094651469912511,2.55,3.2783795650873664,37,13,fitted,BLACK SQUARE TABLE CLOCK,Home Decor,52
23012,-2.127228711192353,0.1756168761558765,3.8896164021164026,38.7679530122111,26,25,fitted,GLASS APOTHECARY BOTTLE PERFUME,Bottles & Glassware,251
22489,-4.939882219608675,0.1671863412501698,0.423207264557199,158.3352244809822,84,73,fitted,PACK OF 12 TRADITIONAL CRAYONS,General Giftware,803
22897,-3.595303044822325,0.3088009401686952,1.45,25.335179966823,63,38,fitted,OVEN MITT APPLES DESIGN,Home Decor,303
85136A,-2.314681272087272,,7.95,3.183673469387755,49,14,category_fallback_insufficient_price_variation,YELLOW SHARK HELICOPTER,General Giftware,119
22842,-3.7379755715857694,0.2609962826714357,6.75,8.769484556980762,58,24,fitted,BISCUIT TIN VINTAGE RED,Storage & Boxes,243
85036B,-1.1280438350181656,0.1967693073927576,4.25,4.697775790690649,43,11,fitted,CHOCOLATE 1 WICK MORRIS BOX CANDLE,Lighting & Candles,90
21902,-3.11649429374312,0.2146035994536109,0.65,32.108313223732246,100,40,fitted,"KEY FOB , FRONT  DOOR ",General Giftware,495
23396,-2.928052990354206,0.2344776264018799,4.3132,36.15258221743802,15,14,fitted,LE JARDIN BOTANIQUE CUSHION COVER,Home Decor,207
22375,-1.5098907027750716,0.181379125064009,5.114222222222222,5.018294674770175,90,41,fitted,AIRLINE BAG VINTAGE JET SET BROWN,Bags,301
23134,-2.314681272087272,,8.25,62.588235294117645,17,7,category_fallback_implausible_fit,LARGE ZINC HEART WALL ORGANISER,General Giftware,37
37479P,-0.497018914027843,0.3139390838159654,0.39,6.161396067106756,27,8,fitted,CUBIC MUG FLOCK PINK ON BROWN,Kitchen & Dining,38
23343,-5.375526565972447,0.3265020894861465,2.1776568005637778,114.83016034543044,26,25,fitted,JUMBO BAG VINTAGE CHRISTMAS ,Christmas & Seasonal,485
21331,-1.4405360768490294,0.3918915038632905,12.75,2.159011934592421,25,7,fitted,MOROCCAN BEATEN METAL DISH LARGE,General Giftware,30
23181,-1.0235377854438574,0.0716276419088309,8.25,4.618675829242864,35,8,fitted,BULL DOG BOTTLE TOP WALL CLOCK,Home Decor,82
22715,-5.009165745815404,0.7544167312197874,0.42,37.94877917467485,67,26,fitted,CARD WEDDING DAY,Cards & Stationery,221
22721,-2.420791746137633,0.2516668999693269,4.95,14.12857812322747,50,27,fitted,SET OF 3 CAKE TINS SKETCHBOOK,Kitchen & Dining,299
23493,-2.314681272087272,,1.9994170107480689,275.8333333333333,12,12,category_fallback_implausible_fit,VINTAGE DOILY TRAVEL SEWING KIT,General Giftware,426
23530,-5.634376844847893,0.7293963192249028,4.356950354609929,93.90743920426598,10,10,fitted,WALL ART ONLY ONE PERSON ,General Giftware,88
84917,-1.7525916257811307,0.3887774725924496,4.21,2.9852299915902543,30,9,fitted,WHITE HAND TOWEL WITH BUTTERFLY,Bath & Body,55
21033,-2.797323062266814,0.4983496631500782,2.95,23.05260222561247,87,75,fitted,JUMBO BAG CHARLIE AND LOLA TOYS,Bags,587
90002D,-1.6950974262848952,,3.75,2.3076923076923075,26,5,category_fallback_insufficient_price_variation,FLOWER BURST SILVER RING CRYSTAL,Jewellery & Accessories,36
37489A,-0.1766057659645826,0.0943943804075848,0.39,2.076637328132796,23,4,fitted,YELLOW/PINK FLOWER DESIGN BIG MUG,Kitchen & Dining,26
84032A,-2.627392049730437,0.1495748764572187,3.251714285714286,11.406816622455526,90,61,fitted,CHARLIE+LOLA PINK HOT WATER BOTTLE,Bottles & Glassware,697
23121,-6.072638214349385,0.2521755286658902,0.42,51.165223668329766,25,17,fitted,PACK OF 6 COCKTAIL PARASOL STRAWS,General Giftware,120
16245A,-2.314681272087272,,1.25,1.8333333333333333,6,1,category_fallback_insufficient_price_variation,PINK MINI STATIONERY SET W CASE,General Giftware,7
84869,-2.261069930360064,0.8306321638334999,2.962857142857142,14.215150711449091,14,10,fitted,CANDY BUTTON PHOTO ALBUM,General Giftware,26
35095A,-3.2472320011693925,0.5488196695953534,0.471715909090909,13.617555043725824,74,30,fitted,BLUE VICTORIAN FABRIC OVAL BOX,Storage & Boxes,167
90001C,-1.6950974262848952,,4.25,1.25,8,2,category_fallback_insufficient_price_variation,ANTIQUE OPAL WHITE FLOWER EARRINGS,Jewellery & Accessories,9
85216,-0.6950171215632178,0.0755008379096665,0.65,36.55049341767999,56,24,fitted,ASSORTED CAKES FRIDGE MAGNETS,General Giftware,190
21211,-3.152570391336401,0.2579595049933001,1.45,12.587591347603208,91,33,fitted,SET OF 72 SKULL PAPER  DOILIES,General Giftware,242
21398,-1.740997690708431,0.5102681727305849,2.1,9.036120837118148,54,24,fitted,RED POLKADOT COFFEE  MUG,Kitchen & Dining,129
22734,-4.605260417733604,0.543896823908057,2.9879457486176406,113.01916804144976,44,35,fitted,SET OF 6 RIBBONS VINTAGE CHRISTMAS,Christmas & Seasonal,781
21542,-4.116389406919721,0.2138508494165379,0.8670823095823095,37.14900954478296,36,24,fitted,WOODLAND WATER TRANSFER TATTOOS ,General Giftware,190
20755,-2.906654946885933,0.1156188672076173,0.85,8.61651465098445,53,15,fitted,BLUE PAISLEY POCKET BOOK,General Giftware,126
22494,-2.3277694306288685,0.2595986101478771,1.3364285714285715,21.05583420239016,97,58,fitted,EMERGENCY FIRST AID TIN ,Storage & Boxes,483
84569C,-2.661715397900051,0.4115672640926066,1.4299999999999995,7.993320499457598,40,13,fitted,PACK 4 FLOWER/BUTTERFLY PATCHES,General Giftware,89
84637,-1.738808030353621,0.6165577025137194,5.331250000000001,3.4738799169965158,51,16,fitted,KITCHEN FLOWER POTS WALL PLAQUE,Kitchen & Dining,114
35085E,-2.278947917977102,,1.25,4.714285714285714,7,1,category_fallback_insufficient_price_variation,IVORY ROSE LAMPSHADE ,Lighting & Candles,8
20798,-2.376211830346622,0.5617126084129987,2.486833333333333,11.336303065473912,42,18,fitted,CLEAR MILKSHAKE GLASS,Bottles & Glassware,88
22802,-1.5071281960929,0.1543445195670818,19.95,2.602332045591945,28,6,fitted,FAUX FUR CHOCOLATE THROW,General Giftware,68
22534,-6.623980777879709,0.4115700366799597,0.42,103.5497705588684,89,55,fitted,MAGIC DRAWING SLATE SPACEBOY ,General Giftware,620
85188B,-4.288323994654919,0.4650931742774077,0.859642857142857,29.09168014606708,21,13,fitted,PINK METAL SWINGING BUNNY,General Giftware,77
22399,-6.733538140431072,0.2391050440300904,1.25,18.41299768258849,83,23,fitted,MAGNETS PACK OF 4 CHILDHOOD MEMORY,General Giftware,285
84627,-2.314681272087272,,5.95,3.4,15,1,category_fallback_insufficient_price_variation,CANDY STRIPE ROSE C/COVER ,General Giftware,21
85184c,-2.582768898406496,,5.91,1.0,5,2,category_fallback_insufficient_price_variation,S/4 VALENTINE DECOUPAGE HEART BOX,Storage & Boxes,5
22353,-2.7602434241403864,0.257729824532797,2.635084745762712,31.245217401424373,59,39,fitted,LUNCH BOX WITH CUTLERY FAIRY CAKES ,Kitchen & Dining,503
20988,-2.314681272087272,,1.95,3.4285714285714284,7,1,category_fallback_insufficient_price_variation,TRELLIS FLOWER CHOPSTICKS SET/5,General Giftware,9
90194,-1.6950974262848952,,4.25,1.8823529411764703,17,4,category_fallback_insufficient_price_variation,SILVER LARIAT BLACK STONE EARRINGS,Jewellery & Accessories,21
90135A,-1.6950974262848952,,4.95,3.333333333333333,3,2,category_fallback_insufficient_price_variation,ORANGE/FUSCHIA STONES NECKLACE,Jewellery & Accessories,3
90051,-1.6950974262848952,,7.01,1.7,10,4,category_fallback_insufficient_price_variation,CRACKED GLAZE NECKLACE RED,Jewellery & Accessories,13
90060C,-2.2316348529077747,,5.95,2.333333333333333,3,1,category_fallback_insufficient_price_variation,FIRE POLISHED GLASS NECKL SILVER,Bottles & Glassware,3
90182A,-1.6950974262848952,,2.9,1.6,5,1,category_fallback_insufficient_price_variation,AMBER 3 BEAD DROP EARRINGS,Jewellery & Accessories,8
23534,-0.2578051665649422,0.0015662058786093,6.73974358974359,66.18713871974124,11,11,fitted,WALL ART STOP FOR TEA ,General Giftware,257
84985A,-1.4868005972366931,0.0816269853235991,1.45,7.011155310931847,60,21,fitted,SET OF 72 GREEN PAPER DOILIES,General Giftware,163
21412,-0.632577081999489,0.239534222350371,0.4928846153846153,12.344824647592766,20,9,fitted,VINTAGE GOLD TINSEL REEL,General Giftware,76
85168A,-2.375411544782531,,9.95,1.6923076923076923,13,1,category_fallback_insufficient_price_variation,WHITE BAROQUE CARRIAGE CLOCK,Home Decor,15
84974,-2.375411544782531,,9.95,2.0,43,1,category_fallback_insufficient_price_variation,S/2 ZINC HEART DESIGN PLANTERS,Home Decor,60
21082,-2.2739814410738703,0.4148204893381988,0.8811538461538462,12.243643098726842,65,18,fitted,SET/20 FRUIT SALAD PAPER NAPKINS ,General Giftware,165
90201D,-1.6950974262848952,,2.9500000000000006,3.116279069767442,43,10,category_fallback_insufficient_price_variation,GREEN ENAMEL FLOWER RING,Jewellery & Accessories,58
22932,-4.776278626532695,0.2415178355621028,2.55,7.502092005643661,38,11,fitted,BAKING MOULD TOFFEE CUP CHOCOLATE,Kitchen & Dining,74
23542,-6.799988887251226,0.8568125322846007,8.654095238095238,24.76901011502178,10,10,fitted,WALL ART 70'S ALPHABET ,General Giftware,89
85071D,-0.8873474802725091,0.3247210078107053,0.846153846153846,6.609923925665888,50,15,fitted,CHARLIE+LOLA MY ROOM DOOR SIGN,Home Decor,113
84510F,-1.5162617496513873,0.1797180226610989,1.25,3.61655708335544,24,7,fitted,SET OF 4 NEW ENGLAND COASTERS ,General Giftware,39
23223,-3.679330972531517,0.4585448989857884,0.8801960784313725,35.52115901194205,20,13,fitted,CHRISTMAS TREE HANGING SILVER ,Christmas & Seasonal,90
16254,-0.11848860786549,0.0017496156241322,0.85,2.050166169619602,24,6,fitted,TRANSPARENT ACRYLIC TAPE DISPENSER,General Giftware,40
22877,-1.6633365054949714,0.3113893192357625,1.95,5.43017879182269,19,4,fitted,NUMBER TILE COTTAGE GARDEN 9,Garden & Outdoor,28
35971,-2.664774275003354,0.5385892971147138,1.429379391100703,8.572834329250759,88,37,fitted,ROSE FOLKART HEART DECORATIONS,Home Decor,234
37492D,-2.7179351606491653,0.7473487703237663,4.65,2.4542560249642387,15,7,fitted,PURPLE GREEN FLOWER PIGGY BANK,General Giftware,26
45016,-2.2266440409803496,0.4282275462547217,7.62,1.2537660752270672,17,7,fitted,DECORATIVE NET CANOPY LEOPARD,General Giftware,25
72083A,-2.278947917977102,,2.1,4.8,5,1,category_fallback_insufficient_price_variation,STRAWBERY SWIRL FLARE CANDLE,Lighting & Candles,7
20802,-1.3346577340253174,0.2385171685679619,1.65,9.79092037448312,71,22,fitted,SMALL GLASS SUNDAE DISH CLEAR,Bottles & Glassware,118
21294,-1.069821442370518,0.2691010594971074,1.25,11.947113984848974,68,14,fitted,ETCHED GLASS COASTER,Bottles & Glassware,142
22656,-2.45291949563188,,210.0,1.8333333333333333,24,2,category_fallback_implausible_fit,VINTAGE BLUE KITCHEN CABINET,Kitchen & Dining,36
35965,-0.5071097043653895,0.1135704148221078,3.112402597402598,4.857277956046006,72,40,fitted,FOLKART HEART NAPKIN RINGS,General Giftware,183
22947,-2.878003979827109,0.4411365642863071,16.63,11.841101697259845,33,29,fitted,WOODEN ADVENT CALENDAR RED,Christmas & Seasonal,222
35909B,-2.55654479163404,,2.95,2.6666666666666665,6,2,category_fallback_insufficient_price_variation,PINK FLOWERS RABBIT EASTER,Christmas & Seasonal,7
84508A,-2.375411544782531,,2.55,58.63076923076923,65,18,category_fallback_implausible_fit,CAMOUFLAGE DESIGN TEDDY,Home Decor,111
85127,-0.473576497592922,0.0564531487759347,5.069285714285714,4.622685413077579,52,17,fitted,SMALL SQUARE CUT GLASS CANDLESTICK,Lighting & Candles,89
90190A,-1.6950974262848952,,2.95,2.2,20,7,category_fallback_insufficient_price_variation,SILVER/CRYSTAL DROP EARRINGS W LEAF,Jewellery & Accessories,31
22643,-0.879096081750772,0.0721364008676316,2.55,6.683847177304442,42,10,fitted,SET OF 4 NAPKIN CHARMS LEAVES   ,General Giftware,101
90060B,-2.2316348529077747,,5.95,1.75,4,1,category_fallback_insufficient_price_variation,FIRE POLISHED GLASS NECKL GOLD,Bottles & Glassware,5
90129F,-2.4405677367344385,,2.305,2.806451612903226,31,7,category_fallback_implausible_fit,RED GLASS TASSLE BAG CHARM,Bags,45
22995,-3.1212431208075238,0.1837193757068811,0.4427777777777777,47.446686427800266,43,31,fitted,TRAVEL CARD WALLET SUKI,Cards & Stationery,268
85092,-2.408887611643028,0.7159096663119475,3.35,5.647292296704611,14,7,fitted,CANDY SPOT TEA COSY,General Giftware,23
21913,-2.5459666503951395,0.2901540381411798,3.75,8.502004078722297,98,39,fitted,VINTAGE SEASIDE JIGSAW PUZZLES,Toys & Games,308
22520,-2.8645244041669597,0.0982944718430841,0.85,25.748517521000256,57,26,fitted,CHILDS GARDEN TROWEL BLUE ,Garden & Outdoor,372
23528,-3.728294639454192,0.7395140243652065,3.87,23.540327230203197,10,10,fitted,WALL ART SPACEBOY,General Giftware,50
23489,-5.142657106045472,0.3592528308575304,2.976491228070175,108.63421409791653,8,7,fitted,VINTAGE BELLS GARLAND,General Giftware,163
85099F,-6.045993871908378,0.4826786902905986,1.8504958677685956,300.5180407142693,103,103,fitted,JUMBO BAG STRAWBERRY,Bags,1872
21890,-2.368154997094276,0.129358845675343,3.25,18.7600910033879,101,55,fitted,S/6 WOODEN SKITTLES IN COTTON BAG,Bags,583
84078A,-3.276962555963901,0.2651473973473153,39.95,7.740807574059167,96,54,fitted,SET/4 WHITE RETRO STORAGE CUBES ,Storage & Boxes,326
21419,-1.995788385672072,0.3325719833146777,3.75,3.882272883074745,12,5,fitted,CONCH SHELL,General Giftware,17
21491,-8.07024474845993,0.1027024214011899,1.95,42.464126313363465,24,15,fitted,SET OF THREE VINTAGE GIFT WRAPS,Cards & Stationery,256
23393,-2.7939952468471465,0.5060491787447692,3.93051282051282,51.217684440467615,15,13,fitted,HOME SWEET HOME CUSHION COVER ,Home Decor,236
17164B,-2.314681272087272,,0.42,35.42857142857143,42,6,category_fallback_implausible_fit,ASS COL SMALL SAND GECKO P'WEIGHT,General Giftware,91
22178,-0.7104040756633576,0.0252289713952337,1.2793023255813951,296.86882945819923,103,97,fitted,VICTORIAN GLASS HANGING T-LIGHT,Lighting & Candles,1867
21486,-6.038622037254478,0.3797976751509715,3.9033333333333338,9.74359086334674,43,30,fitted,PINK HEART DOTS HOT WATER BOTTLE,Bottles & Glassware,308
23460,-2.314681272087272,,9.95,9.5,8,2,category_fallback_insufficient_price_variation,SWEETHEART WALL TIDY ,General Giftware,42
21215,-2.516672931247302,0.3556300828555699,0.6038461538461539,29.212906809693205,97,60,fitted,IVORY PAPER CUP CAKE CASES ,Kitchen & Dining,305
84802B,-2.434716597249184,0.3609352163858935,1.6900000000000002,8.09264508171285,14,3,fitted,PURPLE ANEMONE ARTIFICIAL FLOWER,General Giftware,18
85190,-2.314681272087272,,0.85,23.33333333333333,6,2,category_fallback_implausible_fit,PINK FLOWER HANGING HEART ,General Giftware,18
22359,-1.7980375192319829,0.1017850352469597,3.1506564245810056,5.832487949459019,74,29,fitted,GLASS JAR KINGS CHOICE,Bottles & Glassware,209
90043,-2.4405677367344385,,4.95,1.8,5,1,category_fallback_insufficient_price_variation,COPPER AND BRASS BAG CHARM,Bags,5
22939,-2.4275018671057325,0.3742109738945123,4.95,10.361846520642285,55,21,fitted,APRON APPLE DELIGHT,Lighting & Candles,188
84946,-1.4621666200938903,0.0587880627949249,1.2828793085655317,294.6044553603259,104,103,fitted,ANTIQUE SILVER TEA GLASS ETCHED,Bottles & Glassware,1852
35924,-3.851006295085975,0.6303252842900581,2.1,16.581892602071783,76,38,fitted,HANGING FAIRY CAKE DECORATION,Home Decor,198
90211A,-1.6950974262848952,,5.94,1.7222222222222223,18,6,category_fallback_insufficient_price_variation,DIAMOND LAS VEGAS NECKLACE 45CM,Jewellery & Accessories,23
21165,-4.389847482864949,0.4988158761570134,1.69,73.22740935235889,100,88,fitted,BEWARE OF THE CAT METAL SIGN ,Home Decor,1009
72008,-2.278947917977102,,0.42,81.27659574468085,47,22,category_fallback_implausible_fit,FROSTED BOX 9 WHITE T-LIGHT CANDLES,Lighting & Candles,221
23565,-1.6064961747681148,0.0993818651325307,1.4462162162162164,38.887559869986575,9,9,fitted,EGG CUP MILKMAID HELGA ,Kitchen & Dining,63
72753C,-2.278947917977102,,2.1,13.666666666666666,3,2,category_fallback_implausible_fit,S/3 FLWR FAIRY ROSE CANDLES,Lighting & Candles,5
85070,-2.314681272087272,,125.0,1.0,2,1,category_fallback_insufficient_price_variation,ANT WHITE SWEETHEART TABLE W 3 DRAW,General Giftware,2
79051a,-2.2316348529077747,,6.04,1.0,1,1,category_fallback_insufficient_price_variation,SMOKEY GREY COLOUR D.O.F. GLASS,Bottles & Glassware,1
85096,-2.314681272087272,,3.75,3.7111111111111112,45,5,category_fallback_implausible_fit,HILDA CANDY SPOT RABBIT,General Giftware,70
90146,-1.6950974262848952,,7.5,2.0,16,3,category_fallback_insufficient_price_variation,FINE SILVER NECKLACE W PASTEL FLOWE,Jewellery & Accessories,19
22266,-0.9135401539588378,0.1529273937948509,0.65,12.893488147578386,58,22,fitted,EASTER DECORATION HANGING BUNNY,Christmas & Seasonal,174
21942,-2.259022025917074,0.2952333959838892,0.9425324675324676,8.775295902705219,70,33,fitted,SKULLS DESIGN FLANNEL,Home Decor,233
21619,-2.7765224618132427,0.6196524347319968,3.75,3.235712754683355,58,16,fitted,4 VANILLA BOTANICAL CANDLES,Lighting & Candles,217
82616B,-2.6570118776385794,0.5666630245414,2.51,3.3596814550035496,55,23,fitted,FRAPPUCINO SCARF KNITTING KIT,General Giftware,136
21497,-2.314681272087272,,0.42,176.25,100,14,category_fallback_implausible_fit,FANCY FONTS BIRTHDAY WRAP,General Giftware,490
72740A,-1.50707672166538,0.4988878900710737,2.529464285714285,9.634676994736203,4,4,fitted,LARGE STRAWBERRY CHOCOLATE CANDLE,Lighting & Candles,12
84762C,-4.291528299421871,0.4509315181445082,8.47,2.8811798032737643,18,8,fitted,GREEN PICNIC BARBECUE BUCKET,General Giftware,43
22760,-1.794513566121314,0.0950132410246534,12.75,6.312924773614105,41,19,fitted,"TRAY, BREAKFAST IN BED",General Giftware,124
23353,-0.4900219509809483,0.0022324873627496,0.848855218855219,142.4879876109596,19,17,fitted,6 GIFT TAGS VINTAGE CHRISTMAS ,Christmas & Seasonal,334
21551,-2.2366473473461657,,5.95,10.833333333333334,6,4,category_fallback_implausible_fit,CERAMIC BIRDHOUSE BUTTERFLY LARGE,Garden & Outdoor,21
22422,-3.231764074787191,0.5407232817921511,0.7899999999999999,20.008767494446754,73,46,fitted,TOOTHPASTE TUBE PEN,Cards & Stationery,377
84988,-4.2503097598936765,0.5857372405650205,1.5953936625980112,70.1610010103591,104,100,fitted,SET OF 72 PINK HEART PAPER DOILIES,General Giftware,1041
22423,-3.957998785439371,0.3932477116057408,12.454538541737495,274.55583535260683,90,90,fitted,REGENCY CAKESTAND 3 TIER,General Giftware,4047
85167A,-2.911573836477698,0.6110262656271783,4.25,3.870872807529748,7,3,fitted,WHITE GRAND BAROQUE PHOTO FRAME,Home Decor,14
84007,-0.3217044183133909,0.0017840376043974,2.55,3.739932938756243,23,3,fitted,MAGIC GARDEN MOUNT FUJI,Garden & Outdoor,40
22323,-0.929549441285076,0.1006651231336428,2.123846153846154,9.720789680671468,43,23,fitted,PINK POLKADOT KIDS BAG,Bags,116
79323W,-7.825394135974157,0.2233067411483391,6.047495755081039,94.15063998491806,24,21,fitted, WHITE CHERRY LIGHTS,Lighting & Candles,350
85230E,-3.174593027544842,0.4376400973607142,0.29,33.75399716855909,47,5,fitted,STRAWBRY SCENTED VOTIVE CANDLE,Lighting & Candles,66
21323,-2.791760941723422,0.2695766319772587,4.633636363636364,8.644091651071555,27,18,fitted,HANGING MEDINA LANTERN LARGE,Lighting & Candles,84
20993,-2.3502695456992098,0.8576320953834884,0.8500000000000001,11.557454103725917,12,10,fitted,JAZZ HEARTS MEMO PAD,General Giftware,31
84796B,-1.8124839927803695,0.2538433656347505,8.643198757763974,7.620611870270113,48,22,fitted,BLUE SAVANNAH PICNIC HAMPER FOR 2,General Giftware,182
46776B,-2.4134383966905206,0.213785802790707,4.21,2.7636048783662184,68,15,fitted,WOVEN BERRIES CUSHION COVER ,Home Decor,155
21222,-1.9117528656852936,0.2959546423207672,1.25,7.754383000328717,68,16,fitted,SET/4 BADGES BEETLES,General Giftware,138
22066,-0.8302669010018823,0.1967202409404611,1.4499999999999995,13.49914654463175,85,21,fitted,LOVE HEART TRINKET POT,General Giftware,287
85036b,-2.278947917977102,,8.47,1.5,2,1,category_fallback_insufficient_price_variation,CHOCOLATE 1 WICK MORRIS BOX CANDLE,Lighting & Candles,3
21807,-3.659553641916757,0.3468531106827023,0.4216929133858268,55.3491532146803,42,20,fitted,WHITE CHRISTMAS STAR DECORATION,Christmas & Seasonal,190
16046,-2.078290423864828,0.6094549071446993,0.85,6.635034124938013,42,14,fitted,TEATIME PEN CASE & PENS,Cards & Stationery,66
90103,-1.6950974262848952,,2.54,2.0476190476190474,21,6,category_fallback_insufficient_price_variation,PURPLE FRANGIPANI NECKLACE,Jewellery & Accessories,29
23601,-2.314681272087272,,2.49,2.6666666666666665,3,1,category_fallback_insufficient_price_variation,SET 10 CARDS SNOWY SNOWDROPS  17100,General Giftware,4
22356,-0.7742160292024796,0.0705356771545211,1.020497236681447,167.03056725445362,104,102,fitted,CHARLOTTE BAG PINK POLKADOT,Bags,1620
22184,-2.028307883748176,0.4064074839385375,8.5,5.434658627227175,47,21,fitted,CAKE STAND VICTORIAN FILIGREE LARGE,General Giftware,153
35964,-2.042744823913913,0.7288765306040361,1.63,4.425881596677475,36,29,fitted,FOLKART CLIP ON STARS,General Giftware,138
47367B,-2.314681272087272,,3.36,4.083333333333333,60,16,category_fallback_implausible_fit,PAIR PADDED HANGERS PINK CHECK,General Giftware,98
23491,-2.314681272087272,,8.25,28.5,8,3,category_fallback_insufficient_price_variation,VINTAGE JINGLE BELLS HEART,General Giftware,79
20804,-1.1100524887030878,0.0679902715472292,2.0245714285714285,8.102754369740552,16,12,fitted,GLASS CHICKEN BUTTER DISH,Bottles & Glassware,62
84922,-1.196734550302986,0.219932179179122,4.25,2.7342322702853994,14,5,fitted,PINK BUTTERFLY WASHBAG,General Giftware,16
84549,-1.4889240767530547,0.3466968122128523,1.855,3.3881188726447125,14,6,fitted,CROCHET WHITE RABBIT KEYRING ,Jewellery & Accessories,15
22576,-4.9968217837589215,0.4476936495633304,0.8846666666666666,49.7683843367607,47,31,fitted,SWALLOW WOODEN CHRISTMAS DECORATION,Christmas & Seasonal,361
85124c,-2.375411544782531,,5.06,1.5,2,1,category_fallback_insufficient_price_variation,GREEN JUICY FRUIT PHOTO FRAME,Home Decor,2
23409,-2.375411544782531,,3.75,16.46153846153846,13,3,category_fallback_insufficient_price_variation,PHOTO FRAME LINEN AND LACE LARGE,Home Decor,42
84666,-2.314681272087272,,3.9500000000000006,14.125,16,3,category_fallback_insufficient_price_variation,SQUARE CHERRY BLOSSOM CABINET,General Giftware,33
22282,-0.4697615409308512,0.0191630831952573,12.75,3.609237790899561,88,30,fitted,12 EGG HOUSE PAINTED WOOD,General Giftware,215
23617,-2.55654479163404,,2.91,2.0,1,1,category_fallback_insufficient_price_variation,SET 10 CARDS SWIRLY XMAS TREE 17104,Christmas & Seasonal,1
37495,-3.223159986962384,0.2539180717885049,3.75,12.559256966984108,92,30,fitted,FAIRY CAKE BIRTHDAY CANDLE SET,Lighting & Candles,337
90003B,-2.314681272087272,,3.75,2.095238095238096,21,4,category_fallback_insufficient_price_variation,ROSE COLOUR PAIR HEART HAIR SLIDES,General Giftware,26
23193,-5.75117451574312,0.2653232427952315,2.25,20.232966170526524,41,26,fitted,BUFFALO BILL TREASURE BOOK BOX,Storage & Boxes,180
20684,-1.569630608907273,0.0621620343689676,3.25,5.657025293436703,68,17,fitted,STRAWBERRY DREAM CHILDS UMBRELLA,General Giftware,182
21186,-4.464892267217811,0.3874560034752501,1.6499999999999997,69.74804873687286,52,44,fitted,WHITE DOVE HONEYCOMB PAPER GARLAND,General Giftware,380
23564,-2.850503914491796,0.2135924363138946,1.3522535211267606,50.3586909569845,9,9,fitted,EGG CUP MILKMAID INGRID,Kitchen & Dining,75
22764,-2.2316348529077747,,23.85909090909091,22.625,8,5,category_fallback_implausible_fit,"RUSTIC WOODEN CABINET, GLASS DOORS",Bottles & Glassware,24
20730,-4.658099058840872,0.3408052514714065,1.25,6.509217165917463,24,14,fitted,STRAWBERRY CANDY BAG,Bags,101
22763,-1.115097433634034,0.067824550498899,9.95,3.917422239695013,55,15,fitted,KEY CABINET MA CAMPAGNE,General Giftware,144
22162,-1.1306161587396089,0.0146225846201876,3.0316917293233083,9.048281873061752,68,38,fitted,HEART GARLAND RUSTIC PADDED,General Giftware,278
84690,-2.314681272087272,,7.95,2.333333333333333,12,2,category_fallback_insufficient_price_variation,S/2 BEACH HUT STOOLS,General Giftware,15
35607A,-0.7764167175444734,0.1281966083513801,0.19,15.948215594651472,20,5,fitted,PINK FLUFFY CHRISTMAS DECORATION,Christmas & Seasonal,32
22481,-1.7198631109963345,0.1870586828699886,1.25,9.527898453199706,74,16,fitted,BLACK TEA TOWEL CLASSIC DESIGN,Home Decor,227
85028S,-2.2558745177504664,0.7688317072238781,3.621428571428571,3.7834046054129153,18,6,fitted,FRENCH CHATEAU SMALL FRUITBOWL,Kitchen & Dining,33
22128,-1.593702325217476,0.1635526119714574,1.25,32.194318835437926,78,14,fitted,PARTY CONES CANDY ASSORTED,General Giftware,202
22349,-2.0767598335575705,0.0423662764490688,3.75,12.10614613868668,95,28,fitted,DOG BOWL CHASING BALL DESIGN,Kitchen & Dining,367
21341,-0.1476428571277907,0.0041074273587837,4.65,3.5079326456614712,11,6,fitted,KASBAH LANTERN WITH GLASS ,Lighting & Candles,28
90171,-1.6950974262848952,,1.2600000000000002,4.2727272727272725,11,5,category_fallback_insufficient_price_variation,DAISY RING,Jewellery & Accessories,27
23501,-5.777995948244074,0.5948776400412767,1.2581943105110898,153.24710497422257,10,10,fitted,KEY RING BASEBALL BOOT UNION JACK,Jewellery & Accessories,116
84537B,-2.4405677367344385,,0.42,11.7,10,2,category_fallback_insufficient_price_variation,FAIRY CAKES GIFT BAG,Bags,11
21008,-2.375411544782531,,2.51,1.0,1,1,category_fallback_insufficient_price_variation,ETCHED GLASS HEART TREE DECORATION,Home Decor,1
20700,-1.4853100010402571,0.5121277608425646,4.13,3.7100747058896113,51,12,fitted,GREEN CAT FLORAL CUSHION COVER ,Home Decor,104
84499,-2.9009224362170567,0.5850116070660972,1.0525,6.760507147581114,25,10,fitted,BLACK FLOWER CANDLE PLATE,Lighting & Candles,41
20985,-2.715406025238025,0.2021823561309692,1.25,16.790309916238403,90,35,fitted,HEART CALCULATOR,General Giftware,310
22856,-1.0010930731705387,0.0725468274956236,1.25,20.550395887018947,21,4,fitted,ASSORTED EASTER DECORATIONS  BELLS,Christmas & Seasonal,32
21460,-0.4392691208199445,0.0089180265945187,1.95,3.613564719195108,18,7,fitted,GREEN EASTER EGG HUNT START POST,Christmas & Seasonal,27
21899,-2.9998952474632343,0.2905914431445174,0.6616091954022989,44.98774339363789,103,57,fitted,"KEY FOB , GARAGE DESIGN",Home Decor,649
90214C,-0.6379999807957689,0.0289559139874626,1.05,2.2560602400955103,42,11,fitted,"LETTER ""C"" BLING KEY RING",Jewellery & Accessories,73
84912a,-2.314681272087272,,7.78,2.0,1,1,category_fallback_insufficient_price_variation,PINK ROSE WASHBAG,General Giftware,1
21392,-1.7373170288254225,0.7254498506686771,2.1,6.624394665543641,35,10,fitted,RED SPOTTY PUDDING BOWL,Kitchen & Dining,50
84536B,-1.4438060163023605,0.0702851923524462,0.4551428571428571,21.128263646545665,101,62,fitted,FAIRY CAKES NOTEBOOK A7 SIZE,Cards & Stationery,413
84997A,-6.6333723862958,0.4208119025454934,3.818305084745763,43.22661405368736,93,54,fitted,GREEN 3 PIECE MINI DOTS CUTLERY SET,Kitchen & Dining,612
20717,-3.150591140561169,0.4388575469675623,1.3112756410256412,46.55916035840048,104,83,fitted,STRAWBERRY SHOPPER BAG,Bags,781
84572,-1.6950974262848952,,8.49,1.0,1,1,category_fallback_insufficient_price_variation,6 HOOK JEWEL STAND LILAC DRESS,Jewellery & Accessories,1
22993,-0.1265235918452467,0.0010159079766636,1.2627702702702703,265.1710660402474,43,43,fitted,SET OF 4 PANTRY JELLY MOULDS,General Giftware,1102
84539,-3.757484498607804,,1.65,6.181818181818182,11,2,category_fallback_insufficient_price_variation,KNITTED RABBIT DOLL ,Toys & Games,14
85124C,-1.3762966255964455,0.1214065618482388,2.55,4.769780620644368,62,12,fitted,GREEN JUICY FRUIT PHOTO FRAME,Home Decor,124
90025C,-1.6950974262848952,,3.75,1.0,5,1,category_fallback_insufficient_price_variation,BAROQUE BUTTERFLY EARRINGS GREEN,Jewellery & Accessories,5
22261,-3.251146632782885,0.4169511951503426,1.0669642857142856,10.936023579698489,66,31,fitted,FELT EGG COSY WHITE RABBIT ,General Giftware,263
15056n,-2.314681272087272,,12.46,3.4615384615384617,52,3,category_fallback_insufficient_price_variation,EDWARDIAN PARASOL NATURAL,General Giftware,121
90170,-2.314681272087272,,1.65,3.4318181818181817,44,7,category_fallback_insufficient_price_variation,DAISY HAIR BAND,General Giftware,74
21594,-2.314681272087272,,4.21,1.3333333333333333,3,1,category_fallback_insufficient_price_variation,Dr. Jam's Arouzer Stress Ball,General Giftware,4
20679,-5.551756771712983,0.4050896425482944,5.950000000000001,28.80934855932794,103,66,fitted,EDWARDIAN PARASOL RED,General Giftware,725
81950V,-1.211345239855079,0.4128881870870989,0.85,1.88320258164734,9,3,fitted,FLOWER PURPLE CLOCK W/SUCKER,Home Decor,12
23636,-2.314681272087272,,2.91,1.8,5,1,category_fallback_insufficient_price_variation,SET 10 CARDS WISHING TREE 17116,General Giftware,7
90184C,-1.6950974262848952,,9.010357142857142,2.083333333333333,36,8,category_fallback_insufficient_price_variation,BLACK CHUNKY BEAD BRACELET W STRAP,Jewellery & Accessories,51
22464,-2.470306410654518,0.1894015337635896,1.6938461538461538,72.42936697775231,92,83,fitted,HANGING METAL HEART LANTERN,Lighting & Candles,825
21458,-2.307269077474444,0.3905908053880008,1.25,15.556695661032402,30,11,fitted,2 PICTURE BOOK EGGS EASTER BUNNY,Christmas & Seasonal,87
21070,-2.462744008153928,0.2845545516843629,1.25,9.10107471039651,93,33,fitted,VINTAGE BILLBOARD MUG ,Kitchen & Dining,239
23394,-0.1479567737140069,0.0019521260167575,4.141111111111111,26.123429347188384,15,12,fitted,POSTE FRANCE CUSHION COVER,Home Decor,155
21498,-9.57546285834928,0.3159888135311137,0.42,182.0031682010693,103,19,fitted,RED RETROSPOT WRAP ,General Giftware,813
85049D,-3.076754845586566,0.0626179219035883,1.25,18.20223624793317,85,20,fitted,BRIGHT BLUES RIBBONS ,Cards & Stationery,415
22187,-2.55654479163404,0.3284815303985654,4.25,14.80708620497806,47,32,fitted,GREEN CHRISTMAS TREE CARD HOLDER,Christmas & Seasonal,388
21888,-2.5928657556322343,0.126968242958721,3.951072874493928,23.794943491086137,104,72,fitted,BINGO SET,General Giftware,858
84050,-3.8871445894981504,0.5222211599297988,1.6499999999999997,51.730140997343256,96,78,fitted,PINK HEART SHAPE EGG FRYING PAN,General Giftware,751
21381,-4.63914743082546,0.3952622070103331,1.7697619047619049,31.40943846067993,104,80,fitted,MINI WOODEN HAPPY BIRTHDAY GARLAND,General Giftware,557
23552,-2.314681272087272,,2.0800000000000005,621.3333333333334,3,3,category_fallback_insufficient_price_variation,BICYCLE PUNCTURE REPAIR KIT ,General Giftware,124
22425,-2.2226349465685145,0.1500849501484934,4.950000000000001,8.82325366551003,80,28,fitted,ENAMEL COLANDER CREAM,General Giftware,312
84802A,-2.314681272087272,,1.6900000000000002,10.45,20,2,category_fallback_insufficient_price_variation,WHITE ANEMONE ARTIFICIAL FLOWER,General Giftware,25
22714,-5.444852301554334,0.6453331147664667,0.4270491803278688,50.76698330167473,79,52,fitted,CARD BIRTHDAY COWBOY,Cards & Stationery,364
84030c,-2.2316348529077747,,7.699999999999999,8.0,4,3,category_fallback_insufficient_price_variation,KNITTED RAINBOW HOT WATER BOTTLE,Bottles & Glassware,13
21841,-2.3035084656912983,0.0625222215416644,4.25,5.361328388258011,55,10,fitted,BABY MOUSE RED GINGHAM DRESS,General Giftware,137
44265,-2.314681272087272,,4.25,2.0,4,1,category_fallback_insufficient_price_variation,M/COLOUR POM-POM CURTAIN,General Giftware,4
22679,-3.4653083785954304,0.3215341200375982,1.3364285714285715,14.78451725332256,65,38,fitted,FRENCH BLUE METAL DOOR SIGN 4,Home Decor,232
48103,-2.314681272087272,,7.49,1.6666666666666667,9,2,category_fallback_implausible_fit,DOOR MAT KISS MY.......,General Giftware,9
22461,-1.5326697790443533,0.4265359615894608,12.75,3.576211501074437,59,20,fitted,SAVOY ART DECO CLOCK,Home Decor,152
23171,-5.486817689297854,0.4981315982431524,1.662287581699346,161.49316651367803,31,31,fitted,REGENCY TEA PLATE GREEN ,Kitchen & Dining,383
22273,-5.794096061855772,0.2500489371946514,2.9500000000000006,36.385370026587054,103,62,fitted,FELTCRAFT DOLL MOLLY,Toys & Games,848
22390,-1.8706742423672176,0.4995762315711448,2.55,7.0287153752820615,50,14,fitted,PAPERWEIGHT CHILDHOOD MEMORIES,General Giftware,85
22636,-4.006537797065199,0.1572736305372231,8.5,13.829500291060228,78,40,fitted,CHILDS BREAKFAST SET CIRCUS PARADE,General Giftware,509
72750B,-1.554624586372905,0.3694758758319231,1.95,15.59244649438111,26,6,fitted,FLOWER FAIRY SET 3 CANDLES LAVENDER,Lighting & Candles,39
22076,-3.3312772843442784,0.3704292664477319,1.65,14.7676373302191,98,53,fitted,6 RIBBONS EMPIRE  ,Cards & Stationery,393
22295,-6.704688443722874,0.2589322182188691,1.65,65.81777178902092,94,50,fitted,HEART FILIGREE DOVE LARGE,General Giftware,758
20705,-1.8667381322387304,0.6421350252871509,6.95,1.934754733812993,40,8,fitted,MRS ROBOT SOFT TOY,Toys & Games,53
85040B,-6.940666643191053,0.1580875084956536,1.65,16.50728760394592,65,23,fitted,SET/4 BLUE FLOWER CANDLES IN BOWL,Lighting & Candles,268
22986,-2.314681272087272,,0.42,84.59677419354838,62,2,category_fallback_insufficient_price_variation,GINGHAM ROSE WRAP,General Giftware,204
72740B,-2.278947917977102,,5.06,1.0,1,1,category_fallback_insufficient_price_variation,LARGE WHITE CHOCOLATE CANDLE,Lighting & Candles,1
84991,-4.71035151360518,0.3915373429178695,0.5348129023723432,361.4014456316479,104,101,fitted,60 TEATIME FAIRY CAKE CASES,General Giftware,2245
23694,-3.114237677208787,,0.4544320388349514,76.0,4,4,category_fallback_insufficient_price_variation,PAISLEY PARK CARD,Cards & Stationery,40
90129B,-2.4405677367344385,,1.66,3.571428571428572,42,11,category_fallback_implausible_fit,TURQUOISE GLASS TASSLE BAG CHARM ,Bags,64
23458,-2.314681272087272,,14.95,6.375,8,2,category_fallback_insufficient_price_variation,DOLLY CABINET 3 DRAWERS ,General Giftware,30
22275,-4.45068753281895,0.1776832888441526,8.5,14.564560729208903,47,21,fitted,WEEKEND BAG VINTAGE ROSE PAISLEY,Bags,323
84405A,-2.6426231669310893,0.7365801629943655,12.75,1.7100042567548837,26,5,fitted,S/3 PINK COL METAL BASKET W HANDLE,Storage & Boxes,49
90029,-1.6950974262848952,,8.5,2.090909090909091,11,2,category_fallback_insufficient_price_variation,NEW BAROQUE SMALL NECKLACE BLACK,Jewellery & Accessories,12
84986B,-0.6301222722039652,0.0056758934529067,1.45,9.253439868309652,30,7,fitted,SET OF 36 SILVER PAPER DOILIES,General Giftware,80
21733,-5.449831819109837,0.0945103159825904,2.83866026289181,115.16974964575438,104,93,fitted,RED HANGING HEART T-LIGHT HOLDER,Lighting & Candles,1856
22198,-3.7259130803054266,0.2486837416345445,1.7039676582969432,92.9804450596068,60,55,fitted,LARGE POPCORN HOLDER ,General Giftware,691
90013D,-8.28722070939712,0.3681401343758527,3.999000000000001,1.9772066162521509,16,4,fitted,PURPLE VINTAGE EARRINGS,Jewellery & Accessories,17
22348,-5.203101995897397,0.2928181965172327,0.8739991162174106,80.48962444979126,104,87,fitted,TEA BAG PLATE RED RETROSPOT,Bags,992
23453,-2.375411544782531,,1.95,35.0,9,3,category_fallback_insufficient_price_variation,OVAL  MINI PORTRAIT FRAME,Home Decor,49
84231,-1.1823321834243858,0.1277291337446865,0.65,8.794038820635134,23,11,fitted,EASTER BUNNY WITH BASKET ON BACK,Christmas & Seasonal,51
22589,-0.380880779200982,0.0037317662005714,2.6724390243902443,25.061097216304518,37,25,fitted,CARDHOLDER GINGHAM STAR,General Giftware,257
84510a,-2.314681272087272,,2.46,2.303030303030303,33,3,category_fallback_insufficient_price_variation,SET OF 4 ENGLISH ROSE COASTERS,General Giftware,59
84510E,-0.6794278152231622,0.2426559482330698,1.88,1.61026986874747,24,7,fitted,SET OF 4 GREEN CAROUSEL COASTERS,General Giftware,27
22314,-1.4983061871257364,0.1345326190776113,3.69,7.3729516525727075,83,37,fitted,OFFICE MUG WARMER CHOC+BLUE,Kitchen & Dining,271
23220,-4.001393643645899,0.385936209740173,0.8881818181818181,38.06986597079311,19,14,fitted,REINDEER HEART DECORATION GOLD,Christmas & Seasonal,104
21634,-1.978551945075756,0.5887763127230272,1.25,15.094457444335504,46,9,fitted,ASSORTED MINI MADRAS NOTEBOOK,Cards & Stationery,71
20864,-6.280332297522184,0.2262243315223471,2.1,4.953856119212231,18,4,fitted,DENIM PATCH PENCIL CASE BUTTERFLY,General Giftware,29
85179C,-1.2149991658639612,0.4567179542489284,2.485,5.059086198271829,16,9,fitted,PINK BITTY LIGHT CHAIN,Lighting & Candles,40
21467,-2.6610585584952955,0.2532138711126906,3.75,6.371988387102288,84,22,fitted,CHERRY CROCHET FOOD COVER,General Giftware,259
84886,-2.314681272087272,,9.95,2.1666666666666665,6,1,category_fallback_insufficient_price_variation,BLUE METAL WALL SHELF,General Giftware,10
15060B,-1.051791146538381,0.0710837037225941,4.274444444444445,10.591767794291693,96,54,fitted,FAIRY CAKE DESIGN UMBRELLA,Home Decor,462
84509B,-2.068519905541449,0.2208962012089088,3.75,5.860322677238532,87,25,fitted,SET OF 4 FAIRY CAKE PLACEMATS,General Giftware,202
21411,-3.207776617951156,0.4507597909997476,4.398339393939394,15.183842224279877,100,56,fitted,GINGHAM HEART  DOORSTOP RED,General Giftware,648
84531A,-0.8706267986096946,0.4383890915631112,1.95,3.360878205090054,22,7,fitted,PINK KNITTED EGG COSY,General Giftware,49
23169,-3.802924819766727,0.1919307614895655,4.322500000000002,42.41145383142812,31,28,fitted,CLASSIC GLASS COOKIE JAR,Bottles & Glassware,317
23336,-0.3281754890889171,0.0031281891669929,2.08,5.250580834296376,25,11,fitted,EGG FRYING PAN PINK ,General Giftware,87
10124A,-2.314681272087272,,0.42,3.875,16,2,category_fallback_insufficient_price_variation,SPOTS ON RED BOOKCOVER TAPE,General Giftware,19
84989b,-2.314681272087272,,1.28,2.5,4,1,category_fallback_insufficient_price_variation,75 BLACK FAIRY CAKE CASES,General Giftware,6
82011C,-0.3879703542810839,0.0291204738517044,3.75,2.467290220503833,43,10,fitted,BATHROOM SCALES FOOTPRINTS IN SAND,Bath & Body,73
90124A,-1.6950974262848952,,9.95,1.7058823529411764,17,3,category_fallback_insufficient_price_variation,PINK MURANO TWIST NECKLACE,Jewellery & Accessories,19
22132,-4.073152003956624,0.5517511585731207,0.91,26.430402314187027,99,55,fitted,RED LOVE HEART SHAPE CUP,Kitchen & Dining,400
22544,-5.455903932433629,0.4874045690920808,0.42,68.06485369125029,86,47,fitted,MINI JIGSAW SPACEBOY,General Giftware,360
21828,-1.715004679317215,0.0703555506765981,1.25,6.504661464700559,81,21,fitted,EIGHT PIECE SNAKE  SET,General Giftware,193
90176B,-1.6950974262848952,,7.5,1.5,2,1,category_fallback_insufficient_price_variation,DIAMANTE NECKLACE BLACK ,Jewellery & Accessories,2
21372,-0.2567323404575236,0.0503312899668523,0.85,3.137912531688479,35,12,fitted,MIRRORED WALL ART TABLE LAMP,Lighting & Candles,53
85150,-6.13902626385814,0.2694147464066446,2.6057777777777784,62.845128263223685,89,84,fitted,LADIES & GENTLEMEN METAL SIGN,Home Decor,1145
21244,-4.937136347702811,0.5423540851196194,1.6900000000000002,39.759945378977314,98,60,fitted,BLUE POLKADOT PLATE ,Kitchen & Dining,452
84949,-5.8419211560862045,0.2878438204447519,1.6499999999999997,76.21344679683058,102,71,fitted,SILVER HANGING T-LIGHT HOLDER,Lighting & Candles,731
84832,-4.33637795708423,0.3839633494154661,0.8967647058823529,48.55567522445534,104,79,fitted,ZINC WILLIE WINKIE  CANDLE STICK,Lighting & Candles,659
90031,-1.1608891385485507,0.8392462191439236,1.0,7.917045519206906,8,3,fitted,BILI NUT AND WOOD NECKLACE,Jewellery & Accessories,8
84814A,-2.2316348529077747,,1.95,1.0,1,1,category_fallback_insufficient_price_variation,HEXAGONAL CRYSTAL PERFUME BOTTLE,Bottles & Glassware,1
90090,-2.414286528467672,0.1533900692063162,0.85,9.30322045835203,13,5,fitted,PINK CRYSTAL HEART PHONE CHARM,General Giftware,25
21445,-1.3871424935110974,0.0363194953821333,1.25,10.664085036972857,61,20,fitted,12 PINK ROSE PEG PLACE SETTINGS,General Giftware,151
23321,-1.0295604041765378,0.0106389304375908,1.6638983050847458,144.44709188995455,27,25,fitted,SMALL WHITE HEART OF WICKER,General Giftware,648
22243,-9.629675210005102,0.2043719422673963,1.65,28.91764436526117,80,48,fitted,5 HOOK HANGER RED MAGIC TOADSTOOL,General Giftware,410
22497,-1.874659956364806,0.146984991204977,4.25,8.268234780230934,84,30,fitted,SET OF 2 TINS VINTAGE BATHROOM ,Bath & Body,289
84247H,-0.1648482613227557,0.011262163471582,2.95,1.8612097182041996,15,3,fitted,PACK/12 DECOUPAGE CARD,Cards & Stationery,20
47518F,-0.7372393527846239,0.2146738404593638,0.12,18.13215107175024,27,4,fitted,ICON PLACEMAT POP ART ELVIS,General Giftware,34
22666,-1.536730632228014,0.0476430208371843,3.100691511387164,120.8128774180213,74,74,fitted,RECIPE BOX PANTRY YELLOW DESIGN,Home Decor,1735
21002,-1.7146021914967602,0.0382102526369074,3.3600000000000003,6.1811041340012265,56,18,fitted,ROSE DU SUD DRAWSTRING BAG,Bags,188
22016,-2.314681272087272,,83.33,1.0,1,1,category_fallback_insufficient_price_variation,Dotcomgiftshop Gift Voucher £100.00,General Giftware,1
21854,-3.757484498607804,,5.17,1.0,1,1,category_fallback_insufficient_price_variation,EURO FOOTBALL STARS TOP TRUMPS GAME,Toys & Games,1
21537,-2.510175255960136,0.1353084550672547,4.25,9.399039671653496,83,26,fitted,RED RETROSPOT PUDDING BOWL,Kitchen & Dining,273
72800C,-2.240296605925184,0.6135327304630368,2.55,4.125574042926025,49,13,fitted,4 PINK DINNER CANDLE SILVER FLOCK,Lighting & Candles,82
79066K,-3.2080460756567426,0.4395197722363247,0.888048780487805,11.915832909157166,89,38,fitted,RETRO MOD TRAY,General Giftware,249
90141A,-2.689434762010152,0.091556258472722,5.4,1.1284938694238869,16,4,fitted,GREEN PENDANT TRIPLE SHELL NECKLACE,Jewellery & Accessories,18
82585,-2.635308881772453,0.5534710280635577,1.832,6.320612666634534,12,9,fitted,SWEET VALENCIA CANDLE+CUP,Lighting & Candles,49
71270,-1.2954825784692487,0.1306136515013795,1.25,4.727745709903967,57,9,fitted,PHOTO CLIP LINE,General Giftware,87
22246,-2.258723621226696,0.3661840767199764,2.022903225806451,12.84820099495435,73,32,fitted,"GARLAND, MAGIC GARDEN 1.8M",Garden & Outdoor,196
22221,-2.298356393736551,0.3644759434290109,9.95,4.095527905562465,80,18,fitted,CAKE STAND LOVEBIRD 2 TIER PINK,General Giftware,158
37477C,-2.45291949563188,,3.75,6.0,1,1,category_fallback_insufficient_price_variation,"FLOWER FAIRY MUG+COASTER,ROSE",Kitchen & Dining,1
84932B,-1.5297893798118565,0.6610930900208146,1.95,16.279982856126807,11,3,fitted,SMALL PINK PEONY FOLDING STOOL,General Giftware,17
22977,-2.455031124769884,0.1096598743079109,1.25,17.74813960106497,43,15,fitted,DOLLY GIRL CHILDRENS EGG CUP,Kitchen & Dining,153
21385,-3.7646980203635017,0.239620796459377,0.8718918918918919,85.83151557245309,97,76,fitted,IVORY HANGING DECORATION  HEART,Home Decor,726
23201,-5.975050261335518,0.5701048207876006,2.0075265957446806,351.6296981248715,35,35,fitted,JUMBO BAG ALPHABET,Bags,907
48197,-2.146024195744129,0.2381547910864859,8.159166666666668,13.112021859242136,34,33,fitted,DOOR MAT BIRD ON THE WIRE,General Giftware,223
21931,-1.1304593254075506,0.1139443986909368,2.0325076804915514,261.2374703403429,104,104,fitted,JUMBO STORAGE BAG SUKI,Bags,2396
22683,-3.0877412723468134,0.2508473220828242,1.282307692307692,13.087487126725208,65,27,fitted,FRENCH BLUE METAL DOOR SIGN 8,Home Decor,193
90214T,-1.6950974262848952,,0.85,2.3157894736842106,19,3,category_fallback_implausible_fit,"LETTER ""T"" BLING KEY RING",Jewellery & Accessories,22
84559b,-3.114237677208787,,1.66,1.8333333333333333,18,3,category_fallback_insufficient_price_variation,3D SHEET OF CAT STICKERS,Cards & Stationery,26
84030e,-1.2964304731223042,0.0322197029165836,8.47,3.08231232680993,27,7,fitted,ENGLISH ROSE HOT WATER BOTTLE,Bottles & Glassware,50
23454,-2.375411544782531,,4.15,19.375,8,5,category_fallback_implausible_fit,THREE MINI HANGING FRAMES,Home Decor,58
47481,-1.120213601948862,0.175698711786305,0.85,3.856361046296093,36,5,fitted,50CM METAL STRING WITH  7 CLIPS,Jewellery & Accessories,45
90060D,-2.2316348529077747,,5.95,1.8571428571428568,7,1,category_fallback_insufficient_price_variation,FIRE POLISHED GLASS NECKL BRONZE,Bottles & Glassware,9
84968E,-2.077806112173461,0.1390555514890703,12.75,3.0847798366524235,54,15,fitted,SET OF 16 VINTAGE BLACK CUTLERY,Kitchen & Dining,97
21665,-3.39528150352172,0.7450413801920213,0.7942857142857144,29.95105701855758,21,18,fitted,TRIANGULAR RIDGED GLASS POSY HOLDER,Bottles & Glassware,78
21631,-2.414373397974201,0.662628172725015,12.75,2.1314823965861467,33,7,fitted,HIPPY CHIC DECORATIVE PARASOL,General Giftware,54
22556,-9.416253797312155,0.3477082245813451,1.65,117.23337421086254,89,70,fitted,PLASTERS IN TIN CIRCUS PARADE ,Storage & Boxes,1258
23417,-1.8480387837158745,0.7195061527670338,1.65,7.5322561709125075,10,8,fitted,BATHROOM HOOK,Bath & Body,28
21214,-3.565078297652874,0.2564679959547574,1.518,33.983788117767574,35,27,fitted,SET OF 72 IVORY PAPER DOILIES,General Giftware,203
21533,-2.0591842220232186,0.0590594373923925,4.95,27.168411858514293,104,74,fitted,RETRO SPOT LARGE MILK JUG,General Giftware,1008
82583,-2.310451728237643,0.4277813767384593,2.22,102.9312160763708,99,89,fitted,HOT BATHS METAL SIGN,Home Decor,1236
90064B,-1.6950974262848952,,3.75,1.75,12,1,category_fallback_insufficient_price_variation,BLACK VINTAGE  CRYSTAL EARRINGS,Jewellery & Accessories,12
20791,-2.314681272087272,,12.75,5.0,1,1,category_fallback_insufficient_price_variation,BLUE TILED SET OF 3 DRAWERS,General Giftware,1
47347B,-2.378706771403477,0.2616681284530958,1.25,6.399880182913878,8,3,fitted,BLUE FLOWER T-LIGHT HOLDER,Lighting & Candles,10
90139,-1.6950974262848952,,5.18625,3.8333333333333335,6,4,category_fallback_insufficient_price_variation,FLOWER BROOCH 4 ASSORTED COLOURS,Jewellery & Accessories,18
35004S,-2.064353378789624,0.5037340939826008,4.622619047619048,17.779060986472256,4,4,fitted,SET OF 3 SILVER FLYING DUCKS,General Giftware,24
84770,-2.3352930828120977,0.7624003550268091,2.9500000000000006,24.18534194783668,6,3,fitted,ROUND GEORGIAN SILVER MIRROR,Home Decor,16
79534,-2.45291949563188,,0.55,8.285714285714286,14,1,category_fallback_insufficient_price_variation,MULTICOLOUR GLASS PLATE,Kitchen & Dining,18
84992,-5.385979807181305,0.5625455911671994,0.5410331937799043,183.9716005624624,104,100,fitted,72 SWEETHEART FAIRY CAKE CASES,General Giftware,1536
22420,-3.0406993212372764,0.3744188698208882,0.453076923076923,21.676601790243257,69,40,fitted,LIPSTICK PEN BABY PINK,Cards & Stationery,244
20942,-2.278947917977102,,1.25,2.0,3,1,category_fallback_insufficient_price_variation,SET/6 GINGERBREAD TREE T-LIGHTS,Lighting & Candles,4
21058,-3.2686537898554704,0.2479625454111236,0.85,18.963812826941822,94,37,fitted,PARTY INVITES WOODLAND,General Giftware,288
21339,-2.278947917977102,,19.95,3.0,10,4,category_fallback_implausible_fit,MARAKESH LANTERN LARGE,Lighting & Candles,13
21003,-2.375411544782531,,5.79,3.2058823529411766,34,6,category_fallback_insufficient_price_variation,ROSE DU SUD CUSHION COVER,Home Decor,64
35923,-1.454223167369991,0.4806880241849026,1.25,6.414451379066049,57,21,fitted,CANDY HEART HANGING DECORATION,Home Decor,114
82613C,-2.141260791575395,0.4856421611012962,1.67,3.793126894606739,80,32,fitted,"METAL SIGN,CUPCAKE SINGLE HOOK",Home Decor,193
84823,-0.8257299747183174,0.2012231003547148,7.950000000000002,6.378708908582108,9,3,fitted,DANISH ROSE FOLDING CHAIR,General Giftware,29
84997B,-9.33559952952785,0.4722732586104182,3.8267,68.68541263631352,104,70,fitted,RED 3 PIECE MINI DOTS CUTLERY SET,Kitchen & Dining,1056
21286,-1.9813105557693984,0.5555685076290137,2.55,8.100114877877688,49,19,fitted,RETROSPOT CANDLE  LARGE,Lighting & Candles,103
48129,-4.43070641040398,0.3443033317744312,7.49,14.578739199334182,101,73,fitted,DOORMAT TOPIARY,General Giftware,553
82545A,-2.314681272087272,,1.25,3.4444444444444446,9,1,category_fallback_insufficient_price_variation,COGNAC AUX OEUFS METAL 1 HOOK,General Giftware,11
90125C,-3.1512196738604947,0.574114255724425,1.66,2.8898102230543024,9,4,fitted,TURQUOISE BERTIE GLASS BEAD CHARM,Bottles & Glassware,10
37506,-2.582768898406496,,5.95,1.4782608695652173,23,1,category_fallback_insufficient_price_variation,NEW ENGLAND MILK JUG W GIFT BOX,Storage & Boxes,27
90027D,-3.781446949189589,0.2178366904001399,3.2625,1.5314460966043633,12,5,fitted,GLASS BEAD HOOP EARRINGS AMETHYST,Jewellery & Accessories,16
90165A,-1.6950974262848952,,2.54,1.9090909090909087,22,5,category_fallback_insufficient_price_variation,PINK ROSEBUD PEARL EARRINGS,Jewellery & Accessories,27
72801c,-2.278947917977102,,2.46,2.6956521739130435,23,3,category_fallback_insufficient_price_variation,4 ROSE PINK DINNER CANDLES,Lighting & Candles,36
90200D,-1.6950974262848952,,4.24,4.422535211267606,71,22,category_fallback_insufficient_price_variation,PINK SWEETHEART BRACELET,Jewellery & Accessories,156
82093,-2.235801446781805,0.5718777232763221,2.60125,13.033054912979942,6,6,fitted,HEART SHAPE BUTTON FRAME ,Home Decor,28
84968b,-2.45291949563188,,25.49,1.0,2,1,category_fallback_insufficient_price_variation,S/16 VINTAGE IVORY CUTLERY,Kitchen & Dining,2
22460,-1.752959618404398,0.105999032387855,1.2668,43.86753323841712,89,53,fitted,EMBOSSED GLASS TEALIGHT HOLDER,Lighting & Candles,386
23506,-6.935954690562814,0.1182686018004837,0.4215938995215311,161.32880939425442,12,10,fitted,MINI PLAYING CARDS SPACEBOY ,General Giftware,154
20814,-2.375411544782531,,1.1634177215189874,31.5,6,3,category_fallback_implausible_fit,SILVER FINCH DECORATION,Home Decor,13
16161G,-2.314681272087272,,0.1,34.82142857142857,28,1,category_fallback_insufficient_price_variation,WRAP BAD HAIR DAY,General Giftware,33
90190B,-1.6950974262848952,,2.95,3.0,15,4,category_fallback_insufficient_price_variation,GOLD/AMBER DROP EARRINGS W LEAF,Jewellery & Accessories,15
22940,-5.226006163078506,0.1732714051426376,4.25,31.333728676463792,48,31,fitted,FELTCRAFT CHRISTMAS FAIRY,Christmas & Seasonal,646
22713,-4.880647594657509,0.5975295673145016,0.4323259623259623,53.36904388715804,80,52,fitted,CARD I LOVE LONDON ,Cards & Stationery,383
62094B,-1.86330162574578,0.5620239873918662,4.759,1.9561345105235384,38,11,fitted,TURQ ICE CREAM BUM BAG ,Bags,68
85180B,-2.020265561632411,0.573621205772195,4.65,3.623203311704556,37,12,fitted,PINK HEARTS LIGHT CHAIN ,Lighting & Candles,70
71495A,-2.7050400605814886,0.4095523923518384,0.504,4.254196171662187,17,5,fitted,CD WALL TIDY BLUE OFFICE,General Giftware,20
22385,-4.517098522237919,0.4377893555208955,1.968172043010753,138.44257251684255,97,90,fitted,JUMBO BAG SPACEBOY DESIGN,Bags,1279
22756,-2.3319160817543523,0.1694151020347754,1.25,11.522462880493936,59,27,fitted,LARGE YELLOW BABUSHKA NOTEBOOK ,Cards & Stationery,225
37348,-2.45291949563188,,2.55,2.333333333333333,6,2,category_fallback_insufficient_price_variation,SET OF 4 PASTEL STACKING MUGS,Kitchen & Dining,7
90115,-1.7977512758552725,0.2342404184237176,2.51,3.5030958797766543,28,9,fitted,SUMMER BUTTERFLIES BAG CHARM,Bags,63
35914,-1.072470212706177,0.2755449372130941,2.1,3.983346896400257,25,10,fitted,PINK CHICK EGG WARMER + EGG CUP,Kitchen & Dining,59
20975,-3.750874839884073,0.0963897279668368,0.6595454545454548,129.50233746942692,89,60,fitted,12 PENCILS SMALL TUBE RED RETROSPOT,General Giftware,970
21763,-9.62334612895015,0.8168049565141974,29.95,1.305636609075134,14,3,fitted,VINTAGE WOODEN BAR STOOL,General Giftware,16
21085,-2.7885169399201,0.1698451423835691,0.65,17.369445750240384,23,7,fitted,SET/6 WOODLAND PAPER CUPS,General Giftware,67
85028L,-1.251086406319012,0.4920356448778034,7.95,1.7098764625373497,20,4,fitted,FRENCH CHATEAU LARGE FRUIT BOWL ,Kitchen & Dining,26
23505,-2.314681272087272,,1.25,89.58333333333333,12,8,category_fallback_implausible_fit,PLAYING CARDS I LOVE LONDON ,General Giftware,120
84993b,-2.314681272087272,,0.85,3.1666666666666665,6,2,category_fallback_insufficient_price_variation,75 BLACK PETIT FOUR CASES,General Giftware,12
22113,-3.383220184930269,0.0800087094284182,3.75,42.2832838971344,65,44,fitted,GREY HEART HOT WATER BOTTLE,Bottles & Glassware,1077
21977,-5.117423601895671,0.5227870506061703,0.5247645771023829,418.4689979474017,104,102,fitted,PACK OF 60 PINK PAISLEY CAKE CASES,General Giftware,2071
72369A,-1.9546004602903908,0.473747402100755,1.25,6.149437849199219,13,3,fitted,PINK CLEAR GLASS CANDLE PLATE,Lighting & Candles,15
71495B,-3.6696564564206255,0.6162095551450752,0.42,10.525597306824672,17,5,fitted,CD WALL TIDY RED FLOWERS,General Giftware,19
90210C,-3.2302082342745257,0.679007040122384,2.95,2.1692405513505117,10,6,fitted,RED   ACRYLIC FACETED BANGLE,General Giftware,15
23319,-8.54497199891215,0.1562521772857067,2.49,68.09236306190714,23,19,fitted,BOX OF 6 MINI 50'S CRACKERS,Storage & Boxes,417
22105,-2.316224568315876,0.4738072586555681,4.214,3.8817489171775863,40,9,fitted,MIRROR MOSAIC GOBLET CANDLE HOLDER,Lighting & Candles,57
21650,-1.6574216281185483,0.510722492166868,0.65,13.562095113695388,70,37,fitted,ASSORTED TUTTI FRUTTI BRACELET,Jewellery & Accessories,216
21203,-3.733387538308123,0.4597858153410886,1.7183999999999997,32.12652281508632,35,29,fitted,BUTTERFLIES  HONEYCOMB GARLAND,General Giftware,148
20882,-2.55654479163404,,2.95,1.5,2,1,category_fallback_insufficient_price_variation,MODERN CHRISTMAS TREE CANDLE,Christmas & Seasonal,2
84984C,-1.9429155550537616,0.8168384789625287,4.65,3.8919501826429936,12,3,fitted,ORIENTAL BLUE CUSHION COVER ,Home Decor,15
22949,-2.911091228373906,0.1385288212186924,1.45,15.429535708710622,57,24,fitted,36 DOILIES DOLLY GIRL,General Giftware,181
90012A,-1.0101491164753458,0.7730948847774904,9.98,1.01117255651217,6,4,fitted,MIDNIGHT BLUE DROP CRYSTAL NECKLACE,Jewellery & Accessories,6
22581,-3.7914573751644345,0.3171397744995101,0.85,46.18900962182833,44,32,fitted,WOOD STOCKING CHRISTMAS SCANDISPOT,Christmas & Seasonal,414
79140,-2.278947917977102,,0.42,7.5,2,1,category_fallback_insufficient_price_variation,ASS WINDPROOF MARIJUANA LIGHTERS,Lighting & Candles,2
21130,-2.960025604723162,0.2959240395724455,3.4500000000000006,8.81554736351553,22,9,fitted,COLOURFUL STANDING GNOME,General Giftware,49
37494A,-3.749631336988735,0.7223779138491214,3.5542727272727275,15.447637103424862,12,10,fitted,FAIRY CAKE CERAMIC BUTTER DISH,General Giftware,52
84805B,-2.2582326290192367,0.5755564278857925,3.3500000000000005,4.9319669587359325,8,4,fitted,BLUE CLIMBING HYDRANGA ART FLOWER,General Giftware,9
20832,-1.9279395688924388,0.4172396958687783,0.85,10.604047878792926,63,25,fitted,RED FLOCK LOVE HEART PHOTO FRAME,Home Decor,164
21270,-1.3965256211768606,0.1221596559692457,12.75,1.8850071336023275,26,5,fitted,ANTIQUE CREAM CUTLERY CUPBOARD,Kitchen & Dining,52
22179,-2.8346953309134424,0.3589767115092082,7.274615384615384,16.2970196574643,100,63,fitted,SET 10 LIGHTS NIGHT OWL,Lighting & Candles,582
23113,-3.4725215697478813,0.1814308167869897,5.080912863070539,20.941675835942284,13,11,fitted,PANTRY CHOPPING BOARD,General Giftware,57
21208,-1.011219738635058,0.4937803704985045,1.6499999999999997,5.472130970365242,69,19,fitted,PASTEL COLOUR HONEYCOMB FAN,General Giftware,122
71028B,-2.2443543263641024,0.9302035096061826,0.4420284552845528,98.77793781609516,6,6,fitted,SILVER BLUE EGG T-LIGHT HOLDER,Lighting & Candles,13
35962,-3.201692679452611,0.4514376953844904,2.246825487944891,21.06488419948455,24,14,fitted,12 ASS ZINC CHRISTMAS DECORATIONS,Christmas & Seasonal,97
22791,-1.9925785346942868,0.0512227680260075,1.2296928327645051,130.01138473697927,53,44,fitted,T-LIGHT GLASS FLUTED ANTIQUE,Lighting & Candles,468
22728,-5.853183351550666,0.2950157040427312,3.9678102189781015,73.98428921753091,63,62,fitted,ALARM CLOCK BAKELIKE PINK,Home Decor,1020
85053,-2.3238982949702427,0.1523636366683294,2.165552083333333,18.07764650131466,72,50,fitted,FRENCH ENAMEL CANDLEHOLDER,Lighting & Candles,397
84340,-1.989355005080289,0.8076577339735134,3.4866666666666672,4.35095778897598,4,4,fitted,LARGE FIBRE OPTIC CHRISTMAS TREE,Christmas & Seasonal,11
22056,-3.3077085496739187,0.7005926026346923,1.49,15.027794986778176,17,9,fitted,CERAMIC PLATE LOVE HEART DESIGN,Kitchen & Dining,34
22101,-1.98572042129104,0.182752878596495,2.401428571428572,9.307044065126812,63,25,fitted,MIRROR MOSAIC VOTIVE HOLDER,Home Decor,119
90214Z,-0.0978293113362873,0.0022665230519434,0.85,1.247322926128877,15,3,fitted,"LETTER ""Z"" BLING KEY RING",Jewellery & Accessories,18
22223,-1.5579404429862893,0.2495860496933446,4.95,5.349178571615733,77,26,fitted,CAKE PLATE LOVEBIRD PINK,Kitchen & Dining,178
21866,-0.3626609271544049,0.0130564588021044,1.4516666666666669,15.409436391631608,99,75,fitted,UNION JACK FLAG LUGGAGE TAG,General Giftware,484
23352,-2.3703417488716974,0.1677787639269167,1.2920799467021986,79.48211341288497,18,14,fitted,ROLL WRAP 50'S RED CHRISTMAS ,Christmas & Seasonal,212
23527,-2.314681272087272,,3.75,34.9,10,5,category_fallback_implausible_fit,WALL ART ANIMALS AND NATURE ,General Giftware,48
84859C,-1.2340677399122677,0.2637014507911223,1.95,6.1655453500094985,26,7,fitted,PINK DISCO HANDBAG,Bags,40
22166,-0.9340176943445366,0.1464250006750901,12.04,2.267291272743927,80,26,fitted,WALL MIRROR RECTANGLE DIAMANTE PINK,Home Decor,165
84952B,-2.10021217324756,0.7482507714220168,3.75,3.302873205032133,25,11,fitted,BLACK LOVE BIRD T-LIGHT HOLDER,Lighting & Candles,47
17014D,-2.6739441525113445,0.9213833107043342,1.65,3.922196611789442,6,5,fitted,ORIGAMI ROSE INCENSE CONES,General Giftware,8
46775E,-1.8605953868920195,0.2627464303011065,15.220416666666669,3.4888789439192123,14,9,fitted,CANDY POP CHUNKY KNITTED THROW ,General Giftware,51
22112,-3.0707858949398057,0.1491246843684558,5.152847222222222,53.47113625391463,104,87,fitted,CHOCOLATE HOT WATER BOTTLE,Bottles & Glassware,1828
23397,-2.140539052014645,0.2716790770110112,10.517833333333336,27.520322996927856,15,15,fitted,FOOT STOOL HOME SWEET HOME ,General Giftware,217
21709,-1.860671419503341,0.2427323857231842,4.95,3.539750782452619,68,18,fitted,FOLDING UMBRELLA CHOCOLATE POLKADOT,General Giftware,118
22777,-2.7852104072480475,0.3038213355359115,8.5,15.074670497795204,23,18,fitted,GLASS CLOCHE LARGE,Bottles & Glassware,110
84689,-1.9900711509974167,0.6634011902983157,5.95,2.536946719758085,23,7,fitted,S/2 BEACH HUT TREASURE CHESTS,General Giftware,40
84976,-1.9372831122013303,0.616158581014922,1.6900000000000002,5.909850755573437,37,10,fitted,RECTANGULAR SHAPED MIRROR,Home Decor,56
22326,-4.264562525324124,0.2136290949400981,2.938405797101449,129.6517774542015,95,88,fitted,ROUND SNACK BOXES SET OF4 WOODLAND ,General Giftware,1446
16202B,-1.2415348775044377,0.7880419899125304,4.199999999999999,3.928161596043497,20,8,fitted,PASTEL BLUE PHOTO ALBUM ,General Giftware,22
90214E,-0.6956960617349625,0.0731414038231622,1.1833333333333331,2.131318025690042,42,11,fitted,"LETTER ""E"" BLING KEY RING",Jewellery & Accessories,71
20913,-0.621370291129542,0.0814423842843968,3.30104621309371,15.71789439844776,6,5,fitted,SET/5 BLUE SPOTTY LID GLASS BOWLS,Kitchen & Dining,42
23061,-4.491435610407984,0.621147335705664,1.278139534883721,31.93843488562696,33,16,fitted,VINTAGE EMBOSSED HEART,General Giftware,119
22746,-4.700620739954627,0.1967888779160994,2.1780769230769232,26.869567872073485,63,46,fitted,POPPY'S PLAYHOUSE LIVINGROOM ,General Giftware,596
71101A,-2.314681272087272,,0.85,6.0,1,1,category_fallback_insufficient_price_variation,ANGEL ON KNEES METAL POLE 100CM H,General Giftware,1
23251,-2.215887762878881,0.0511762330528171,1.25,48.18317588819576,26,11,fitted,VINTAGE RED ENAMEL TRIM MUG ,Kitchen & Dining,121
23359,-1.8954019838302405,0.0190565259362505,1.95,38.93674952791177,19,10,fitted,SET OF 12 T-LIGHTS VINTAGE DOILY,Lighting & Candles,80
90125D,-1.7761139387507607,0.6879016275257965,3.237222222222222,1.8688065106028564,22,9,fitted,PURPLE BERTIE GLASS BEAD BAG CHARM,Bags,36
21039,-1.290864760273986,0.046177331005404,2.55,9.744772379290524,91,18,fitted,RED RETROSPOT SHOPPING BAG,Bags,231
22848,-2.247686968330836,0.191175042218826,16.95,4.702178519661081,53,26,fitted,BREAD BIN DINER STYLE PINK,General Giftware,154
84661c,-2.375411544782531,,5.06,1.0,2,1,category_fallback_insufficient_price_variation,PINK SQUARE TABLE CLOCK,Home Decor,2
90186B,-1.6950974262848952,,2.95,2.4166666666666665,24,9,category_fallback_insufficient_price_variation,CRYSTAL HOOP EARRING FLORAL LEAF,Jewellery & Accessories,32
23330,-5.097696932197311,0.2263560581667506,1.265724894514768,94.7975544324853,18,14,fitted,DECORATIVE WICKER HEART MEDIUM,General Giftware,230
21086,-2.7219448213526727,0.2074159017978503,0.6670198899832145,129.17208705816412,98,81,fitted,SET/6 RED SPOTTY PAPER CUPS,General Giftware,869
23222,-2.55654479163404,,0.862,38.52941176470589,17,13,category_fallback_implausible_fit,CHRISTMAS TREE HANGING GOLD,Christmas & Seasonal,76
22061,-2.65228693698404,0.2636532185914564,9.95,11.301464228267292,99,49,fitted,LARGE CAKE STAND  HANGING STRAWBERY,General Giftware,525
23431,-2.346706530826748,0.10677616084143,0.83,62.88518649969701,15,10,fitted,NATURAL HANGING QUILTED HEARTS ,General Giftware,77
85142,-1.1270116990003982,0.1853320279407296,7.95,2.500792511050724,22,5,fitted,JARDIN ETCHED GLASS GINGER JAR,Bottles & Glassware,37
84559a,-3.114237677208787,,1.69,2.36,25,3,category_fallback_insufficient_price_variation,3D SHEET OF DOG STICKERS,Cards & Stationery,42
84535A,-1.1701671446591189,0.0594794648794994,0.6500000000000001,11.03571458839352,19,8,fitted,ENGLISH ROSE NOTEBOOK A6 SIZE,Cards & Stationery,64
22107,-2.6013284592260977,0.3228574058642951,3.896647300068353,10.040011724995034,88,49,fitted,PIZZA PLATE IN BOX,Kitchen & Dining,395
90081B,-1.6950974262848952,,4.95,2.333333333333333,3,1,category_fallback_insufficient_price_variation,LILY BROOCH WHITE/SILVER COLOUR,Jewellery & Accessories,3
22347,-5.256687550478623,0.4360527973268181,1.25,42.6294549877749,31,20,fitted,PIZZA SLICE DISH,General Giftware,116
21281,-2.434536861805772,0.7386757839648981,2.55,5.751640784389203,40,14,fitted,VINTAGE KITCHEN PRINT SEAFOOD,Kitchen & Dining,70
84497,-1.2222863152072545,0.0984035435992651,3.75,3.185242833651148,26,3,fitted,BUTTONS AND STRIPES NOTEBOOK ,Cards & Stationery,40
85135A,-2.314681272087272,,7.95,2.794117647058824,34,6,category_fallback_insufficient_price_variation,YELLOW DRAGONFLY HELICOPTER,General Giftware,64
21577,-2.3921125791940985,0.1946292261368987,2.25,18.55807537328935,99,48,fitted,SAVE THE PLANET COTTON TOTE BAG,Bags,480
23159,-5.506272849058275,0.2836141757735756,2.08,48.42905262950008,37,23,fitted,SET OF 5 PANCAKE DAY MAGNETS,General Giftware,230
23215,-6.568674391468612,0.3591969712336221,2.08,67.30243315314065,24,18,fitted,JINGLE BELL HEART ANTIQUE SILVER,General Giftware,216
84942,-2.314681272087272,,1.69,1.5,2,1,category_fallback_insufficient_price_variation,KASHMIR FOLKART HEART DISHES,General Giftware,3
21308,-2.375411544782531,,11.083333333333334,2.0,3,3,category_fallback_implausible_fit,LOUVRE VANITY MIRROR,Home Decor,5
35837,-2.314681272087272,,0.85,2.0,1,1,category_fallback_insufficient_price_variation,SET OF SIX SILVER+RED FLOCK BAUBLES,General Giftware,1
47504H,-1.7580014047414725,0.6121716903877381,1.7166666666666668,7.024802925986556,53,27,fitted,ENGLISH ROSE SPIRIT LEVEL ,General Giftware,142
84683,-2.9794282816362214,0.7280692158894443,1.25,9.290964914019629,32,13,fitted,CLASSICAL ROSE CANDLESTAND,Lighting & Candles,51
72802c,-2.278947917977102,,8.29,1.0,1,1,category_fallback_insufficient_price_variation,VANILLA SCENT CANDLE JEWELLED BOX,Lighting & Candles,1
20785,-6.1144000361043735,0.2517327816890501,35.96666666666667,2.8596036017304693,26,7,fitted,FUSCHIA RETRO BAR STOOL,General Giftware,36
22135,-2.036433426169512,0.2703238033266208,0.58575,8.387478759555663,96,46,fitted,MINI LADLE LOVE HEART PINK,General Giftware,328
90078,-2.2316348529077747,,7.5,2.0,4,1,category_fallback_insufficient_price_variation,PINK/WHITE GLASS DEMI CHOKER,Bottles & Glassware,4
21705,-2.509093689086514,0.2451606121902222,1.65,18.32834668806242,57,25,fitted,BAG 500g SWIRLY MARBLES,Bags,235
22592,-2.273113560247475,0.137221107441795,3.75,29.54139346008598,42,21,fitted,CARDHOLDER HOLLY WREATH METAL,General Giftware,317
35004s,-2.314681272087272,,13.0,1.0,1,1,category_fallback_insufficient_price_variation,SET OF 3 SILVER FLYING DUCKS,General Giftware,1
20758,-2.314681272087272,,0.85,12.307692307692308,52,6,category_fallback_implausible_fit,ABSTRACT CIRCLES POCKET BOOK,General Giftware,98
17091J,-1.5710616669135775,0.3763747573097413,0.4766666666666667,34.64838910080777,81,27,fitted,VANILLA INCENSE IN TIN,Storage & Boxes,189
84030C,-2.2316348529077747,,3.75,5.0,4,1,category_fallback_insufficient_price_variation,KNITTED RAINBOW HOT WATER BOTTLE,Bottles & Glassware,5
23124,-2.775208165706434,0.3525470868411161,1.518888888888889,16.914257349146524,15,9,fitted,18PC WOODEN CUTLERY SET DISPOSABLE,Kitchen & Dining,42
47341A,-1.5756110092869469,0.7554186947887013,2.5,2.3866825526095075,6,2,fitted,FUSCHIA TABLE RUN FLOWER ,General Giftware,7
72351A,-4.021454777455567,0.2179171764558994,2.1,20.275950032202367,101,49,fitted,SET/6 TURQUOISE BUTTERFLY T-LIGHTS,Lighting & Candles,411
47567b,-2.45291949563188,,13.0,2.0,1,1,category_fallback_insufficient_price_variation,TEA TIME KITCHEN APRON,Kitchen & Dining,2
84665,-2.314681272087272,,5.95,6.9393939393939394,33,2,category_fallback_insufficient_price_variation,SQUARE CHERRY BLOSSOM CABINET,General Giftware,47
22332,-5.306513063230848,0.2513277494643823,1.65,22.343700367285575,99,43,fitted,SKULLS PARTY BAG + STICKER SET,Bags,389
85019C,-2.06111950655898,0.5811019146356844,4.25,2.0661660965055297,21,5,fitted,CURIOUS  IMAGES NOTEBOOK SET,Cards & Stationery,26
23092,-3.0724132117443785,0.0969786346606876,7.9,9.655914337697704,29,11,fitted,LARGE ANTIQUE WHITE PHOTO FRAME,Home Decor,134
72772,-3.0999825201568467,0.8538189142419006,1.2758620689655171,117.2386169843599,4,3,fitted,SET/4 SCENTED CANDLES IN RAMEKINS,Lighting & Candles,8
84989B,-3.228221536352399,0.2381186117270065,0.55,19.81272740354035,26,15,fitted,75 BLACK FAIRY CAKE CASES,General Giftware,58
84816,-7.586400848884127,0.4369706107459297,39.95,1.4505099141396074,18,2,fitted,DANISH ROSE BEDSIDE CABINET,General Giftware,20
21561,-4.5549977672201685,0.4898994247722031,2.55,23.21439856101266,101,55,fitted,DINOSAUR LUNCH BOX WITH CUTLERY,Kitchen & Dining,528
21791,-6.022131326587759,0.5270734788214688,1.2761366972477064,111.36548096389988,104,91,fitted,VINTAGE HEADS AND TAILS CARD GAME ,Cards & Stationery,1378
35822B,-2.314681272087272,,0.38,229.0,1,1,category_fallback_insufficient_price_variation,"ACRYLIC BEAD CHAIN, BLUE",General Giftware,1
22325,-2.035858356353021,0.2048946376544792,4.95,5.044713591346952,81,19,fitted,MOBILE VINTAGE HEARTS ,General Giftware,230
90025D,-1.6950974262848952,,3.73,1.0,5,2,category_fallback_insufficient_price_variation,BAROQUE BUTTERFLY EARRINGS PINK,Jewellery & Accessories,5
22311,-2.088794348485882,0.2155081500574297,3.767972350230415,9.026630285911803,82,45,fitted,OFFICE MUG WARMER BLACK+SILVER ,Kitchen & Dining,325
21780,-2.314681272087272,,8.06904761904762,48.75,4,4,category_fallback_implausible_fit,MA CAMPAGNE 4 DRAWER WALL SHELF,General Giftware,31
17108D,-2.314681272087272,,0.42,29.58333333333333,12,2,category_fallback_insufficient_price_variation,FLOWER FAIRY SUMMER BOUQUET SACHET,General Giftware,23
84570B,-1.6950974262848952,,4.95,2.0,2,1,category_fallback_insufficient_price_variation,WHITE SATIN DRESS JEWEL STAND,Jewellery & Accessories,2
23056,-2.631846338097077,0.5322352305845326,6.25,4.850812348497025,23,7,fitted,FLOWERS CHANDELIER T-LIGHT HOLDER,Lighting & Candles,43
23079,-2.278947917977102,,8.95,7.433333333333334,30,3,category_fallback_insufficient_price_variation,TOADSTOOL BEDSIDE LIGHT ,Lighting & Candles,107
21777,-3.8116172426048953,0.3423778283601023,8.242507836990596,19.384641753568506,50,39,fitted,RECIPE BOX WITH METAL HEART,Storage & Boxes,379
22064,-3.627854964494538,0.3655299969304344,1.7155999999999998,39.61842581227923,103,87,fitted,PINK DOUGHNUT TRINKET POT ,General Giftware,733
72349b,-2.278947917977102,,4.13,4.541666666666667,48,4,category_fallback_insufficient_price_variation,SET/6 PURPLE BUTTERFLY T-LIGHTS,Lighting & Candles,121
20773,-3.114237677208787,,1.65,5.56140350877193,57,9,category_fallback_implausible_fit,BLUE PAISLEY NOTEBOOK,Cards & Stationery,126
22272,-2.44269705165746,0.0382340505504429,2.9500000000000006,10.823633802060463,69,26,fitted,FELTCRAFT DOLL MARIA,Toys & Games,314
22523,-2.7620775965668423,0.1041627919435902,0.85,15.879970039488422,76,22,fitted,CHILDS GARDEN FORK PINK,Garden & Outdoor,361
72807a,-2.278947917977102,,8.29,2.0,4,1,category_fallback_insufficient_price_variation,SET/3 ROSE CANDLE IN JEWELLED BOX,Lighting & Candles,5
20886,-2.26441634845564,0.1469118107429229,1.95,14.406695243877774,91,36,fitted,BOX OF 9 PEBBLE CANDLES,Lighting & Candles,326
84997a,-2.45291949563188,,8.29,3.955555555555556,45,3,category_fallback_implausible_fit,CHILDRENS CUTLERY POLKADOT GREEN ,Kitchen & Dining,81
20676,-3.705841080752857,0.380033932637204,1.2867024886877827,83.69201065504402,104,94,fitted,RED RETROSPOT BOWL,Kitchen & Dining,992
71459,-3.8529636638676026,0.1379080144141741,0.8128712871287128,241.2713173433465,103,85,fitted,HANGING JAM JAR T-LIGHT HOLDER,Lighting & Candles,1031
72802A,-3.4183062271188103,0.2815977454017462,4.25,7.591904168888928,78,19,fitted,ROSE SCENT CANDLE IN JEWELLED BOX,Lighting & Candles,193
21329,-1.8309990740667512,0.2052471625336343,1.8058225108225103,14.634661057160368,100,64,fitted,DINOSAURS  WRITING SET ,General Giftware,583
90161B,-1.6950974262848952,,4.98,2.980392156862745,51,16,category_fallback_insufficient_price_variation,ANT COPPER TURQ BOUDICCA BRACELET,Jewellery & Accessories,80
90187B,-1.6950974262848952,,3.37,1.5714285714285714,14,4,category_fallback_insufficient_price_variation,GREEN DROP EARRINGS W BEAD CLUSTER,Jewellery & Accessories,16
84857B,-2.4405677367344385,,1.95,24.0,1,1,category_fallback_insufficient_price_variation,BLUE MONTE CARLO HANDBAG,Bags,1
21288,-3.1729400711847844,0.3041414909475909,2.9641666666666677,6.8311564671253695,85,39,fitted,STRIPEY CHOCOLATE NESTING BOXES,General Giftware,229
23272,-2.0172447862902034,0.5526773688583979,1.6499999999999997,16.568125954286316,18,8,fitted,TREE T-LIGHT HOLDER WILLIE WINKIE,Lighting & Candles,44
22202,-2.087891879185544,0.1832169783069993,4.328857142857142,10.33725252483039,64,39,fitted,MILK PAN PINK RETROSPOT,General Giftware,273
20680,-2.314681272087272,,3.25,2.0,3,1,category_fallback_insufficient_price_variation,PINK FLOWERS CHILDS UMBRELLA,General Giftware,5
72351a,-2.278947917977102,,4.21,1.6,25,2,category_fallback_insufficient_price_variation,SET/6 TURQUOISE BUTTERFLY T-LIGHTS,Lighting & Candles,30
21055,-0.8513212407442221,0.0441233000948437,8.95,3.609791445900549,86,26,fitted,TOOL BOX SOFT TOY ,Toys & Games,234
72753A,-4.036077605488321,0.1000837625802424,2.116045197740113,31.445940803504488,6,4,fitted,S/3 FLWR FAIRY LILLY CANDLES,Lighting & Candles,13
90131,-1.6950974262848952,,6.95,2.25,4,1,category_fallback_insufficient_price_variation,PINK/AMETHYST/GOLD NECKLACE,Jewellery & Accessories,4
35920,-0.6139896613670472,0.058442325688741,1.25,6.30036435100691,15,3,fitted,FOUR RABBIT EASTER DECORATIONS,Christmas & Seasonal,23
90151,-1.6950974262848952,,8.5,2.7142857142857144,7,1,category_fallback_insufficient_price_variation,SILVER/NATURAL SHELL NECKLACE,Jewellery & Accessories,9
35910A,-2.55654479163404,,1.95,4.076923076923077,13,1,category_fallback_insufficient_price_variation,MULTICOLOUR EASTER RABBIT ,Christmas & Seasonal,13
16256B,-4.132729198932855,0.7593833549384833,0.4356,27.03779615942997,22,9,fitted,FLOWER PENCIL/RUBBER+5 MINI PENCILS,General Giftware,36
35819B,-1.5498951685518068,0.6673487940690268,0.38,22.80330047355523,21,6,fitted,"ACRYLIC HANGING JEWEL,BLUE",Jewellery & Accessories,36
18096c,-2.278947917977102,,5.17,3.0,2,1,category_fallback_insufficient_price_variation,WHITE ROUND PORCELAIN TLIGHT HOLDER,Lighting & Candles,5
35916A,-1.3599558680290689,0.3137383624532631,0.85,3.3580748847219355,29,6,fitted,YELLOW FELT HANGING HEART W FLOWER,General Giftware,45
22749,-4.88993588293721,0.1046982420444483,3.75,41.04169331850019,64,42,fitted,FELTCRAFT PRINCESS CHARLOTTE DOLL,Toys & Games,740
85093,-1.3545503934099794,0.226640741744011,0.83,11.21525782579209,61,24,fitted,CANDY SPOT EGG WARMER HARE,General Giftware,153
37413,-0.4741792924348721,0.0120222502867394,0.39,10.42347831124142,35,4,fitted,ICON MUG REVOLUTIONARY,Kitchen & Dining,83
72122,-1.1065245885512671,0.0382208327212275,0.95,6.594213160225203,64,19,fitted,COFFEE SCENT PILLAR CANDLE,Lighting & Candles,126
85132B,-1.7417660222102094,0.6698360343098952,5.040909090909091,7.292990745029925,39,24,fitted,CHARLIE AND LOLA TABLE TINS,General Giftware,126
21468,-1.6233277950811218,0.098632388980563,3.75,3.724303561530057,76,12,fitted,BUTTERFLY CROCHET FOOD COVER,General Giftware,145
85132c,-2.314681272087272,,8.29,1.0,3,1,category_fallback_insufficient_price_variation,CHARLIE AND LOLA FIGURES TINS,General Giftware,3
21955,-4.029450236745359,0.4819980817202325,7.95,14.987496537084237,102,83,fitted,DOORMAT UNION JACK GUNS AND ROSES,General Giftware,755
79029,-4.9293566611029815,0.2346711734114108,1.95,48.3405583075408,35,31,fitted,GLASS HONEYPOT WASP CATCHER,Bottles & Glassware,358
21393,-1.2281411823332262,0.4113456639887169,2.1,7.216451380115567,30,9,fitted,BLUE  SPOTTY PUDDING BOWL,Kitchen & Dining,47
72805,-2.278947917977102,,1.69,3.333333333333333,3,2,category_fallback_insufficient_price_variation,VANILLA CANDLE IN EMBOSSED ZINC POT,Lighting & Candles,3
85030,-1.411864583740184,0.4393071096672558,7.95,1.7280430467762302,17,4,fitted,FRENCH CHATEAU OVAL PLATTER,General Giftware,31
23148,-1.30892917627094,0.0273829324081409,0.83,51.34052510485046,34,17,fitted,MINIATURE ANTIQUE ROSE HOOK IVORY,General Giftware,256
90037D,-1.6950974262848952,,2.55,2.0,7,3,category_fallback_insufficient_price_variation,TINY CRYSTALS BRACELET BLACK,Jewellery & Accessories,8
90099,-1.6950974262848952,,2.55,2.7222222222222223,18,4,category_fallback_implausible_fit,NECKLACE+BRACELET SET BLUE HIBISCUS,Jewellery & Accessories,28
84657,-2.6249820726482644,0.8563441804163807,4.012499999999999,7.261687755542508,8,6,fitted,GREEN ROSE CUSHION COVER,Home Decor,20
90114,-2.4405677367344385,,2.46,4.0588235294117645,51,10,category_fallback_insufficient_price_variation,SUMMER DAISIES BAG CHARM,Bags,113
23475,-2.314681272087272,,0.83,40.85714285714285,7,5,category_fallback_insufficient_price_variation,WOODLAND SMALL PINK FELT HEART,General Giftware,31
85170C,-1.988388777846364,0.4077543273970841,2.1,5.9564944148958485,59,19,fitted,SET/6 EAU DE NIL BIRD T-LIGHTS,Lighting & Candles,107
23068,-5.947131378549402,0.1757975514247733,2.49,16.881780348117655,34,11,fitted,ALUMINIUM STAMPED HEART,General Giftware,139
20707,-1.798255477285789,0.3248675168213322,1.25,6.528850689668798,74,28,fitted,CRAZY DAISY HEART DECORATION,Home Decor,200
22155,-5.135305016826217,0.4573339815636154,0.4511695906432749,56.94578112919712,61,39,fitted,STAR DECORATION RUSTIC,Home Decor,378
21563,-3.1568291749161568,0.3871699097276485,2.9500000000000006,15.91449883958981,96,43,fitted,RED HEART SHAPE LOVE BUCKET ,General Giftware,369
90178A,-1.6950974262848952,,11.95,1.8666666666666667,15,4,category_fallback_insufficient_price_variation,AMBER CHUNKY GLASS+BEAD NECKLACE,Jewellery & Accessories,22
22379,-2.957501426364305,0.3322843291067363,2.2644155844155844,129.37331705014444,97,97,fitted,RECYCLING BAG RETROSPOT ,Bags,1619
85033S,-2.55654479163404,,0.6500000000000001,23.63636363636364,11,6,category_fallback_implausible_fit,SET/6 SILVER REINDEER T-LIGHTS,Christmas & Seasonal,52
84671B,-5.077815257977364,0.9100640367291528,2.891739130434783,20.882615670832955,5,5,fitted,CROCHET BEAR WITH BLUE STRIPES,General Giftware,35
23282,-1.7727027579639822,0.388951590749545,0.923218954248366,23.053120750928848,30,24,fitted,FOLDING BUTTERFLY MIRROR IVORY ,Home Decor,137
20987,-5.13985842452885,0.9505102094281552,3.302358490566037,6.846441467250387,4,3,fitted,GEISHA GIRL CHOPSTICKS SET/5,General Giftware,22
72801e,-2.278947917977102,,2.51,1.75,4,1,category_fallback_insufficient_price_variation,S/4 FESTIVE GREEN DINNER CANDLES,Lighting & Candles,4
22841,-2.9596616749470983,0.2058441375726283,7.95,8.629948579534814,60,26,fitted,ROUND CAKE TIN VINTAGE GREEN,Kitchen & Dining,314
85032C,-1.58599611077298,0.4739929822796562,1.63,5.277891197826045,57,24,fitted,CURIOUS IMAGES GIFT WRAP SET,Cards & Stationery,165
23579,-2.314681272087272,,1.95,24.6,5,4,category_fallback_implausible_fit,SNACK TRAY I LOVE LONDON,General Giftware,36
84247L,-2.475651310936918,0.3321919714719501,0.42,26.40772039184895,41,15,fitted,FAWN AND MUSHROOM GREETING CARD,Cards & Stationery,111
22718,-3.856584687505193,0.6126049463258165,0.4393894736842105,30.79991667968522,76,35,fitted,CARD CAT AND TREE ,Cards & Stationery,268
22134,-2.694287139259275,0.4269171434837803,0.5051875,12.13311351539841,96,44,fitted,MINI LADLE LOVE HEART RED ,General Giftware,303
21317,-1.2750693082041888,0.2907591706656808,5.45,3.785643435877472,52,9,fitted,GLASS SPHERE CANDLE STAND MEDIUM,Lighting & Candles,79
21217,-2.8748614621024084,0.2371635172443714,9.95,25.64396081678435,103,86,fitted,RED RETROSPOT ROUND CAKE TINS,Kitchen & Dining,954
23568,-3.487002603902161,0.2139052714242696,1.3906976744186046,37.59762338209868,9,9,fitted,EGG CUP HENRIETTA HEN CREAM ,Kitchen & Dining,48
16054,-2.3054551762229902,0.5529722419310912,0.12,42.73878455941927,26,3,fitted,POPART RECT PENCIL SHARPENER ASST,General Giftware,39
21191,-1.581520451976665,0.102566818320672,2.250714285714286,11.176870663691588,65,28,fitted,LARGE WHITE HONEYCOMB PAPER BELL  ,General Giftware,215
20731,-2.553521394202572,0.3688227690836173,1.25,4.61089573097359,42,13,fitted,POSY CANDY BAG,Bags,73
21488,-2.2336790298632123,0.1019377487570417,3.9500000000000006,27.64608163016837,42,32,fitted,RED WHITE SCARF  HOT WATER BOTTLE,Bottles & Glassware,382
35611B,-2.375411544782531,,0.38,29.5,2,2,category_fallback_insufficient_price_variation,BLACK ASSORTED DROPLET DECORATION,Home Decor,3
35916B,-1.3121699323660958,0.3022566395842878,0.85,3.5544167710518697,27,5,fitted,BLUE FELT HANGING HEART WITH FLOWER,General Giftware,46
84993a,-2.314681272087272,,0.83,1.8888888888888888,27,2,category_fallback_insufficient_price_variation,75 GREEN PETIT FOUR CASES,General Giftware,30
84684,-2.5949192768083704,0.7628946448542896,2.55,6.473254695050701,19,12,fitted,BEACH HUT PHOTO FRAME,Home Decor,40
21240,-4.498995313650382,0.5347451718023903,0.9028571428571428,57.569241171528446,104,97,fitted,BLUE POLKADOT CUP,Kitchen & Dining,786
20715,-2.4405677367344385,,1.06,400.0,1,1,category_fallback_insufficient_price_variation,LITTLE FLOWER SHOPPER BAG,Bags,1
22418,-7.538875577479116,0.61477018103468,0.8583505154639174,121.15547641438276,83,61,fitted,10 COLOUR SPACEBOY PEN,Cards & Stationery,615
44091A,-2.278947917977102,,0.42,3.333333333333333,6,1,category_fallback_insufficient_price_variation,BLUE CRUSOE CHECK LAMPSHADE,Lighting & Candles,7
20699,-1.5857843851663267,0.1745162896151304,2.55,5.052208923209722,48,13,fitted,MOUSEY LONG LEGS SOFT TOY,Toys & Games,95
84663A,-1.03800603723838,0.4347493659592909,5.91,1.863751653086136,43,11,fitted,GRASS HOPPER WOODEN WALL CLOCK ,Home Decor,68
40018F,-3.2601508012156915,0.2565690975444107,1.95,14.835063641083572,35,14,fitted,CHERRY DESIGN PAPERLANTERNS,Lighting & Candles,119
78124,-1.4733691671866016,0.1862210164870418,1.25,13.174671874191784,26,5,fitted,MAGAZINE RACK GEBRA ASSORTED ,General Giftware,33
22278,-1.8096056040949984,0.2675732386051825,5.800714285714285,7.801368206465306,100,53,fitted,OVERNIGHT BAG VINTAGE ROSE PAISLEY,Bags,402
22775,-1.93437207352654,0.2638603889466248,1.4396808510638297,48.78651313096844,60,44,fitted,PURPLE DRAWERKNOB ACRYLIC EDWARDIAN,General Giftware,313
23637,-2.314681272087272,,2.49,1.375,8,1,category_fallback_insufficient_price_variation,SET 10 CARDS OUT OF ORDER 17216,General Giftware,9
21285,-2.228916729001003,0.6344473605298171,2.157027027027027,7.88512115187927,49,19,fitted,RETROSPOT CANDLE  MEDIUM,Lighting & Candles,101
23082,-4.463387039297723,0.2697085476807253,3.75,58.61775220851258,31,24,fitted,SET 6 PAPER TABLE LANTERN HEARTS ,Lighting & Candles,303
22884,-1.1509426770939777,0.4257230291145192,4.13,1.2317390643894346,33,8,fitted,NUMBER TILE VINTAGE FONT 5,General Giftware,41
22232,-1.3605041187332376,0.3849463982450124,1.65,7.178927781181895,67,21,fitted,JIGSAW TOADSTOOLS 3 PIECE,General Giftware,157
72779,-2.278947917977102,,1.69,4.083333333333333,12,2,category_fallback_insufficient_price_variation,SET/6 BLACK ROSE T-LIGHT CANDLES,Lighting & Candles,16
21934,-1.7703701978624733,0.1184528870251921,1.8446321070234115,32.3880663077977,104,95,fitted,SKULL SHOULDER BAG,Bags,742
22512,-1.4317628591318896,0.3757922684561851,3.75,3.589722101213317,41,15,fitted,DOORSTOP RACING CAR DESIGN,Home Decor,75
84818,-1.5048179587990682,0.3715498820249528,2.54,6.502335213781257,79,27,fitted,DANISH ROSE PHOTO FRAME,Home Decor,216
23152,-2.9327150643727933,0.1737797298864331,3.75,14.108065087218202,33,9,fitted,IVORY SWEETHEART WIRE LETTER RACK ,General Giftware,162
22991,-6.610865502767263,0.2564834550157352,1.95,55.56900835458909,42,29,fitted,GIRAFFE WOODEN RULER,General Giftware,278
84467,-5.073430807270959,0.7385020381620828,39.95,1.7602423914431924,17,8,fitted,ENGLISH ROSE DESIGN QUILTED THROW,Home Decor,81
21901,-3.6692040571556856,0.264317359951678,0.662948717948718,43.63897234383055,103,59,fitted,"KEY FOB , BACK DOOR ",General Giftware,723
84465,-2.582768898406496,,2.95,2.0,16,3,category_fallback_insufficient_price_variation,15 PINK FLUFFY CHICKS IN BOX,Storage & Boxes,23
22835,-4.629561515822729,0.1434866785149599,5.089011981833994,41.82035563433076,64,57,fitted,HOT WATER BOTTLE I AM SO POORLY,Bottles & Glassware,1083
22840,-3.670259671694251,0.1281113980532148,7.95,14.458968823415187,59,31,fitted,ROUND CAKE TIN VINTAGE RED,Kitchen & Dining,419
90085,-2.9806577580596736,0.4467471724596421,0.85,11.217209011155589,20,6,fitted,CRYSTAL STILETTO PHONE CHARM,General Giftware,31
85039B,-1.8068382840824184,0.2965993815152538,1.6426666666666665,10.70624691148956,78,49,fitted,S/4 IVORY MINI ROSE CANDLE IN BOWL,Lighting & Candles,274
22154,-4.773488695086016,0.5797767661096822,0.4315178571428572,100.167133911194,57,36,fitted,ANGEL DECORATION 3 BUTTONS ,Home Decor,351
22231,-1.058231382215702,0.1058177812714306,1.45,11.723028187000624,92,35,fitted,JIGSAW TREE WITH BIRDHOUSE,Garden & Outdoor,310
37326,-2.45291949563188,,1.25,2.0,1,1,category_fallback_insufficient_price_variation,FAIRY DESIGN MUGS,Kitchen & Dining,2
85068,-2.709867337840102,0.2082240771809537,7.95,14.70357681172523,31,26,fitted,CREAM SWEETHEART SHELF + HOOKS,General Giftware,198
85031C,-2.0178127207154777,0.5898774061458085,3.395,4.603958659743419,38,17,fitted,CURIOUS IMAGES SCRAP BOOK SET,General Giftware,107
22541,-3.076404571150284,0.2645369141659806,0.42,11.326313003765868,46,12,fitted,MINI JIGSAW LEAP FROG,General Giftware,68
22531,-5.512308115696015,0.3446728168298633,0.42,55.11863745260965,87,32,fitted,MAGIC DRAWING SLATE CIRCUS PARADE  ,General Giftware,431
22436,-6.593949675914433,0.2992099978792509,0.65,38.658008405451554,81,18,fitted,12 COLOURED PARTY BALLOONS,General Giftware,300
85152,-6.551560873919069,0.6665866354233501,2.0468298545224544,110.20351489683496,100,91,fitted,HAND OVER THE CHOCOLATE   SIGN ,Home Decor,1496
22730,-1.3099367546644638,0.008623043350171,3.918378378378379,44.24427185156881,63,50,fitted,ALARM CLOCK BAKELIKE IVORY,Home Decor,789
84247E,-2.55654479163404,,2.95,13.275862068965518,29,10,category_fallback_implausible_fit,PACK/12 XMAS FUN CARD,Christmas & Seasonal,105
20800,-0.7156484170149893,0.0908151565670405,5.06,2.449489742783178,3,2,fitted,LARGE GLASS SUNDAE DISH CLEAR,Bottles & Glassware,3
23093,-1.6954131347961372,0.0916179298474108,2.49,20.59002779378743,31,14,fitted,SMALL PARISIENNE HEART PHOTO FRAME ,Home Decor,142
21335,-0.4727137755684211,0.0300287024140595,21.95,2.123018756290565,17,5,fitted,LIBRARY LAMP,Lighting & Candles,27
84630,-2.314681272087272,,7.95,2.0,1,1,category_fallback_insufficient_price_variation,FLOWERS AND BIRDS WALL PLAQUE,General Giftware,1
22362,-1.771574971685447,0.2088809616951641,3.291538461538462,6.172034015983777,83,32,fitted,GLASS JAR PEACOCK BATH SALTS,Bath & Body,256
22256,-3.194135251434424,0.4546904184313683,1.25,17.928087980822575,42,14,fitted,FELT FARM ANIMAL CHICKEN,General Giftware,129
22457,-3.9093626669365302,0.2333673251619107,3.050378715244487,148.419367368352,86,83,fitted,NATURAL SLATE HEART CHALKBOARD ,General Giftware,2114
84614C,-2.278947917977102,,5.95,3.0,1,1,category_fallback_insufficient_price_variation,BLUE BAROQUE FLOCK CANDLE HOLDER,Lighting & Candles,1
79066k,-2.314681272087272,,1.645,1.6875,16,2,category_fallback_insufficient_price_variation,RETRO MOD TRAY,General Giftware,17
84629,-0.7368726301841728,0.5186781609195403,21.95,1.1224620483093732,10,2,fitted,WHITE 3 FRAME BIRDS AND TREE ,Home Decor,13
22606,-2.837660073862171,0.3195306094228044,15.949999999999998,6.637337841425352,79,43,fitted,WOODEN SKITTLES GARDEN SET,Garden & Outdoor,383
23168,-2.13472258959437,0.4473595893500028,1.4039732142857144,95.44253011040584,31,31,fitted,CLASSIC CAFE SUGAR DISPENSER,General Giftware,339
37482p,-2.45291949563188,,17.35,1.0,2,1,category_fallback_insufficient_price_variation,CUBIC MUG PINK POLKA DOT,Kitchen & Dining,2
70006,-3.1038441493612434,0.5986820842641203,1.65,16.95978211781201,61,37,fitted,LOVE HEART POCKET WARMER,General Giftware,315
85130C,-1.0772005382991603,0.135423528605953,1.6499999999999997,5.366152179547252,45,9,fitted,BEADED CRYSTAL HEART BLUE  LARGE,General Giftware,70
23580,-2.314681272087272,,2.0073684210526315,39.0,3,3,category_fallback_insufficient_price_variation,SNACK TRAY HAPPY FOREST  ,General Giftware,26
16216,-1.4575885752541748,0.5105249451617233,0.16,20.42050704203903,53,12,fitted,LETTER SHAPE PENCIL SHARPENER,General Giftware,89
90025E,-1.6950974262848952,,3.75,1.0,5,2,category_fallback_insufficient_price_variation,BAROQUE BUTTERFLY EARRINGS MONTANA,Jewellery & Accessories,5
85164b,-2.375411544782531,,26.04,1.0,1,1,category_fallback_insufficient_price_variation,BLACK BAROQUE CUCKOO CLOCK,Home Decor,1
78033,-5.223280650667506,0.7641757322475191,5.95,2.279976725833353,14,4,fitted,FLAG OF ST GEORGE CHAIR,General Giftware,16
21380,-5.770016409204304,0.4079855311160383,2.990007305936073,35.120201363903625,102,65,fitted,WOODEN HAPPY BIRTHDAY GARLAND,General Giftware,669
21596,-2.314681272087272,,4.21,2.0,5,2,category_fallback_insufficient_price_variation,Hypochondriac Pill Stress Ball,General Giftware,9
90034,-1.6950974262848952,,9.965,1.25,4,3,category_fallback_insufficient_price_variation,WHITE SILVER NECKLACE SHELL GLASS,Jewellery & Accessories,5
22028,-3.962687594455947,0.2589720757892397,0.4242268041237113,55.55507322013364,95,53,fitted,PENNY FARTHING BIRTHDAY CARD,Cards & Stationery,514
85041,-3.307342161503383,0.1467100842600653,1.65,17.56162096325455,26,14,fitted,SET/4 PINK ORCHID CANDLES IN BOWL,Lighting & Candles,99
90156,-1.3974418695906337,0.1870229007633588,4.95,1.834008086409343,12,2,fitted,RESIN BRACELET W PASTEL BEADS,Jewellery & Accessories,13
90179C,-1.6950974262848952,,5.95,1.5384615384615383,13,4,category_fallback_insufficient_price_variation,BLACK FINE BEAD NECKLACE W TASSEL,Jewellery & Accessories,17
23264,-4.467942179185607,0.2027174956788084,1.3211764705882354,44.13949245935552,27,21,fitted,SET OF 3 WOODEN SLEIGH DECORATIONS,Home Decor,316
84804B,-1.6911294266119856,0.5457500605745023,2.9500000000000006,7.238806701916187,14,5,fitted,BLUE DELPHINIUM ARTIFICIAL FLOWER,General Giftware,21
21310,-2.314681272087272,,29.95,1.5,4,1,category_fallback_insufficient_price_variation,CAPIZ CHANDELIER,General Giftware,4
21837,-2.375411544782531,,5.950000000000001,11.136363636363637,22,11,category_fallback_implausible_fit,CROSS STITCH ALPHABET CUSHION COVER,Home Decor,92
47592B,-3.271704166888766,0.1523323956048382,2.1,3.4282385211603104,13,3,fitted,SCOTTIES DESIGN CHILD'S OVERALL,Home Decor,29
21484,-2.503505651772309,0.2149347820284816,4.177583333333334,19.91860890483575,96,69,fitted,CHICK GREY HOT WATER BOTTLE,Bottles & Glassware,931
17109D,-2.052335061596092,0.6680781320169438,1.69,3.1799617747025146,29,8,fitted,FLOWER FAIRY INCENSE BOUQUET,General Giftware,41
23013,-1.2226285505967025,0.066891583648045,3.897740740740741,31.748748115099417,26,25,fitted,GLASS APOTHECARY BOTTLE TONIC,Bottles & Glassware,225
21332,-1.5934909290511574,0.4780800044472587,12.75,2.063419990538589,32,10,fitted,MOROCCAN BEATEN METAL MIRROR,Home Decor,50
84762A,-1.8607490016203925,0.1096091475933844,9.61,2.2310221720206544,15,7,fitted,WHITE PICNIC BARBECUE BUCKET,General Giftware,29
90209C,-2.2316348529077747,,2.1,8.73913043478261,46,11,category_fallback_implausible_fit,PINK ENAMEL+GLASS HAIR COMB,Bottles & Glassware,68
21441,-2.392307710016818,0.5014115582141259,0.8905749999999999,7.560872449459084,68,23,fitted,BLUE BIRDHOUSE DECORATION,Home Decor,135
22566,-3.091827064373748,0.1277059877262184,0.85,19.92596367601777,78,33,fitted,FELTCRAFT HAIRBAND PINK AND PURPLE,General Giftware,316
85045,-3.893277241929512,0.0368355345584809,4.95,6.716201150898764,29,11,fitted,GREEN CHRISTMAS TREE STRING 20LIGHT,Christmas & Seasonal,87
21745,-5.431498607567812,0.1501269624020877,3.75,16.192752901732653,102,36,fitted,GAOLERS KEYS DECORATIVE GARDEN ,Garden & Outdoor,497
21926,-2.375411544782531,,1.25,15.262295081967212,61,6,category_fallback_implausible_fit,RED/CREAM STRIPE CUSHION COVER ,Home Decor,146
90214W,-1.6950974262848952,,0.85,1.0,7,3,category_fallback_implausible_fit,"LETTER ""W"" BLING KEY RING",Jewellery & Accessories,7
85165,-1.5878045951740165,0.36231035937482,9.95,3.104317812367837,22,8,fitted,CANDY PINK FRENCH BOUDOIR CLOCK,Home Decor,57
21376,-1.5215105136215783,0.4091924573207856,5.45,3.064673468119444,35,10,fitted,LARGE  TALL CAMPHOR WOOD TOADSTOOL ,General Giftware,49
22260,-2.7535573845724013,0.2954296711590212,1.0964033613445376,9.26284608176491,72,38,fitted,FELT EGG COSY BLUE RABBIT ,General Giftware,255
22808,-1.3989008632069757,0.1279286822192147,2.9500000000000006,11.184981434454592,28,14,fitted,SET OF 6 T-LIGHTS EASTER CHICKS,Christmas & Seasonal,84
20777,-1.1117307555097211,0.0282793358503835,1.65,4.060963829613445,67,26,fitted,CHRYSANTHEMUM NOTEBOOK,Cards & Stationery,174
23428,-2.45291949563188,,8.432666666666666,16.75,4,3,category_fallback_implausible_fit,IVORY RETRO KITCHEN WALL CLOCK,Kitchen & Dining,32
90058B,-1.6950974262848952,,0.38,50.81818181818182,22,2,category_fallback_implausible_fit,CRYSTAL STUD EARRINGS ASSORTED COL ,Jewellery & Accessories,30
21767,-2.314681272087272,,29.95,1.0,1,1,category_fallback_insufficient_price_variation,FRENCH STYLE WIRE DOOR CABINET ,General Giftware,1
85163A,-1.3832793733664863,0.3033712318146315,12.75,1.7003393598360173,39,9,fitted,WHITE BAROQUE WALL CLOCK ,Home Decor,58
85086A,-2.09336782284734,0.3786369335312227,0.9123076923076924,9.86191610627817,56,20,fitted,CANDY SPOT HEART DECORATION,Home Decor,153
22779,-2.278947917977102,,4.25,38.18867924528302,53,11,category_fallback_implausible_fit,WOODEN OWLS LIGHT GARLAND ,Lighting & Candles,208
21129,-1.6673564766797755,0.3184408214931474,6.950000000000001,3.161068749572005,40,10,fitted,SILVER FISHING GNOME ,General Giftware,60
90036A,-1.6950974262848952,,7.95,1.8,15,3,category_fallback_insufficient_price_variation,FLOWER GARLAND NECKLACE RED,Jewellery & Accessories,20
16169F,-2.314681272087272,,0.42,88.63636363636364,11,1,category_fallback_insufficient_price_variation,WRAP BLIZZARD,General Giftware,34
85112,-2.375411544782531,,1.2746728971962615,29.666666666666668,6,4,category_fallback_implausible_fit,S/3 TEAR DROP CUT GLASS DECORATION,Home Decor,34
35933,-1.1834182658019718,0.4761477481714569,0.38,14.948595757277555,18,4,fitted,PINK STOCKING CHRISTMAS DECORATION,Christmas & Seasonal,28
47559b,-2.314681272087272,,3.2900000000000005,5.029411764705882,34,6,category_fallback_implausible_fit,TEA TIME OVEN GLOVE,General Giftware,46
48138,-5.859701648395701,0.4489218305003929,7.299543859649122,64.88427244265127,102,100,fitted,DOORMAT UNION FLAG,General Giftware,1683
22372,-0.3596470066589608,0.0062188430504225,4.586666666666667,5.183510335288338,85,31,fitted,AIRLINE BAG VINTAGE WORLD CHAMPION ,Bags,298
21651,-4.011073675163726,0.3622629323469539,1.6499999999999997,19.9255047652003,49,18,fitted,HANGING GLASS ETCHED TEALIGHT,Lighting & Candles,136
35980C,-2.314681272087272,,0.38,21.22222222222222,18,4,category_fallback_insufficient_price_variation,REDWHITE STRIPE SCANDINAVIAN HEART ,General Giftware,31
84801B,-2.314681272087272,,2.1,9.466666666666669,15,1,category_fallback_insufficient_price_variation,WHITE HYDRANGEA ART FLOWER,General Giftware,17
23205,-1.5374923378367298,0.3591828475044483,0.981875,155.1282967210225,35,35,fitted,CHARLOTTE BAG VINTAGE ALPHABET ,Bags,472
22783,-2.4033239119338234,0.3079254801460378,16.95,5.807793826110069,19,10,fitted,SET 3 WICKER OVAL BASKETS W LIDS,Storage & Boxes,48
23305,-2.45291949563188,,1.95,16.4,5,3,category_fallback_insufficient_price_variation,SET 4 PICNIC CUTLERY BLUEBERRY,Kitchen & Dining,9
79321,-2.657966983845193,0.1792108139289728,5.236315789473684,89.05729250867097,97,88,fitted,CHILLI LIGHTS,Lighting & Candles,1173
35644,-2.314681272087272,,1.95,4.166666666666667,6,1,category_fallback_insufficient_price_variation,PAIR PINK/BLACK COATHANGERS,General Giftware,9
23430,-2.45291949563188,,8.15,8.75,4,1,category_fallback_insufficient_price_variation,BLUE RETRO KITCHEN WALL CLOCK,Kitchen & Dining,17
23451,-0.6588054795720649,0.002932904724527,1.9882456140350877,24.635550801675773,9,8,fitted,SQUARE MINI PORTRAIT FRAME,Home Decor,53
23495,-1.4598236613480722,0.0192135130281697,1.343076923076923,22.416298106230634,7,6,fitted,SET OF 3 PANTRY WOODEN SPOONS,General Giftware,41
22686,-3.0366442220196714,0.4752297105260787,1.346923076923077,16.497411399607497,65,31,fitted,FRENCH BLUE METAL DOOR SIGN No,Home Decor,222
23598,-6.952326328501763,0.2085247610929312,3.0068,51.99371728576229,5,5,fitted,PAPER BUNTING VINTAGE PARTY,General Giftware,48
22079,-4.529982078001737,0.487592512428687,1.7054976851851853,37.44102007686664,104,70,fitted,RIBBON REEL HEARTS DESIGN ,Home Decor,698
20884,-2.55654479163404,,2.1,1.5,2,1,category_fallback_insufficient_price_variation,MODERN CHRISTMAS TREE CANDLE ,Christmas & Seasonal,3
51012C,-2.314681272087272,,1.25,21.375,8,1,category_fallback_insufficient_price_variation,"FEATHER DUSTER, COAL BLACK",General Giftware,28
85224,-1.6342367623565237,0.8233103731235834,1.895,7.353539054257403,38,16,fitted,ASSORTED COLOUR SILK GLASSES CASE,General Giftware,67
23351,-2.559462325623701,0.1764610709305925,1.2917241379310345,143.256471139982,19,18,fitted,ROLL WRAP 50'S CHRISTMAS,Christmas & Seasonal,360
21615,-2.328514478987843,0.4850065944470592,3.75,4.605820489122584,50,16,fitted,4 LAVENDER BOTANICAL DINNER CANDLES,Lighting & Candles,174
35911B,-1.0991216812076865,0.1715996434307189,2.1,3.910050099310088,14,2,fitted,PINK/FLOWER RABBIT EGG WARMER ,General Giftware,23
21316,-1.7520603691012158,0.6288269114948664,2.95,6.193437348733063,31,10,fitted,SMALL CHUNKY GLASS ROMAN  BOWL,Kitchen & Dining,49
21556,-2.4646175853655063,0.1852586258104244,2.819880365939479,11.22217568820822,78,52,fitted,CERAMIC STRAWBERRY MONEY BOX,Storage & Boxes,305
85160B,-0.926014623237012,0.3747105132452157,1.25,7.150267194565785,27,7,fitted,BLACK BIRD GARDEN DESIGN MUG,Kitchen & Dining,37
46776a,-2.375411544782531,,4.13,5.0,1,1,category_fallback_insufficient_price_variation,WOVEN BUBBLE GUM CUSHION COVER,Home Decor,1
90063B,-1.6950974262848952,,8.5,1.7272727272727273,11,4,category_fallback_insufficient_price_variation,BLACK VINT ART DEC CRYSTAL NECKLACE,Jewellery & Accessories,13
84674,-2.034831919299204,0.3107156329668578,2.9500000000000006,4.274586367354787,67,12,fitted,FLYING PIG WATERING CAN,Jewellery & Accessories,108
90126C,-2.527840432425122,0.8327185458450335,2.49,2.922602811972597,4,4,fitted,AMBER BERTIE MOBILE PHONE CHARM,General Giftware,4
16012,-3.114237677208787,,0.21,58.98,50,3,category_fallback_insufficient_price_variation,FOOD/DRINK SPONGE STICKERS,Cards & Stationery,86
22750,-4.762541646939708,0.0659979615694291,3.75,34.76854204392349,63,39,fitted,FELTCRAFT PRINCESS LOLA DOLL,Toys & Games,691
21318,-1.8027338234369763,0.5562997821388422,1.65,7.311133704575817,46,18,fitted,GLASS CHALICE BLUE SMALL ,Bottles & Glassware,94
35970,-3.378859211592237,0.4370875127745923,1.74625,61.65930384796104,75,36,fitted,ZINC FOLKART SLEIGH BELLS,General Giftware,714
23574,-2.314681272087272,,7.5,1.4,10,1,category_fallback_insufficient_price_variation,PACKING CHARGE,General Giftware,14
84985b,-2.314681272087272,,2.98,1.0,1,1,category_fallback_insufficient_price_variation,SET OF 72 BLACK PAPER DOILIES ,General Giftware,1
85231B,-2.181213850073864,0.1126731421212204,0.85,14.287663669299585,90,39,fitted,CINAMMON SET OF 9 T-LIGHTS,Lighting & Candles,409
85044,-1.320761383746199,0.1316690762323729,4.95,6.056520579862524,17,9,fitted,RED REINDEER STRING OF 20 LIGHTS,Christmas & Seasonal,41
35931,-2.55654479163404,,0.38,13.090909090909092,11,2,category_fallback_insufficient_price_variation,PINK STAR CHRISTMAS DECORATION,Christmas & Seasonal,14
90095,-1.6950974262848952,,2.55,3.5,2,1,category_fallback_insufficient_price_variation,NECKLACE+BRACELET SET PINK BLOSSOM,Jewellery & Accessories,2
18097A,-2.278947917977102,,2.55,1.9,10,1,category_fallback_insufficient_price_variation,PINK TALL PORCELAIN T-LIGHT HOLDER ,Lighting & Candles,14
84907,-2.0841126760429702,0.6562304403170534,5.79,2.999045363997003,27,6,fitted,PINK YELLOW PATCH CUSHION COVER,Home Decor,36
22197,-0.9393310323440482,0.0147871162238261,0.8144570456243441,501.9751927631986,104,102,fitted,SMALL POPCORN HOLDER,General Giftware,2422
22944,-1.5858173766683537,0.6696144726258277,1.1920338983050849,58.26597814892615,30,21,fitted,CHRISTMAS METAL POSTCARD WITH BELLS,Christmas & Seasonal,168
22504,-2.447708317138145,0.4487200716210547,29.95,2.907800781599131,47,19,fitted,CABIN BAG VINTAGE RETROSPOT,Bags,115
23843,-2.314681272087272,,2.08,80995.0,1,1,category_fallback_insufficient_price_variation,"PAPER CRAFT , LITTLE BIRDIE",General Giftware,1
21817,-1.5490438356231913,0.2023181867560765,0.85,25.52527912980157,32,10,fitted,GLITTER CHRISTMAS TREE,Christmas & Seasonal,149
37447,-3.21359701859035,0.4465170133755251,1.5704394079555963,23.58656002773231,98,54,fitted,CERAMIC CAKE DESIGN SPOTTED PLATE,Kitchen & Dining,373
23537,-1.8727511324702155,0.2252133577027417,5.004736842105263,8.63062504767041,10,8,fitted,WALL ART I LOVE LONDON ,General Giftware,34
85043,-2.278947917977102,,4.95,1.0,1,1,category_fallback_insufficient_price_variation,RED HEART CANDY POP LIGHTS,Lighting & Candles,1
85049e,-3.114237677208787,,3.2900000000000005,8.428571428571429,35,4,category_fallback_insufficient_price_variation,SCANDINAVIAN REDS RIBBONS,Cards & Stationery,62
84658,-1.4768106317041083,0.3315771372956491,6.95,3.22089204090501,45,8,fitted,WHITE STITCHED CUSHION COVER,Home Decor,70
48187,-5.622078386550983,0.5354611183254797,7.396938775510205,43.35769512994898,97,97,fitted,DOORMAT NEW ENGLAND,General Giftware,1294
21298,-2.8536271328541267,0.945120556094282,25.24230769230769,3.795795175534346,4,3,fitted,EDWARDIAN 2 DRAWER WALL CABINET ,General Giftware,14
23298,-3.945224388022943,0.4614456912255222,5.3484507306107165,213.188056842868,32,32,fitted,SPOTTY BUNTING,General Giftware,1165
17084J,-2.314681272087272,,0.21,25.31578947368421,19,1,category_fallback_insufficient_price_variation,LOVE POTION MASALA INCENSE,General Giftware,21
22395,-1.525437805090851,0.6827809091316468,2.55,4.338179538922093,33,10,fitted,PAPERWEIGHT VINTAGE PAISLEY,General Giftware,56
90214S,-0.2673712122475395,0.0078799831746199,0.85,2.57109011616899,49,12,fitted,"LETTER ""S"" BLING KEY RING",Jewellery & Accessories,91
22912,-0.6692067239910505,0.0072272028358669,4.95,4.197485950570404,45,6,fitted,YELLOW COAT RACK PARIS FASHION,General Giftware,118
84845C,-2.582768898406496,,1.25,3.5,12,1,category_fallback_insufficient_price_variation,CARNATION SQUARE HANDY TIN,Storage & Boxes,14
90073,-1.6950974262848952,,4.98,1.7586206896551724,29,3,category_fallback_insufficient_price_variation,VINTAGE ENAMEL & CRYSTAL EARRINGS,Jewellery & Accessories,35
23463,-1.6950974262848952,,9.95,2.4,5,1,category_fallback_insufficient_price_variation,VINTAGE ZINC WATERING CAN,Jewellery & Accessories,7
84744,-0.784313898297228,0.0034727748701972,1.25,3.814511085696565,25,3,fitted,S/6 SEW ON CROCHET FLOWERS,General Giftware,40
23702,-2.314681272087272,,3.0,1.0,1,1,category_fallback_insufficient_price_variation,High Resolution Image,General Giftware,1
85024B,-1.6950974262848952,,1.65,4.111111111111111,18,2,category_fallback_insufficient_price_variation,EAU DE NILE JEWELLED PHOTOFRAME,Jewellery & Accessories,20
85019A,-1.615417953473275,0.4454147180983775,1.25,13.187924079275222,41,6,fitted,ROMANTIC IMAGES NOTEBOOK SET,Cards & Stationery,50
21377,-2.001097375351168,0.5987521411522487,2.665,2.5418813192868908,62,21,fitted,SMALL CAMPHOR WOOD FIELD  MUSHROOM,General Giftware,101
22967,-2.314681272087272,,2.95,61.73684210526316,19,11,category_fallback_implausible_fit,SET 3 SONG BIRD PAPER EGGS ASSORTED,General Giftware,139
22104,-2.878970761105613,0.4753422494316053,1.5621874999999998,4.318979204363678,64,20,fitted,MIRROR MOSAIC CANDLE PLATE,Lighting & Candles,100
21534,-1.4284791978837654,0.0690627029138802,4.95,7.35825508121805,101,38,fitted,DAIRY MAID LARGE MILK JUG,General Giftware,363
84952A,-1.4281473962010045,0.4439589311371142,3.75,3.691804533375768,21,8,fitted,CLEAR LOVE BIRD T-LIGHT HOLDER,Lighting & Candles,40
22344,-1.6826112231554922,0.465880774960639,0.85,9.447215243411362,62,18,fitted,PARTY PIZZA DISH PINK POLKADOT,General Giftware,136
84846A,-1.933846316331037,0.3202053759603287,2.1,6.221356882523036,37,4,fitted,SCENTED CANDLE IN DIGITALIS TIN,Lighting & Candles,59
85225,-6.320386668841659,0.3854940533852763,1.25,1.2202849358728105,10,2,fitted,BLING KEY RING STAND,Jewellery & Accessories,11
16259,-0.3949803701181746,0.0269016770219681,0.21,82.99244487501134,37,4,fitted,PIECE OF CAMO STATIONERY SET,General Giftware,55
20671,-1.968047280623361,0.1973804208820884,1.313157894736842,11.887427736300758,50,22,fitted,BLUE TEATIME PRINT BOWL ,Kitchen & Dining,145
22859,-2.634709120513923,0.1129775764589102,1.6499999999999997,26.185571712955305,32,18,fitted,EASTER TIN BUNNY BOUQUET,Christmas & Seasonal,172
21494,-1.3106107454497324,0.1519062836387129,1.80020276183993,18.81977764020725,90,62,fitted,ROTATING LEAVES T-LIGHT HOLDER,Lighting & Candles,527
84800M,-6.2526895974581365,0.34914177133638,1.6900000000000002,4.837506542562315,20,4,fitted,MEDIUM WHITE/PINK ROSE ART FLOWER,General Giftware,26
22181,-4.290945221317066,0.6054119036474539,0.8500000000000001,20.93116807957316,62,26,fitted,SNOWSTORM PHOTO FRAME FRIDGE MAGNET,Home Decor,146
21664,-2.582768898406496,,3.75,5.760869565217392,46,9,category_fallback_implausible_fit,RIDGED GLASS STORAGE JAR CREAM LID,Storage & Boxes,72
21805,-4.330792253738463,0.4558877054920432,0.4228426970920175,68.0265547239714,24,14,fitted,WHITE CHRISTMAS TREE DECORATION ,Christmas & Seasonal,103
23302,-3.759066664289511,0.2809498694662425,1.6734285714285717,27.59815342471196,30,23,fitted,KNEELING MAT HOUSEWORK  DESIGN,Home Decor,236
20840,-1.3344727739486446,0.5048795024544157,1.5676470588235294,11.480445774388036,45,18,fitted,FRENCH FLORAL CUSHION COVER ,Home Decor,95
22740,-6.936574142076406,0.7117318933319059,0.858041237113402,241.83564276653425,43,34,fitted,POLKADOT PEN,Cards & Stationery,313
37462E,-1.1897786217816937,0.3157816759534391,0.83,1.5335694337883103,23,7,fitted,"PET MUG, GOLDFISH",Kitchen & Dining,30
81952V,-0.8779716020245498,0.3158420689044026,0.85,3.55642932798859,31,7,fitted,ROUND PURPLE CLOCK WITH SUCKER,Home Decor,48
23422,-3.799563089808584,0.5393064952071569,2.250833333333333,14.998132323478098,13,9,fitted,PANTRY HOOK BALLOON WHISK ,General Giftware,47
22918,-2.3296313021958484,0.160486438150877,0.6500000000000001,23.633894442000543,53,27,fitted,HERB MARKER PARSLEY,General Giftware,271
84562B,-0.6348021071076887,0.4432177850050152,7.95,2.2894284851066637,5,2,fitted,BLUE/WHITE RIBBED MELAMINE JUG,General Giftware,7
22259,-2.5964745442156536,0.5379624513425914,1.25,7.768382820349883,26,13,fitted,FELT FARM ANIMAL HEN,General Giftware,76
22346,-1.848133150099896,0.5506066083180461,0.85,7.781458733987603,49,18,fitted,PARTY PIZZA DISH GREEN POLKADOT,General Giftware,107
22088,-4.9388864146939815,0.2958615245668287,3.0839920634920635,38.451138776804,80,72,fitted,PAPER BUNTING COLOURED LACE,General Giftware,632
21818,-3.122230943180424,0.503311801060103,0.85,19.32281507995748,62,17,fitted,GLITTER CHRISTMAS HEART ,Christmas & Seasonal,322
84559A,-2.6617199272728733,0.2949467743991611,0.85,12.871999209591037,85,27,fitted,3D SHEET OF DOG STICKERS,Cards & Stationery,241
85232B,-3.636347334591405,0.2495419730123453,4.998947956082128,41.229082722753695,56,46,fitted,SET/3 RUSSIAN DOLL STACKING TINS,Toys & Games,556
22307,-1.8103924849650108,0.5037571472802238,1.95,15.986012562574537,39,20,fitted,GOLD MUG BONE CHINA TREE OF LIFE,Kitchen & Dining,124
84551,-1.6950974262848952,,1.65,4.875,8,2,category_fallback_insufficient_price_variation,CROCHET DOG KEYRING,Jewellery & Accessories,8
20772,-2.5945762450203613,0.3584427494755142,2.55,5.810200228937353,68,19,fitted,GARDEN PATH JOURNAL,Garden & Outdoor,167
84596b,-2.45291949563188,,2.51,2.6,5,1,category_fallback_insufficient_price_variation,SMALL DOLLY MIX DESIGN ORANGE BOWL,Kitchen & Dining,10
84925C,-2.314681272087272,,2.55,3.5,8,1,category_fallback_insufficient_price_variation,FAIRY CAKES  WALL THERMOMETER,General Giftware,10
21312,-1.899333316919756,0.5897417315694209,6.75,3.624071293671218,17,6,fitted,LARGE CHUNKY GLASS ROMAN BOWL,Kitchen & Dining,27
22925,-2.426146947327692,0.1957132617088259,5.95,9.065833885354914,46,19,fitted,BLUE GIANT GARDEN THERMOMETER,Garden & Outdoor,201
20897,-0.6724833663258444,0.049977011884877,2.95,3.4450699976141435,44,13,fitted,VINTAGE NOTEBOOK PARIS DAYS,Cards & Stationery,76
22249,-3.467872187463999,0.3737670342313374,0.85,20.150748421272308,61,30,fitted,DECORATION WHITE CHICK MAGIC GARDEN,Home Decor,256
21293,-1.3455874904461704,0.2146813532616969,2.1,7.403882253144244,45,12,fitted,MIRRORED DOVE WALL DECORATION,Home Decor,86
85179A,-1.114879457992312,0.3675194850432072,3.594782608695652,4.019866049678761,26,14,fitted,GREEN BITTY LIGHT CHAIN,Lighting & Candles,74
22317,-2.555545623056158,0.4665184610968305,2.9500000000000006,7.687129849264164,76,26,fitted,FIVE CATS HANGING DECORATION,Home Decor,170
21853,-3.757484498607804,,5.17,1.0,2,1,category_fallback_insufficient_price_variation,GUMBALL CUSTOM CARS TOP TRUMPS GAME,Toys & Games,2
21189,-0.6276041870498033,0.0255492891501788,1.9168487394957985,7.813847928676034,58,25,fitted,WHITE HONEYCOMB PAPER GARLAND ,General Giftware,131
90161A,-1.6950974262848952,,4.98,2.057142857142857,35,6,category_fallback_insufficient_price_variation,ANT COPPER RED BOUDICCA BRACELET,Jewellery & Accessories,45
84029D,-0.3371572437929814,0.0026511837596003,3.75,3.314454017339987,6,2,fitted,LEOPARD PRINT HOT WATER BOTTLE,Bottles & Glassware,13
85187,-1.944518905544409,0.1718238198745605,1.65,7.935092640634908,37,15,fitted,S/12 MINI RABBIT EASTER,Christmas & Seasonal,112
90032,-1.6950974262848952,,6.25,2.294117647058824,17,3,category_fallback_insufficient_price_variation,IVORY SHELL HEART NECKLACE,Jewellery & Accessories,23
22186,-3.371923954224048,0.2988386115306911,2.95,17.022748124530978,53,34,fitted,RED STAR CARD HOLDER,Cards & Stationery,362
21065,-1.9146347101333476,0.6988862304206338,5.95,2.4614028380811925,54,21,fitted,BOOM BOX SPEAKER GIRLS,Storage & Boxes,127
84311,-2.375411544782531,,1.65,11.0,1,1,category_fallback_insufficient_price_variation,CAMOFLAGE CUSHION COVER,Home Decor,1
16169P,-1.465731801333793,0.3737897556208233,0.42,30.60266771327675,31,2,fitted,WRAP GREEN RUSSIAN FOLKART ,General Giftware,48
22805,-2.879055400578006,0.3815549263430514,1.343076923076923,32.46835701328401,59,36,fitted,BLUE DRAWER KNOB ACRYLIC EDWARDIAN,General Giftware,242
85231E,-4.799054089512873,0.233779808605522,0.85,19.76536437803058,23,12,fitted,STRAWBERRY SCENTED SET/9 T-LIGHTS,Lighting & Candles,108
23402,-2.1805800352246,0.3731997339180833,3.75,18.243782950602228,14,7,fitted,HOME SWEET HOME 3 PEG HANGER ,General Giftware,68
21361,-1.15022623529132,0.0281294472817766,12.75,6.301459432205497,67,28,fitted,LOVE LARGE WOOD LETTERS ,General Giftware,302
21684,-1.5356481139392064,0.1954237228917229,0.85,10.767963328026138,62,11,fitted,SMALL MEDINA STAMPED METAL BOWL ,Kitchen & Dining,108
84864A,-2.314681272087272,,6.75,1.3333333333333333,3,1,category_fallback_insufficient_price_variation,PINK PAISLEY PHOTO ALBUM,General Giftware,3
22480,-2.375411544782531,,1.25,36.19402985074627,67,12,category_fallback_implausible_fit,RED TEA TOWEL CLASSIC DESIGN,Home Decor,287
21043,-1.8524857699922737,0.6081224445935062,5.95,3.283396934700951,49,21,fitted,APRON MODERN VINTAGE COTTON,Kitchen & Dining,142
37464,-2.329952956515042,0.3314317927189864,1.41875,6.346020833765058,34,16,fitted,ROBOT MUG IN DISPLAY BOX,Kitchen & Dining,84
79337,-1.2643898529630644,0.2654541129841864,0.38,33.764529573240935,19,7,fitted,BLUE FLOCK GLASS CANDLEHOLDER,Lighting & Candles,22
23017,-1.6950974262848952,,12.5,4.0,16,4,category_fallback_implausible_fit,APOTHECARY MEASURING JAR,Jewellery & Accessories,21
21146,-4.435347517318546,0.523915082627211,1.95,34.72636040761304,17,9,fitted,ANTIQUE GLASS RIDGED HANGING BALL,Bottles & Glassware,59
35966,-1.611396576766761,0.566976848784995,0.38,13.068479862133108,18,5,fitted,FOLKART CHRISTMAS TREE T-LIGHT HOLD,Christmas & Seasonal,26
21984,-3.1562502449898795,0.3327874733713338,0.29,83.49795207167706,101,52,fitted,PACK OF 12 PINK PAISLEY TISSUES ,General Giftware,460
23176,-6.595687642477128,0.4271469014152994,2.25,36.82395941970013,41,24,fitted,ABC TREASURE BOOK BOX ,Storage & Boxes,228
22305,-3.290142533408214,0.3626350826683651,2.55,10.018094832228911,81,19,fitted,COFFEE MUG PINK PAISLEY DESIGN,Kitchen & Dining,145
84086C,-3.692391797022046,0.3577008754591483,2.9500000000000006,5.205599484496087,49,15,fitted,PINK/PURPLE RETRO RADIO,General Giftware,94
20776,-0.7026819355414687,0.0141287415381478,1.65,4.4527933172990455,29,9,fitted,ABSTRACT CIRCLES NOTEBOOK,Cards & Stationery,85
85098B,-1.3872110689234307,0.1477714611142532,3.75,6.205112611670362,43,12,fitted,BLUE FLYING SINGING CANARY,General Giftware,113
22165,-1.7835496259894632,0.3789071918211065,11.990833333333333,4.545765262857152,88,45,fitted,"DIAMANTE HEART SHAPED WALL MIRROR, ",Home Decor,282
23133,-4.720347280170882,0.6537616957194814,8.25,13.446766348181615,33,21,fitted,LARGE IVORY HEART WALL ORGANISER,General Giftware,155
47569,-2.4405677367344385,,2.55,1.0,1,1,category_fallback_insufficient_price_variation,ENGLISH ROSE DESIGN SHOPPING BAG,Bags,1
22352,-5.089144601435907,0.5946630620893009,2.654583333333333,53.69982098100581,104,97,fitted,LUNCH BOX WITH CUTLERY RETROSPOT ,Kitchen & Dining,1160
20738,-3.7311826078141817,0.2917727919576216,0.85,21.471266474495614,37,14,fitted,GREEN MINI TAPE MEASURE ,General Giftware,74
72812,-1.641631381889909,0.3995652920197693,4.13,1.755042421245664,25,5,fitted,LARGE ZINC GLASS CANDLEHOLDER,Lighting & Candles,30
20723,-0.1680073613389127,0.0058430618189039,1.0163031064412973,152.18457138130503,104,102,fitted,STRAWBERRY CHARLOTTE BAG,Bags,1418
21734,-0.2026801314858099,0.0055726124881025,5.651755555555556,6.06361443835774,12,9,fitted,SMALL MARAKESH LANTERN ON STICK,Lighting & Candles,31
10134,-4.64265924428154,0.2468934508337947,1.25,9.644926451803231,29,3,fitted,COLOURING PENCILS BROWN TUBE,Jewellery & Accessories,55
85039C,-1.5717070826802253,0.4489744274324452,1.6349999999999998,3.231840359719888,62,19,fitted,S/4 BLACK MINI ROSE CANDLE IN BOWL,Lighting & Candles,121
84858A,-2.4405677367344385,,5.95,2.75,4,1,category_fallback_insufficient_price_variation,NATURAL RIVIERA HANDBAG,Bags,6
22203,-1.9728036519568517,0.1749501425211215,3.9928235294117647,9.057503150941004,98,49,fitted,MILK PAN RED RETROSPOT,General Giftware,401
21609,-8.806786673263659,0.1756679469636954,2.95,8.914973698341907,77,19,fitted,SET 12 LAVENDER  BOTANICAL T-LIGHTS,Lighting & Candles,228
23554,-2.375411544782531,,12.5,53.0,8,7,category_fallback_implausible_fit,LANDMARK FRAME OXFORD STREET,Home Decor,59
21579,-2.2176285968157834,0.4337261851173597,2.25,6.059951091203748,70,24,fitted,LOLITA  DESIGN  COTTON TOTE BAG,Bags,147
16014,-2.314681272087272,,0.42,506.1666666666667,60,14,category_fallback_implausible_fit,SMALL CHINESE STYLE SCISSOR,General Giftware,97
20958,-2.314681272087272,,1.95,2.888888888888889,9,1,category_fallback_insufficient_price_variation,PORCELAIN HANGING BELL LARGE,General Giftware,9
23503,-2.314681272087272,,1.25,268.25,12,6,category_fallback_insufficient_price_variation,PLAYING CARDS KEEP CALM & CARRY ON,General Giftware,340
84782C,-1.8133887869953464,0.6488924953008983,12.75,1.491389856880485,15,4,fitted,GREEN 3 TIER GLASS PLATE STAND,Kitchen & Dining,18
84984B,-2.9513585853560187,0.8102558617120729,4.65,2.873129783356105,13,3,fitted,RED PEONY CUSHION COVER ,Home Decor,16
23504,-2.314681272087272,,1.2615279920152438,139.41666666666666,12,10,category_fallback_insufficient_price_variation,PLAYING CARDS JUBILEE UNION JACK,General Giftware,218
21827,-2.225607898054763,0.0903105895631283,1.25,11.46022171438583,46,10,fitted,EIGHT PIECE CREEPY CRAWLIE SET,General Giftware,146
84966A,-2.375411544782531,,20.0,2.0,2,1,category_fallback_insufficient_price_variation,PINK KASHMIRI BOXED MIRROR,Home Decor,2
44230,-0.4186135161260989,0.0077138213364358,7.95,6.693044981210532,26,14,fitted,SQUARE MIRROR CURTAIN,Home Decor,52
90144,-1.6950974262848952,,3.75,1.8928571428571428,28,7,category_fallback_insufficient_price_variation,SILVER DROP EARRINGS WITH FLOWER,Jewellery & Accessories,33
21358,-1.375225665322416,0.0648899743559282,1.25,8.439195349871284,87,28,fitted,TOAST ITS - HAPPY BIRTHDAY,General Giftware,227
21173,-2.375411544782531,,1.8206666666666664,22.0,15,11,category_fallback_implausible_fit,LOO ROLL  METAL SIGN ,Home Decor,78
79301,-2.278947917977102,,2.95,1.0,1,1,category_fallback_insufficient_price_variation,FEATHER HEART LIGHTS,Lighting & Candles,1
84613C,-2.278947917977102,,4.65,2.7,10,1,category_fallback_insufficient_price_variation,BLUE NEW BAROQUE FLOCK CANDLESTICK,Lighting & Candles,12
35981C,-0.860540765162475,0.1483802550307243,0.38,15.075952819977708,21,7,fitted,WHITE SNOW SCANDINAVIAN STOCKING ,General Giftware,73
17109A,-2.406526768462648,0.8169387349585617,1.69,4.819944055819219,9,4,fitted,FLOWER FAIRY INCENSE LILY,General Giftware,13
90126A,-1.985967411665547,0.4129752731272819,1.6900000000000002,3.914867641168863,5,3,fitted,PINK BERTIE MOBILE PHONE CHARM,General Giftware,6
20714,-2.673271553141177,0.8200351978974416,0.3928947368421052,355.0127207509872,5,4,fitted,POSY SHOPPER BAG,Bags,28
22171,-4.277334017578716,0.3014522492569933,8.5,17.053012982954808,101,60,fitted,3 HOOK PHOTO SHELF ANTIQUE WHITE,General Giftware,679
21062,-2.4769528022769576,0.0665582424153082,0.85,9.877827695491758,71,9,fitted,PARTY INVITES SPACEMAN,General Giftware,138
22665,-2.358515379548244,0.3101179684083905,3.28160759493671,33.73534518228718,72,68,fitted,RECIPE BOX BLUE SKETCHBOOK DESIGN,Home Decor,731
90179A,-1.6950974262848952,,5.95,1.3333333333333333,9,3,category_fallback_insufficient_price_variation,AMBER FINE BEAD NECKLACE W TASSEL,Jewellery & Accessories,9
90038C,-1.6950974262848952,,3.75,2.25,8,3,category_fallback_insufficient_price_variation,GLASS AND BEADS BRACELET IVORY,Jewellery & Accessories,8
20899,-3.114237677208787,,2.95,4.4,10,2,category_fallback_insufficient_price_variation,VINTAGE NOTEBOOK RED ROSE,Cards & Stationery,13
82615,-3.5775954798085023,0.2360675789052715,2.95,7.518083463061145,33,16,fitted,PINK MARSHMALLOW SCARF KNITTING KIT,General Giftware,92
21462,-1.5194429773043523,0.1766875074598385,6.75,3.509247397333158,82,13,fitted,"NURSERY A,B,C PAINTED LETTERS",General Giftware,180
84795b,-2.314681272087272,,16.63,1.3571428571428572,14,2,category_fallback_insufficient_price_variation,SUNSET CHECK HAMMOCK,General Giftware,17
22920,-1.9295108554332003,0.0611819167829493,0.6620987654320989,24.85665208900802,49,28,fitted,HERB MARKER BASIL,General Giftware,271
90210D,-2.0750181863871955,0.4698181043895693,2.95,2.196729855554452,16,8,fitted,PURPLE ACRYLIC FACETED BANGLE,General Giftware,24
84219,-2.582768898406496,,2.55,15.444444444444445,9,4,category_fallback_implausible_fit,BOX/12 MOTHER & CHICK IN BASKET/BOW,Storage & Boxes,30
23449,-2.55654479163404,,1.25,12.0,1,1,category_fallback_insufficient_price_variation,SET OF 6 EASTER RAINBOW CHICKS,Christmas & Seasonal,1
90164A,-1.3531091463081997,0.6881184057432921,7.64,1.3569657278767937,20,6,fitted,PINK ROSEBUD PEARL BRACELET,Jewellery & Accessories,25
23403,-3.2036474646621693,0.3781393368583896,3.9870486815415824,28.956507711851515,14,13,fitted,LETTER HOLDER HOME SWEET HOME,General Giftware,134
84600,-1.0833451850813185,0.1373577399494989,7.95,2.468420618439309,36,11,fitted,NEW BAROQUE JEWELLERY BOX ,Jewellery & Accessories,52
21882,-1.8644444980255532,0.3649435847890234,0.65,7.4911717777125135,63,19,fitted,SKULLS TAPE,General Giftware,128
47503J ,-2.4405677367344385,,16.13,1.0,1,1,category_fallback_insufficient_price_variation,SET/3 FLORAL GARDEN TOOLS IN BAG,Bags,1
85099c,-2.4405677367344385,,5.06,5.333333333333333,3,1,category_fallback_insufficient_price_variation,JUMBO  BAG BAROQUE BLACK WHITE,Bags,9
20894,-1.661405933795942,0.1588506386312417,2.95,4.77489555935619,43,12,fitted,HANGING BAUBLE T-LIGHT HOLDER LARGE,Lighting & Candles,91
21640,-1.5877070363167622,0.0693767829273315,0.8561832061068703,17.767659317541444,80,37,fitted,ASSORTED TUTTI FRUTTI  FOB NOTEBOOK,Cards & Stationery,223
84520B,-3.944990946961178,0.2151193790272385,0.9023125,71.50585523676548,64,56,fitted,PACK 20 ENGLISH ROSE PAPER NAPKINS,General Giftware,747
22416,-2.994018909678464,0.0931584032422728,1.45,10.507499058912074,82,20,fitted,SET OF 36 DOILIES SPACEBOY DESIGN ,Home Decor,179
20940,-2.278947917977102,,2.9153234265734262,59.0,2,2,category_fallback_insufficient_price_variation,SET/6 GARDEN GNOME T-LIGHT CANDLES,Lighting & Candles,22
21399,-1.734232550795128,0.7274670335729283,2.1,6.625841439660031,53,18,fitted,BLUE POLKADOT COFFEE MUG,Kitchen & Dining,120
20990,-3.1118886715485607,0.1789382314356139,1.95,20.414347836954157,26,12,fitted,SPRING FLOWER CHOPSTICKS SET/5,Jewellery & Accessories,106
22233,-0.9990523611178088,0.1656147850769754,1.6499999999999997,6.082491149738301,68,21,fitted,JIGSAW RABBIT AND BIRDHOUSE,Garden & Outdoor,170
84347,-3.7548436072450087,0.3158828482157098,2.7886388888888884,68.11156456689156,77,55,fitted,ROTATING SILVER ANGELS T-LIGHT HLDR,Lighting & Candles,829
90163B,-1.6950974262848952,,7.5,1.5,8,3,category_fallback_insufficient_price_variation,WHITE ROSEBUD & PEARL NECKLACE,Jewellery & Accessories,8
85135C,-2.314681272087272,,7.95,3.7291666666666665,48,13,category_fallback_insufficient_price_variation,RED DRAGONFLY HELICOPTER,General Giftware,123
22757,-2.9626593528072718,0.3044410556804494,1.25,21.38623047555639,65,35,fitted,LARGE RED BABUSHKA NOTEBOOK ,Cards & Stationery,329
90000A,-2.314681272087272,,5.95,1.736842105263158,19,4,category_fallback_insufficient_price_variation,RASPBERRY ANT COPPER FLOWER NECKLAC,General Giftware,21
21924,-2.202245775538786,0.1740437623828743,7.95,5.81541850235481,35,18,fitted,BLUE/CREAM STRIPE FRINGE HAMMOCK,General Giftware,124
21348,-2.855529078646649,0.3829564732594339,2.95,8.216988003609526,47,23,fitted,PINK SPOTS CHOCOLATE NESTING BOXES ,General Giftware,137
22811,-2.430074554795613,0.28138217910701,2.9500000000000006,11.06608976936972,48,26,fitted,SET OF 6 T-LIGHTS CACTI ,Lighting & Candles,149
21784,-2.582768898406496,,9.95,4.205882352941177,68,20,category_fallback_implausible_fit,SHOE SHINE BOX ,Storage & Boxes,186
23640,-2.314681272087272,,2.49,1.125,8,1,category_fallback_insufficient_price_variation,SET 10 CARDS SCOTTIE DOG 17211,General Giftware,8
22652,-2.7191538357711607,0.0531438917339637,1.687010101010101,96.33477906746154,70,57,fitted,TRAVEL SEWING KIT,General Giftware,883
22491,-8.395234407714643,0.4404128779137083,0.85,48.15813901729104,83,30,fitted,PACK OF 12 COLOURED PENCILS,General Giftware,401
84807,-2.314681272087272,,1.69,10.333333333333334,6,2,category_fallback_insufficient_price_variation,RED POPPY ARTIFICIAL FLOWER,General Giftware,6
84912B,-2.314681272087272,,3.4944444444444445,6.7407407407407405,81,34,category_fallback_implausible_fit,GREEN ROSE WASHBAG,General Giftware,267
79030D,-0.9026614334800686,0.5421180431215218,0.8048351648351648,14.81947880399569,38,16,fitted,TUMBLER BAROQUE,General Giftware,64
22364,-2.6136293557347603,0.2925793491786038,3.263918128654971,11.88495100500636,86,52,fitted,GLASS JAR DIGESTIVE BISCUITS,Bottles & Glassware,353
90013A,-1.6950974262848952,,3.81,2.2264150943396226,53,11,category_fallback_insufficient_price_variation,MIDNIGHT BLUE VINTAGE EARRINGS,Jewellery & Accessories,79
35599B,-0.9645401243988152,0.3441822319541102,6.426,3.602868987151186,29,10,fitted,BLACK CHRISTMAS TREE 120CM,Christmas & Seasonal,54
22585,-8.42263102344497,0.4668263530589334,1.25,118.3106868675137,91,67,fitted,PACK OF 6 BIRDY GIFT TAGS,General Giftware,1198
22899,-4.397926094493895,0.3378330886005443,2.1000000000000005,35.9972136741586,62,43,fitted,CHILDREN'S APRON DOLLY GIRL ,Kitchen & Dining,442
21212,-1.6487946947537206,0.2843566841286856,0.539369363764856,820.7120170354273,104,104,fitted,PACK OF 72 RETROSPOT CAKE CASES,General Giftware,3269
22528,-3.2826773600815504,0.6615745848018488,1.2786605110043006,149.53453113001052,36,28,fitted,GARDENERS KNEELING PAD,Garden & Outdoor,563
84879,-2.375411544782531,,1.6483363097957453,783.0961538461538,104,84,category_fallback_implausible_fit,ASSORTED COLOUR BIRD ORNAMENT,Home Decor,2913
20967,-2.7971509958053926,0.1455299950630294,3.75,9.98639674004881,67,12,fitted,GREY FLORAL FELTCRAFT SHOULDER BAG,Bags,324
21307,-1.6323149102289929,0.5220194867174642,2.1,4.147590890868523,37,13,fitted,SET/4 BUTTERFLY MIRROR MAGNETS,Home Decor,76
22677,-2.759596295703522,0.3232111133816017,1.3154054054054054,21.294052850735326,63,34,fitted,FRENCH BLUE METAL DOOR SIGN 2,Home Decor,282
47503J,-1.8975486420153251,0.2615702763673222,7.950000000000001,6.780692538528516,37,18,fitted,SET/3 FLORAL GARDEN TOOLS IN BAG,Bags,76
22027,-4.9012430659415065,0.5546236385703636,0.4270491803278689,95.25564277542964,103,77,fitted,TEA PARTY BIRTHDAY CARD,Cards & Stationery,858
22057,-2.0066338266767247,0.3164967370548125,1.49,19.781276582071147,81,45,fitted,CERAMIC PLATE STRAWBERRY DESIGN,Kitchen & Dining,264
47504G,-1.2588544352135544,0.2097047958106113,1.25,7.595395307278912,20,7,fitted,ENGLISH ROSE TAPE MEASURE,General Giftware,57
90108,-1.6856018013486318,0.3391749971029126,1.05,5.076356898475528,18,3,fitted,BLUE BLOSSOM HAIR CLIP,General Giftware,21
84997b,-2.45291949563188,,8.29,10.549019607843135,51,6,category_fallback_implausible_fit,CHILDRENS CUTLERY RETROSPOT RED ,Kitchen & Dining,89
23139,-1.5096761933513416,0.2556650007431849,1.45,6.636594541448635,22,7,fitted,SINGLE WIRE HOOK PINK HEART,General Giftware,29
23557,-2.375411544782531,,12.5,43.75,8,4,category_fallback_implausible_fit,LANDMARK FRAME BAKER STREET ,Home Decor,32
84750B,-0.7634832230005596,0.147212429491412,1.95,9.021013367710763,40,17,fitted,BLACK SMALL GLASS CAKE STAND,Bottles & Glassware,78
85067,-3.3579113506758147,0.2662500269688619,18.95,5.47638779029092,50,20,fitted,CREAM SWEETHEART WALL CABINET,General Giftware,180
10002R,-2.314681272087272,,5.17,1.5,2,1,category_fallback_insufficient_price_variation,ROBOT PENCIL SHARPNER,General Giftware,2
17165D,-2.314681272087272,,1.05,16.357142857142858,42,6,category_fallback_implausible_fit,ASS COL LARGE SAND FROG P'WEIGHT,General Giftware,97
17181,-1.8687373182723277,0.6887188845639092,3.554,4.075800447887225,27,15,fitted,CIRCLE OF FRIENDS CANDLE HOLDER,Lighting & Candles,68
37112,-2.314681272087272,,3.75,2.5,4,1,category_fallback_insufficient_price_variation,YELLOW BIRDS FELT DES FOODCOVER,General Giftware,6
47570B,-3.849421781349148,0.4028307687901716,10.65,9.684875168940536,63,28,fitted,TEA TIME TABLE CLOTH,General Giftware,229
90124B,-1.6950974262848952,,9.96,1.7391304347826086,23,5,category_fallback_insufficient_price_variation,BLUE MURANO TWIST NECKLACE,Jewellery & Accessories,31
84797b,-2.314681272087272,,11.02,3.5,6,3,category_fallback_insufficient_price_variation,BLUE SAVANNAH PICNIC HAMPER FOR 4,General Giftware,19
20905,-2.582768898406496,,6.35,3.333333333333333,3,1,category_fallback_insufficient_price_variation,VINTAGE KEEPSAKE BOX BEAUTY GIRL,Storage & Boxes,4
23034,-2.5226234681050266,0.3553833793712486,1.4500000000000002,35.2828522282403,25,13,fitted,DRAWER KNOB CERAMIC BLACK,General Giftware,92
23054,-2.2533853126072323,0.2821441843961625,8.25,8.104114969971915,35,14,fitted,RECYCLED ACAPULCO MAT LAVENDER,General Giftware,130
72140E,-4.174626857028688,0.2770230128676296,0.85,3.1009573497104874,24,5,fitted,BEST DAD CANDLE LETTERS,Lighting & Candles,29
21529,-3.282638765228138,0.2538617274790816,3.528484848484849,12.095108205155505,34,22,fitted,RETRO SPOT CERAMIC TOASTRACK,General Giftware,156
72484,-2.27049039290325,0.6104731655250446,0.6190322580645161,120.0215542285793,11,10,fitted,ROSES IN WHITE HEART CANDLE ,Lighting & Candles,66
79157V,-2.278947917977102,,0.85,1.6666666666666667,3,1,category_fallback_insufficient_price_variation,UBO-LIGHT TRIOBASE PURPLE,Lighting & Candles,3
21025,-1.967160670933327,0.3312576903763208,1.25,7.327650285162256,36,15,fitted,SPACE FROG,General Giftware,84
84601A,-3.7064070688313593,0.1279906242943636,2.95,6.647067942509922,12,4,fitted,NEW BAROQUE IVORY CUSHION COVER ,Home Decor,13
22496,-2.1304412261002907,0.1780438861182933,2.95,5.301600909716378,80,20,fitted,SET OF 2 ROUND TINS DUTCH CHEESE,General Giftware,198
22612,-3.8605245204703063,0.2352807106225229,3.75,19.79796391172692,24,14,fitted,TEA COSY VINTAGE UNION JACK,General Giftware,111
21123,-2.611896951806718,0.1642156974772788,1.25,17.806284547987364,89,24,fitted,SET/10 IVORY POLKADOT PARTY CANDLES,Lighting & Candles,263
90042B,-1.6950974262848952,,2.55,3.4,5,1,category_fallback_insufficient_price_variation,FRESHWATER PEARL BRACELET PINK,Jewellery & Accessories,6
84406B,-4.93329167698843,0.5611181668068943,3.4084,52.313573174350005,102,82,fitted,CREAM CUPID HEARTS COAT HANGER,General Giftware,880
22149,-4.209907402616524,0.2554365469019485,2.1000000000000005,95.68175791824768,98,82,fitted,FELTCRAFT 6 FLOWER FRIENDS,General Giftware,1468
22182,-1.4812878513560042,0.2201159035909492,4.54,4.236495009946444,69,25,fitted,CAKE STAND VICTORIAN FILIGREE SMALL,General Giftware,180
79403,-1.8761937236057076,0.2653174573804479,0.85,7.120308267677432,27,10,fitted,FROSTED WHITE BASE ,General Giftware,37
84782A,-1.813809946225143,0.490861608791061,12.75,2.093097034079962,16,5,fitted,PINK 3 TIER GLASS PLATE STAND,Kitchen & Dining,26
22553,-5.254602908686008,0.3271795555244864,1.6760406091370557,73.23502686574246,89,67,fitted,PLASTERS IN TIN SKULLS,Storage & Boxes,1174
22085,-4.105590123312729,0.2660930826898023,2.9500000000000006,11.33603470220994,92,29,fitted,PAPER CHAIN KIT SKULLS ,General Giftware,232
23437,-5.506513051449383,0.1156106581153392,1.260221289386401,84.28433297782165,16,10,fitted, 50'S CHRISTMAS GIFT BAG LARGE,Christmas & Seasonal,130
84415A,-0.6577324383928645,0.2301464130749734,3.75,2.9129506302439405,6,2,fitted,PINK FLOCK SUEDE CUSHION COVER ,Home Decor,6
84933A,-2.0456481274460336,0.8795096323428673,3.408333333333333,17.75916693144805,4,3,fitted,LARGE GREEN PEONY FOLDING STOOL,General Giftware,6
21898,-0.0938971239875565,5.2665859520795166e-05,2.95,7.439287145103686,44,12,fitted,POTTING SHED ROSE CANDLE,Lighting & Candles,119
37508,-2.314681272087272,,2.55,3.3703703703703702,27,1,category_fallback_insufficient_price_variation,NEW ENGLAND CERAMIC CAKE SERVER,General Giftware,47
85124a,-2.375411544782531,,5.06,1.25,8,1,category_fallback_insufficient_price_variation,PINK JUICY FRUIT PHOTO FRAME,Home Decor,9
90164B,-0.6494507644420877,0.2518396059474637,7.64,1.3845270689450428,32,5,fitted,WHITE  ROSEBUD PEARL BRACELET,Jewellery & Accessories,35
17174,-2.314681272087272,,0.42,6.0,6,2,category_fallback_insufficient_price_variation,ASSTD RASTA KEY-CHAINS,General Giftware,7
79051A,-1.0317408117575009,0.4950081291229204,0.4507272727272727,16.348884715581473,38,9,fitted,SMOKEY GREY COLOUR D.O.F. GLASS,Bottles & Glassware,62
22970,-8.285019057840241,0.6135778383296128,2.55,38.92914185448707,50,34,fitted,LONDON BUS COFFEE MUG,Kitchen & Dining,324
22304,-3.63589364690081,0.4143689105789411,2.55,13.307061468354842,75,26,fitted,COFFEE MUG BLUE PAISLEY DESIGN,Kitchen & Dining,174
22631,-5.080121360156053,0.3670969747465445,2.0275526695526693,63.319548779485366,76,74,fitted,CIRCUS PARADE LUNCH BOX ,Storage & Boxes,690
17136A,-2.583334502235826,0.7574411069313943,0.08,30.153396504130985,28,4,fitted,BLUE STONES ON WIRE FOR CANDLE,Lighting & Candles,37
79302M,-3.127934887347036,0.5125911659045926,2.9500000000000006,7.578888772484486,63,22,fitted,"ART LIGHTS,FUNK MONKEY",Lighting & Candles,114
35809a,-2.314681272087272,,4.13,1.1,10,2,category_fallback_insufficient_price_variation,ENAMEL PINK TEA CONTAINER,General Giftware,11
21544,-3.2149720689248915,0.183371572310641,0.8547586206896551,44.31059423931822,102,59,fitted,SKULLS  WATER TRANSFER TATTOOS ,General Giftware,522
21731,-3.6096563716477807,0.3046115737098778,1.722253521126761,204.46189852020063,103,99,fitted,RED TOADSTOOL LED NIGHT LIGHT,Lighting & Candles,1585
22374,-0.8102255194281376,0.0448797409633962,4.680353535353536,9.373653848744263,92,51,fitted,AIRLINE BAG VINTAGE JET SET RED,Bags,445
21877,-3.193982404455204,0.1548016900900204,1.25,69.9701721992417,101,68,fitted,HOME SWEET HOME MUG,Kitchen & Dining,767
21689,-2.033867408163513,0.1628661841620141,3.75,4.741538611922675,42,5,fitted,SILVER VANILLA  FLOWER CANDLE POT,Lighting & Candles,64
22342,-1.985789181021814,0.4840424090337196,1.653333333333333,10.679778248825391,93,34,fitted,HOME GARLAND PAINTED ZINC ,General Giftware,236
22216,-2.402129923342672,0.3846426201482921,0.85,17.424689183988015,65,24,fitted,T-LIGHT HOLDER WHITE LACE,Lighting & Candles,121
21344,-2.0173715783847195,0.7236548118840214,9.95,1.7334443508815165,22,3,fitted,MOROCCAN BEATEN METAL DISH,General Giftware,25
21300,-1.7342471091114244,0.8491152759789266,12.75,21.354156504062612,3,2,fitted,ANTIQUE EDWARDIAN DRESSER,General Giftware,11
16169N,-1.4021541005106006,0.3038978321468103,0.42,39.678703539034046,29,3,fitted,WRAP BLUE RUSSIAN FOLKART,General Giftware,57
23373,-2.204911754058993,0.0686845072204901,0.8298780487804878,57.78861705721796,18,12,fitted,VINTAGE CHRISTMAS PAPER GIFT BAG,Christmas & Seasonal,100
17021,-2.314681272087272,,0.3,82.14814814814815,54,7,category_fallback_implausible_fit,NAMASTE SWAGAT INCENSE,General Giftware,102
47593A,-0.6096028981668778,0.0505028944265438,1.1736363636363638,3.062955820000559,44,11,fitted,CAROUSEL DESIGN BABY BIB,Home Decor,99
21205,-1.4651233031095017,0.1272615070971663,2.55,6.489588780486488,79,21,fitted,MULTICOLOUR 3D BALLS GARLAND,General Giftware,158
22052,-7.438123512718061,0.0982264307637663,0.42,50.21679594802032,56,5,fitted,VINTAGE CARAVAN GIFT WRAP,Cards & Stationery,131
85132b,-2.314681272087272,,8.29,1.5,6,1,category_fallback_insufficient_price_variation,CHARLIE AND LOLA TABLE TINS,General Giftware,9
16207B,-3.033665422874753,0.4767699633975023,2.46,4.661720117027206,19,7,fitted,PINK HEART RED HANDBAG,Bags,45
84993B,-0.2174457808102584,0.0006243559295217,0.42,5.993958824513793,46,8,fitted,75 BLACK PETIT FOUR CASES,General Giftware,89
22634,-3.840129954187124,0.239251189781796,9.836428571428572,13.935035744657812,81,51,fitted,CHILDS BREAKFAST SET SPACEBOY ,General Giftware,523
85114a,-2.314681272087272,,3.29,3.8461538461538463,13,3,category_fallback_insufficient_price_variation,BLACK ENCHANTED FOREST PLACEMAT,General Giftware,16
23135,-6.199401563238382,0.7019316566528309,5.75,4.091712778028163,23,9,fitted,SMALL ZINC HEART WALL ORGANISER,General Giftware,45
72793,-2.278947917977102,,5.95,6.111111111111111,9,3,category_fallback_implausible_fit,BLACK BOX MIRROR LANTERN,Lighting & Candles,10
23374,-8.392228711474136,0.5743872873485802,0.82,97.31271677732975,19,12,fitted,RED SPOT PAPER GIFT BAG,Bags,131
21988,-5.011960645831119,0.3897821510312073,0.85,36.32370478610844,101,53,fitted,PACK OF 6 SKULL PAPER PLATES,Kitchen & Dining,427
90037B,-1.6950974262848952,,2.545,2.8,10,3,category_fallback_insufficient_price_variation,TINY CRYSTAL BRACELET GREEN,Jewellery & Accessories,10
23309,-3.442450119010302,0.4686924606256474,0.494890560875513,289.3418549413946,28,28,fitted,SET OF 60 I LOVE LONDON CAKE CASES ,General Giftware,428
84593,-2.314681272087272,,2.95,3.7142857142857135,7,1,category_fallback_insufficient_price_variation,CROCHET ROSE DES CLOTHES HANGER,General Giftware,9
21723,-3.097587898066874,0.3623515960829858,0.85,10.677399458607322,71,19,fitted,ALPHABET HEARTS STICKER SHEET,Cards & Stationery,142
84827,-1.292754929826912,0.1370210501977585,0.65,14.091492862413649,23,4,fitted,ASS DES PHONE SPONGE CRAFT STICKER,Cards & Stationery,38
20749,-6.057941787909451,0.3143692507843332,7.472933333333334,22.259658831250952,102,60,fitted,ASSORTED COLOUR MINI CASES,General Giftware,797
22127,-1.4954392702942985,0.2647815128092354,1.25,38.08166930955085,58,15,fitted,PARTY CONES CARNIVAL ASSORTED,General Giftware,162
84625D,-1.8701388820182008,0.6414125735706435,1.330219298245614,18.705732380753737,26,12,fitted,WHITE NEWBAROQUE CANDLESTICK CANDLE,Lighting & Candles,53
23175,-5.092455351446779,0.3504276525975727,3.25,65.16407991071851,29,26,fitted,REGENCY MILK JUG PINK ,General Giftware,332
84867b,-2.314681272087272,,13.57,2.0,1,1,category_fallback_insufficient_price_variation,BLUE BABY BOY'S PHOTO ALBUM,General Giftware,1
22439,-4.009697399878362,0.3165077328302439,0.6500000000000001,43.84398385461728,83,40,fitted,6 ROCKET BALLOONS ,General Giftware,383
84673B,-0.6599993800122703,0.0383416381840044,0.776,3.90064906997082,68,21,fitted,BLUE FLY SWAT,General Giftware,139
85162B,-2.278947917977102,,1.95,88.81818181818181,11,3,category_fallback_insufficient_price_variation,BLACK RETRODISC LAMPSHADE,Lighting & Candles,13
90002C,-1.6950974262848952,,3.75,2.5384615384615383,13,6,category_fallback_insufficient_price_variation,FLOWER BURST SILVER RING MIDN'T BLU,Jewellery & Accessories,19
20835,-0.7733523447836413,0.8341822904529247,0.83,10.456391576387984,9,4,fitted,FRENCH LATTICE CUSHION COVER ,Home Decor,11
90060F,-2.2316348529077747,,5.94,1.9333333333333331,15,4,category_fallback_insufficient_price_variation,FIRE POLISHED GLASS NECKL GREEN,Bottles & Glassware,19
85144,-1.974868560449228,0.6921360679470465,7.25,2.418899858461439,36,6,fitted,JARDIN ETCHED GLASS CHEESE DISH,Bottles & Glassware,76
23442,-2.314681272087272,,2.08,10.5,4,2,category_fallback_insufficient_price_variation,12 HANGING EGGS HAND PAINTED,General Giftware,10
23150,-1.6701974646235165,0.1134769072548813,2.49,5.159291008840507,25,8,fitted,IVORY SWEETHEART SOAP DISH,Bath & Body,49
90175B,-1.6950974262848952,,9.15,1.565217391304348,23,5,category_fallback_insufficient_price_variation,PINK GLASS CHUNKY CHARM BRACELET,Jewellery & Accessories,27
84712B,-1.6950974262848952,,7.95,2.475,40,8,category_fallback_insufficient_price_variation,PINK JEWELLED PHOTO FRAME,Jewellery & Accessories,60
84927E,-1.0390580607995692,0.524612698952954,2.1,2.7308914669418627,24,7,fitted,FLOWERS TILE HOOK,General Giftware,30
21523,-3.17382299231526,0.448160847727978,7.741538461538461,39.18436096217531,102,99,fitted,DOORMAT FANCY FONT HOME SWEET HOME,General Giftware,1143
20747,-3.122245734066965,0.2049464389014568,13.607627118644066,22.803370269642805,21,17,fitted,PICCADILLY TEA SET,General Giftware,109
84507B,-2.809963769056373,0.6329849344485938,2.55,5.2636242520572125,57,15,fitted,STRIPES DESIGN MONKEY DOLL,Home Decor,114
21031,-0.9093191469468934,0.0600732850597994,1.25,3.010057218260668,30,7,fitted,SPACE CADET BLACK,General Giftware,42
72783,-2.278947917977102,,2.1,5.375,8,1,category_fallback_insufficient_price_variation,BLACK SIL'T SQU CANDLE PLATE ,Lighting & Candles,9
22997,-4.564584594053326,0.2614444756737951,0.4247071723426213,58.98572509395167,42,24,fitted,TRAVEL CARD WALLET UNION JACK,Cards & Stationery,226
23559,-2.314681272087272,,2.349428571428572,36.285714285714285,14,13,category_fallback_implausible_fit,WOODLAND BUNNIES LOLLY MAKERS,General Giftware,125
84569B,-2.651802187208236,0.2573681481382641,1.25,7.848322061494895,41,8,fitted,PACK 3 FIRE ENGINE/CAR PATCHES,General Giftware,84
23480,-2.6537745940458115,0.27595368497933,3.868449616333705,197.11824703639647,8,8,fitted,MINI LIGHTS WOODLAND MUSHROOMS,Lighting & Candles,220
21111,-2.395717795290118,0.520724695178158,2.9500000000000006,10.526381068257564,71,36,fitted,"SWISS ROLL TOWEL, CHOCOLATE  SPOTS",Bath & Body,226
21897,-1.2219141378025675,0.0104484592320601,2.95,8.279424712796187,42,9,fitted,POTTING SHED CANDLE CITRONELLA,Lighting & Candles,112
23436,-4.648711282882825,0.3092987362853236,1.259453125,73.96181060745647,18,13,fitted,VINTAGE CHRISTMAS GIFT BAG LARGE ,Christmas & Seasonal,114
35610B,-2.6920027956726518,0.4043609401328192,1.25,5.09536434277213,11,2,fitted,BLACK CHRISTMAS FLOCK DROPLET ,Christmas & Seasonal,14
84754,-4.658083264186161,0.6651433765094503,1.25,39.833922163857245,48,16,fitted,S/15 SILVER GLASS BAUBLES IN BAG,Bags,241
84875D,-2.0626327893090077,0.4100026800939319,1.25,13.035509927071107,16,4,fitted,BLUE SQUARE COMPACT MIRROR,Home Decor,37
35645,-0.637858743349845,0.0772754758153919,4.25,2.3457144523647138,24,6,fitted,VINTAGE BEAD PINK JEWEL BOX,Jewellery & Accessories,34
85020,-1.8390369316073705,0.1852936513187669,2.1,4.338792748641338,42,10,fitted,ROUND PINK HEART MIRROR,Home Decor,61
85177,-2.2105010167047405,0.0780440504140628,0.85,14.174252022370736,72,19,fitted,BASKET OF FLOWERS SEWING KIT,Storage & Boxes,148
23074,-1.7816852598694612,0.3090163849260835,2.148333333333333,16.841604107674566,14,10,fitted,EMBOSSED HEART TRINKET BOX,Storage & Boxes,49
35961,-3.623617665300369,0.3321358515650228,0.9116216216216216,60.33593551523665,102,83,fitted,FOLKART ZINC HEART CHRISTMAS DEC,Christmas & Seasonal,668
22212,-2.487882068157213,0.1214493693527928,2.2035,31.466683630805388,104,78,fitted,FOUR HOOK  WHITE LOVEBIRDS,General Giftware,870
22792,-3.2453379028205327,0.2888032772531492,0.928,45.89335611954704,55,38,fitted,FLUTED ANTIQUE CANDLE HOLDER,Lighting & Candles,280
84685,-1.9878097928390777,0.605125106253759,5.04,3.854201422990666,53,19,fitted,BEACH HUT KEY CABINET,General Giftware,129
23561,-3.114237677208787,,2.940877192982456,36.66666666666666,3,3,category_fallback_insufficient_price_variation,SET OF 6 RIBBONS PARTY,Cards & Stationery,15
22798,-3.633036364022921,0.3156678909641214,3.065918367346939,33.03481323771174,59,41,fitted,ANTIQUE GLASS DRESSING TABLE POT,Bottles & Glassware,381
21518,-3.70962854146082,0.7778141761059465,0.42,20.52128281697453,56,20,fitted,BANK ACCOUNT  GREETING  CARD ,Cards & Stationery,111
22421,-2.437522581412781,0.2200302460698862,0.473056586270872,38.55413412121359,80,63,fitted,LIPSTICK PEN FUSCHIA,Cards & Stationery,427
22456,-2.6106970923007164,0.326282686600344,5.225555555555555,34.04019004277834,89,82,fitted,NATURAL SLATE CHALKBOARD LARGE ,General Giftware,848
21391,-1.5423644751678918,0.4019284229848029,2.1,6.511450448074214,75,17,fitted,FRENCH LAVENDER SCENT HEART,General Giftware,185
85161,-1.6830029770778636,0.290451572545938,18.95,1.3762555125615068,25,6,fitted,ACRYLIC GEOMETRIC LAMP,Lighting & Candles,32
20657,-2.386041674373999,0.4273375518024332,1.25,3.948683801865424,61,12,fitted,TROPICAL LUGGAGE TAG,General Giftware,119
35648,-1.3884085648250084,0.4823112338610865,1.23,14.239154442620698,54,32,fitted,VINTAGE BEAD PINK PURSE ,General Giftware,150
84509A,-2.035595962093575,0.2021095193330114,3.75,12.669920538984927,103,52,fitted,SET OF 4 ENGLISH ROSE PLACEMATS,General Giftware,406
40046C,-2.278947917977102,,1.25,1.0,3,1,category_fallback_insufficient_price_variation,PINK BUTTERFLY PAPER LAMPSHADE,Lighting & Candles,3
23546,-2.314681272087272,,0.42,155.95238095238096,21,1,category_fallback_insufficient_price_variation,WRAP PAISLEY PARK ,General Giftware,121
23024,-2.278947917977102,,2.89,28.22222222222222,9,3,category_fallback_implausible_fit,LARGE BONNE JAM JAR  T-LIGHT HOLDER,Lighting & Candles,10
79071B,-0.4700827918725649,0.0050544831589899,2.95,2.703917942226237,38,7,fitted,ENGLISH ROSE METAL WASTE BIN,General Giftware,67
90128C,-0.6885699291948495,0.0579663466607688,1.25,2.2815417116451253,5,3,fitted,GREEN LEAVES AND BEADS PHONE CHARM,General Giftware,6
21743,-3.274708010751032,0.3309925899769788,2.9500000000000006,13.692977799124703,55,20,fitted,STAR PORTABLE TABLE LIGHT ,Lighting & Candles,203
23145,-3.435810984210347,0.1410355324016866,0.95,53.2193693309707,34,19,fitted,ZINC T-LIGHT HOLDER STAR LARGE,Lighting & Candles,170
84826,-1.445018630316074,0.2522514096647154,0.85,12.27879333598612,35,7,fitted,ASSTD DESIGN 3D PAPER STICKERS,Home Decor,65
35954,-1.2232216562380074,0.4710406467881881,0.4416176470588235,33.692463428807834,38,22,fitted,SMALL FOLKART STAR CHRISTMAS DEC,Christmas & Seasonal,127
21137,-8.89407906454319,0.272676881701472,3.490681818181818,118.95901577522562,99,80,fitted,BLACK RECORD COVER FRAME,Home Decor,646
22227,-2.582762321130106,0.2132355304430705,0.7114451827242525,46.57584634516199,104,87,fitted,HANGING HEART MIRROR DECORATION ,Home Decor,673
72771C,-2.278947917977102,,0.7792592592592592,54.0,1,1,category_fallback_insufficient_price_variation,BLACK FLOCK GOLD CANDLE,Lighting & Candles,6
23244,-7.842100903562376,0.3793196060287416,1.95,21.837723096821925,27,13,fitted,ROUND STORAGE TIN VINTAGE LEAF,Storage & Boxes,112
23162,-3.938175110723905,0.2548431905841182,3.75,31.90010102928322,32,26,fitted,REGENCY TEA STRAINER,General Giftware,176
84510e,-2.314681272087272,,2.51,2.6,5,1,category_fallback_insufficient_price_variation,SET OF 4 GREEN CAROUSEL COASTERS,General Giftware,5
37379A,-0.736816031887709,0.8041143214531896,11.02,1.334633428111361,12,5,fitted,PINK CHERRY BLOSSOM CUP & SAUCER,Kitchen & Dining,16
84926B,-2.314681272087272,,1.25,7.714285714285714,7,1,category_fallback_insufficient_price_variation,SCOTTS ROSES TILE COASTER,General Giftware,10
22296,-6.360708262579571,0.2083939726153389,1.6603636363636365,79.39302531591918,93,66,fitted,HEART IVORY TRELLIS LARGE,General Giftware,885
85114A,-1.999949219754126,0.1658108565342488,1.65,14.134695399573156,55,22,fitted,BLACK ENCHANTED FOREST PLACEMAT,General Giftware,107
16212,-0.8348347472561718,0.2841939551423599,0.65,9.86823172492048,27,6,fitted,FUNKY GIRLZ ASST MAGNETIC MEMO PAD,General Giftware,44
21904,-3.590880812524928,0.2867665011827776,2.1,4.937303921236086,57,11,fitted,HOUSE WRECKING METAL SIGN ,Home Decor,150
90021,-1.6950974262848952,,11.95,1.25,4,1,category_fallback_insufficient_price_variation,LASER CUT MULTI STRAND NECKLACE,Jewellery & Accessories,4
22537,-3.5607670933898867,0.1791224018683928,0.42,38.05363405339343,84,40,fitted,MAGIC DRAWING SLATE DINOSAUR,General Giftware,371
47579,-0.748393041889525,0.0280359424369754,2.1,3.9350461495288167,33,9,fitted,TEA TIME BREAKFAST BASKET,Storage & Boxes,57
20727,-2.010990343985939,0.1720120071447557,1.701760111822972,224.99022773829904,104,104,fitted,LUNCH BAG  BLACK SKULL.,Bags,2481
85135B,-2.314681272087272,,7.95,4.142857142857143,42,14,category_fallback_insufficient_price_variation,BLUE DRAGONFLY HELICOPTER,General Giftware,134
82616C,-2.7363846768884,0.4365811792647006,2.51,2.843541301499672,56,23,fitted,MIDNIGHT GLAMOUR SCARF KNITTING KIT,General Giftware,149
21430,-3.2688648968527594,0.3266586825353819,3.993539377289377,47.10180970925459,80,75,fitted,SET/3 RED GINGHAM ROSE STORAGE BOX,Storage & Boxes,839
90012B,-1.3131085305129198,0.9003277270652924,9.95,1.211058192846433,6,3,fitted,BLACK DROP CRYSTAL NECKLACE,Jewellery & Accessories,6
23378,-1.3049081412574974,0.0112619917808192,0.3961111111111111,154.5528060249646,15,13,fitted,PACK OF 12 50'S CHRISTMAS TISSUES,Christmas & Seasonal,184
51020A,-2.017323923384779,0.6173414587209174,1.25,2.3973369444354797,38,5,fitted,SUMMER FUN DESIGN SHOWER CAP,Home Decor,52
22744,-2.2264617903933974,0.2000139198948973,2.9500000000000006,14.458338048980869,63,28,fitted,MAKE YOUR OWN MONSOON CARD KIT,Cards & Stationery,322
23620,-2.314681272087272,,2.49,1.6666666666666667,6,1,category_fallback_insufficient_price_variation,SET 10 CARDS PERFECT POST 17090,General Giftware,7
40018E,-2.0141112549248703,0.1682631457953645,2.306842105263158,10.236236100888831,23,15,fitted,TEA TIME PAPER LANTERNS,Lighting & Candles,82
85109,-1.9681922228121087,0.8637120897277025,0.85,11.404715953829957,16,6,fitted,PINK BOUDOIR T-LIGHT HOLDER,Lighting & Candles,20
21595,-2.314681272087272,,8.56,1.8333333333333333,6,2,category_fallback_insufficient_price_variation,Dad's Cab Electronic Meter,General Giftware,11
84051,-1.6972675230776049,0.0621202147554068,0.85,10.11841950748963,42,6,fitted,ASS COLOUR GLOWING TIARAS,General Giftware,63
22812,-3.710874395487477,0.3504716228302632,2.107477693891558,84.03382497730587,38,32,fitted,PACK 3 BOXES CHRISTMAS PANNETONE,Christmas & Seasonal,513
85164B,-1.332232527108957,0.3050687729431992,12.75,4.213057759280449,29,14,fitted,BLACK BAROQUE CUCKOO CLOCK,Home Decor,65
90067B,-1.6950974262848952,,2.9500000000000006,2.6666666666666665,6,3,category_fallback_insufficient_price_variation,BROWN VINTAGE VICTORIAN EARRINGS,Jewellery & Accessories,6
37488A,-0.6804940916357254,0.4091286788297748,0.39,5.604078661310775,5,2,fitted,YELLOW PINK FLOWER DESIGN BIG BOWL,Kitchen & Dining,5
85231G,-2.6344440512588694,0.1465012139912103,0.85,11.28913528352952,85,24,fitted,ORANGE SCENTED SET/9 T-LIGHTS,Lighting & Candles,266
22573,-4.15573569547902,0.3158962285660084,0.9096600566572236,52.43835191125833,49,35,fitted,STAR WOODEN CHRISTMAS DECORATION,Christmas & Seasonal,428
84872a,-2.4405677367344385,,11.02,3.555555555555556,18,4,category_fallback_insufficient_price_variation,TEATIME FUNKY FLOWER BACKPACK FOR 2,Bags,50
21980,-4.181086159444317,0.3288517834323825,0.2949532546963739,158.90617335259563,102,70,fitted,PACK OF 12 RED RETROSPOT TISSUES ,General Giftware,697
22806,-2.9683830769158326,0.6105752808898788,2.9500000000000006,9.093054509836833,33,9,fitted,SET OF 6 T-LIGHTS WEDDING CAKE ,Lighting & Candles,60
72131,-2.275176438179128,0.5107207594107818,1.95,3.8152690612531033,34,9,fitted,COLUMBIAN CANDLE RECTANGLE,Lighting & Candles,63
22403,-1.282094133648432,0.3446582692329024,1.25,8.417091497498213,70,27,fitted,MAGNETS PACK OF 4 VINTAGE LABELS ,General Giftware,221
37370,-0.9176643152297608,0.0922073919378718,1.5006896551724136,48.518746740795486,85,63,fitted,RETRO COFFEE MUGS ASSORTED,Kitchen & Dining,561
90208,-2.314681272087272,,2.54,2.9069767441860463,43,8,category_fallback_insufficient_price_variation,PAIR OF PINK FLOWER CLUSTER SLIDE,General Giftware,69
90000D,-1.6950974262848952,,6.23,2.0,27,7,category_fallback_insufficient_price_variation,COPPER/OLIVE GREEN FLOWER NECKLACE,Jewellery & Accessories,36
23141,-1.453995636482533,0.3537642971298708,4.15,3.1502142436417904,16,8,fitted,TRIPLE WIRE HOOK PINK HEART,General Giftware,25
21581,-2.404698285768914,0.3904664961389708,2.25,6.621556935699992,74,28,fitted,SKULLS  DESIGN  COTTON TOTE BAG,Bags,214
21761,-2.2316348529077747,,29.95,3.35,20,2,category_fallback_implausible_fit,WOOD AND GLASS MEDICINE CABINET,Bottles & Glassware,26
51012L,-2.278947917977102,,1.25,5.0,2,1,category_fallback_insufficient_price_variation,"FEATHER DUSTER, LIGHT PINK",Lighting & Candles,6
90018B,-1.6950974262848952,,4.24,1.4137931034482758,29,4,category_fallback_insufficient_price_variation,GOLD M.O.P ORBIT DROP EARRINGS,Jewellery & Accessories,33
22862,-2.268630386922869,0.0470581183937407,4.4188,32.2775191611682,19,16,fitted,LOVE HEART NAPKIN BOX ,Storage & Boxes,240
22886,-1.3500695962276108,0.515910405809543,2.6766666666666663,1.859286070561559,25,8,fitted,NUMBER TILE VINTAGE FONT 7,General Giftware,29
22926,-3.1417793847077538,0.2977665879592276,5.95,21.74224101702445,25,9,fitted,IVORY GIANT GARDEN THERMOMETER,Garden & Outdoor,242
90127B,-2.314681272087272,,1.25,1.0,2,1,category_fallback_insufficient_price_variation,BLUE BEADS+HAND PHONE CHARM,General Giftware,2
35071,-2.55654479163404,,1.6159574468085105,25.0,2,2,category_fallback_insufficient_price_variation,ASSORTED SANTA CHRISTMAS DECORATION,Christmas & Seasonal,7
90030B,-1.1359847939608567,0.7531014616379067,5.94,1.3389387995841515,29,7,fitted,RED KUKUI COCONUT SEED NECKLACE,Jewellery & Accessories,37
90214R,-0.5110024723638239,0.0579548658061307,0.85,1.912386271686676,38,9,fitted,"LETTER ""R"" BLING KEY RING",Jewellery & Accessories,53
23629,-2.314681272087272,,2.49,4.0,6,1,category_fallback_insufficient_price_variation,SET 10 CARDS DRESSING UP 17077,General Giftware,10
85032D,-1.0684616495541313,0.1309213042254231,1.643125,7.869700332318359,46,24,fitted,YULETIDE IMAGES GIFT WRAP SET,Cards & Stationery,147
84559d,-3.114237677208787,,1.69,2.0,1,1,category_fallback_insufficient_price_variation,3D SHEET OF SEA WORLD STICKERS,Cards & Stationery,1
21641,-2.3857062469795034,0.5670203576759157,0.954516129032258,9.18381590025282,59,21,fitted,ASSORTED TUTTI FRUTTI KEYRING BALL,Jewellery & Accessories,116
22659,-8.863081083195206,0.4482566848812028,1.8876288462589492,142.52124794250818,76,74,fitted,LUNCH BOX I LOVE LONDON,Storage & Boxes,1158
22781,-1.739460662988462,0.1061230171790292,7.671391402714932,12.164513815096605,60,41,fitted,GUMBALL MAGAZINE RACK,General Giftware,320
21355,-3.4667563847811937,0.0977870816048699,1.25,18.595812390499603,77,35,fitted,TOAST ITS - I LOVE YOU ,General Giftware,361
84767,-2.278947917977102,,5.95,2.0,4,2,category_fallback_implausible_fit,ZINC POLICE BOX LANTERN,Lighting & Candles,5
22247,-3.192249650151312,0.3204565376050411,0.85,17.242097822933456,47,29,fitted,BUNNY DECORATION MAGIC GARDEN,Home Decor,192
22891,-1.413446244075137,0.0644116217078856,4.583157894736842,8.06093960465734,55,31,fitted,TEA FOR ONE POLKADOT,General Giftware,252
82599,-3.6676168035148304,0.3277831868511873,2.2205714285714286,26.78667175547281,73,59,fitted,FANNY'S REST STOPMETAL SIGN,Home Decor,538
17007B,-2.375411544782531,,2.1,7.666666666666667,6,1,category_fallback_insufficient_price_variation,S/3 POT POURI CUSHIONS BLUE COLOURS,Home Decor,8
84789,-2.7549161159110507,0.2775157906765978,3.75,5.201580799888245,55,15,fitted,ENCHANTED BIRD PLANT CAGE,General Giftware,127
84877D,-0.8814178687802837,0.120813727134276,3.36,1.9702271877673103,34,7,fitted,BLUE ROUND COMPACT MIRROR,Home Decor,47
85025C,-1.3997784547644592,0.1103700107880526,1.65,6.284069955449248,64,18,fitted,PINK HEART SHAPE PHOTO FRAME,Home Decor,132
21812,-2.5188256885965874,0.3601959501175846,4.95,7.973871926549665,65,27,fitted,GARLAND WITH HEARTS AND BELLS,General Giftware,216
21730,-1.9825086753963264,0.0678301522588448,4.95,9.75819051137098,70,30,fitted,GLASS STAR FROSTED T-LIGHT HOLDER,Lighting & Candles,334
22188,-5.17525256499318,0.6382310906336167,3.95,20.930609012072647,96,59,fitted,BLACK HEART CARD HOLDER,Cards & Stationery,581
23645,-2.55654479163404,,2.49,2.25,4,1,category_fallback_insufficient_price_variation,SET 10 CHRISTMAS CARDS HOHOHO 16956,Christmas & Seasonal,4
21370,-0.4759552892444383,0.166558381420796,6.35,1.6137763471474205,17,7,fitted,MIRRORED WALL ART FOXY,Home Decor,22
84509b,-2.314681272087272,,7.46,1.25,4,1,category_fallback_insufficient_price_variation,SET OF 4 FAIRY CAKE PLACEMATS,General Giftware,4
84985a,-2.314681272087272,,2.98,1.4285714285714286,7,1,category_fallback_insufficient_price_variation,SET OF 72 GREEN PAPER DOILIES,General Giftware,8
90180A,-1.6950974262848952,,9.95,1.95,20,5,category_fallback_insufficient_price_variation,BLACK+WHITE NECKLACE W TASSEL,Jewellery & Accessories,28
90123C,-1.6950974262848952,,5.95,2.363636363636364,11,2,category_fallback_insufficient_price_variation,GREEN HEART OF GLASS BRACELET,Jewellery & Accessories,11
37330,-3.673163377083057,0.703596287608452,1.95,20.31621874275041,18,7,fitted,SPOTS MUG,Kitchen & Dining,26
21713,-2.851558787754217,0.3873442606844798,2.1,20.000643204430013,87,43,fitted,CITRONELLA CANDLE FLOWERPOT,Lighting & Candles,408
84798B,-2.5926265648154785,0.4860692023444716,2.55,6.074936969199578,9,3,fitted,PURPLE FOXGLOVE ARTIIFCIAL FLOWER,General Giftware,10
85200,-2.582768898406496,,1.25,39.80769230769231,26,5,category_fallback_insufficient_price_variation,BUNNY EGG BOX,Storage & Boxes,106
23041,-1.5243043128139413,0.0876517019831673,4.15,8.353881433656491,25,6,fitted,PAPER LANTERN 9 POINT SNOW STAR,Lighting & Candles,54
22254,-2.472695740773501,0.1896157888397733,1.25,13.1005295489723,69,21,fitted,FELT TOADSTOOL LARGE,General Giftware,151
85146,-1.6197125070795826,0.3373976163123484,5.95,4.073296899654216,19,6,fitted,JARDIN ETCHED GLASS SMALL BELL JAR,Bottles & Glassware,30
21350,-2.314681272087272,,2.9500000000000006,11.0,17,2,category_fallback_insufficient_price_variation,GINGHAM HEART WREATH,General Giftware,44
21808,-3.365836124510146,0.4945342561171877,3.75,9.061079008546338,37,22,fitted,"CHRISTMAS GARLAND STARS,TREES",Christmas & Seasonal,150
22604,-2.6758308741483363,0.1301384944691658,2.55,20.178681081391638,60,28,fitted,SET OF 4 NAPKIN CHARMS CUTLERY,Kitchen & Dining,265
21354,-3.757732838960657,0.3585367742843709,1.25,20.797117705065435,68,33,fitted,TOAST ITS - BEST MUM,General Giftware,227
84891B,-2.278947917977102,,7.95,2.4,5,1,category_fallback_insufficient_price_variation,GREEN WIRE GOBLET CANDLEHOLDER,Lighting & Candles,7
20981,-2.726065678840502,0.1247279816909779,0.8500000000000001,35.15892132668312,101,48,fitted,12 PENCILS TALL TUBE WOODLAND,General Giftware,530
22937,-2.450807866493875,0.0902353486830438,2.55,14.363064104380962,41,15,fitted,BAKING MOULD CHOCOLATE CUPCAKES,Kitchen & Dining,169
22419,-2.800134350096514,0.2016524216153413,0.4908369408369408,45.93812377268261,82,69,fitted,LIPSTICK PEN RED,Cards & Stationery,539
72754A,-2.953899983460963,0.8925986097321319,0.7134146341463414,72.2723981098786,4,3,fitted,FLOWER FAIRY POTPOURRI CUSHION LILY,Home Decor,5
22092,-1.2329248369375103,0.2884423338153303,1.25,4.445549477886691,59,10,fitted,BLUE PAISLEY TISSUE BOX,Storage & Boxes,146
20986,-2.312798035197323,0.221855903397918,1.25,8.752801287735148,77,31,fitted,BLUE CALCULATOR RULER,General Giftware,215
23151,-1.9157735610135345,0.5175732961117288,2.49,2.9712940608489093,12,4,fitted,ZINC SWEETHEART SOAP DISH,Bath & Body,22
90214J,-1.6950974262848952,,0.85,3.0,50,11,category_fallback_implausible_fit,"LETTER ""J"" BLING KEY RING",Jewellery & Accessories,90
20689,-1.891907546417064,0.3880256808585322,5.95,2.9565865825841717,19,8,fitted,RETRO SISTERS EXPRESSO CUPS,General Giftware,40
17084N,-3.869149403171306,0.6683164452176542,0.2557771260997067,24.066174918348604,82,33,fitted,FAIRY DREAMS INCENSE ,General Giftware,191
20716,-2.433427156330731,0.2435549758456561,1.25,16.46643981040974,73,32,fitted,PARTY FOOD SHOPPER BAG,Bags,251
20868,-1.1664969886591576,0.2255163359270209,0.85,4.8446851625800536,41,14,fitted,SILVER FABRIC MIRROR,Home Decor,70
21127,-1.3898409855397666,0.1579073659467305,5.95,3.977952437317642,24,10,fitted,COLOURFUL FISHING GNOME,General Giftware,50
23231,-2.375411544782531,,0.42,139.10416666666666,48,1,category_fallback_insufficient_price_variation,WRAP DOILEY DESIGN,Home Decor,257
35832,-2.333370954250356,0.5193557850568699,2.981471647164717,55.726115824750586,22,15,fitted,WOOLLY HAT SOCK GLOVE ADVENT STRING,Christmas & Seasonal,191
22761,-9.290558659020252,0.3759448898200273,24.95,1.474074772623391,24,4,fitted,CHEST 7 DRAWER MA CAMPAGNE,General Giftware,36
84908A,-3.3071322555845177,0.7928644986784514,5.91,2.209757989578855,22,5,fitted,PINK 5 PATCH FLOWER CUSHION COVER ,Home Decor,36
23418,-5.329263755967911,0.317023959126779,2.1593154761904763,31.639815673613057,14,12,fitted,LAVENDER TOILETTE BOTTLE,Bottles & Glassware,80
23247,-1.3617117261277951,0.0039069471752266,2.89,48.42638507188765,25,19,fitted,BISCUIT TIN 50'S CHRISTMAS,Christmas & Seasonal,313
84415B,-2.375411544782531,,3.75,3.6666666666666665,6,1,category_fallback_insufficient_price_variation,BLUE FLOCK CUSHION COVER ,Home Decor,7
20668,-2.118700004008624,0.1225176778377792,0.12,101.65870829839848,74,42,fitted,DISCO BALL CHRISTMAS DECORATION,Christmas & Seasonal,397
21819,-2.3677282610777204,0.3442802248584583,0.85,26.215345486107367,43,18,fitted,GLITTER CHRISTMAS STAR ,Christmas & Seasonal,265
20862,-1.9494657202551,0.1099022065377305,2.1,10.702212431964004,15,5,fitted,PINK PATCH PENCIL CASE BLUE HEART,General Giftware,36
22954,-2.2281831485847343,0.2541357943827884,1.25,4.654138347606239,35,8,fitted,HEN PARTY CORDON BARRIER TAPE,General Giftware,51
23316,-1.9765815258036437,0.1426586660461389,9.95,8.857355085228754,25,14,fitted,RED REFECTORY CLOCK ,Home Decor,111
22477,-3.230745428092768,0.3494395669737277,1.3479545454545454,18.868511146618804,78,40,fitted,WATERING CAN GARDEN MARKER,Jewellery & Accessories,282
46118,-0.8862951454762446,0.4495627644236424,1.3966666666666665,6.340702894725204,43,19,fitted,FUNKY MONKEY CUSHION COVER,Home Decor,74
22047,-3.114237677208787,,0.42,92.22222222222224,90,7,category_fallback_implausible_fit,EMPIRE GIFT WRAP,Cards & Stationery,263
23055,-2.5127945851971147,0.6822541979026264,6.25,3.966894698354927,20,4,fitted,IVORY CHANDELIER T-LIGHT HOLDER,Lighting & Candles,40
20697,-6.116124096699698,0.3521737752229009,2.55,1.8299290411735365,17,2,fitted,LITTLE GREEN MONSTER SOFT TOY,Toys & Games,25
23179,-2.871243819400968,0.3860086446732406,2.89,8.033559577168901,27,9,fitted,CLOCK MAGNET MUM'S KITCHEN,Kitchen & Dining,53
72780,-9.219668300325925,0.1978527099292609,0.85,8.246790055274671,37,3,fitted,BLACK SILOUETTE CANDLE PLATE,Lighting & Candles,44
84970L,-3.041162996575044,0.3376972150389495,0.9906896551724138,145.74439528218832,103,99,fitted,SINGLE HEART ZINC T-LIGHT HOLDER,Lighting & Candles,1115
21092,-3.169657480798079,0.3237264197417171,0.9123076923076924,15.279691431007784,13,9,fitted,SET/6 STRAWBERRY PAPER PLATES,Kitchen & Dining,27
21536,-2.49107328967069,0.0839034639778052,2.1,10.977348002569544,14,4,fitted,DAIRY MAID  SMALL  MILK JUG,General Giftware,63
84839,-2.3056244533250534,0.0761891435516081,6.395294117647058,26.943029079233607,39,35,fitted,SWEETHEART KEY CABINET,General Giftware,405
85071A,-1.170441264774272,0.5114959802509932,1.2741721854304635,9.813597429427382,60,17,fitted,BLUE CHARLIE+LOLA PERSONAL DOORSIGN,Home Decor,151
21825,-2.056174189717859,0.0346598477178102,1.45,15.762928858213389,21,5,fitted,PAINTED METAL TREE WITH HOLLY BELLS,General Giftware,82
71496B,-2.830160670066484,0.1041666666666665,0.65,1.5874010519681996,5,2,fitted,A4 WALL TIDY RED FLOWERS,General Giftware,6
47344B,-1.8283012880899847,0.1556403991603849,1.25,3.166480044138787,9,3,fitted,BLUE FLOWER DES PURSE,General Giftware,10
22605,-3.818828561866344,0.2913351273949496,13.85,13.736488003926953,85,71,fitted,WOODEN CROQUET GARDEN SET,Garden & Outdoor,651
37481,-2.45291949563188,,2.55,6.0,1,1,category_fallback_insufficient_price_variation,CUBIC MUG TEATIME CAKES,Kitchen & Dining,1
22957,-6.3502001800014,0.244289672002531,2.95,66.62400005221036,17,15,fitted,SET 3 PAPER VINTAGE CHICK PAPER EGG,General Giftware,219
35945,-2.55654479163404,,1.95,1.0,1,1,category_fallback_insufficient_price_variation,GOLD CHRISTMAS STOCKING DECORATION,Christmas & Seasonal,1
20674,-4.005530744157693,0.4329616395326132,1.2866666666666666,28.58607650771634,103,61,fitted,GREEN POLKADOT BOWL,Kitchen & Dining,476
90011B,-1.6950974262848952,,2.95,1.6666666666666667,12,5,category_fallback_insufficient_price_variation,BLACK CRYSTAL DROP EARRINGS,Jewellery & Accessories,15
85090,-0.5500994054035397,0.0240633099734584,4.65,2.85805976009918,28,8,fitted,CANDY SPOT APRON,Kitchen & Dining,54
21255,-2.051024228399139,0.0824184342031659,1.7601994680851063,15.813868977422764,18,15,fitted,"FRENCH BOTTLE , LAVENDER",Bottles & Glassware,96
90191,-1.3239028660118386,0.7196825333777659,12.75,1.1711397522424796,19,4,fitted,SILVER LARIAT 40CM,General Giftware,20
84660c,-2.375411544782531,,7.46,1.4782608695652173,23,2,category_fallback_insufficient_price_variation,PINK STITCHED WALL CLOCK,Home Decor,31
35973,-2.375411544782531,,1.25,8.5,6,1,category_fallback_insufficient_price_variation,GERANIUM FOLKART HEART DECORATION,Home Decor,18
72724,-2.55654479163404,,1.25,18.0,2,1,category_fallback_insufficient_price_variation,SET/6 CHRISTMAS ICICLE T-LIGHTS,Christmas & Seasonal,11
84966B,-4.130086186816917,0.8701646150047793,16.0,4.353187099112305,4,2,fitted,BLUE KASHMIRI BOXED MIRROR,Home Decor,4
90167,-5.164564975481846,0.6614033939781114,0.858265306122449,37.48467233154908,40,20,fitted,BEADED LOVE HEART JEWELLERY SET,Jewellery & Accessories,112
21324,-1.8820583733677725,0.1896644550066301,3.1776923076923085,8.289589802192008,61,28,fitted,HANGING MEDINA LANTERN SMALL,Lighting & Candles,186
47552A,-2.314681272087272,,1.95,1.625,8,1,category_fallback_insufficient_price_variation,DOTS IRONING BOARD COVER,General Giftware,12
84913A,-1.2843217346698828,0.1008552282883028,3.36,7.141206403050044,74,26,fitted,SOFT PINK ROSE TOWEL ,Bath & Body,271
21750,-1.3100099304073454,0.0836440648612971,2.1,4.571890720189972,42,8,fitted,LARGE SKULL WINDMILL,General Giftware,63
20933,-1.92044769620496,0.2018710355075698,3.75,3.686022065553728,32,11,fitted,YELLOW POT PLANT CANDLE,Lighting & Candles,52
23249,-2.45291949563188,,1.6499999999999997,32.84615384615385,26,9,category_fallback_implausible_fit,VINTAGE RED ENAMEL TRIM PLATE,Kitchen & Dining,82
20664,-2.314681272087272,,2.95,2.375,24,3,category_fallback_implausible_fit,TROPICAL HOLIDAY PURSE ,General Giftware,31
22747,-4.38692140210578,0.2098634656284881,2.1571525974025976,18.799567778880043,62,46,fitted,POPPY'S PLAYHOUSE BATHROOM,Bath & Body,425
85170B,-1.7845533805069584,0.3614443200416,2.1,3.693193599327912,41,14,fitted,SET/6 BLACK BIRD T-LIGHT CANDLES,Lighting & Candles,62
84450B,-2.486296305098997,0.3475050089061353,0.7463382352941177,5.326892819809976,12,9,fitted,PINK/YELLOW RABBIT SAT EASTER,Christmas & Seasonal,35
22572,-4.747246099663065,0.4610321455329967,0.8745454545454545,47.91439718158145,49,32,fitted,ROCKING HORSE GREEN CHRISTMAS ,Christmas & Seasonal,399
22191,-8.15696732218359,0.1754319492514088,8.5,15.52233202513342,86,32,fitted,IVORY DINER WALL CLOCK,Home Decor,642
23518,-4.736480004961122,0.4796842202902401,2.89,16.287496259174503,11,6,fitted,EMBROIDERED RIBBON REEL RACHEL ,Cards & Stationery,44
84670,-3.2246815555671966,0.3333381733910271,0.42,74.71386768637392,46,24,fitted,JAPANESE CROCHETED ANIMAL,General Giftware,194
22564,-2.314681272087272,,1.25,55.78313253012048,83,27,category_fallback_implausible_fit,ALPHABET STENCIL CRAFT,General Giftware,361
84760S,-2.043381767716686,0.3852662231237903,1.45,7.542295914889037,31,4,fitted,SMALL HANGING GLASS+ZINC LANTERN,Lighting & Candles,38
17109C,-2.30061749101994,0.7526550939473102,1.0694736842105264,12.553188417868986,8,6,fitted,FLOWER FAIRY INCENSE ROSE,General Giftware,14
22716,-5.543191509907434,0.2867333586670918,0.4283673469387755,60.80637899110853,77,44,fitted,CARD CIRCUS PARADE,Cards & Stationery,460
82484,-4.196229075404968,0.4428067712077086,6.384285714285714,76.12507498543626,87,84,fitted,WOOD BLACK BOARD ANT WHITE FINISH,General Giftware,1203
22654,-2.096668246490941,0.1415243122749825,6.602416020671835,22.74027873120035,72,60,fitted,DELUXE SEWING KIT ,General Giftware,632
84592,-1.887009426827774,0.3013080092565813,2.9500000000000006,4.307735986580524,37,6,fitted,CROCHET ROSE PURSE WITH SUEDE BACK,General Giftware,47
85214,-1.1199148619607768,0.0318403675099776,1.65,5.389990247459905,64,18,fitted,TUB 24 PINK FLOWER PEGS,General Giftware,177
85069,-2.314681272087272,,16.95,3.0,1,1,category_fallback_insufficient_price_variation,CREAM SWEETHEART DOUBLE SHELF,General Giftware,1
90002E,-1.6950974262848952,,3.75,2.125,8,2,category_fallback_insufficient_price_variation,FLOWER BURST SILVER RING GREEN,Jewellery & Accessories,10
23425,-1.6104905065795188,0.1761803277810157,2.49,12.330423238418366,15,9,fitted,STORAGE TIN HOME SWEET HOME,Storage & Boxes,56
84838,-2.582768898406496,,8.5,2.5,2,1,category_fallback_insufficient_price_variation,ANT WHITE HIGH RISE BIRD BOX,Storage & Boxes,3
21278,-1.854463509187884,0.2190603088847614,2.86375,6.080812915344688,48,18,fitted,VINTAGE KITCHEN PRINT PUDDINGS,Kitchen & Dining,119
22614,-0.4371183061943411,0.0071649233179621,0.29,57.13958944502584,78,38,fitted,PACK OF 12 SPACEBOY TISSUES,General Giftware,385
23088,-2.9750439846916152,0.4807097979584678,1.2935416666666666,26.54751716291559,26,14,fitted,ZINC HEART FLOWER T-LIGHT HOLDER,Lighting & Candles,79
90181A,-1.6950974262848952,,9.15,1.1666666666666667,12,3,category_fallback_insufficient_price_variation,AMBER GLASS/SHELL/PEARL NECKLACE,Jewellery & Accessories,14
84526,-2.314681272087272,,1.95,21.52,25,5,category_fallback_implausible_fit,GIANT BLACK SUNGLASSES,General Giftware,34
90214Y,-2.747829030129721,0.8241750149225617,0.85,1.7075468579836437,9,4,fitted,"LETTER ""Y"" BLING KEY RING",Jewellery & Accessories,11
23315,-2.1248753028158043,0.2097238453001598,9.95,7.053147889983488,25,11,fitted,IVORY REFECTORY CLOCK,Home Decor,86
84660b,-2.375411544782531,,7.62,1.4,5,1,category_fallback_insufficient_price_variation,BLACK STITCHED WALL CLOCK,Home Decor,6
21090,-2.099060535385411,0.3543867411373025,0.83,13.334498774702734,77,46,fitted,SET/6 COLLAGE PAPER PLATES,Kitchen & Dining,281
72750A,-2.628968945248106,0.4372975889785889,1.95,23.582506037373207,11,4,fitted,"F.FAIRY S/3 CANDLE/GLASS,LILY/VALLY",Lighting & Candles,16
21117,-1.1759722856215975,0.4382054263696042,1.25,11.64805883056735,24,3,fitted,BLOND DOLL DOORSTOP,Toys & Games,29
85106,-1.665834352387016,0.1874909467349169,2.55,9.48900681249883,34,16,fitted,CUT GLASS HEXAGON T-LIGHT HOLDER,Lighting & Candles,66
90196B,-1.6950974262848952,,12.75,1.5833333333333333,12,1,category_fallback_insufficient_price_variation,BLACK GEMSTONE NECKLACE 45CM,Jewellery & Accessories,14
22172,-0.6272271663960919,0.0111230610664893,8.723157894736843,8.74734750431503,34,18,fitted,METAL SHELF WITH RAIL ,General Giftware,186
23085,-8.117075595724812,0.3479393112001194,10.4,8.175437574126228,21,12,fitted,ANTIQUE SILVER BAUBLE LAMP  ,Lighting & Candles,87
84558a,-2.314681272087272,,5.91,1.9166666666666667,12,3,category_fallback_insufficient_price_variation,3D DOG PICTURE PLAYING CARDS,General Giftware,21
84608,-2.278947917977102,,7.95,1.5,4,1,category_fallback_insufficient_price_variation,ORNATE EDWARDIAN CANDLE HOLDER,Lighting & Candles,4
22973,-3.387419994594937,0.2733308593507438,1.65,21.105833831498536,51,26,fitted,CHILDREN'S CIRCUS PARADE MUG,Kitchen & Dining,168
23581,-9.729597424039763,0.8755444164972834,2.0356083650190118,542.4117468700857,7,7,fitted,JUMBO BAG PAISLEY PARK,Bags,348
90036E,-2.2316348529077747,,7.95,1.9565217391304348,23,6,category_fallback_insufficient_price_variation,"FLOWER GLASS GARLD NECKL36""AMETHYST",Bottles & Glassware,28
84031A,-1.542319233512361,0.0923029870629441,4.587,5.997159525787999,74,40,fitted,CHARLIE+LOLA RED HOT WATER BOTTLE ,Bottles & Glassware,333
23344,-7.695682649305028,0.5713738658195606,2.1133683831955725,247.24789685609093,26,26,fitted,JUMBO BAG 50'S CHRISTMAS ,Christmas & Seasonal,728
90005A,-2.314681272087272,,2.11,3.176470588235294,34,11,category_fallback_implausible_fit,JADE GREEN ENAMEL HAIR COMB,General Giftware,59
85136B,-2.314681272087272,,7.95,2.107142857142857,28,5,category_fallback_insufficient_price_variation,BLUE SHARK HELICOPTER,General Giftware,47
23286,-4.268819315926183,0.2251705620609613,0.876,82.74667814804818,27,25,fitted,BLUE VINTAGE SPOT BEAKER,General Giftware,222
22650,-1.585126269838239,0.0625786750994302,1.45,17.26171345908404,78,34,fitted,CERAMIC PIRATE CHEST MONEY BANK,General Giftware,297
72801d,-2.278947917977102,,2.46,2.575,40,4,category_fallback_insufficient_price_variation,4 SKY BLUE DINNER CANDLES,Lighting & Candles,61
37502,-1.965220765884518,0.0452879543904533,2.9500000000000006,16.683050198894012,31,15,fitted,TEA TIME MUG IN GIFT BOX,Kitchen & Dining,176
84795D,-2.1296021820660016,0.1408082857621542,7.95,6.475228096715039,22,9,fitted,SEASIDE STRIPE HAMMOCK,General Giftware,83
90188,-1.6950974262848952,,2.54,1.6666666666666667,15,4,category_fallback_insufficient_price_variation,DROP EARRINGS W FLOWER & LEAF,Jewellery & Accessories,22
84422,-1.445910846473185,0.2690255171340515,0.85,6.20205002150397,33,7,fitted,PINK/BLUE DISC/MIRROR STRING,Jewellery & Accessories,39
23692,-2.314681272087272,,0.42,25.0,2,1,category_fallback_insufficient_price_variation,WRAP A PRETTY THANK YOU,General Giftware,2
20734,-1.5864663703009871,0.2199539617390414,1.0306,13.141849328874546,58,20,fitted,SILVER MINI TAPE MEASURE ,General Giftware,120
90176A,-1.6950974262848952,,7.5,1.4,5,2,category_fallback_insufficient_price_variation,CLASSIC DIAMANTE NECKLACE JET,Jewellery & Accessories,5
22790,-2.375411544782531,,19.42,200.0,1,1,category_fallback_insufficient_price_variation,"MIRROR, ARCHED GEORGIAN",Home Decor,1
84763,-3.0682751402841792,0.2498161113744531,1.25,17.057262989984572,68,19,fitted,ZINC FINISH 15CM PLANTER POTS,General Giftware,175
23545,-2.314681272087272,,0.42,108.57142857142856,21,1,category_fallback_insufficient_price_variation,WRAP RED VINTAGE DOILY,General Giftware,84
21311,-0.8191992916833228,0.323418643229648,2.1,3.0544449824140587,52,16,fitted,SET/4 BIRD MIRROR MAGNETS ,Home Decor,101
84707B,-0.9022421141821684,0.1607147620025411,8.47,1.6331828711541987,37,9,fitted,PINK JEWELLED MIRROR TRINKET TRAY,Jewellery & Accessories,52
90086,-3.324471167602471,0.6771831507399915,1.63,1.309861204196004,34,8,fitted,CRYSTAL FROG PHONE CHARM,General Giftware,48
21548,-1.229482533801138,0.0657397840287937,2.9894545454545454,6.3468206362441055,38,18,fitted,CERAMIC BIRDHOUSE FINCH BLUE ROOF,Garden & Outdoor,113
21477,-4.2027524390210695,0.0472292537801399,12.62923076923077,9.137053092770511,8,6,fitted,STRING OF 20 ROSE LIGHTS,Lighting & Candles,45
84706C,-2.375411544782531,,1.95,27.666666666666668,3,1,category_fallback_insufficient_price_variation,PINK FLOCK TABLE CLOCK ,Home Decor,3
90083,-2.0509363580768265,0.5771691530198667,1.63,1.3652926141683084,13,3,fitted,CRYSTAL CZECH CROSS PHONE CHARM,General Giftware,13
90214P,-1.2689655269504163,0.1893715832456808,1.25,1.276109606011,25,5,fitted,"LETTER ""P"" BLING KEY RING",Jewellery & Accessories,34
90116,-2.06489561777549,0.187188167063151,2.46,1.513729583334915,44,9,fitted,FRUIT SALAD BAG CHARM,Bags,65
23072,-1.83021298328899,0.733474041690766,12.5,3.855928013789422,16,6,fitted,MARIE ANTOINETTE TRINKET BOX SILVER,Storage & Boxes,29
35953,-2.35034383594924,0.6197416005256248,1.25,15.909836576755104,33,14,fitted,FOLKART STAR CHRISTMAS DECORATIONS,Christmas & Seasonal,169
84705A,-2.375411544782531,,4.65,2.5,6,1,category_fallback_insufficient_price_variation,ENGLISH ROSE PHOTO FRAME ,Home Decor,8
84452,-1.6760362864681262,0.2137322307900164,0.85,8.079567956801652,22,8,fitted,METAL RABBIT LADDER EASTER ,Christmas & Seasonal,44
22688,-3.71832159648644,0.3426445174380074,7.95,5.975221521187591,33,20,fitted,DOORMAT PEACE ON EARTH BLUE,General Giftware,99
21787,-6.1316954082104695,0.4950686394414963,0.8511589819562986,78.36895925329279,86,71,fitted,RAIN PONCHO RETROSPOT,General Giftware,490
23434,-2.3073704522190805,0.7137777941625885,0.8477341597796143,165.6492984274461,14,14,fitted,3 RAFFIA RIBBONS 50'S CHRISTMAS ,Christmas & Seasonal,201
22828,-5.364429163053212,0.6097560975609756,155.0,1.6064318261062502,10,2,fitted,REGENCY MIRROR WITH SHUTTERS,Home Decor,12
90010E,-1.6950974262848952,,8.95,2.034482758620689,29,6,category_fallback_insufficient_price_variation,AMBER GLASS/SILVER BRACELET,Jewellery & Accessories,35
90163A,-1.6950974262848952,,7.64,1.681818181818182,22,4,category_fallback_insufficient_price_variation,PINK ROSEBUD & PEARL NECKLACE,Jewellery & Accessories,24
20977,-3.5842769651341886,0.2377412550770421,1.282307692307692,33.28722441544674,95,53,fitted,36 PENCILS TUBE WOODLAND,General Giftware,500
90018A,-1.6950974262848952,,4.24,2.025641025641025,39,7,category_fallback_insufficient_price_variation,SILVER M.O.P ORBIT DROP EARRINGS,Jewellery & Accessories,59
22755,-2.3817076002091206,0.1343074260895415,0.8631191222570533,26.491011365466772,68,48,fitted,SMALL PURPLE BABUSHKA NOTEBOOK ,Cards & Stationery,528
22675,-3.8978100191829257,0.4596751187400407,1.25,25.69388017226633,67,28,fitted,FRENCH KITCHEN SIGN BLUE METAL,Kitchen & Dining,279
21455,-1.8626912807744016,0.1020788913739816,0.85,9.36334150088859,57,21,fitted,PAINTED YELLOW WOODEN DAISY,General Giftware,171
22704,-2.314681272087272,,0.42,99.40506329113924,79,2,category_fallback_insufficient_price_variation,WRAP RED APPLES ,General Giftware,298
79190B,-2.32779580376527,0.293291794619448,0.42,11.250353890848034,74,23,fitted,RETRO PLASTIC POLKA TRAY,General Giftware,136
22919,-2.777407304605124,0.2586503299050435,0.6628072787427627,23.47709942968255,52,27,fitted,HERB MARKER MINT,General Giftware,266
85129B,-1.975235775895945,0.3297769404087204,1.25,4.7942067181644274,42,6,fitted,BEADED CRYSTAL HEART GREEN SMALL,General Giftware,60
22219,-2.4436783241346687,0.235474331175201,0.9572058823529412,84.58350959961385,103,99,fitted,LOVEBIRD HANGING DECORATION WHITE ,Home Decor,1199
22276,-2.032271119721975,0.0911365674157828,2.55,11.762344109123722,92,38,fitted,WASH BAG VINTAGE ROSE PAISLEY,Bags,392
23446,-2.55654479163404,,1.6499999999999997,13.0,1,1,category_fallback_insufficient_price_variation,BLUE BUNNY EASTER EGG BASKET,Christmas & Seasonal,2
85081,-2.55654479163404,,0.42,10.4,10,2,category_fallback_insufficient_price_variation,PADDED HOLLY CHRISTMAS DECORATION ,Christmas & Seasonal,24
22817,-5.198085365995057,0.2363186352856352,0.4256164383561643,46.23576908513873,63,36,fitted,CARD SUKI BIRTHDAY,Cards & Stationery,360
21889,-1.2055386403290054,0.0160506728149194,1.2934074074074076,79.75309650591942,104,80,fitted,WOODEN BOX OF DOMINOES,Storage & Boxes,1192
84255A,-2.278947917977102,,2.1,1.0,2,1,category_fallback_insufficient_price_variation,PINK GLASS COCKTAIL LAMP,Lighting & Candles,2
37487B,-2.45291949563188,,0.29,68.0,1,1,category_fallback_insufficient_price_variation,YELLOW/ORANGE FLOWER DESIGN PLATE,Kitchen & Dining,2
22244,-3.7775803838982687,0.2217411154989106,1.9717204301075268,33.80096082276629,84,60,fitted,3 HOOK HANGER MAGIC GARDEN,Garden & Outdoor,446
90197D,-1.6950974262848952,,4.95,2.25,4,1,category_fallback_insufficient_price_variation,AMBER GLASS BRACELET HEART CHARMS,Jewellery & Accessories,4
23613,-2.55654479163404,,2.49,2.75,4,1,category_fallback_insufficient_price_variation,SET 10 XMAS CARDS & BADGES 17070,Christmas & Seasonal,6
82613b,-2.375411544782531,,2.51,1.4,10,2,category_fallback_insufficient_price_variation,"METAL SIGN,CUPCAKE SINGLE HOOK",Home Decor,11
21590,-2.582768898406496,,1.25,72.0,48,6,category_fallback_implausible_fit,KINGS CHOICE CIGAR BOX MATCHES ,Storage & Boxes,302
23236,-8.020971614367745,0.6581999765749292,2.89,81.68990597104991,27,23,fitted,STORAGE TIN VINTAGE DOILY ,Storage & Boxes,339
20725,-0.6632478403261507,0.035541771675956,1.7076799412061916,363.4082828196113,104,104,fitted,LUNCH BAG RED RETROSPOT,Bags,3176
21134,-2.55654479163404,,1.65,18.9,20,3,category_fallback_insufficient_price_variation,VICTORIAN METAL POSTCARD CHRISTMAS,Christmas & Seasonal,48
23216,-3.70222608014119,0.2911486188393938,1.25,17.804937414853086,21,10,fitted,LAUREL HEART ANTIQUE GOLD,General Giftware,45
84970l,-2.278947917977102,,2.08,6.333333333333333,39,2,category_fallback_insufficient_price_variation,SINGLE HEART ZINC T-LIGHT HOLDER,Lighting & Candles,71
20830,-0.4457526386352173,0.0240106866714872,2.204258823529412,4.427967962667599,54,15,fitted,SILVER PHOTO FRAME,Home Decor,83
23410,-2.314681272087272,,8.15,4.0,9,4,category_fallback_implausible_fit,CURIO CABINET LINEN AND LACE ,General Giftware,18
21667,-1.414557198347936,0.0640246125377229,16.95,5.4233675180370415,48,26,fitted,GLASS CAKE COVER AND PLATE,Kitchen & Dining,163
23100,-4.42796763363184,0.0675858044187932,1.25,39.30051550260679,30,19,fitted,SILVER BELLS TABLE DECORATION,Home Decor,266
84800L,-2.929457141642126,0.4778436019422396,2.12,7.0580977750704434,31,6,fitted,LARGE WHITE/PINK ROSE ART FLOWER,General Giftware,38
22530,-5.492299284247271,0.2763605723421896,0.42,63.29502041911219,87,52,fitted,MAGIC DRAWING SLATE DOLLY GIRL ,General Giftware,493
23544,-2.314681272087272,,8.01,20.5,8,5,category_fallback_implausible_fit,WALL ART MID CENTURY MODERN ,General Giftware,20
10138,-2.9829658408080766,0.2132126883238477,0.42,16.01466780673251,9,4,fitted,ASSORTED COLOUR JUMBO PEN,Cards & Stationery,21
84632,-2.314681272087272,,59.95,1.2222222222222223,9,1,category_fallback_insufficient_price_variation,DECORATIVE HANGING SHELVING UNIT,General Giftware,10
23349,-2.55654479163404,,1.2708620689655177,170.05263157894737,19,16,category_fallback_implausible_fit,ROLL WRAP VINTAGE CHRISTMAS,Christmas & Seasonal,348
72756,-2.278947917977102,,1.49,574.4285714285714,7,4,category_fallback_implausible_fit,FAIRY CAKE CANDLES,Lighting & Candles,130
84918,-2.147197397059489,0.4298256853602643,6.291333333333333,4.683490654213647,24,10,fitted,CREAM CUSHION COVER WITH FLOWERS,Home Decor,63
85015,-1.7934853952461,0.5825327429168521,2.51,5.436265586949233,88,35,fitted,SET OF 12  VINTAGE POSTCARD SET,Cards & Stationery,263
20733,-3.454460584141942,0.2508508536698651,0.8422916666666667,9.586864360892548,80,34,fitted,GOLD MINI TAPE MEASURE ,General Giftware,308
23087,-4.048089545263756,0.5097505771023162,1.25,31.345929434261627,25,12,fitted,ZINC  HEART T-LIGHT HOLDER,Lighting & Candles,69
21919,-2.314681272087272,,5.06,1.6666666666666667,3,1,category_fallback_insufficient_price_variation,Electronic Talking Breath-A-Loser,General Giftware,4
72606A,-2.278947917977102,,0.42,17.384615384615383,13,2,category_fallback_insufficient_price_variation,BROWN ANTIQUE CUBE CANDLE,Lighting & Candles,18
62096A,-2.106989391242185,0.5475078048025821,1.6602777777777775,7.685215710673055,38,16,fitted,PINK/YELLOW FLOWERS HANDBAG,Bags,92
72750D,-1.8171248800230244,0.6435969317338521,1.95,15.86936923629069,7,3,fitted,F.FAIRY S/3 CANDLE/GLASS,Lighting & Candles,11
72024U,-2.278947917977102,,0.21,24.444444444444443,9,1,category_fallback_insufficient_price_variation,LILAC VOTIVE CANDLE,Lighting & Candles,11
84902,-3.757484498607804,,3.75,3.652173913043478,23,8,category_fallback_implausible_fit,PINK KNITTED COW STUFFED TOY,Toys & Games,53
21114,-1.6657423491242422,0.3014284213701879,1.25,45.49220458340815,99,29,fitted,LAVENDER SCENTED FABRIC HEART,General Giftware,522
23066,-2.6476245102523794,0.1442971889931347,8.25,7.370818115272041,24,8,fitted,SMALL DECO JEWELLERY STAND,Jewellery & Accessories,85
21394,-1.421722174405977,0.4321917944758637,0.3993403489338133,61.9071171490118,52,16,fitted,RED POLKADOT BEAKER ,General Giftware,148
22059,-3.228794415619863,0.3225029589901593,1.49,30.15085364713228,99,63,fitted,CERAMIC STRAWBERRY DESIGN MUG,Kitchen & Dining,514
20695,-1.5957009440825078,0.2409611349775748,4.25,3.2540565859279336,30,8,fitted,FLORAL BLUE MONSTER,General Giftware,62
90111,-2.314681272087272,,1.05,1.6,5,1,category_fallback_insufficient_price_variation,BLUE HIBISCUS  HAIR CLIP,General Giftware,7
82553,-0.7475951805147374,0.0208771724185626,2.095,4.9752127995573865,9,7,fitted,POP'S GREASY SPOON METAL SIGN,Home Decor,42
22063,-1.9903610336935385,0.2249568863150497,2.9500000000000006,13.706836751476866,95,55,fitted,CERAMIC BOWL WITH STRAWBERRY DESIGN,Kitchen & Dining,376
84656,-2.314681272087272,,5.95,2.4444444444444446,9,1,category_fallback_insufficient_price_variation,WHITE ROSE C/COVER,General Giftware,13
21469,-2.992017073533725,0.2890720194345522,3.75,6.84236618045611,79,21,fitted,POLKA DOT RAFFIA FOOD COVER,General Giftware,211
47578A,-2.15012981574116,0.3222188882705289,0.85,5.780702640260887,48,8,fitted,ENGLISH ROSE SMALL SCENTED FLOWER,General Giftware,80
20711,-2.9277153272102034,0.4259166232645329,2.111785372522215,94.6710923390542,102,97,fitted,JUMBO BAG TOYS ,Bags,1052
84926D,-1.2066833221741116,0.4828211023368089,0.8457731958762886,7.452609168164553,34,11,fitted,LA PALMIERA TILE COASTER,General Giftware,50
22990,-2.6451973160389577,0.2774314486840437,4.95,8.795675825299622,45,16,fitted,COTTON APRON PANTRY DESIGN,Kitchen & Dining,168
84820,-1.5468389069642248,0.7061190553309534,5.95,2.79511317206022,39,6,fitted,DANISH ROSE TRINKET TRAYS,General Giftware,55
85072,-3.114237677208787,,0.55,120.0,1,1,category_fallback_insufficient_price_variation,OCCASIONS GIFT CARD ASSORTMENT,Cards & Stationery,1
84706F,-2.375411544782531,,2.95,2.0,17,3,category_fallback_implausible_fit,RED PEONY TABLE CLOCK,Home Decor,18
21796,-2.582768898406496,,12.75,3.2758620689655173,29,1,category_fallback_insufficient_price_variation,SET OF 3 RED STRIPE BASKETS,Storage & Boxes,66
84596J,-1.609213912124203,0.4728291141962512,1.25,5.377157640318429,54,17,fitted,MIXED NUTS LIGHT GREEN BOWL,Lighting & Candles,140
22465,-3.6129445959102977,0.3184774043965632,1.65,40.86474809357821,87,53,fitted,HANGING METAL STAR LANTERN,Lighting & Candles,497
21804,-2.3266419866617944,0.0886762261310506,3.75,11.59980252505717,35,13,fitted,WHITE CHRISTMAS GARLAND STARS TREES,Christmas & Seasonal,151
17091A,-1.8978907649410728,0.472407112710027,1.25,5.211176584778445,59,17,fitted,LAVENDER INCENSE IN TIN,Storage & Boxes,120
21174,-2.536408649999876,0.1442460763139623,2.1114461358313816,63.37526661202677,104,92,fitted,POTTERING IN THE SHED METAL SIGN,Jewellery & Accessories,1171
23575,-2.314681272087272,,2.1556603773584904,43.66666666666666,3,3,category_fallback_implausible_fit,SNACK TRAY PAISLEY PARK,General Giftware,33
23484,-3.2464414488208586,0.7228921046544201,3.021818181818182,15.927928928165237,11,8,fitted,HEART TRELLIS TRIPLE T-LIGHT HOLDER,Lighting & Candles,36
35816B,-1.6950974262848952,,1.25,1.0,1,1,category_fallback_insufficient_price_variation,"ACRYLIC JEWEL ANGEL,BLUE",Jewellery & Accessories,1
22882,-1.022084984655928,0.2664486528503961,2.585833333333333,2.19019874356403,34,10,fitted,NUMBER TILE VINTAGE FONT 3,General Giftware,51
23172,-5.308398608908281,0.3613617032169216,1.6518045112781954,108.90506170080802,31,31,fitted,REGENCY TEA PLATE PINK,Kitchen & Dining,306
84509C,-0.8935407961100953,0.1095792608220693,3.75,3.525324302901573,60,18,fitted,SET OF 4 POLKADOT PLACEMATS ,General Giftware,98
21156,-6.023043292599179,0.4551502563653976,1.95,59.95928898969252,102,74,fitted,RETROSPOT CHILDRENS APRON,Kitchen & Dining,960
37500,-1.1310256516319137,0.1377041284770954,9.95,5.196163479601325,88,34,fitted,TEA TIME TEAPOT IN GIFT BOX,Kitchen & Dining,267
79067,-2.457856390868503,0.195763113183414,4.027647058823529,23.72369552859544,55,43,fitted,CORONA MEXICAN TRAY,General Giftware,414
84206B,-3.114237677208787,,0.19,4.5,2,1,category_fallback_insufficient_price_variation,CAT W SUNGLASSES BLANK CARD,Cards & Stationery,2
22816,-6.517899938536545,0.7214486138505408,0.4200000000000001,159.17267247155883,39,25,fitted,CARD MOTORBIKE SANTA,Christmas & Seasonal,469
81953B,-0.7684442077550422,0.375,0.85,0.9999999999999998,5,2,fitted,ROUND BLUE CLOCK WITH SUCKER,Home Decor,8
21136,-2.576864717871388,0.0931234263347383,1.69,74.34868691376398,103,24,fitted,PAINTED METAL PEARS ASSORTED,General Giftware,768
84856S,-3.623352201319213,0.2066671008819561,4.65,6.45640358339363,21,7,fitted,SMALL TAHITI BEACH BAG,Bags,32
20954,-2.375411544782531,,8.47,2.0,1,1,category_fallback_insufficient_price_variation,*USB Office Mirror Ball,Home Decor,2
21775,-2.9758321210030707,0.59203493600954,2.058333333333333,4.235745041094649,92,42,fitted,DECORATIVE FLORE BATHROOM BOTTLE,Bath & Body,283
22289,-2.468471944315376,0.2175891678853556,1.25,7.253945450519992,40,10,fitted,"DECORATION , HANGING METAL CHICKEN",Home Decor,78
35950,-2.55654479163404,,1.25,1.0,1,1,category_fallback_insufficient_price_variation,FOLKART HEART CHRISTMAS DECORATIONS,Christmas & Seasonal,1
21949,-3.875159126015224,0.5943838309172331,1.3449999999999998,17.69547833778885,84,43,fitted,SET OF 6 STRAWBERRY CHOPSTICKS,General Giftware,281
85213,-1.6097025620470011,0.4012912218781264,0.85,11.454710896293468,46,15,fitted,MINI  ZINC GARDEN DECORATIONS ,Home Decor,81
16048,-1.9986636797643524,0.7624733812879447,0.3026033057851239,13.596626838573409,58,20,fitted,TEATIME ROUND PENCIL SHARPENER ,General Giftware,107
23389,-6.932196252498423,0.1544314027183257,4.15,62.16929846389017,14,12,fitted,SPACEBOY MINI BACKPACK,Bags,243
22382,-1.6716080610063002,0.043427365242049,1.6744218629365548,186.93909756771367,98,91,fitted,LUNCH BAG SPACEBOY DESIGN ,Bags,2227
84509F,-2.314681272087272,,3.75,3.774193548387097,31,4,category_fallback_implausible_fit,SET OF 4 NEW ENGLAND PLACEMATS,General Giftware,45
47580,-1.3668753316153264,0.0463375431130498,2.5500000000000003,11.3232909572146,90,53,fitted,TEA TIME DES TEA COSY,General Giftware,363
85230A,-2.388264574752937,0.2839147574520931,0.29,32.86945007950508,37,5,fitted,OPIUM SCENTED VOTIVE CANDLE,Lighting & Candles,48
84596j,-2.278947917977102,,2.51,1.0,2,1,category_fallback_insufficient_price_variation,MIXED NUTS LIGHT GREEN BOWL,Lighting & Candles,2
21947,-2.7727348220933528,0.338197245572428,1.419909090909091,11.463115119460284,92,44,fitted,SET OF 6 HEART CHOPSTICKS,General Giftware,311
20754,-3.710239580524269,0.1969267287727721,2.1586111111111115,33.24317308176423,101,71,fitted,RETROSPOT RED WASHING UP GLOVES,General Giftware,883
90040A,-3.718002148931401,0.2203726349793163,4.24,1.3325607474761707,25,7,fitted,MURANO STYLE GLASS BRACELET RED,Jewellery & Accessories,34
23485,-9.627171170755252,0.4003409067763388,23.973333333333333,16.356183779084272,8,8,fitted,BOTANICAL GARDENS WALL CLOCK ,Home Decor,83
21500,-8.920384235249061,0.2652464695021983,0.42,102.25319250443188,101,17,fitted,PINK POLKADOT WRAP ,General Giftware,498
72132,-2.1651655434806147,0.5047078670044598,1.95,3.541941488083596,20,5,fitted,COLUMBIAN CUBE CANDLE,Lighting & Candles,31
85217,-1.7383786371484364,0.5671849996975709,0.6819724770642203,67.44122998836905,38,24,fitted,ASSORTED ICE CREAM FRIDGE MAGNETS,General Giftware,166
22731,-4.921696408908975,0.2299734225924969,1.32056,46.12205094275438,37,29,fitted,3D CHRISTMAS STAMPS STICKERS ,Christmas & Seasonal,287
84824,-2.314681272087272,,15.95,2.125,16,6,category_fallback_implausible_fit,DANISH ROSE UMBRELLA STAND,General Giftware,31
84968d,-2.45291949563188,,24.96,1.0,3,1,category_fallback_insufficient_price_variation,SET OF 16 VINTAGE RED CUTLERY,Kitchen & Dining,3
72800E,-1.9610204417116928,0.3007773927240023,2.55,5.946446078738226,88,44,fitted,4 IVORY DINNER CANDLES SILVER FLOCK,Lighting & Candles,312
35817B,-1.6950974262848952,,2.55,1.0,1,1,category_fallback_insufficient_price_variation,"ACRYLIC JEWEL SNOWFLAKE,BLUE",Jewellery & Accessories,1
16015,-5.746688006880407,0.1881288473089349,0.5,12.049062569380531,54,5,fitted,MEDIUM CHINESE STYLE SCISSOR,General Giftware,66
85050,-2.0533511102062985,,2.1,48.0,1,1,category_fallback_insufficient_price_variation,FRENCH ENAMEL SOAP DISH WITH LID,Bath & Body,1
35824P,-2.375411544782531,,0.38,156.0,2,2,category_fallback_insufficient_price_variation,"HANGING FLOWERS+MIRROR,PINK",Home Decor,2
21446,-2.125636514951218,0.1797041164848092,1.25,9.775494931239534,91,23,fitted,12 RED ROSE PEG PLACE SETTINGS,General Giftware,251
22545,-3.660796197080326,0.3536921979976063,0.42,23.5237502464334,77,32,fitted,MINI JIGSAW BUNNIES,General Giftware,193
90137,-5.513015808424985,0.1387606981357402,4.95,2.195597172691917,11,4,fitted,PINK COMBO MINI CRYSTALS NECKLACE,Jewellery & Accessories,14
22482,-2.375411544782531,,1.25,40.82758620689656,58,10,category_fallback_implausible_fit,BLUE TEA TOWEL CLASSIC DESIGN,Home Decor,231
84029c,-2.2316348529077747,,7.78,1.0,1,1,category_fallback_insufficient_price_variation,BROWN FURRY HOT WATER BOTTLE,Bottles & Glassware,1
21479,-2.2316348529077747,,4.624583333333334,116.47457627118644,59,47,category_fallback_implausible_fit,WHITE SKULL HOT WATER BOTTLE ,Bottles & Glassware,1040
90001D,-1.6950974262848952,,4.25,1.9090909090909087,11,2,category_fallback_insufficient_price_variation,ANTIQUE OLIVE GREEN FLOWER EARRINGS,Jewellery & Accessories,12
22284,-3.3639898751478605,0.3399269768698354,1.65,20.69227693188774,88,33,fitted,HEN HOUSE DECORATION,Home Decor,312
84447,-1.1954283928920373,0.2987493250280935,1.012,9.47759360525937,7,5,fitted,6 RABBIT CHAIN EASTER,Christmas & Seasonal,20
84461,-2.582768898406496,,2.55,5.5,18,5,category_fallback_implausible_fit,12 PINK HEN+CHICKS IN BASKET,Storage & Boxes,40
22394,-1.6261147311667927,0.6246178716022049,2.55,3.992767739820584,38,8,fitted,PAPERWEIGHT KINGS CHOICE ,General Giftware,57
81952B,-1.4394192281970175,0.6165644973394875,0.85,4.431170784641667,12,6,fitted,ROUND BLUE CLOCK W/SUCKER,Home Decor,20
84876C,-2.375411544782531,,3.75,2.6666666666666665,3,1,category_fallback_insufficient_price_variation,SILVER HEART COMPACT MIRROR,Home Decor,5
85049g,-3.114237677208787,,2.46,3.108108108108108,37,3,category_fallback_implausible_fit,CHOCOLATE BOX RIBBONS ,Cards & Stationery,52
23338,-2.314681272087272,,2.08,12.884615384615383,26,7,category_fallback_implausible_fit,EGG FRYING PAN RED ,General Giftware,107
22624,-5.069712538489108,0.6261340036822803,8.728235294117647,36.89441761169311,79,68,fitted,IVORY KITCHEN SCALES,Kitchen & Dining,1273
23094,-1.659588149419304,0.0573348631883319,12.5,3.7143765254754633,29,3,fitted,LE GRAND TRAY CHIC SET,General Giftware,79
84661A,-1.6253570574638785,0.720577231513208,2.55,2.837647013231162,30,9,fitted,WHITE SQUARE TABLE CLOCK,Home Decor,42
22569,-7.2915510918188335,0.3246809867202483,3.75,43.10314927730775,85,60,fitted,FELTCRAFT CUSHION BUTTERFLY,Home Decor,844
84857C,-1.404728816809118,0.705824731839189,1.95,16.07550208298238,12,5,fitted,PINK MONTE CARLO HANDBAG,Bags,16
90026A,-1.6950974262848952,,8.5,1.2222222222222223,9,2,category_fallback_insufficient_price_variation,GLASS BEAD HOOP NECKLACE BLACK,Jewellery & Accessories,9
22915,-1.3647942081957456,0.3015927808616475,0.4281889763779527,53.60037618503318,49,29,fitted,ASSORTED BOTTLE TOP  MAGNETS ,Bottles & Glassware,206
85129D,-2.010068105644001,0.2204628481701375,1.506470588235294,6.274415921325756,76,27,fitted,BEADED CRYSTAL HEART PINK SMALL,General Giftware,174
20826,-1.1152033328258433,0.4341455759297793,2.12,7.079497193945069,11,4,fitted,SILVER APERITIF GLASS,Bottles & Glassware,14
21220,-1.6662333713874375,0.1997661617808995,1.25,7.583954295476427,73,26,fitted,SET/4 BADGES DOGS,General Giftware,166
23040,-1.4901526920035149,0.0704295916359731,5.75,4.845654717374499,21,5,fitted,PAPER LANTERN 9 POINT SNOW STAR ,Lighting & Candles,42
85231b,-2.278947917977102,,1.645,1.0,4,2,category_fallback_insufficient_price_variation,CINAMMON SET OF 9 T-LIGHTS,Lighting & Candles,4
22519,-2.214571073465635,0.1366836646237134,2.1,13.883252287586451,56,26,fitted,CHILDS GARDEN BRUSH PINK,Garden & Outdoor,265
22700,-2.0895845573394296,0.3950307299844431,2.95,5.994708788363548,44,16,fitted,BLACK AND WHITE DOG BOWL,Kitchen & Dining,102
21821,-1.9456142770164908,0.1132404375935294,3.75,12.46042028822943,40,19,fitted,GLITTER STAR GARLAND WITH BELLS ,General Giftware,168
90120B,-1.6950974262848952,,4.2492857142857146,3.34375,32,8,category_fallback_insufficient_price_variation,BLUE MURANO TWIST BRACELET,Jewellery & Accessories,42
21547,-1.677562378844956,0.1530549866258196,2.9500000000000006,5.890968311937384,52,13,fitted,CERAMIC BIRDHOUSE CRESTED TIT SMALL,Garden & Outdoor,121
20848,-2.314681272087272,,2.95,3.25,12,2,category_fallback_insufficient_price_variation,ZINC HEART LATTICE CHARGER SMALL,General Giftware,12
35951,-2.056907752581608,0.5718072417658655,0.530140056022409,44.92986894356259,22,10,fitted,FOLKART BAUBLE CHRISTMAS DECORATION,Christmas & Seasonal,45
85128,-2.2366473473461657,,3.43,1.0,3,2,category_fallback_implausible_fit,PLANTPOT SINGLE HOOK PISTACHIO,Garden & Outdoor,3
37489D,-0.269785793870212,0.1146264924774742,0.39,2.339861625517373,19,3,fitted,PINK/GREEN FLOWER DESIGN BIG MUG,Kitchen & Dining,22
21417,-2.5030127263647306,0.6918439972951231,2.912,3.727379349235202,67,20,fitted,COCKLE SHELL DISH,General Giftware,121
46138B,-0.3012345267789414,0.0951083900140991,1.95,2.2674841678365785,22,5,fitted,BLUE CHENILLE SHAGGY CUSHION COVER ,Home Decor,25
20683,-2.314681272087272,,3.25,1.0,1,1,category_fallback_insufficient_price_variation,RAIN GIRL CHILDS UMBRELLA,General Giftware,1
20966,-5.32792638579064,0.6628607241330475,1.4799742268041236,27.875719489754463,72,54,fitted,SANDWICH BATH SPONGE,Bath & Body,454
22084,-4.012711256833912,0.0928693598359279,2.95,36.777099636652025,91,53,fitted,PAPER CHAIN KIT EMPIRE,General Giftware,828
84249A,-4.024874284210142,0.9159923522961524,0.6407692307692308,3.099125239831565,26,5,fitted,"GREETING CARD,SQUARE, DOUGHNUTS",Cards & Stationery,34
72715,-2.278947917977102,,0.42,8.0,11,2,category_fallback_insufficient_price_variation,SPHERICAL IVORY CANDLE ,Lighting & Candles,13
21638,-1.2877147100281277,0.0253552410216958,2.1,10.2039397735606,65,16,fitted,ASSORTED TUTTI FRUTTI NOTEBOOK,Cards & Stationery,153
35976B,-2.55654479163404,,1.25,1.0,1,1,category_fallback_insufficient_price_variation,WHITE SCANDINAVIAN HEART CHRISTMAS,Christmas & Seasonal,1
23153,-2.624038639392955,0.2875850391113266,3.75,7.297384025281099,32,11,fitted,ZINC SWEETHEART WIRE LETTER RACK,General Giftware,90
47574A,-0.8223342199851068,0.3080179672020574,2.46,5.213730138705352,41,15,fitted,ENGLISH ROSE SCENTED HANGING FLOWER,General Giftware,132
84660A,-1.802901231141836,0.7329560397508876,2.3202380952380954,6.139042875194425,28,10,fitted,WHITE STITCHED WALL CLOCK,Home Decor,51
23240,-4.945764245942627,0.2980006005628972,4.073636363636363,147.32735129374234,27,26,fitted,SET OF 4 KNICK KNACK TINS DOILY ,General Giftware,550
22598,-2.351643649447356,0.5178630727292937,0.8499999999999999,19.2990049280366,32,23,fitted,CHRISTMAS MUSICAL ZINC TREE,Christmas & Seasonal,148
22852,-0.6926994031536723,0.0074559749260747,4.25,7.307236013155378,55,13,fitted,DOG BOWL VINTAGE CREAM,Kitchen & Dining,160
20753,-0.1428372691505076,0.0001036429676746,2.297003484320558,9.189199189247962,6,5,fitted,RETRO PINK SPOT WASHING UP GLOVES,General Giftware,55
90014A,-0.6156527155423209,0.1194371199538907,9.95,1.3125501529378112,34,7,fitted,SILVER/MOP ORBIT NECKLACE,Jewellery & Accessories,40
21314,-3.947676001147954,0.3530413217351261,2.231065705128205,78.9248762951871,104,97,fitted,SMALL GLASS HEART TRINKET POT,Bottles & Glassware,1096
21200,-2.435517127485298,0.4194424972766134,1.65,9.731757113087726,71,24,fitted,MULTICOLOUR HONEYCOMB PAPER GARLAND,General Giftware,129
22183,-2.048104066194252,0.337130990372791,6.2700000000000005,6.063253871490871,61,26,fitted,CAKE STAND VICTORIAN FILIGREE MED,General Giftware,218
85205B,-1.8579819268315052,0.225918565636315,2.55,9.694922379212349,24,12,fitted,PINK FELT EASTER RABBIT GARLAND,Christmas & Seasonal,61
21340,-3.136948236198461,0.2442522020998689,11.15,17.06259006604673,78,49,fitted,CLASSIC METAL BIRDCAGE PLANT HOLDER,General Giftware,431
23132,-4.118277925170688,0.4161673979386973,5.75,16.514486206935757,32,17,fitted,SMALL IVORY HEART WALL ORGANISER,General Giftware,153
90013B,-7.2511155530240945,0.144577302601724,4.24,1.4166863447434597,53,9,fitted,BLACK VINTAGE EARRINGS,Jewellery & Accessories,82
84482,-1.111947952864888,0.0484000452465358,3.75,2.721757324500356,21,3,fitted,BUTTONS DESIGN JEWELLERY BOX,Jewellery & Accessories,33
35597D,-4.409491211326799,0.6551861614089475,0.65,2.154434690031884,5,3,fitted,PINK/WHITE CHRISTMAS TREE 30CM,Christmas & Seasonal,8
22067,-2.415512446080152,0.340635228026688,1.65,12.80140121660599,94,41,fitted,CHOC TRUFFLE GOLD TRINKET POT ,General Giftware,266
22827,-6.032242682830222,0.399710852247603,165.0,1.4085491861058563,23,4,fitted,RUSTIC  SEVENTEEN DRAWER SIDEBOARD,General Giftware,37
21718,-3.655898753029831,0.4430435618891162,1.3305714285714283,30.25019391932672,94,59,fitted,RED METAL BEACH SPADE ,General Giftware,468
23492,-2.314681272087272,,8.25,9.375,8,1,category_fallback_insufficient_price_variation,VINTAGE JINGLE BELLS WREATH,General Giftware,27
22931,-3.70760443316249,0.3663458627312925,2.55,10.682450251473508,41,15,fitted,BAKING MOULD HEART WHITE CHOCOLATE,Kitchen & Dining,136
22561,-1.6950974262848952,,1.65,128.57303370786516,89,49,category_fallback_implausible_fit,WOODEN SCHOOL COLOURING SET,Jewellery & Accessories,937
21038,-0.6392834277020012,0.1418977576722597,2.95,3.063175889933846,32,5,fitted,SET/4 MODERN VINTAGE COTTON NAPKINS,General Giftware,53
23123,-4.788714283216942,0.5085054595473699,0.8437931034482757,26.687860499043563,24,17,fitted,COCKTAIL SWORDS 50 PIECES,General Giftware,96
20964,-2.314681272087272,,2.55,4.0,5,1,category_fallback_insufficient_price_variation,POLYESTER FILLER PAD 60x40cm,General Giftware,6
22521,-1.765122774250638,0.011836698290339,0.85,23.239108030636345,54,27,fitted,CHILDS GARDEN TROWEL PINK,Garden & Outdoor,382
23624,-3.114237677208787,,2.49,1.3333333333333333,3,1,category_fallback_insufficient_price_variation,SET 10 CARD PERFECT NATIVITY 17089,Cards & Stationery,4
84798A,-2.314681272087272,,2.55,5.666666666666667,9,1,category_fallback_insufficient_price_variation,PINK FOXGLOVE ARTIIFCIAL FLOWER,General Giftware,9
85014b,-2.314681272087272,,12.46,1.9130434782608696,23,2,category_fallback_insufficient_price_variation,RED RETROSPOT UMBRELLA,General Giftware,38
22694,-3.69639563627129,0.2518692359462946,2.185,44.32326707397981,67,51,fitted,WICKER STAR ,General Giftware,931
47574B,-2.314681272087272,,4.25,2.5,20,1,category_fallback_insufficient_price_variation,ENGLISH ROSE SCENTED HANGING HEART,General Giftware,29
82607A,-2.229590675952337,0.3160616357765999,1.4438461538461538,12.683572453754383,41,28,fitted,GLASS BONBON JAR PARFUME AUX FLEURE,Bottles & Glassware,161
84251B,-0.8172408692930762,0.1568079378268609,0.19,9.819053405651452,30,11,fitted,"GREETING CARD, STICKY GORDON",Cards & Stationery,63
21737,-2.582768898406496,,19.95,9.27906976744186,43,9,category_fallback_implausible_fit,SET 3 WICKER LOG BASKETS,Storage & Boxes,165
84927D,-1.283255773558214,0.7375924638031057,2.1,2.9391711973675285,20,7,fitted,LA PALMIERA TILE HOOK,General Giftware,30
22815,-4.433274932239223,0.6885488887477025,0.4287755102040816,51.475469075365865,62,25,fitted,CARD PSYCHEDELIC APPLES,Cards & Stationery,345
84723,-0.8404908310109247,0.3390732107238603,7.95,1.7293633402042627,12,2,fitted,CHERRY BLOSSOM CANVAS ART PICTURE,General Giftware,12
23273,-1.915877614470889,0.1160821550678975,1.65,30.232219097852912,26,11,fitted,HEART T-LIGHT HOLDER WILLIE WINKIE,Lighting & Candles,111
21624,-2.7929547591102675,0.1574589021590419,5.95,9.522269200333575,91,38,fitted,VINTAGE UNION JACK DOORSTOP,General Giftware,415
16169G,-2.314681272087272,,0.42,25.0,1,1,category_fallback_insufficient_price_variation,WRAP ROMANTIC DECOUPAGE,General Giftware,1
21131,-1.6294257503382783,0.3398256283869076,4.25,3.3982859860313903,40,8,fitted,GOLD STANDING GNOME,General Giftware,50
20849,-2.2756365142515005,0.2759259500681459,3.75,2.8218350832681223,19,5,fitted,ZINC HEART LATTICE DOUBLE PLANTER,General Giftware,23
21707,-2.4628691229368904,0.2238623406427472,4.95,4.945130943877842,72,22,fitted,FOLDING UMBRELLA BLACKBLUE POLKADOT,General Giftware,175
23496,-2.45291949563188,,1.25,16.0,7,4,category_fallback_implausible_fit,PANTRY KITCHEN THERMOMETER ,Kitchen & Dining,31
90177C,-1.6950974262848952,,2.95,2.0,20,7,category_fallback_insufficient_price_variation,DROP DIAMANTE EARRINGS CRYSTAL,Jewellery & Accessories,27
72807A,-2.278947917977102,0.2289753051032046,4.401709401709402,7.99919809824821,82,35,fitted,SET/3 ROSE CANDLE IN JEWELLED BOX,Lighting & Candles,233
23619,-2.314681272087272,,2.49,2.0,2,1,category_fallback_insufficient_price_variation,SET 10 CARDS POINSETTIA 17093,General Giftware,2
85034A,-2.1297421257290963,0.47840474279009,4.25,5.294476224164285,57,18,fitted,3 GARDENIA MORRIS BOXED CANDLES,Lighting & Candles,147
85007,-1.3082375692323809,0.4152999164507631,3.5250000000000004,10.807548858532256,8,6,fitted,SET OF 3 VINTAGE TEA TIME BOXES,General Giftware,21
90019C,-0.5424689643725962,0.0028248570972747,5.51,1.302120441309439,28,7,fitted,SILVER BLACK ORBIT BRACELET,Jewellery & Accessories,36
85024A,-1.6950974262848952,,1.65,1.0,1,1,category_fallback_insufficient_price_variation,CRYSTAL SMALL JEWELLED PHOTOFRAME,Jewellery & Accessories,1
84899E,-1.8597520077511545,0.4048834660512066,1.25,3.87569030359533,13,4,fitted,YELLOW + BROWN BEAR FELT PURSE KIT,General Giftware,21
84806B,-1.4777907307588016,0.1191943169253804,1.45,9.138833267796928,27,4,fitted,WHITE CANDYSTUFT ARTIFICIAL FLOWER,General Giftware,31
23369,-5.525506983149591,0.8145098112140495,1.3109562594268478,64.44360638662111,12,12,fitted,SET 36 COLOUR PENCILS LOVE LONDON,General Giftware,127
21864,-1.489578979840089,0.1133179518897923,2.291818181818182,12.825498563959298,99,58,fitted,UNION JACK FLAG PASSPORT COVER ,General Giftware,430
84932D,-1.4331966327831482,0.666970524224441,1.95,23.709751566513557,11,4,fitted,SMALL ORIENTAL RED FOLDING STOOL,General Giftware,21
35918B,-2.314681272087272,,1.25,2.5,4,1,category_fallback_insufficient_price_variation,BLUE FLORIBUNDA EGG WARMER,General Giftware,5
22809,-2.965833295012475,0.0272217718094702,3.008061538461538,42.53752488124156,36,28,fitted,SET OF 6 T-LIGHTS SANTA,Christmas & Seasonal,410
22514,-2.262158427129572,0.1885576113207772,2.1,7.721278053402858,72,22,fitted,CHILDS GARDEN SPADE BLUE,Garden & Outdoor,235
37423,-2.3386561411665543,0.7725871539773709,1.0525,5.637665482167057,39,15,fitted,WHITE WITH BLACK CATS PLATE,Kitchen & Dining,70
90079,-1.6950974262848952,,4.95,1.6153846153846154,13,3,category_fallback_insufficient_price_variation,VINTAGE ENAMEL & CRYSTAL NECKLACE,Jewellery & Accessories,13
20669,-1.4500462871246311,0.1554813545164447,1.307804347826087,8.125269630417344,78,32,fitted,RED HEART LUGGAGE TAG,General Giftware,230
90209B,-2.2316348529077747,,2.1,7.959183673469388,49,11,category_fallback_implausible_fit,GREEN ENAMEL+GLASS HAIR COMB,Bottles & Glassware,104
90129D,-2.4405677367344385,,2.107777777777778,2.76,25,7,category_fallback_implausible_fit,AMBER GLASS TASSLE BAG CHARM,Bags,36
84937,-2.0110419716667165,0.2111272303586632,2.342883787661406,63.32545023157415,22,18,fitted,KASHMIR FOLKART TUMBLERS,General Giftware,123
22599,-2.2361082371392595,0.4826242134563345,0.83,35.5008334668198,35,21,fitted,CHRISTMAS MUSICAL ZINC STAR,Christmas & Seasonal,192
21352,-2.276737715491816,0.4084468691246125,5.88,5.230718989354784,44,27,fitted,EUCALYPTUS & PINECONE  WREATH,General Giftware,171
47593a,-2.375411544782531,,2.51,1.0,1,1,category_fallback_insufficient_price_variation,CAROUSEL DESIGN BABY BIB,Home Decor,1
72751A,-2.278947917977102,,5.95,1.0,1,1,category_fallback_insufficient_price_variation,"F.FAIRY S/3 SML CANDLE,LILY/VALLEY",Lighting & Candles,1
90181B,-1.6950974262848952,,9.34,1.238095238095238,21,3,category_fallback_insufficient_price_variation,AMETHYST GLASS/SHELL/PEARL NECKLACE,Jewellery & Accessories,25
44234,-0.9775370158207488,0.2246270707563149,0.21,13.056841840566427,42,9,fitted,ASSORTED CIRCULAR MOBILE,General Giftware,70
23086,-3.967964128309095,0.41893853087262,1.25,35.660838621961155,23,9,fitted,ZINC  STAR T-LIGHT HOLDER ,Lighting & Candles,48
22843,-2.507058292112989,0.1422868581805373,6.75,6.558648388069103,54,19,fitted,BISCUIT TIN VINTAGE GREEN,Storage & Boxes,181
72801G,-2.690854276732497,0.5732517583294259,1.25,6.269625458575241,40,11,fitted,4 BURGUNDY WINE DINNER CANDLES,Lighting & Candles,67
21562,-1.3686554089050105,0.1631992368566361,1.25,9.736096013469508,51,10,fitted,HAWAIIAN GRASS SKIRT ,General Giftware,74
21185,-2.314681272087272,,6.35,7.714285714285714,14,7,category_fallback_implausible_fit, HOME SWEET HOME  BLACKBOARD,General Giftware,43
23456,-2.375411544782531,,4.15,19.75,8,3,category_fallback_insufficient_price_variation,MEDIUM PARLOUR PICTURE FRAME ,Home Decor,36
85169A,-2.103005443974999,0.2078121469572237,1.25,9.458223229170777,68,23,fitted,IVORY LOVE BIRD CANDLE,Lighting & Candles,162
22354,-2.651592175554344,0.1743485626521412,3.75,18.03007143077253,89,41,fitted,RETROSPOT PADDED SEAT CUSHION,Home Decor,284
79308B,-2.278947917977102,,0.85,72.0,2,1,category_fallback_insufficient_price_variation,MOSAIC CANDLE DISH BLUE PURPLE,Lighting & Candles,2
90120D,-1.6950974262848952,,4.25,4.75,28,8,category_fallback_implausible_fit,WHITE MURANO TWIST BRACELET,Jewellery & Accessories,39
23404,-4.126508069716357,0.7120218203070183,5.1181175990200085,47.52965830419911,14,14,fitted,HOME SWEET HOME BLACKBOARD,General Giftware,169
23233,-2.375411544782531,,0.42,101.59574468085108,47,2,category_fallback_implausible_fit,WRAP POPPIES  DESIGN,Home Decor,157
85023A,-1.6950974262848952,,2.55,3.142857142857143,7,2,category_fallback_insufficient_price_variation,CRYSTAL LARGE JEWELLED PHOTO FRAME,Jewellery & Accessories,10
21716,-3.7749447323895216,0.5242463385458518,2.683888888888889,28.066751016087608,97,72,fitted,BOYS VINTAGE TIN SEASIDE BUCKET,Storage & Boxes,498
23219,-2.314681272087272,,1.25,26.8125,16,10,category_fallback_implausible_fit,LAUREL STAR ANTIQUE SILVER ,General Giftware,63
22350,-2.299647894618444,0.1164922108433206,2.55,15.042109343286674,92,46,fitted,ILLUSTRATED CAT BOWL ,Kitchen & Dining,342
21616,-2.049318608174213,0.3309569585953258,3.75,4.2531956977094,60,18,fitted,4 PEAR BOTANICAL DINNER CANDLES,Lighting & Candles,199
21238,-4.729900124728664,0.4740379251490223,0.8840526957051478,74.48346724899211,104,99,fitted,RED RETROSPOT CUP,Kitchen & Dining,926
47556b,-2.0533511102062985,,5.91,1.0,4,1,category_fallback_insufficient_price_variation,TEA TIME TEA TOWELS ,Bath & Body,4
85049B,-4.024092765085702,0.016535100194075,1.25,27.032424746173703,57,14,fitted,LUSH GREENS RIBBONS,Cards & Stationery,340
84868B,-2.582768898406496,,6.95,1.6666666666666667,3,1,category_fallback_insufficient_price_variation,BLUE BABY BOY'S MEMORY BOX,Storage & Boxes,4
20963,-3.5391278148005663,0.3702347127752002,1.3646640316205532,23.24654052808644,102,61,fitted,APPLE BATH SPONGE,Bath & Body,538
22118,-1.376919463196822,0.0870559089139617,4.95,5.406471368089284,72,22,fitted,JOY WOODEN BLOCK LETTERS,General Giftware,293
90125A,-1.842335507686143,0.5453744840059231,2.1,2.892850785998124,14,6,fitted,PINK BERTIE GLASS BEAD BAG CHARM,Bags,18
47471,-1.3453919677384003,0.1825844566132483,0.65,4.980027969943724,49,10,fitted,RAINBOW PEGS PHOTO CLIP STRING,Jewellery & Accessories,70
23288,-2.0776546913703773,0.0451322779140324,0.9057142857142856,52.78498575275852,27,23,fitted,GREEN VINTAGE SPOT BEAKER,General Giftware,186
84916,-1.6532856476406768,0.4468835492253082,4.79,2.2273544745665643,35,11,fitted,HAND TOWEL PALE BLUE W FLOWERS,Bath & Body,63
10123C,-1.5762341411910004,0.3772947325909594,0.65,5.137089855289649,35,14,fitted,HEARTS WRAPPING TAPE ,General Giftware,67
47593B,-2.165638682079774,0.3586879798170265,0.8499999999999999,8.558959769450398,90,47,fitted,SCOTTIE DOGS BABY BIB,General Giftware,368
90130C,-1.6950974262848952,,2.95,1.238095238095238,21,5,category_fallback_insufficient_price_variation,GREEN STONE/CRYSTAL EARRINGS,Jewellery & Accessories,25
21283,-2.5366297523177703,0.2723033913039412,3.25,8.328440900676405,42,13,fitted,NATURAL BARK CANDLE SMALL,Lighting & Candles,85
21699,-2.314681272087272,,1.6900000000000002,18.0,2,1,category_fallback_insufficient_price_variation,SET 5 MINI CHOCOLATE FRIDGE MAGNETS,General Giftware,2
85024C,-1.6950974262848952,,1.65,3.0303030303030303,33,2,category_fallback_insufficient_price_variation,PINK SMALL JEWELLED PHOTOFRAME,Jewellery & Accessories,46
22646,-2.8298004921310373,0.4255180752748732,1.513929411764706,79.67563326743065,82,77,fitted,CERAMIC STRAWBERRY CAKE MONEY BANK,General Giftware,934
23115,-0.8477420081457139,0.0306278798633292,4.950000000000001,9.157270786857616,11,6,fitted,RED APPLES CHOPPING BOARD   ,General Giftware,46
72819,-2.2906370234931064,0.629551472786223,2.55,5.642160936691403,58,17,fitted,CUPID DESIGN SCENTED CANDLES,Lighting & Candles,100
90160B,-1.6950974262848952,,6.95,3.0,23,3,category_fallback_insufficient_price_variation,RED BOUDICCA LARGE BRACELET,Jewellery & Accessories,27
47583A,-2.582768898406496,,24.95,1.3333333333333333,3,1,category_fallback_insufficient_price_variation,SET OF 3 WICKER BASKET ROSE,Storage & Boxes,4
84611B,-2.582768898406496,,5.95,1.75,4,1,category_fallback_insufficient_price_variation,BLACK NEW BAROQUE FLOCK BOX,Storage & Boxes,4
22661,-5.864110920833707,0.3166738082458815,0.85,79.10688479559994,72,60,fitted,CHARLOTTE BAG DOLLY GIRL DESIGN,Bags,655
22122,-0.6436343769872954,0.0038307131840275,2.9500000000000006,18.62887758647508,36,18,fitted,SET OF 2 FANCY FONT TEA TOWELS,Bath & Body,197
90214L,-1.6950974262848952,,0.85,3.787234042553192,47,9,category_fallback_implausible_fit,"LETTER ""L"" BLING KEY RING",Jewellery & Accessories,69
22448,-1.655272717235074,0.1508913678201233,3.35,7.19711001503382,59,14,fitted,PIN CUSHION BABUSHKA RED,Home Decor,124
47502,-3.569218066747333,0.4299383500097277,11.569166666666668,11.366478659649175,30,19,fitted,POLKADOT CUTLERY 24 PCS IN TRAY,Kitchen & Dining,78
22699,-4.613256498669208,0.5167009332687208,2.953361344537815,182.3723012608083,69,69,fitted,ROSES REGENCY TEACUP AND SAUCER ,Kitchen & Dining,1486
22929,-8.166087596384687,0.2611039221571887,65.0,1.4620173856346537,12,3,fitted,SCHOOL DESK AND CHAIR ,General Giftware,17
21653,-3.298495548069817,0.2487147503664046,2.1,19.016542925267814,41,16,fitted,GLASS ETCHED T-LIGHT HOLDER LARGE,Lighting & Candles,120
21658,-3.458096847039469,0.5131818515301039,4.262095238095238,24.238921313616064,80,65,fitted,GLASS  BEURRE DISH,Bottles & Glassware,546
22109,-2.683984445720491,0.217542388871981,4.157333333333333,19.87734622740724,103,80,fitted,FULL ENGLISH BREAKFAST PLATE,Kitchen & Dining,675
23578,-2.314681272087272,,2.016060606060606,20.0,3,3,category_fallback_implausible_fit,SNACK TRAY RED GINGHAM,General Giftware,14
23234,-2.55654479163404,,2.89,66.34615384615384,26,19,category_fallback_implausible_fit,BISCUIT TIN VINTAGE CHRISTMAS,Christmas & Seasonal,280
21383,-2.70688155263854,0.3002445184544797,0.7152291666666668,18.038128196226637,74,41,fitted,PACK OF 12 STICKY BUNNIES,General Giftware,339
84947,-4.086793498978705,0.2716762331442017,1.2397727272727272,100.63230502165445,102,77,fitted,ANTIQUE SILVER TEA GLASS ENGRAVED,Bottles & Glassware,727
22741,-5.484000230392299,0.5518939537116231,0.8564462809917355,161.63281427115282,61,34,fitted,FUNKY DIVA PEN,Cards & Stationery,297
23230,-2.375411544782531,,0.42,170.2340425531915,47,7,category_fallback_implausible_fit,WRAP ALPHABET DESIGN,Home Decor,236
35838A,-2.278947917977102,,0.85,25.571428571428573,7,3,category_fallback_implausible_fit,S/6 MULTICOLOUR ORNAMENETAL CANDLE,Lighting & Candles,20
20890,-1.538798258870649,0.8353508012586304,0.3,194.97692171126312,3,2,fitted,SMALL GLASS ROSE SCENTED CANDLE,Lighting & Candles,3
47503G,-3.964158366853893,0.6447664501514878,1.270655737704918,17.827577704781508,14,7,fitted,ASS FLORAL PRINT TAPE MEASURE,General Giftware,35
22211,-1.752517263347662,0.3409053670187878,1.6499999999999997,8.976825571466746,87,38,fitted,WOOD STAMP SET FLOWERS,General Giftware,301
37342,-1.6249624410983143,0.6334626384333484,1.1715555555555557,26.21898344886077,46,29,fitted,POLKADOT COFFEE CUP & SAUCER PINK,Kitchen & Dining,130
84425A,-2.375411544782531,,4.25,2.2857142857142856,7,1,category_fallback_insufficient_price_variation,WHITE GLASS TV TRIPLE FRAME,Home Decor,8
23084,-5.975123818069484,0.6439154113929484,2.2204960998439938,424.7773580631612,31,24,fitted,RABBIT NIGHT LIGHT,Lighting & Candles,1035
22930,-3.4551270647885546,0.2992086502795125,2.55,15.871889445558764,49,28,fitted,BAKING MOULD HEART MILK CHOCOLATE,Kitchen & Dining,197
90065B,-1.6950974262848952,,6.75,2.0,12,5,category_fallback_insufficient_price_variation,BLACK VINT ART DEC CRYSTAL BRACELET,Jewellery & Accessories,18
84584,-1.9721809579018017,0.238605687679196,2.55,4.506714746600072,46,9,fitted,PINK GINGHAM CAT WITH SCARF,General Giftware,75
85145,-0.9001754090560231,0.2763098803494754,12.75,2.317562770786811,21,4,fitted,JARDIN ETCHED GLASS LARGE BELL JAR,Bottles & Glassware,31
21587,-2.314681272087272,,2.55,55.275,40,8,category_fallback_implausible_fit,COSY HOUR GIANT TUBE MATCHES,General Giftware,295
72267,-3.490447936494565,0.3249937643748756,2.1,14.420498732206632,9,4,fitted,PREMIUM CHURCH CANDLE,Lighting & Candles,47
40005B,-2.278947917977102,,0.85,2.9166666666666665,12,2,category_fallback_insufficient_price_variation,BLUE ORGANDY ROUND LAMPSHADE W BEA,Lighting & Candles,15
22863,-4.812612830236142,0.166028164686433,2.95,12.98192806320059,55,19,fitted,SOAP DISH BROCANTE,Bath & Body,184
20622,-0.7937770653245642,0.0446550285276665,2.1,3.37757714497765,68,23,fitted,VIPPASSPORT COVER ,General Giftware,133
72807c,-2.278947917977102,,8.47,2.4,25,4,category_fallback_insufficient_price_variation,SET/3 VANILLA SCENTED CANDLE IN BOX,Lighting & Candles,44
85099C,-3.170342974216162,0.2815108053981918,1.9206954595791808,272.80836643729475,104,104,fitted,JUMBO  BAG BAROQUE BLACK WHITE,Bags,1915
16202E,-0.8696690933692008,0.3664230127180706,1.95,4.353518283458252,11,3,fitted,BLACK PHOTO ALBUM ,General Giftware,13
23103,-3.972509583910126,0.193987278695586,1.667083333333333,99.99635720142506,31,24,fitted,JINGLE BELL HEART DECORATION,Home Decor,379
21795,-2.582768898406496,,12.75,3.931034482758621,29,4,category_fallback_implausible_fit,SET OF 3 BLUE STRIPE BASKET,Storage & Boxes,79
21820,-2.9644529658133085,0.4204735979772397,3.8607956259426848,10.550539245132674,60,22,fitted,GLITTER HEART GARLAND WITH BELLS ,General Giftware,200
20960,-3.617752239195111,0.4675948425426967,1.3520785597381342,24.577483172270597,56,25,fitted,WATERMELON BATH SPONGE,Bath & Body,219
84821,-1.7272716437291538,0.4956606175346029,0.85,11.649298170914832,51,6,fitted,DANISH ROSE DELUXE COASTER,General Giftware,75
23413,-2.3368664776609727,0.4440221877111268,4.950000000000001,12.452628455307805,14,10,fitted,VINTAGE COFFEE GRINDER BOX,Storage & Boxes,60
22267,-2.55654479163404,,1.25,30.6875,48,14,category_fallback_implausible_fit,EASTER DECORATION EGG BUNNY ,Christmas & Seasonal,122
22570,-6.328022296203045,0.4074524323458923,3.81625,43.04045426099333,85,74,fitted,FELTCRAFT CUSHION RABBIT,Home Decor,860
20902,-1.1747057272526984,0.3760193975159407,12.72,1.5194850057574294,59,12,fitted,VINTAGE KEEPSAKE BOX PARIS DAYS,Storage & Boxes,120
37327,-0.9767334953260592,0.3032964150792817,0.5320408163265307,31.947729548751425,39,24,fitted,ASSTD MULTICOLOUR CIRCLES MUG,Kitchen & Dining,92
84971S,-4.212451336139138,0.3898865043515457,0.8745454545454544,45.34770687246903,103,68,fitted,SMALL HEART FLOWERS HOOK ,General Giftware,474
37482P,-0.8916569355040654,0.5087409813612243,2.55,7.443449800717467,35,10,fitted,CUBIC MUG PINK POLKADOT,Kitchen & Dining,86
21320,-2.355025247448973,0.5385811504767908,2.55,7.660123392999186,34,12,fitted,GLASS CHALICE GREEN  LARGE ,Bottles & Glassware,56
22593,-4.854321729709987,0.3570488796832817,0.8816406249999998,82.70638011489787,49,40,fitted,CHRISTMAS GINGHAM STAR,Christmas & Seasonal,442
84877A,-2.0493481699278853,0.4770152804613877,3.75,1.73017491041795,16,4,fitted,PINK ROUND COMPACT MIRROR,Home Decor,17
10080,-2.492287770201656,0.5212850385840276,0.3899999999999999,15.119052598738495,20,4,fitted,GROOVY CACTUS INFLATABLE,General Giftware,28
21728,-4.1061809200647295,0.3115094471371751,12.75,3.1436179019891286,22,7,fitted,METAL MEDINA LANTERN ,Lighting & Candles,41
72799E,-2.914884441772016,0.3902318934208644,2.9500000000000006,7.544748276618058,67,34,fitted,IVORY PILLAR CANDLE SILVER FLOCK,Lighting & Candles,192
22974,-3.7899897114863936,0.2629724974130855,1.6950075187969922,24.19617226726057,50,26,fitted,CHILDRENS DOLLY GIRL MUG,Kitchen & Dining,238
20618,-0.5394102514055403,0.0245556190264517,2.1,2.766576903037172,74,25,fitted,QUEEN OF THE SKIES PASSPORT COVER ,General Giftware,139
84867A,-2.314681272087272,,6.95,1.5,2,1,category_fallback_insufficient_price_variation,PINK BABY GIRLS PHOTO ALBUM,General Giftware,2
21769,-7.752269811261183,0.8163237482772983,79.95,1.3804919302091254,34,6,fitted,VINTAGE POST OFFICE CABINET,General Giftware,50
37467,-0.8981371309827302,0.4667321379664048,2.06,2.830072673728795,41,13,fitted,PIG MUG IN TWO COLOUR DESIGNS,Kitchen & Dining,66
22502,-2.596284118752119,0.3008323751890303,6.174258078231292,35.60886504297512,68,63,fitted,PICNIC BASKET WICKER SMALL,Storage & Boxes,960
22453,-3.2306852595868505,0.1442379293187753,2.9500000000000006,7.839935315851465,59,16,fitted,MEASURING TAPE BABUSHKA BLUE,Jewellery & Accessories,152
23254,-2.45291949563188,,4.15,47.5,36,12,category_fallback_implausible_fit,CHILDRENS CUTLERY DOLLY GIRL ,Kitchen & Dining,307
21319,-1.7026356968284335,0.337210754906314,1.6499999999999997,6.996354280132691,42,14,fitted,GLASS CHALICE GREEN  SMALL ,Bottles & Glassware,65
22933,-2.2587270657020198,0.0913869611379269,3.014253393665159,13.254250571450513,26,18,fitted,BAKING MOULD EASTER EGG MILK CHOC,Christmas & Seasonal,121
85197,-2.314681272087272,,2.1,12.185185185185183,27,4,category_fallback_implausible_fit,SET OF 12 MINI BUNNIES IN A BUCKET,General Giftware,78
21100,-2.5113354384193567,0.5827401233717266,1.8455882352941173,23.3023581806866,60,45,fitted,CHARLIE AND LOLA CHARLOTTE BAG,Bags,279
22089,-3.476656176778987,0.2383213557816484,2.999253564439474,25.55631265911101,100,68,fitted,PAPER BUNTING VINTAGE PAISLEY,General Giftware,560
72728,-2.278947917977102,,0.85,27.956521739130437,23,4,category_fallback_implausible_fit,ROSE SCENT CANDLES IN GLASS,Lighting & Candles,55
90053,-1.6950974262848952,,2.54,1.1,10,3,category_fallback_insufficient_price_variation,CRACKED GLAZE EARRINGS IVORY,Jewellery & Accessories,11
23597,-2.314681272087272,,2.95,50.2,5,5,category_fallback_implausible_fit,PAPER BUNTING PAISLEY PARK,General Giftware,33
84814B,-2.2316348529077747,,1.95,7.0,1,1,category_fallback_insufficient_price_variation,RHOMBUS CRYSTAL PERFUME BOTTLE,Bottles & Glassware,3
85132A,-2.1165564428863,0.6308902375393208,8.716666666666667,3.726777432284604,60,30,fitted,CHARLIE + LOLA BISCUITS TINS,General Giftware,258
23419,-2.260387361190833,0.175475423213604,2.2372751322751325,28.26880990975111,14,12,fitted,HOME SWEET HOME BOTTLE ,Bottles & Glassware,86
23391,-4.386698089804596,0.2578121247535336,4.15,24.30303043304712,14,9,fitted, I LOVE LONDON MINI BACKPACK,Bags,89
21679,-5.003606175520827,0.5126364743073223,0.8691686046511629,33.02957248075132,96,52,fitted,SKULLS  STICKERS,Cards & Stationery,381
72598,-1.8919999545715356,0.2147542173141773,0.919,11.581586933186705,70,29,fitted,SET/12 TAPER CANDLES,Lighting & Candles,168
22467,-7.611384943968104,0.2646598535992961,2.4002631578947367,118.65699643379985,77,70,fitted,GUMBALL COAT RACK,General Giftware,1164
84251C,-0.9486000922849988,0.2644756614871278,0.19,10.366979021817007,24,8,fitted,"GREETING CARD, TWO SISTERS.",Cards & Stationery,54
90119,-2.4405677367344385,,2.46,2.9393939393939394,33,5,category_fallback_insufficient_price_variation,METALIC LEAVES BAG CHARMS,Bags,42
90082B,-1.6950974262848952,,6.35,3.090909090909091,22,2,category_fallback_insufficient_price_variation,DIAMANTE BOW BROOCH RED COLOUR,Jewellery & Accessories,31
90141D,-5.12522188136979,0.3750000000000001,5.51,0.9999999999999982,5,2,fitted,ROSE PENDANT TRIPLE SHELL NECKLACE,Jewellery & Accessories,5
21258,-1.3195881464387038,0.0512128521515092,13.732714285714287,12.48392640284585,73,50,fitted,VICTORIAN SEWING BOX LARGE,Storage & Boxes,566
23462,-2.375411544782531,,19.95,10.0,8,5,category_fallback_implausible_fit,ROCOCO WALL MIRROR WHITE,Home Decor,46
79336,-1.5596090545210552,0.6765403649797196,0.3826348547717842,43.27913912534342,18,7,fitted,LIGHT PINK FLOCK GLASS CANDLEHOLDER,Lighting & Candles,20
23320,-2.012114240439862,0.1150891328836063,2.89,73.83457280450435,23,15,fitted,GIANT 50'S CHRISTMAS CRACKER,Christmas & Seasonal,344
